time,open,high,low,close,EMA1,EMA2,EMA3,EMA4,Fractal High,Fractal Low,HH,LH,LL,HL,ATR
863443800,0.121874,0.124999,0.085416,0.086457,,,,,0,0,0,0,0,0,
864048600,0.08802,0.088541,0.065624,0.074999,,,,,0,0,0,0,0,0,
864653400,0.07552,0.082291,0.072916,0.074999,,,,,0,0,0,0,0,0,
865258200,0.07552,0.085416,0.068749,0.082812,,,,,0,0,0,0,0,0,
865863000,0.082812,0.085416,0.076562,0.079166,,,0.0796866,,0,0,0,0,0,0,
866467800,0.080208,0.080208,0.074739,0.076301,,,0.07855806666666666,,0,0,0,0,0,0,
867072600,0.077083,0.077083,0.073958,0.074478,,,0.07719804444444445,,0,0,0,0,0,0,
867677400,0.07552,0.095832,0.073958,0.095572,,,0.0833226962962963,,0,0,0,0,0,0,
868282200,0.091666,0.128645,0.091666,0.114582,,,0.09374246419753086,,1,0,0,0,0,0,
868887000,0.116145,0.124738,0.105728,0.107811,0.0867177,,0.09843197613168725,,0,0,0,0,0,0,
869491800,0.108853,0.116666,0.103124,0.111457,0.09121575454545454,,0.10277365075445817,,0,0,0,0,0,0,
870096600,0.111457,0.125259,0.110936,0.120832,0.09660052644628099,,0.10879310050297211,,1,0,0,0,0,0,
870701400,0.118749,0.120572,0.105207,0.114582,0.09986988527422991,,0.11072273366864807,,0,0,0,0,0,0,
871306200,0.114582,0.116666,0.096874,0.105728,0.10093499704255174,,0.10905782244576538,,0,1,0,0,0,0,0.017652500000000005
871911000,0.102603,0.110416,0.098437,0.106249,0.10190117939845142,,0.10812154829717692,,0,0,0,0,0,0,0.017247250000000002
872515800,0.105207,0.11979,0.105207,0.116926,0.10463296496236935,,0.11105636553145128,,0,0,0,0,0,0,0.017056946428571428
873120600,0.117186,0.133332,0.115624,0.124999,0.10833588042375673,,0.11570391035430085,,0,0,0,0,0,0,0.01710345025510204
873725400,0.126561,0.184894,0.124999,0.184373,0.12216081125580097,,0.13859360690286723,,0,0,0,0,0,0,0.020159989522594752
874330200,0.183332,0.204165,0.152603,0.197394,0.13583957284565534,,0.15819373793524483,,0,0,0,0,0,0,0.022402990270980843
874935000,0.199998,0.240623,0.197394,0.208331,0.14901983232826346,0.1129024,0.17490615862349654,,1,0,0,0,0,0,0.02389056239448221
875539800,0.20729,0.224998,0.190102,0.200779,0.15843059008676103,0.12127160000000001,0.18353043908233102,,0,0,0,0,0,0,0.024676665080590625
876144600,0.199998,0.209373,0.183332,0.19505,0.16508866461644084,0.1282981142857143,0.187370292721554,,0,0,0,0,0,0,0.024774117574834147
876749400,0.196352,0.205206,0.17604,0.181248,0.16802672559526977,0.1333409605442177,0.185329528481036,,0,1,0,0,0,0,0.025087823462345997
877354200,0.183852,0.253122,0.183332,0.2513,0.18316732094158436,0.14457515477810173,0.207319685654024,,0,0,0,0,0,0,0.02842969321503557
877962600,0.240102,0.274997,0.193748,0.254164,0.19607580804311447,0.15501218765637775,0.22293445710268267,,1,0,0,0,0,0,0.032202500842533024
878567400,0.260935,0.260935,0.219269,0.223956,0.2011449338534573,0.16157826502243702,0.22327497140178845,,0,0,0,0,0,0,0.032878465068066375
879172200,0.224998,0.228123,0.183332,0.208331,0.20245149133464688,0.16603090644887158,0.2182936476011923,,0,1,0,0,0,0,0.03372936042034735
879777000,0.211456,0.230206,0.210935,0.224477,0.206456129273802,0.17159720107278859,0.22035476506746154,,0,0,0,0,0,0,0.03288262039032253
880381800,0.218748,0.220831,0.202081,0.206248,0.20641828758765618,0.17489727716109443,0.21565251004497435,,0,0,0,0,0,0,0.032133576076728065
880986600,0.211977,0.229685,0.206769,0.229685,0.21064859893535506,0.18011515552670448,0.22033000669664957,,0,0,0,0,0,0,0.031512392071247494
881591400,0.227081,0.241664,0.219789,0.227081,0.21363630821983595,0.18458809309558977,0.22258033779776637,,1,0,0,0,0,0,0.030824006923301246
882196200,0.229164,0.233331,0.208331,0.224998,0.21570207036168396,0.18843665565791456,0.22338622519851092,,0,0,0,0,0,0,0.03040800642877973
882801000,0.224998,0.23906,0.221612,0.226039,0.21758151211410506,0.19201783130954175,0.22427048346567394,,0,0,0,0,0,0,0.029482291683866894
883405800,0.229164,0.252081,0.22656,0.247914,0.2230965099115405,0.19734127594672826,0.23215165564378262,,1,0,0,0,0,0,0.02923655656359069
884010600,0.244268,0.246873,0.211456,0.213019,0.2212642353821695,0.19883439252323032,0.22577410376252174,,0,0,0,0,0,0,0.02975237395190564
884615400,0.208331,0.250518,0.20729,0.239581,0.22459455622177504,0.2027150218067322,0.23037640250834782,,0,1,0,0,0,0,0.030714918669626667
885220200,0.241143,0.267185,0.240623,0.246873,0.2286451823632705,0.20692054353942438,0.23587526833889855,,1,0,0,0,0,0,0.030492710193224765
885825000,0.248956,0.253122,0.231248,0.245831,0.2317698764790395,0.21062630129757443,0.2391938455592657,,0,0,0,0,0,0,0.029877088036565854
886429800,0.247393,0.262497,0.243748,0.24531,0.23423171711921412,0.21392951069780544,0.24123256370617713,,0,0,0,0,0,0,0.029082224605382574
887034600,0.245831,0.273174,0.238539,0.259372,0.23880267764299337,0.21825736682182398,0.24727904247078475,,0,0,0,0,0,0,0.02947885141928382
887639400,0.260935,0.264581,0.252602,0.263539,0.24330019079881277,0.2225699033149836,0.2526990283138565,,0,0,0,0,0,0,0.02822886203219212
888244200,0.264581,0.331768,0.260414,0.32083,0.2573965197444832,0.23192800776117564,0.2754093522092377,,0,0,0,0,0,0,0.031309229029892686
888849000,0.316143,0.328122,0.291664,0.319788,0.26874042524548625,0.24029562606963512,0.2902022348061585,,0,0,0,0,0,0,0.03167699838490035
889453800,0.320309,0.367705,0.319788,0.327861,0.27948962065539784,0.24863518549157462,0.302755156537439,,1,0,0,0,0,0,0.032836998500264614
890058600,0.331507,0.36458,0.324476,0.349997,0.29230914417259823,0.25828869163523416,0.318502437691626,,0,0,0,0,0,0,0.03335607003596
890663400,0.348174,0.363017,0.331247,0.354163,0.3035552997775804,0.26741957814616424,0.33038929179441734,,0,0,0,0,0,0,0.03324277931910571
891268200,0.357809,0.403121,0.348955,0.387496,0.3188172452725658,0.27885542784652956,0.34942486119627825,,0,0,0,0,0,0,0.03473729508202673
891869400,0.392704,0.399996,0.353121,0.396871,0.33300883704119016,0.29009500614686007,0.3652402407975188,,0,0,0,0,0,0,0.0356042740047391
892474200,0.395309,0.416663,0.38333,0.395309,0.3443361393973374,0.3001153865138258,0.37526316053167924,,1,0,0,0,0,0,0.035442040147257735
893079000,0.397392,0.414579,0.335413,0.353642,0.346028114052367,0.30521315922679476,0.3680561070211195,0.205576,0,0,0,0,0,0,0.038565180136739326
893683800,0.347392,0.414579,0.321351,0.393746,0.354704093315573,0.3136448583480524,0.37661940468074634,0.2129552156862745,0,1,0,0,0,0,0.04246966726982937
894288600,0.395829,0.399475,0.367705,0.384892,0.3601928036218325,0.32043030041014264,0.3793769364538309,0.21969783467896964,0,0,0,0,0,0,0.04170540532198441
894893400,0.387236,0.394267,0.360413,0.373434,0.3626002938724084,0.3254782717996529,0.3773959576358873,0.22572670390724534,0,0,0,0,0,0,0.041144590656128376
895498200,0.374996,0.381246,0.356246,0.35833,0.36182387680469774,0.3286070078187336,0.3710406384239249,0.23092683316578475,0,0,0,0,0,0,0.039991405609262065
896103000,0.35859,0.37083,0.332288,0.367184,0.36279844465838906,0.3322810070740923,0.3697550922826166,0.23627025147300887,0,1,0,0,0,0,0.03988787663717192
896707800,0.366663,0.37708,0.343747,0.368746,0.3638798183568638,0.3357538635432264,0.3694187281884111,0.2414653788662242,0,0,0,0,0,0,0.03941967116308821
897312600,0.365101,0.529161,0.362496,0.508328,0.3901431241101613,0.35218949558672863,0.41572181879227404,0.2519305796949997,0,0,0,0,0,0,0.04850862322286763
897917400,0.495828,0.687493,0.492703,0.631765,0.43407437427195017,0.3788157341022783,0.48773621252818267,0.2668260471579409,0,0,0,0,0,0,0.058957292992662794
898522200,0.62291,0.872908,0.602077,0.785409,0.4979533971315956,0.4175389022830137,0.5869604750187885,0.287162633543904,0,0,0,0,0,0,0.0740911292074726
899127000,0.789575,1.045823,0.789575,1.033323,0.595293324925851,0.4761850068274886,0.7357479833458589,0.3164238243853195,0,0,0,0,0,0,0.08739990569265313
899731800,1.061448,1.197905,0.8177,0.829158,0.6378141749393326,0.5098014823677278,0.766884655563906,0.3365310469584442,0,0,0,0,0,0,0.10831455528603505
900336600,0.804159,1.004157,0.785409,0.998428,0.703380324950363,0.556337341189849,0.8440657703759373,0.3624877902149758,0,1,0,0,0,0,0.11620265847988968
900941400,1.009365,1.224988,0.97499,1.035406,0.7637486295048425,0.6019629277431967,0.9078458469172915,0.3888767396183101,1,0,0,0,0,0,0.12575946858846898
901546200,0.992698,1.061448,0.879158,0.923949,0.792875969594871,0.6326282679581303,0.9132135646115277,0.40985996551563125,0,0,0,0,0,0,0.12979736368929262
902151000,0.914574,0.990615,0.833325,0.966657,0.8244725205776218,0.6644405281525941,0.9310280430743518,0.4316951433385477,0,1,0,0,0,0,0.1317611234257717
902755800,0.97499,1.124989,0.958324,1.022906,0.8605513350180541,0.6985800968999661,0.9616540287162346,0.4548798828154674,0,0,0,0,0,0,0.134254257466788
903360600,1.00624,1.114572,0.98749,1.080718,0.9005816377420444,0.7349741829094931,1.0013420191441564,0.4794225540776059,0,0,0,0,0,0,0.13374195336201744
903965400,1.085406,1.145822,0.860408,0.882413,0.8972782490616726,0.7490159750133509,0.9616990127627709,0.4952261009765233,1,0,0,0,0,0,0.1445756709790162
904570200,0.878637,0.896991,0.541661,0.718743,0.8648172946868231,0.746132834535889,0.8807136751751806,0.5039914695656793,0,1,0,0,0,0,0.15962955162337217
905175000,0.783326,0.789575,0.612494,0.633848,0.8228228774710371,0.7354390407705662,0.7984251167834537,0.5090838825238879,0,0,0,0,0,0,0.16087608365027414
905779800,0.669785,0.716139,0.586452,0.664056,0.7939561724763031,0.7286406559352742,0.7536354111889692,0.5151612204641276,0,0,0,0,0,0,0.15864829196096886
906384600,0.633327,0.973949,0.633327,0.910408,0.8151292320260662,0.7459518315604862,0.8058929407926461,0.5306610941714167,0,0,0,0,0,0,0.17164641396375677
906989400,0.969782,0.99999,0.833325,0.918741,0.8339677352940542,0.7624079428404399,0.8435089605284307,0.5458799140078318,1,0,0,0,0,0,0.1712905986806313
907594200,0.907283,0.935407,0.66666,0.759888,0.8204986925133171,0.7621679482842075,0.8156353070189538,0.5542723879683089,0,0,0,0,0,0,0.17825177020344335
908199000,0.809367,0.849471,0.747909,0.828638,0.8219785666018049,0.7684984293999972,0.8199695380126358,0.5650318237342575,0,0,0,0,0,0,0.17277392947462597
908803800,0.824992,0.985928,0.824992,0.967699,0.8484731908560222,0.7874699123142832,0.8692126920084239,0.5808226933917376,0,0,0,0,0,0,0.17192836308358125
909412200,0.992698,1.08176,0.952074,1.053635,0.8857753379731091,0.8128189682843515,0.9306867946722827,0.5993643524744146,0,0,0,0,0,0,0.16891105143475402
910017000,1.067698,1.108843,1.033323,1.03801,0.9134543674325438,0.8342657332096514,0.9664611964481885,0.6165661425734571,0,0,0,0,0,0,0.1622402620465573
910621800,1.015615,1.166655,1.00624,1.064573,0.9409304824448086,0.856199758618256,0.999165130965459,0.6341350389431254,0,0,0,0,0,0,0.16210988618608893
911226600,1.070823,1.514568,1.029156,1.505193,1.0435236674548434,0.9180086387498507,1.167841087310306,0.668294174670846,0,0,0,0,0,0,0.18520289431565404
911831400,1.590609,1.942689,1.550505,1.80519,1.1820084551903265,1.0025021017260554,1.3802907248735374,0.712878324683754,1,0,0,0,0,0,0.2032238304359645
912436200,1.83019,1.835398,1.516652,1.570818,1.2527010997011763,1.056627425371193,1.4437998165823582,0.7465230178334107,0,0,0,0,0,0,0.21147541397625277
913041000,1.608317,1.869252,1.542693,1.858315,1.362812717937326,1.1329786229548888,1.5819715443882387,0.790122703408571,0,0,0,0,0,0,0.21969567012080615
913645800,1.84269,2.514558,1.816649,2.389039,1.549399314675994,1.252603420768709,1.850994029592159,0.8528253032749016,0,0,0,0,0,0,0.25385376511217717
914250600,2.529141,2.749973,2.499975,2.706744,1.7598256210985406,1.3910929997431176,2.136244019728106,0.9255279972641212,0,0,0,0,0,0,0.26150235331845023
914855400,2.758306,3.015595,2.532266,2.677057,1.9265949627169878,1.5135657616723446,2.3165150131520704,0.9942154091361164,0,0,0,0,0,0,0.2773471137957038
915460200,2.730702,4.978125,2.6625,4.00625,2.304714060404808,1.7509642605606928,2.879760008768047,1.112334412699406,1,0,0,0,0,0,0.422938391381725
916065000,4.6,4.625,3.125,3.509375,2.523743322149388,1.918431950031103,3.089631672512031,1.2063360043582527,0,0,0,0,0,0,0.4998713634258875
916669800,3.7625,3.7625,2.314063,3.075,2.6239718090313175,2.028581288123379,3.084754448341354,1.2796169453638115,0,1,0,0,0,0,0.5676260517526098
917274600,3.0375,3.49375,2.75,2.923438,2.67842020738926,2.1138057368735335,3.030982298894236,1.3440805161338583,0,0,0,0,0,0,0.5802063337702805
917879400,2.94375,3.16875,2.7125,2.896875,2.718139260591213,2.188383761933197,2.9862798659294905,1.4049744174619423,0,0,0,0,0,0,0.5713523099295462
918484200,2.859375,2.878125,2.375,2.6125,2.6989321223019016,2.228775784606226,2.861686577286327,1.4523283618751994,0,0,0,0,0,0,0.5678182163631501
919089000,2.671875,2.7125,2.10625,2.546875,2.671285372792465,2.2590709479770616,2.7567493848575513,1.495251759448721,0,1,0,0,0,0,0.5705633437657822
919693800,2.54375,3.25,2.45,3.203125,2.7679834868301985,2.348980857693532,2.9055412565717007,1.5622271806468102,0,0,0,0,0,0,0.5869516763539406
920298600,3.175,3.401563,2.896875,3.0375,2.816986489224708,2.414554109341767,2.949527504381134,1.6200810166998765,0,0,0,0,0,0,0.5810756994715164
920903400,3.035938,3.56875,2.98125,3.332813,2.9107731275474884,2.5020073370235036,3.0772893362540894,1.687246976829293,0,0,0,0,0,0,0.5815345780806938
921508200,3.325,3.576563,3.20625,3.376563,2.9954621952661267,2.585298352545075,3.177047224169393,1.753494664012458,0,0,0,0,0,0,0.5664473225035014
922113000,3.329688,3.69375,2.85,3.476563,3.0829350688541037,2.670180699921734,3.2768858161129284,1.821065971306087,0,1,0,0,0,0,0.5862546566103941
922717800,3.75,4.503125,3.7,4.275,3.2996741472442666,2.823020633262521,3.6095905440752856,1.9172986783136916,0,0,0,0,0,0,0.6177051811382231
923319000,4.315625,4.89375,4.15,4.571875,3.5309833931998544,2.9895781919994238,3.9303520293835237,2.0213997105366843,0,0,0,0,0,0,0.6267083824854929
923923800,4.403125,4.8,3.775,4.75,3.752622776254426,3.1572374118090023,4.2035680195890155,2.1284036434568145,0,0,0,0,0,0,0.6551577837365291
924528600,4.725,5.4125,3.8375,5.253125,4.025441362389985,3.3568457535414784,4.553420346392677,2.250941735870273,0,0,0,0,0,0,0.7208607991839199
925133400,5.225,5.53125,4.125,4.301563,4.075645296500897,3.446818824632766,4.469467897595118,2.331358256032223,1,0,0,0,0,0,0.7698171706707828
925738200,4.171875,4.176563,3.275,3.409375,3.9545052425916434,3.443252746096312,4.116103598396745,2.3736334224623317,0,0,0,0,0,0,0.7881561584800126
926343000,3.415625,3.846875,3.245313,3.309375,3.8372088348477082,3.43050248456333,3.8471940655978303,2.410329170601064,0,0,0,0,0,0,0.7748280043028688
926947800,3.25,3.490625,3.0375,3.214063,3.723909592148125,3.409889200319203,3.63615037706522,2.441848144302983,0,0,0,0,0,0,0.7518492182812354
927552600,3.215625,3.234375,2.6125,2.96875,3.586607848121193,3.3678759431459455,3.4136835847101468,2.462510962173454,0,0,0,0,0,0,0.7425653455468615
928157400,2.7875,2.875,2.428125,2.710938,3.4273951484627942,3.3053104247510934,3.179435056473431,2.4722531989509657,0,0,0,0,0,0,0.7281410351506572
928762200,2.714063,3.034375,2.61875,2.645313,3.2851983941968315,3.2424535271557513,3.0013943709822875,2.479039857815634,0,0,0,0,0,0,0.7058184612113246
929367000,2.598438,2.978125,2.24375,2.782813,3.193855595251953,3.1986782388552037,2.9285339139881916,2.490952530058158,0,1,0,0,0,0,0.7078582139819443
929971800,2.839063,3.2375,2.703125,2.754688,3.1140069415697798,3.1563934542023273,2.8705852759921275,2.5012950975068575,0,0,0,0,0,0,0.6954665558403769
930576600,2.775,3.23125,2.560938,3.101563,3.111744406738911,3.151171506183058,2.9475778506614185,2.5248350152516865,0,0,0,0,0,0,0.6936698018517785
931181400,3.2,3.332813,3,3.1375,3.116427241877291,3.1498694579751474,3.010885233774279,2.5488610930849536,0,0,0,0,0,0,0.667894316005223
931786200,3.125,3.5625,2.875,3.440625,3.1753722888086924,3.177560461977514,3.154131822516186,2.583832226689465,1,0,0,0,0,0,0.6692947220048499
932391000,3.4,3.415625,2.579688,2.864063,3.1187705999343844,3.1477035608367987,3.0574422150107905,2.5948216687800745,0,0,0,0,0,0,0.6829834561473606
932995800,2.760938,2.8875,2.4375,2.501563,3.006551036309951,3.0861663645666275,2.872149143340527,2.591164466082817,0,0,0,0,0,0,0.6663417807082634
933600600,2.459375,2.553125,2.05,2.239063,2.867007756980869,3.0054898536555203,2.6611204288936845,2.577356565452118,0,0,0,0,0,0,0.6546834392291018
934205400,2.2875,2.435938,2.05,2.435938,2.7886314375298022,2.9512468199740423,2.5860596192624565,2.5718107393559566,0,0,0,0,0,0,0.6354873364270232
934810200,2.45625,2.9375,2.3875,2.835938,2.7972326307062017,2.940265027595562,2.6693524128416377,2.582168671145919,0,0,0,0,0,0,0.6293810981108072
935415000,2.898438,3.389063,2.89375,3.2125,2.8727357887596194,2.966192167824556,2.850401608561092,2.6068875467872554,0,0,0,0,0,0,0.6239342339600353
936019800,3.189063,3.25,2.804688,3.121875,2.9180338271669615,2.9810191042222174,2.940892739040728,2.6270831331877553,0,0,0,0,0,0,0.6111755029628899
936624600,3.190625,3.4,3.046875,3.325,2.9920276767729685,3.0137791895343873,3.0689284926938187,2.654452422082353,0,0,0,0,0,0,0.5927433241798263
937229400,3.28125,3.396875,3.125,3.190625,3.028136280996065,3.0306216476739696,3.1094939951292124,2.6754787976869667,0,0,0,0,0,0,0.5698241581669816
937834200,3.184375,3.4375,3.034375,3.25,3.0684751389967806,3.0515148240859724,3.1563293300861415,2.6980090409149287,0,1,0,0,0,0,0.5579170754407686
938439000,3.309375,4.25,3.05625,3.8625,3.2128432955428203,3.128751507506356,3.391719553390761,2.7436753530359117,0,0,0,0,0,0,0.6033337129092852
939043800,3.971875,4.5,3.7375,4.4625,3.4400536054441258,3.2557751734581317,3.748646368927174,2.8110802411521503,1,0,0,0,0,0,0.6147027334157649
939648600,4.45625,4.46875,3.696875,3.753125,3.4969756771815574,3.3031418236049763,3.7501392459514493,2.848023172871674,0,0,0,0,0,0,0.6259293238860674
940253400,3.753125,4.18125,3.553125,3.93125,3.5759346449667286,3.362961649928312,3.8105094973009663,2.890502656288471,0,0,0,0,0,0,0.6260861578942054
940858200,3.95,4.215625,3.29375,3.53125,3.5678101640636872,3.378989111839901,3.7174229982006444,2.9156300031006874,0,0,0,0,0,0,0.6472139323303336
941466600,3.403125,3.59375,3.05,3.246875,3.5094583160521076,3.366406815474196,3.5605736654670963,2.9286200029790916,0,1,0,0,0,0,0.6398236514495955
942071400,3.240625,4.153125,3.175,3.746875,3.5526249858608154,3.40264188066713,3.6226741103113977,2.9607084342348133,0,0,0,0,0,0,0.6639880334889101
942676200,3.78125,4,3.665625,3.896875,3.6152158975224853,3.449711701555975,3.714074406874265,2.997420848578546,0,0,0,0,0,0,0.6404442453825593
943281000,3.89375,4.75625,3.8,4.65625,3.8044948252456696,3.5646201109315965,4.028132937916177,3.062472972163701,0,0,0,0,0,0,0.6630017992838051
943885800,4.775,4.84375,4.098438,4.328125,3.8997003115646387,3.6373348622714445,4.128130291944118,3.112106385020027,0,0,0,0,0,0,0.668881099334962
944490600,4.34375,5.65,4.21875,5.334375,4.160550254916522,3.798957732531307,4.5302118612960784,3.1992541738427707,1,0,0,0,0,0,0.7233360208110362
945095400,5.33125,5.33125,4.55,4.703125,4.259200208568064,3.8850689008616586,4.587849574197386,3.2582295003587403,0,0,0,0,0,0,0.7276959478959623
945700200,4.8875,5.0625,4.453125,4.5,4.302981988828416,3.9436337674462627,4.558566382798257,3.3069263826976134,0,0,0,0,0,0,0.7192444516176792
946305000,4.3875,4.4125,3.8,3.80625,4.212667081768704,3.9305495991180472,4.3077942551988375,3.326507701023197,0,0,0,0,0,0,0.7178698479307022
946909800,4.075,4.575,3.2,3.478125,4.079113975992576,3.8874615420591856,4.0312378367992245,3.33245347745366,0,0,0,0,0,0,0.7648077159356521
947514600,3.628125,3.63125,3.15,3.2125,3.9215477985393803,3.823179490434501,3.7583252245328165,3.3277494195143005,0,0,0,0,0,0,0.7445535933688198
948205800,3.171875,3.375,3,3.103125,3.772743653350402,3.754602872297882,3.5399251496885444,3.318940618749034,0,0,0,0,0,0,0.7181569081281898
948724200,3.378125,3.66875,3,3.084375,3.6475857163776015,3.6907716463647504,3.388075099792363,3.309741967033385,0,0,0,0,0,0,0.7146278432618904
949329000,3.01875,4.296875,2.921875,3.928125,3.6985928588544015,3.713376727663346,3.5680917331949087,3.3339922820516836,1,1,0,0,0,0,0.7617972830288983
949933800,3.809375,4.2,3.65625,3.809375,3.7187350663354195,3.7225194202668366,3.6485194887966057,3.3526347415790685,0,0,0,0,0,0,0.7462224770982626
950538600,3.784375,3.809375,3.19375,3.2375,3.6312377815471613,3.676327094527138,3.5115129925310704,3.348119653674007,0,0,0,0,0,0,0.7368940858769581
951229800,3.246875,3.5875,3.153125,3.45625,3.5994218212658593,3.655367371238839,3.4930919950207135,3.3523600594122813,0,0,0,0,0,0,0.7152855797428896
951748200,3.328125,3.448438,3.103125,3.125,3.5131633083084304,3.604856193025616,3.370394663347142,3.3434439786510155,0,0,0,0,0,0,0.6894169669041118
952353000,3.14375,3.45,3.028125,3.34375,3.4823608886159887,3.579988936546986,3.361513108898095,3.3434559794882306,0,0,0,0,0,0,0.670306826410961
952957800,3.2,3.346875,3,3.240625,3.4384089088676273,3.547668561637749,3.32121707259873,3.3394233920573195,0,1,0,0,0,0,0.6472045530958922
953562600,3.175,3.7625,3.1125,3.634375,3.4740391072553316,3.5559263176722493,3.4256030483991533,3.350990121780562,1,0,0,0,0,0,0.647404227874757
954167400,3.6125,3.75625,3.15,3.35,3.4514865422998167,3.5363142874177496,3.4004020322661024,3.350951293475442,0,0,0,0,0,0,0.6444646401694172
954768600,3.271875,3.43125,2.7875,3.378125,3.4381480800634865,3.5212486409970114,3.3929763548440683,3.3520169290254245,0,0,0,0,0,0,0.6444135944430303
955373400,3.3625,3.421875,2.040625,2.34375,3.239166610961034,3.4091059132830104,3.043234236562712,3.3124770494558,0,1,0,0,0,0,0.6970447662685281
955978200,2.2625,2.8125,2.23125,2.61875,3.1263635907863008,3.333833921541771,2.901739491041808,3.2852720671242,0,0,0,0,0,0,0.6887737115350616
956583000,2.46875,2.871875,2.24375,2.759375,3.059638392461519,3.2791235480616026,2.854284660694539,3.2646486527271725,0,0,0,0,0,0,0.6844416607111288
957187800,2.8,3.015625,2.65,2.925,3.035158684741243,3.2453974958652596,2.877856440463026,3.251329097718264,0,0,0,0,0,0,0.6616690420889053
957792600,2.840625,2.9625,2.45,2.6875,2.9719480147882895,3.192264401020949,2.8144042936420175,3.2292181527097044,0,0,0,0,0,0,0.6510141105111263
958397400,2.68125,3.11875,2.54375,2.63125,2.9100029211904186,3.138834458066573,2.7533528624280117,3.2057684212308923,1,0,0,0,0,0,0.645584531188903
959002200,2.65,2.65625,2.021875,2.325,2.8036387537012515,3.061326414441185,2.610568574952008,3.1712284831434063,0,1,0,0,0,0,0.6447838503896957
959693400,2.365625,2.90625,2.31875,2.89375,2.8200226166646605,3.045366755922977,2.7049623833013388,3.1603469740005274,0,0,0,0,0,0,0.6406921467904317
960211800,2.751563,2.8125,2.50625,2.609375,2.7817230499983587,3.0038437315493605,2.6730999222008927,3.1387402299220755,0,0,0,0,0,0,0.622606993448258
960816600,2.609375,2.609375,2.265625,2.3,2.694137040907748,2.936810995211326,2.548733281467262,3.105848456199641,0,0,0,0,0,0,0.6026886367733824
961421400,2.275,2.43125,1.623438,1.69375,2.51224848801543,2.8184242337626286,2.263738854311508,3.0504720461525965,0,1,0,0,0,0,0.6173403055752836
962026200,1.765625,1.996875,1.640625,1.815625,2.3855896720126246,2.7229195448328545,2.114367569541005,3.0020466717936714,0,0,0,0,0,0,0.5986909980341919
962631000,1.834375,1.925,1.7375,1.80625,2.2802551861921474,2.6356176834202016,2.011661713027337,2.9551526846645078,0,0,0,0,0,0,0.569320212460321
963235800,1.81875,2.160156,1.63125,2.125,2.252026970520848,2.5869874278563727,2.0494411420182246,2.9225976774227624,0,0,0,0,0,0,0.5664334829988695
963840600,2.14375,2.196875,1.95,2.05625,2.2164311576988758,2.5364410061557656,2.051710761345483,2.888623258700301,1,0,0,0,0,0,0.5436078770703788
964445400,2.053125,2.06875,1.45,1.5,2.086170947208171,2.4377323389028356,1.867807174230322,2.8341674446336227,0,0,0,0,0,0,0.5489751715653518
965050200,1.503125,1.709375,1.39375,1.625,2.002321684079413,2.3603292590073273,1.7868714494868814,2.7867491134715197,0,1,0,0,0,0,0.5323073021678267
965655000,1.6,1.7125,1.4875,1.684375,1.9445131960649742,2.2959526629113913,1.7527059663245876,2.7435187560804795,0,0,0,0,0,0,0.5103567805844105
966259800,1.675,2.00625,1.634375,1.95,1.9455107967804335,2.2630047902531634,1.8184706442163918,2.7124003734890882,0,0,0,0,0,0,0.5004652248283812
966864600,1.954688,2.025,1.75,1.996875,1.9548497428203546,2.2376590959433384,1.8779387628109279,2.6843405549208885,0,0,0,0,0,0,0.4843605659120683
967469400,1.940625,2.198438,1.928125,2.075,1.9766952441257448,2.222167753472544,1.943625841873952,2.6604448468847752,0,0,0,0,0,0,0.46907145406120626
968160600,2.046875,2.48125,2.0125,2.146875,2.007637017921064,2.2149970150465874,2.0113755612493014,2.640304852889294,1,0,0,0,0,0,0.4690484930568344
968679000,2.13125,2.3,2.05,2.18125,2.039203014662689,2.211783013613579,2.0680003741662007,2.622302701795596,0,0,0,0,0,0,0.45340217212420336
969283800,2.175,2.23125,1.8625,2.071875,2.045143375633109,2.1984584408884764,2.0692919161108003,2.600717301725181,0,0,0,0,0,0,0.447355588401046
969888600,2.060938,2.128125,1.775,1.921875,2.0227309436998167,2.1721171608038596,2.020152944073867,2.57409603499086,0,0,0,0,0,0,0.44062483208668557
970493400,1.909375,1.921875,1.509375,1.578125,1.941893499390759,2.1155464788225395,1.8728102960492448,2.5350383473441593,0,0,0,0,0,0,0.43861591550906515
971098200,1.5125,1.635938,1.175,1.421875,1.8473446813197119,2.0494825284584883,1.7224985306994964,2.4913848827424276,0,0,0,0,0,0,0.4402103501155605
971703000,1.40625,1.5625,0.96875,1.540625,1.7915774665343096,2.001019906700537,1.661874020466331,2.454100181458411,0,1,0,0,0,0,0.451177467964449
972307800,1.484375,1.875,1.38125,1.78125,1.7896997453462533,1.9800894393957242,1.7016660136442205,2.427713899832591,0,0,0,0,0,0,0.4542183631098456
972916200,1.653125,2.04375,1.513281,1.878125,1.8057770643742073,1.9703785404056553,1.7604856757628138,2.406161393956803,1,0,0,0,0,0,0.45966483717342804
973521000,1.928125,1.971875,1.49375,1.503125,1.7507494163061696,1.9258782032241644,1.6746987838418759,2.3707482020369284,0,0,0,0,0,0,0.4609834202324689
974125800,1.440625,1.540625,1.2875,1.371875,1.681863158795957,1.8731159933932915,1.5737575225612506,2.331576703917833,0,0,0,0,0,0,0.446136390215864
974730600,1.3,1.45625,1.10625,1.446875,1.6391380390148738,1.832521613070121,1.531463348374167,2.296882519450467,0,0,0,0,0,0,0.4392695052004451
975335400,1.4875,1.5375,1.14375,1.23125,1.5649765773758058,1.7752576499205857,1.4313922322494448,2.255093008883782,0,0,0,0,0,0,0.43601811197184187
975940200,1.259375,1.38125,1.00625,1.171875,1.4935035633074774,1.7177926356424347,1.3448864881662965,2.212613871280497,0,0,0,0,0,0,0.43165967540242456
976545000,1.14375,1.375,1.0875,1.14375,1.4299120063424815,1.6631219084383932,1.2778409921108644,2.1706976410342027,0,0,0,0,0,0,0.4213625557308229
977149800,1.0375,1.059375,0.74375,0.778125,1.3114052779165757,1.5788364885871178,1.1112689947405763,2.11608694922894,0,0,0,0,0,0,0.419836658892907
977841000,0.815625,0.925,0.75,0.778125,1.2144452273862891,1.5025782515788209,1.0002209964937174,2.0636178531807463,0,0,0,0,0,0,0.40234832611484217
978445800,0.790625,0.89375,0.678125,0.728125,1.1260233678615093,1.4288207990475046,0.9095223309958116,2.0112455844285604,0,1,0,0,0,0,0.3890109456780677
978964200,0.721875,0.925,0.6875,0.884375,1.0820873009775984,1.3769688181858375,0.9011398873305411,1.9670545811176365,0,0,0,0,0,0,0.37818873527249147
979655400,0.915625,1.01875,0.8625,0.996875,1.0665941553453078,1.3407694069300435,0.933051591553694,1.929008323034592,0,0,0,0,0,0,0.3623359684673135
980173800,0.975,1.11875,0.9125,0.975,1.0499406725552518,1.3059342253176585,0.9470343943691293,1.8915962319351962,1,0,0,0,0,0,0.35118697071964816
980778600,0.95625,1.0375,0.7125,0.71875,0.989724186636115,1.2500119181445482,0.8709395962460862,1.8456022620553847,0,0,0,0,0,0,0.34931647281110184
981383400,0.73125,0.79375,0.66875,0.66875,0.9313652436113669,1.1946536402260197,0.8035430641640574,1.7994511929551735,0,0,0,0,0,0,0.3332938676103088
981988200,0.70625,0.753125,0.665625,0.684375,0.8864579265911183,1.1460556744902084,0.7638203761093716,1.7557227148000687,0,0,0,0,0,0,0.31573716278100106
982679400,0.68125,0.684375,0.553125,0.590625,0.8326701217563696,1.0931575150149504,0.7060885840729144,1.710032608337321,0,0,0,0,0,0,0.30255950829664385
983197800,0.603125,0.6125,0.479688,0.5,0.7721846450733932,1.0366663231087647,0.637392389381943,1.6625803491868378,0,1,0,0,0,0,0.290434686275455
983802600,0.61875,0.7,0.5625,0.6125,0.7431510732418672,0.9962695304317395,0.6290949262546287,1.621400727650099,1,0,0,0,0,0,0.28397506582720816
984407400,0.56875,0.584375,0.50625,0.55,0.7080326962888005,0.9537676703906215,0.6027299508364191,1.5793850128402913,0,0,0,0,0,0,0.2712804182681219
985012200,0.559375,0.575,0.478125,0.509375,0.6719131151453822,0.911444558924848,0.571611633890946,1.5374238358661623,0,0,0,0,0,0,0.25882288839182743
985617000,0.535,0.59,0.4955,0.5115,0.6427470942098582,0.8733546009320053,0.551574422593964,1.4971915285772932,0,0,0,0,0,0,0.24708553922098261
986218200,0.5165,0.5265,0.405,0.4185,0.6019748952626113,0.8300351151289572,0.5072162817293093,1.4548899000056346,0,1,0,0,0,0,0.238115143562341
986823000,0.592,0.7505,0.535,0.7335,0.6258885506694092,0.8208412946404852,0.5826441878195395,1.4266001000054136,0,0,0,0,0,0,0.2448212047364595
987427800,0.725,0.908,0.6825,0.789,0.6555451778204257,0.8178087903890104,0.6514294585463597,1.4015961745150052,1,0,0,0,0,0,0.24344111868385523
988032600,0.8195,0.873001,0.73,0.7635,0.675173327307621,0.8126365246376761,0.6887863056975732,1.37657279512226,0,0,0,0,0,0,0.23626682449215128
988637400,0.7815,0.880001,0.7795,0.878,0.7120509041607809,0.818861617529326,0.7518575371317154,1.35702092080374,0,0,0,0,0,0,0.2277121227427119
989242200,0.868,0.8765,0.7,0.734,0.7160416488588207,0.8107795587170092,0.745905024754477,1.3325887278310444,0,0,0,0,0,0,0.2241612568325182
989847000,0.7265,0.75,0.655,0.736,0.7196704399753988,0.8036576959820559,0.7426033498363179,1.3091930914455132,0,1,0,0,0,0,0.21493545277305262
990451800,0.7475,0.8765,0.7375,0.8545,0.7441849054344172,0.808499820174241,0.7799022332242119,1.291361989820199,0,0,0,0,0,0,0.20961863471783457
991143000,0.860501,0.876999,0.781,0.8475,0.7629694680827049,0.8122141230147896,0.8024348221494746,1.2739556372782304,0,0,0,0,0,0,0.2015029465237035
991661400,0.866001,0.896,0.774,0.785,0.7669750193403949,0.8096223017752858,0.7966232147663164,1.2547809064045743,1,0,0,0,0,0,0.19582416462915325
992266200,0.775,0.7775,0.615,0.6245,0.741070470369414,0.7919916063681157,0.7392488098442109,1.230064008114199,0,0,0,0,0,0,0.19397958144135657
992871000,0.6225,0.66375,0.56,0.62,0.7190576575749751,0.7756114533806762,0.6994992065628073,1.2061399293646224,0,1,0,0,0,0,0.18753461133840252
993475800,0.6355,0.7325,0.602,0.7075,0.716956265288616,0.7691246482968023,0.7021661377085382,1.1865854223307157,0,0,0,0,0,0,0.18346071052851662
994080600,0.705,0.786,0.6925,0.7635,0.7254187625088676,0.7685889675066306,0.7226107584723588,1.169993837141276,0,0,0,0,0,0,0.17703494549076543
994685400,0.7675,0.85,0.741,0.849,0.7478880784163462,0.7762471610774277,0.7647405056482391,1.1574058435278924,0,0,0,0,0,0,0.17217530652713933
995290200,0.847,0.871,0.7915,0.849,0.7662720641588286,0.7831760028795774,0.7928270037654928,1.145311496722877,1,0,0,0,0,0,0.16555564177520082
995895000,0.851,0.8565,0.5535,0.6125,0.7383135070390416,0.7669211454624748,0.7327180025103285,1.1244169282239407,0,0,0,0,0,0,0.17537309593411504
996499800,0.6105,0.643,0.599,0.6075,0.7145292330319432,0.7517381792279534,0.690978668340219,1.1041456761367274,0,0,0,0,0,0,0.16598930336739254
997104600,0.609,0.61,0.497,0.4975,0.6750693724806808,0.7275250193014816,0.6264857788934793,1.0803556496215616,0,0,0,0,0,0,0.1622043531268645
997709400,0.505,0.552,0.47,0.4995,0.6431476683932843,0.7058083507965786,0.5841571859289862,1.0575769966952258,0,0,0,0,0,0,0.1564754707606599
998314200,0.5095,0.5395,0.4785,0.5115,0.6192117286854144,0.6873027935778568,0.5599381239526575,1.0361622125110992,0,0,0,0,0,0,0.14965579427775563
998919000,0.5045,0.5135,0.4275,0.447,0.5879005052880664,0.6644168132371086,0.522292082635105,1.0130578120204679,0,0,0,0,0,0,0.1451089518293445
999610200,0.4475,0.4595,0.3425,0.4255,0.5583731406902361,0.6416628310240506,0.49002805509006997,0.9900163291961358,0,0,0,0,0,0,0.1431011695558199
1000128600,0.42,0.4325,0.403,0.4315,0.535305296928375,0.6216473233074744,0.47051870339338,0.9681137280511893,0,0,0,0,0,0,0.13498680030183277
1000733400,0.365,0.4025,0.332,0.374,0.5059770611232159,0.5980618639448578,0.43834580226225334,0.9448151504805544,0,0,0,0,0,0,0.13245202885170185
1001338200,0.385,0.3915,0.2835,0.2985,0.468253959100813,0.5695321626167761,0.3917305348415022,0.9194694583048464,0,0,0,0,0,0,0.13070545536229458
1001943000,0.2955,0.395,0.2755,0.36,0.4485714210824834,0.5495767185580355,0.3811536898943348,0.8975294795477936,0,1,0,0,0,0,0.12990506569355925
1002547800,0.3535,0.408,0.3335,0.4035,0.4403766172493046,0.5356646501239368,0.38860245992955655,0.8781557744674879,0,0,0,0,0,0,0.12594756100116217
1003152600,0.412,0.4995,0.375,0.4005,0.4331263232039765,0.5227918263026096,0.3925683066197044,0.8594241754687629,1,0,0,0,0,0,0.12584416378679344
1003757400,0.4035,0.48,0.3575,0.378,0.423103355348708,0.5090021285595039,0.38771220441313625,0.8405447960386153,0,0,0,0,0,0,0.12560529494487963
1004365800,0.3805,0.383,0.316,0.3355,0.4071754725580338,0.4924781163157416,0.3703081362754242,0.8207391177625912,0,1,0,0,0,0,0.1214192024488168
1004970600,0.355,0.384,0.337,0.356,0.39787084118384586,0.4794802004761472,0.3655387575169495,0.8025140543209209,0,0,0,0,0,0,0.11621068798818703
1005575400,0.358,0.495,0.34,0.4475,0.4068943246049648,0.4764344670974665,0.3928591716779663,0.78859193454363,0,0,0,0,0,0,0.11898135313188796
1006180200,0.4675,0.475,0.402,0.454,0.41545899285860755,0.4742978511834221,0.41323944778531085,0.7754706822085856,0,0,0,0,0,0,0.11569697076532452
1006785000,0.4915,0.62,0.49,0.566,0.4428300850661334,0.48303138916595334,0.46415963185687387,0.7672561456513862,0,0,0,0,0,0,0.11929004428208705
1007389800,0.551,0.64005,0.524,0.5855,0.4687700695995637,0.4927903044834816,0.5046064212379159,0.7601284536650573,1,0,0,0,0,0,0.11905861254765225
1007994600,0.5775,0.625,0.5035,0.55,0.4835391478541885,0.4982388469136262,0.5197376141586106,0.7518881221487805,0,0,0,0,0,0,0.11923299736567709
1008599400,0.555,0.568,0.5,0.5,0.4865320300625179,0.4984065757789951,0.5131584094390738,0.7420101565743186,0,0,0,0,0,0,0.11557349755384301
1009204200,0.5075,0.5745,0.4755,0.545,0.497162570051151,0.5028440447524242,0.5237722729593826,0.7342842680812081,0,1,0,0,0,0,0.11438967629999708
1009809000,0.5535,0.62,0.52445,0.6125,0.5181330118600327,0.5132874690617171,0.5533481819729217,0.7295084144309646,0,0,0,0,0,0,0.11304398513571157
1010413800,0.604,0.62575,0.5435,0.5515,0.5241997369763903,0.516926757722506,0.5527321213152812,0.722527692296417,0,0,0,0,0,0,0.11084441476887504
1011018600,0.54,0.5415,0.4515,0.508,0.5212543302534103,0.5160765903203626,0.5378214142101875,0.7141148416181261,0,1,0,0,0,0,0.1100698137139554
1011709800,0.637,0.7695,0.595,0.722,0.5577535429346084,0.5356883436231852,0.599214276140125,0.7144240635154545,0,0,0,0,0,0,0.12088625559153002
1012228200,0.743,0.7885,0.66,0.6865,0.5811619896737705,0.5500513585162151,0.62830951742675,0.7133290022011229,1,0,0,0,0,0,0.12143009447784932
1012833000,0.6455,0.6545,0.553,0.626,0.5893143551876304,0.5572845624670518,0.6275396782845,0.7099043354481377,0,1,0,0,0,0,0.12229223058657436
1013437800,0.632,0.713,0.625,0.6705,0.6040753815171521,0.5680669850892374,0.6418597855229999,0.708359067391348,0,0,0,0,0,0,0.1198427855446762
1014129000,0.6475,0.692,0.6075,0.6535,0.6130616757867609,0.5762034626997862,0.6457398570153333,0.7062077314152168,0,0,0,0,0,0,0.1173183008629136
1014647400,0.6545,0.77,0.65,0.7695,0.6415050074618952,0.5946126567283779,0.6869932380102222,0.7086897811636397,0,0,0,0,0,0,0.11750985080127692
1015252200,0.771,0.848001,0.741,0.817501,0.6735042788324597,0.615840117992342,0.7304958253401481,0.7129568877846734,1,0,0,0,0,0,0.11675921860118572
1015857000,0.802,0.844,0.6775,0.7015,0.6785944099538307,0.6239982019930713,0.7208305502267655,0.7125075980676273,0,0,0,0,0,0,0.1203121315582439
1016461800,0.7075,0.78015,0.707,0.7765,0.6963954263258615,0.638522182755636,0.7393870334845103,0.7150171040257596,0,0,0,0,0,0,0.11733626501836933
1017066600,0.7735,0.7865,0.685,0.715,0.6997780760847958,0.6458057843979563,0.7312580223230069,0.7150164332796514,0,0,0,0,0,0,0.11620510323134293
1017671400,0.714,0.7545,0.6615,0.675,0.6952729713421056,0.6485861858838653,0.712505348215338,0.7134471613863317,0,0,0,0,0,0,0.11454759585767559
1018272600,0.6485,0.7295,0.626,0.6655,0.6898597038253591,0.6501970253234972,0.6968368988102253,0.711566880547652,0,1,0,0,0,0,0.11375848186784163
1018877400,0.671,0.75,0.6675,0.7265,0.696521575857112,0.657463975292688,0.7067245992068169,0.7121524930751951,0,0,0,0,0,0,0.11166859030585294
1019482200,0.729,0.8525,0.694,0.8455,0.7236085620649099,0.6753721681219558,0.7529830661378779,0.7173818070722463,0,0,0,0,0,0,0.11501369099829202
1020087000,0.8375,0.8525,0.7875,0.8025,0.7379524598712899,0.6874795806817695,0.7694887107585853,0.7207197754223543,0,0,0,0,0,0,0.11144128449841403
1020691800,0.797,0.9115,0.7875,0.847,0.7577792853492372,0.70267200156922,0.7953258071723902,0.7256719410920659,0,0,0,0,0,0,0.11233833560567016
1021296600,0.8585,1.02,0.842501,0.958,0.7941830516493759,0.7269889538007229,0.8495505381149268,0.7347828453629652,1,0,0,0,0,0,0.11699266877669372
1021901400,0.94,0.99,0.911,0.9735,0.8267861331676711,0.7504661962958922,0.8908670254099512,0.7441443024075548,0,0,0,0,0,0,0.11427890672121559
1022592600,0.978501,0.9805,0.904,0.9115,0.8421886544099128,0.7658027490296168,0.8977446836066342,0.7507072709405919,0,0,0,0,0,0,0.1115804133839859
1023111000,0.9155,0.932499,0.8725,0.929,0.8579725354262923,0.7813453443601295,0.9081631224044228,0.7576991426684118,0,0,0,0,0,0,0.1078960267137012
1023715800,0.895,0.906,0.812999,0.841001,0.8548868017124209,0.7870268353734505,0.8857757482696151,0.7609658821716113,0,0,0,0,0,0,0.10847495337700827
1024320600,0.8475,0.958,0.843,0.8765,0.8588164741283444,0.7955480891474076,0.8826838321797434,0.7654966318903716,1,0,0,0,0,0,0.10908381385007912
1024925400,0.8715,0.889,0.734,0.8125,0.8503952970141,0.7971625568476545,0.8592892214531623,0.7673399012280041,0,0,0,0,0,0,0.11236354143221632
1025530200,0.8085,0.8085,0.6445,0.7605,0.8340506975569909,0.7936708847669255,0.8263594809687749,0.767071669807298,0,1,0,0,0,0,0.11633757418705801
1026135000,0.7475,0.8095,0.7,0.7715,0.8226778434557198,0.7915593719319802,0.8080729873125165,0.7672453298148549,0,0,0,0,0,0,0.11584917603083958
1026739800,0.7735,0.858,0.75,0.7645,0.8121000537364981,0.7889822888908392,0.7935486582083443,0.7671376698221155,1,0,0,0,0,0,0.11528852060006534
1027344600,0.7575,0.794,0.613,0.6465,0.7819909530571347,0.7754125470917117,0.7445324388055629,0.7624067808094835,0,1,0,0,0,0,0.11998219770006067
1027949400,0.6625,0.745,0.6615,0.692,0.7656289615922012,0.7674684949877392,0.7270216258703752,0.7596457305816606,0,0,0,0,0,0,0.1184477550071992
1028554200,0.6825,0.7375,0.639,0.713,0.7560600594845283,0.7622810192746211,0.7223477505802501,0.7578164862451249,0,0,0,0,0,0,0.11702291536382783
1029159000,0.707,0.7505,0.666,0.745,0.7540491395782504,0.7606352079151334,0.7298985003868335,0.7573138789413945,0,0,0,0,0,0,0.11469984998069727
1029763800,0.742,0.7995,0.7335,0.7585,0.7548583869276594,0.7604318547803588,0.7394323335912223,0.7573603934927123,1,0,0,0,0,0,0.1112212892677903
1030368600,0.7645,0.772,0.7105,0.747,0.7534295893044486,0.7591526305155627,0.7419548890608149,0.7569541035518217,0,0,0,0,0,0,0.10766976860580527
1031059800,0.7355,0.774,0.712,0.7655,0.7556242094309125,0.759757141895033,0.7498032593738766,0.7572892367458679,0,0,0,0,0,0,0.10440764227681919
1031578200,0.756,0.892501,0.753,0.8305,0.7692379895343829,0.7664945569526489,0.7767021729159177,0.7601602470695593,0,0,0,0,0,0,0.10691431068561782
1032183000,0.825499,0.8965,0.7725,0.793,0.7735583550735861,0.7690188848619204,0.7821347819439451,0.7614480805178119,1,0,0,0,0,0,0.10813471706521656
1032787800,0.78,0.8701,0.7645,0.8505,0.7875477450602067,0.776778991065547,0.8049231879626301,0.7649403126543682,0,0,0,0,0,0,0.10795366584627253
1033392600,0.832,0.882,0.7925,0.8275,0.7948117914128965,0.7816095633450187,0.8124487919750867,0.767393633726746,0,0,0,0,0,0,0.10663554685725307
1033997400,0.8275,0.937001,0.8185,0.923001,0.8181189202469153,0.795075414455017,0.8492995279833911,0.7734958833845206,0,0,0,0,0,0,0.10748307922459213
1034602200,0.909,1.011,0.9085,0.952,0.8424609347474762,0.8100206130783487,0.8835330186555941,0.7804960448204217,0,0,0,0,0,0,0.10712714499426412
1035207000,0.9445,1.1015,0.92435,0.965,0.8647407647933896,0.8247805546899345,0.9106886791037294,0.7877314940431502,1,0,0,0,0,0,0.11212877749467383
1035815400,0.964,0.994999,0.903501,0.99,0.8875151711945914,0.8405157399575598,0.937125786069153,0.7956635923159678,0,1,0,0,0,0,0.11065515053076856
1036420200,0.9699,0.9905,0.91,0.9755,0.9035124127955748,0.8533713837711255,0.9499171907127687,0.8027160004604397,0,0,0,0,0,0,0.10850121120714225
1037025000,0.969999,1.117501,0.94,1.110501,0.9411467013781976,0.877859918650066,1.0034451271418459,0.8147860004423833,0,0,0,0,0,0,0.11342976754948923
1037629800,1.1325,1.214,1.061,1.199501,0.9881202102185253,0.9084924025881549,1.0687970847612305,0.829872863170133,0,0,0,0,0,0,0.11625621272452571
1038234600,1.2015,1.225,1.1665,1.167501,1.0207348992697025,0.9331598880559496,1.1016983898408204,0.8431131822615003,0,0,0,0,0,0,0.11213076895848817
1038839400,1.2075,1.25,1.075499,1.1305,1.040692190311575,0.9519541844315734,1.1112989265605469,0.854383253545363,1,0,0,0,0,0,0.11658578546145329
1039444200,1.1115,1.131,1.062001,1.109,1.0531117920731068,0.9669109287714236,1.1105326177070312,0.8643682239945645,0,0,0,0,0,0,0.11318672935706377
1040049000,1.1115,1.128,1.0765,1.0965,1.0610005571507237,0.979252745078907,1.1058550784713541,0.8734714308967384,0,0,0,0,0,0,0.10878053440298777
1040653800,1.089,1.1235,0.9215,0.943,1.0395459103960467,0.9758001026904397,1.051570052314236,0.8761980414498075,0,1,0,0,0,0,0.11543906765991721
1041258600,0.942501,1.0265,0.9275,1.026,1.0370830175967656,0.9805810452913503,1.043046701542824,0.882072628059619,0,0,0,0,0,0,0.11426484854135169
1041863400,1.02,1.0875,1.015,1.066001,1.0423408325791719,0.9887162790731264,1.0506981343618826,0.8892855053906142,0,0,0,0,0,0,0.11128164507411228
1042468200,1.0665,1.137999,1.0615,1.07,1.0473697721102315,0.9964575858280668,1.0571320895745884,0.8963723483164725,0,0,0,0,0,0,0.10879717042596139
1043159400,1.0625,1.16445,1.018,1.1055,1.0579389044538259,1.0068425776539651,1.073254726383059,0.9045734326962187,1,0,0,0,0,0,0.11148665825267844
1043677800,1.084,1.12,1.0615,1.092501,1.0642229218258574,1.0150005226393017,1.0796701509220392,0.9119431412179356,0,0,0,0,0,0,0.1077018969489157
1044282600,1.097,1.125,1.06,1.072,1.0656369360393378,1.0204290442927015,1.0771134339480262,0.9182198807780166,0,0,0,0,0,0,0.10465176145256458
1044887400,1.07,1.080001,0.9805,1.003,1.0542484022140037,1.0187691353124442,1.0524089559653507,0.9215445913357415,0,1,0,0,0,0,0.10428384992023854
1045578600,1.0075,1.0915,1.0075,1.089,1.0605668745387302,1.0254577890922114,1.064605970643567,0.9281114701068889,0,0,0,0,0,0,0.10315643206879292
1046097000,1.082,1.109,1.0125,1.1005,1.0678274428044157,1.0326046663215247,1.0765706470957115,0.9348718046125011,0,0,0,0,0,0,0.10268097263530772
1046701800,1.107499,1.152,1.068,1.1485,1.08249518047634,1.0436423171480462,1.1005470980638077,0.9432493809022069,0,0,0,0,0,0,0.10134661744707144
1047306600,1.130001,1.245,1.124501,1.235501,1.1103144203897328,1.0619145726577561,1.1455317320425384,0.9547102287099635,0,0,0,0,0,0,0.10271464477228064
1047911400,1.2235,1.3975,1.22,1.3965,1.1623481621370542,1.0937798514522556,1.2291878213616922,0.972035317780161,0,0,0,0,0,0,0.10805645585997488
1048516200,1.354,1.402,1.31,1.359,1.1981030417484988,1.1190389132187075,1.2724585475744614,0.9872104033574095,1,0,0,0,0,0,0.10690956615569094
1049121000,1.328501,1.3545,1.253,1.311,1.2186297614305899,1.1373209214835924,1.2853056983829743,0.9999080345982954,0,0,0,0,0,0,0.10684459714457017
1049722200,1.360501,1.378,1.239,1.2875,1.2311516229886645,1.1516236908661075,1.2860371322553161,1.0111861508885582,0,0,0,0,0,0,0.10914141163424372
1050327000,1.24,1.275,1.2065,1.249501,1.2344878733543618,1.1609453393550497,1.273858421503544,1.0205318312458698,0,1,0,0,0,0,0.10713131080322633
1050931800,1.2515,1.45,1.2385,1.4485,1.2733991691081141,1.1883314975117116,1.3320722810023626,1.037314896687208,0,0,0,0,0,0,0.11458621717442444
1051536600,1.432,1.472995,1.4075,1.4715,1.309417501997548,1.21529992632012,1.3785481873349084,1.0543417634837882,0,0,0,0,0,0,0.11107970166196555
1052141400,1.4735,1.559,1.450499,1.54825,1.3528415925434483,1.2470094571467754,1.4351154582232721,1.0737107139354043,0,0,0,0,0,0,0.11089550868611087
1052746200,1.5415,1.674501,1.5335,1.6525,1.4073249393537304,1.2856276040851777,1.5075769721488481,1.0964083329967609,0,0,0,0,0,0,0.11304590092281722
1053351000,1.635,1.66495,1.558,1.636,1.4489022231075976,1.3189964036961133,1.550384648099232,1.1175687905262996,0,0,0,0,0,0,0.11261047942833026
1054042200,1.6275,1.8045,1.6225,1.7945,1.51173818254258,1.3642824604869597,1.6317564320661546,1.1441151124664448,0,0,0,0,0,0,0.11756687375487809
1054560600,1.825,1.8339,1.6625,1.6675,1.5400585129893836,1.3931603213929635,1.6436709547107697,1.1646400100167804,0,0,0,0,0,0,0.12141209705810109
1055165400,1.7235,1.7725,1.6415,1.7065,1.5703206015367683,1.4230021955460146,1.6646139698071798,1.1858894213886715,0,0,0,0,0,0,0.12209694726823672
1055770200,1.728501,1.862001,1.704,1.752,1.6033532194391742,1.4543353197797275,1.6937426465381198,1.2080898362361745,0,0,0,0,0,0,0.12466152246336268
1056375000,1.774,1.8545,1.727,1.815,1.6418344522684152,1.488684336943563,1.7341617643587466,1.2318902348151481,0,0,0,0,0,0,0.12486427085883677
1056979800,1.8315,1.908,1.785,1.896,1.6880463700377941,1.5274763048537,1.788107842905831,1.2579337550184757,0,0,0,0,0,0,0.12473110865463413
1057584600,1.915,2.0415,1.855,1.8825,1.723401575485468,1.5612880853438238,1.819571895270554,1.2824265489393198,0,0,0,0,0,0,0.12914317232216027
1058189400,1.925,1.9805,1.7395,1.74899,1.7280540163062919,1.5791644581682216,1.796044596847036,1.300723154863268,0,0,0,0,0,0,0.13713294572772025
1058794200,1.735501,2.155001,1.7,2.08,1.7920441951596933,1.6268630811998195,1.890696397898024,1.3312830311431398,1,1,0,0,0,0,0.15983780674716883
1059399000,2.074501,2.125,1.989,2.0015,1.8301270687670217,1.6625427877522176,1.927630931932016,1.3575660495296833,0,0,0,0,0,0,0.15813510626522817
1060003800,1.985,2.0145,1.914,1.9575,1.853285783536654,1.690633950823435,1.9375872879546774,1.3810928711167545,0,0,0,0,0,0,0.15401831296056903
1060608600,1.9495,2.0235,1.9155,2.005001,1.8808703683481716,1.7205736697926317,1.9600585253031182,1.4055598565631562,0,0,0,0,0,0,0.15073129060624263
1061213400,2.024,2.3475,2.019,2.261,1.9499848468303222,1.7720428440980953,2.060372350202079,1.439106528854797,0,0,0,0,0,0,0.16442898413436818
1061818200,2.242501,2.322,2.2265,2.316001,2.016533238315718,1.8238483827554195,2.145581900134719,1.4734945473310794,0,0,0,0,0,0,0.1595054852676276
1062509400,2.326,2.3875,2.293,2.326,2.072799922258315,1.8716723463025224,2.2057212667564796,1.5069261337102529,0,0,0,0,0,0,0.1548622363199399
1063027800,2.325,2.369,2.2365,2.283999,2.1111997545749848,1.910941551416568,2.2318138445043196,1.5373995794471056,0,0,0,0,0,0,0.1532649337256585
1063632600,2.268,2.412001,2.2525,2.379,2.159890708288624,1.955518546519752,2.2808758963362132,1.5704035175080033,0,0,0,0,0,0,0.1537103670309686
1064237400,2.328,2.565,2.31,2.428,2.208637852236147,2.0005167801845376,2.329917264224142,1.6040347521155327,0,0,0,0,0,0,0.16094534081447082
1064842200,2.444,2.661,2.3755,2.6445,2.2878855154659385,2.0618485154050576,2.434778176149428,1.6448373108561,0,0,0,0,0,0,0.16984210218486576
1065447000,2.6445,2.955,2.6295,2.903,2.39972451265395,2.141958180604576,2.590852117432952,1.694177024155861,0,0,0,0,0,0,0.18096052345737532
1066051800,2.897,3.0205,2.872,2.9845,2.50604732853505,2.2222002586422356,2.722068078288635,1.7447779251693565,0,0,0,0,0,0,0.1786419146389914
1066656600,2.978,3.0575,2.6455,2.72545,2.545938723346859,2.270128805438213,2.7231953855257567,1.7832356535940876,1,0,0,0,0,0,0.19531034930763488
1067265000,2.745,2.876,2.719,2.721499,2.57785877364743,2.313116443015526,2.722629923683838,1.8200302946296136,0,0,0,0,0,0,0.19257389578566095
1067869800,2.74,2.874501,2.7,2.7155,2.602884451166079,2.3514386865378567,2.720253282455892,1.8551467536637465,0,0,0,0,0,0,0.19128297465811372
1068474600,2.6975,2.7565,2.538,2.6225,2.6064509145904284,2.3772540497247276,2.6876688549705947,1.8852390378337955,0,0,0,0,0,0,0.19322704789681988
1069079400,2.596,2.6095,2.3835,2.429,2.5741871119376234,2.38218223546523,2.6014459033137296,1.906562997134431,0,1,0,0,0,0,0.19649654447561846
1069684200,2.464,2.703,2.4325,2.6985,2.5967894552216917,2.4123077368494936,2.6337972688758198,1.9376193501879826,0,0,0,0,0,0,0.20203250558450286
1070289000,2.72,2.7375,2.5375,2.578,2.5933731906359294,2.428087952387637,2.6151981792505463,1.9627323168472774,1,0,0,0,0,0,0.2018873266141812
1070893800,2.5775,2.61,2.4155,2.5495,2.5853962468839424,2.4396510045411954,2.593298786167031,1.9857428142258156,0,0,0,0,0,0,0.20135966042745396
1071498600,2.6025,2.6125,2.35,2.462001,2.5629607474504983,2.441779575537272,2.5495328574446874,2.004419605824803,0,1,0,0,0,0,0.20572682753977864
1072103400,2.449,2.747,2.435,2.6735,2.5830587933685893,2.463848187390865,2.5908552382964585,2.030658052655203,1,0,0,0,0,0,0.21331776842979444
1072708200,2.6895,2.692,2.5715,2.595,2.5852299218470276,2.4763388362107825,2.5922368255309722,2.0527891094138226,0,0,0,0,0,0,0.2066879278276663
1073313000,2.6,2.680001,2.455,2.5795,2.5841881178748407,2.486163708952613,2.5879912170206483,2.0734444384564177,0,0,0,0,0,0,0.2079960044114044
1073917800,2.5825,2.839,2.54,2.786,2.6208811873521425,2.5147195461952214,2.653994144680432,2.101387793811068,0,0,0,0,0,0,0.2144962898105898
1074609000,2.778501,2.891001,2.7705,2.8555,2.6635391532881165,2.5471748275099624,2.721162763120288,2.1309608215047513,1,0,0,0,0,0,0.2077823405384048
1075127400,2.8405,2.887001,2.430001,2.52,2.63744112541755,2.5445867486994898,2.6541085087468588,2.146217259877114,0,0,0,0,0,0,0.22558360192851876
1075732200,2.528,2.5325,2.215,2.317501,2.57927019352345,2.5229595345376334,2.541906005831239,2.1529342692936977,0,1,0,0,0,0,0.23214905893362459
1076337000,2.3375,2.405001,2.2755,2.319,2.53194834015555,2.503534816962621,2.4676040038874927,2.159446650890023,0,0,0,0,0,0,0.22481705472407998
1077028200,2.307,2.3225,2.232,2.2585,2.4822304601272682,2.4801981677280853,2.3979026692583285,2.1633310959531595,0,0,0,0,0,0,0.21522297938664567
1077546600,2.2595,2.262651,2.1115,2.1505,2.4219158310132194,2.4487983422301722,2.3154351128388857,2.1628279157197023,0,0,0,0,0,0,0.2106464094304567
1078151400,2.144,2.2415,2.0825,2.2045,2.382385679919907,2.4255318334463465,2.2784567418925903,2.1644621151032433,0,0,0,0,0,0,0.20695738018542406
1078756200,2.199501,2.253,2.052,2.122,2.335042829025378,2.3966240397847898,2.2263044945950603,2.1627969341188025,0,0,0,0,0,0,0.20653185302932234
1079361000,2.113,2.1875,2.046,2.14,2.2995804964753095,2.372183655043381,2.19753632973004,2.1619029367023788,0,0,0,0,0,0,0.20188672067008503
1079965800,2.0875,2.124501,1.9575,2.085,2.260565860752526,2.344832830753535,2.1600242198200266,2.1588871352630696,0,1,0,0,0,0,0.2005019549079361
1080570600,2.103501,2.3125,2.0985,2.3045,2.2685538860702485,2.3409916087770077,2.208182813213351,2.1645974436841255,0,0,0,0,0,0,0.20243038670022637
1081171800,2.2835,2.4075,2.2695,2.405001,2.293362452239294,2.3470877412744358,2.2737888754755673,2.1740250341278853,0,0,0,0,0,0,0.1978282162216388
1081776600,2.4025,2.4185,2.266685,2.275,2.2900238245594227,2.3402222421054417,2.274192583650378,2.1779848367111057,0,0,0,0,0,0,0.19454155792009314
1082381400,2.2675,2.455,2.2455,2.3145,2.294474038275891,2.337772504762066,2.287628389100252,2.1833383725263564,1,0,0,0,0,0,0.19561001806865794
1082986200,2.31247,2.44,2.1655,2.180001,2.2736607585893656,2.322746647165679,2.251752592733501,2.1832074951723817,0,0,0,0,0,0,0.2012450167780395
1083591000,2.1885,2.2575,2.084,2.095,2.24117698430039,2.301056490292757,2.199501728489001,2.1797483777146414,0,0,0,0,0,0,0.19926322986532236
1084195800,2.0625,2.2065,2.028501,2.1525,2.2250538962457735,2.2869082531220184,2.1838344856593337,2.178679813882695,0,0,0,0,0,0,0.19774435630351364
1084800600,2.112,2.1635,2.0275,2.0585,2.194771369655633,2.2651550861580168,2.142056323772889,2.173966880004942,0,1,0,0,0,0,0.19333404513897695
1085405400,2.062001,2.433999,2.0585,2.425,2.236631120627336,2.2803784112858247,2.2363708825152595,2.1838113160831796,0,0,0,0,0,0,0.20634582762905002
1086096600,2.394,2.5755,2.385,2.5475,2.2931527350587295,2.3058185625919365,2.3400805883435063,2.198073617413251,0,0,0,0,0,0,0.2052139827984036
1086615000,2.5795,2.606,2.463,2.497,2.3302158741389607,2.3240263185355614,2.392387058895671,2.2097962206519473,1,0,0,0,0,0,0.2007701268842319
1087219800,2.4725,2.5455,2.452,2.480001,2.3574495333864225,2.3388810501036033,2.4215917059304473,2.2203924865087337,0,0,0,0,0,0,0.19310797496392965
1087824600,2.4795,2.597,2.412001,2.59,2.3997314364070728,2.362797140569927,2.4777278039536315,2.234886898802509,0,0,0,0,0,0,0.1925287624665061
1088429400,2.61,2.735,2.5915,2.6295,2.441507538878514,2.3881974128966004,2.528318535969088,2.250361922378881,1,0,0,0,0,0,0.1891338508617557
1089120600,2.62,2.630001,2.391001,2.416001,2.436869986355148,2.3908453735731148,2.4908793573127253,2.25685757248167,0,0,0,0,0,0,0.19269571865734456
1089639000,2.4075,2.52,2.339,2.355001,2.4219847161087573,2.3874316237090087,2.445586571541817,2.260706334345134,0,0,0,0,0,0,0.19186031018181995
1090243800,2.363,2.3925,1.978,1.999,2.345078404088983,2.3504381357367223,2.296724381027878,2.2504433408414033,0,0,0,0,0,0,0.20776314516883282
1090848600,2,2.012001,1.869,1.946,2.2725186942546225,2.3119202180475105,2.1798162540185855,2.238504386298603,0,0,0,0,0,0,0.20313727765677334
1091453400,1.9225,1.954,1.7425,1.7745,2.181969840753782,2.2607373401382236,2.0447108360123902,2.220308135855521,0,0,0,0,0,0,0.20373461496700382
1092058200,1.767,1.8675,1.7425,1.8065,2.1137025969803673,2.2174766410774405,1.96530722400826,2.2040803658219708,0,0,0,0,0,0,0.1981107138979321
1092663000,1.807,2.024,1.799,1.9755,2.088574852074846,2.194431246689113,1.9687048160055067,2.1951164299073835,0,0,0,0,0,0,0.20003137719093697
1093267800,1.9945,2.0415,1.908,1.995,2.0715612426066925,2.175437794623483,1.9774698773370045,2.1872687267737607,1,0,0,0,0,0,0.1952791359630129
1093872600,1.9955,2.0005,1.893,1.937001,2.0470957439509303,2.1527295284688654,1.963980251558003,2.1774543061159664,0,0,0,0,0,0,0.1890091976799406
1094563800,1.9515,1.968,1.868,1.928501,2.0255330632325794,2.1313744305194495,1.952153834372002,2.1676914313663205,0,1,0,0,0,0,0.18265139784565912
1095082200,1.95655,2.214,1.941001,2.148,2.047799779008474,2.1329578180890256,2.0174358895813347,2.1669192183715626,1,0,0,0,0,0,0.18999765514239778
1095687000,2.142,2.199501,2.042501,2.047,2.047654364643297,2.1247713592234043,2.0272905930542233,2.162216503925619,0,0,0,0,0,0,0.18764067977508364
1096291800,2.035501,2.065,1.9485,2.0235,2.0432626619808794,2.1151264678687944,2.0260270620361487,2.156776641026575,0,0,0,0,0,0,0.18255920264829198
1096896600,2.052,2.135,1.9815,2,2.035396723438901,2.1041620423574807,2.0173513746907656,2.1506285374569054,0,0,0,0,0,0,0.18048354531627112
1097501400,1.991001,2.0775,1.894,1.9275,2.015779137359101,2.0873370859424827,1.9874009164605104,2.1418783987331054,0,0,0,0,0,0,0.1806990063651089
1098106200,1.915,2.0095,1.65,1.73,1.963819294202901,2.053304982519389,1.9016006109736736,2.1257263046651405,0,1,0,0,0,0,0.19347050591045828
1098711000,1.7045,1.7385,1.6755,1.7065,1.9170339679841917,2.0202759365651617,1.8365670739824491,2.10928605742337,0,0,0,0,0,0,0.18415118405971123
1099319400,1.7115,1.881,1.7075,1.828,1.9008459738052477,2.001963942606575,1.833711382654966,2.0982552316420615,0,0,0,0,0,0,0.18346181376973186
1099924200,1.8375,2.047,1.835,2.023,1.9230557967497481,2.0039673766440442,1.896807588436644,2.095304046087471,0,0,0,0,0,0,0.18600025564332245
1100529000,2.023,2.075,1.9095,1.9275,1.9238638337043394,1.9966847693446115,1.907038392291096,2.088723495260511,1,0,0,0,0,0,0.18453595166879944
1101133800,1.922,1.984,1.879,1.9545,1.9294340457580959,1.9926671722641722,1.922858928194064,2.0834598287797066,0,0,0,0,0,0,0.17885481226388517
1101738600,1.98,2.037001,1.8855,2.0045,1.9430824010748058,1.993794108239013,1.9500726187960427,2.0803633649059927,0,0,0,0,0,0,0.17690096853075052
1102343400,1.9865,2.005001,1.8995,1.9525,1.9447946917884775,1.9898613360257735,1.9508817458640284,2.075349115301836,0,0,0,0,0,0,0.17180097077855402
1102948200,1.9655,2.05,1.941001,2.0005,1.954922929645118,1.990874542118557,1.9674211639093524,2.0724138558782346,0,0,0,0,0,0,0.16731511572294303
1103553000,1.996499,2.0245,1.9275,1.946499,1.9533913060732784,1.9866483000120276,1.9604471092729017,2.0674760183928136,0,0,0,0,0,0,0.16229260745701854
1104157800,1.976,2.283999,1.9735,2.2145,2.000865614059955,2.008348461915644,2.0451314061819343,2.07324166473035,1,0,0,0,0,0,0.17480742121008866
1104762600,2.2525,2.272,2.045,2.116001,2.0217993205945084,2.018601084590345,2.0687546041212896,2.0749185014075913,0,0,0,0,0,0,0.17853546255222516
1105367400,2.097,2.233,2.041001,2.2275,2.0591994441227794,2.0384962193912646,2.1216697360808596,2.0809020895876857,0,0,0,0,0,0,0.17949714379849477
1106058600,2.2145,2.25,2.051,2.058,2.0589813633731833,2.0403537223063823,2.100446490720573,2.0800039684273846,0,0,0,0,0,0,0.18089020495574512
1106577000,2.068,2.15,2.013,2.111,2.0684392973053316,2.0470819392295843,2.1039643271470485,2.081219499077291,0,0,0,0,0,0,0.17775519031604903
1107181800,2.122,2.1795,1.7265,1.786,2.0170866977952713,2.0222169926362907,1.9979762180980323,2.069642263819358,0,1,0,0,0,0,0.19741553386490265
1107786600,1.791001,1.84,1.75,1.789,1.9756163891052219,2.0000058504804534,1.9283174787320214,2.0586366848460496,0,0,0,0,0,0,0.1897429957316953
1108391400,1.79,1.8315,1.755001,1.7655,1.9374134092679087,1.9776719599585055,1.8740449858213477,2.047141128577577,0,0,0,0,0,0,0.1816541388937171
1109082600,1.751,1.7695,1.66,1.749501,1.9032475166737435,1.9559413923434097,1.8325303238808985,2.035468966672574,0,1,0,0,0,0,0.17650027182988018
1109601000,1.736,1.8155,1.73325,1.7925,1.8831116045512446,1.9403755454535612,1.8191868825872657,2.0259407719011002,0,0,0,0,0,0,0.16976810955631733
1110205800,1.797,1.821495,1.7025,1.7375,1.8566367673601092,1.9210540649341743,1.7919579217248438,2.014629369081449,1,0,0,0,0,0,0.16614145887372325
1110810600,1.7335,1.7425,1.679,1.708,1.8296119005673621,1.90076320160711,1.7639719478165625,2.002604687941,0,0,0,0,0,0,0.15880992609702874
1111415400,1.7105,1.7315,1.641001,1.644,1.7958642822823871,1.8763095633588138,1.723981298544375,1.9885417590021373,0,1,0,0,0,0,0.15393057423295525
1112020200,1.655,1.735501,1.651,1.7005,1.7785253218674077,1.8595657954198792,1.7161541990295832,1.9772460037471515,0,0,0,0,0,0,0.1494713189306013
1112621400,1.7,1.767,1.6905,1.73,1.7697025360733336,1.8472261958560812,1.7207694660197221,1.967550082031577,1,0,0,0,0,0,0.1442590818641298
1113226200,1.73,1.75,1.651,1.651,1.748120256787273,1.8285379867269307,1.6975129773464814,1.9551363533244563,0,0,0,0,0,0,0.14102629030240624
1113831000,1.645,1.6945,1.6005,1.652,1.7306438464623142,1.8117248451338896,1.6823419848976542,1.9432486531940856,0,0,0,0,0,0,0.13766726956652006
1114435800,1.6565,1.699,1.530001,1.618,1.7101631471055299,1.793274859883043,1.6608946565984362,1.9304938040492194,0,1,0,0,0,0,0.13990525031176865
1115040600,1.615,1.7345,1.605,1.726,1.7130425749045244,1.7868677303703722,1.6825964377322908,1.922474439184544,0,0,0,0,0,0,0.1391620181466423
1115645400,1.72,1.74,1.6775,1.695,1.7097621067400655,1.778118422716051,1.686730958488194,1.913553872942013,0,0,0,0,0,0,0.13368615970759642
1116250200,1.6995,1.7985,1.696,1.775,1.7216235418782353,1.777821430076427,1.7161539723254626,1.9081203877286006,0,0,0,0,0,0,0.1315300054427681
1116855000,1.778501,1.801,1.7565,1.775,1.731328352445829,1.7775527224501007,1.7357693148836417,1.9028999803666946,0,0,0,0,0,0,0.12531357648257038
1117546200,1.768,1.849501,1.7645,1.7795,1.7400868338193145,1.777738177454853,1.7503462099224278,1.8980607654503536,1,0,0,0,0,0,0.12243410673381537
1118064600,1.777,1.81,1.72,1.7475,1.7414346822158029,1.7748583510305813,1.7493974732816187,1.8921564217072024,0,1,0,0,0,0,0.12011738482425714
1118669400,1.7335,1.803501,1.726,1.7655,1.7458101945402025,1.7739670795038593,1.7547649821877458,1.8871895032088808,0,0,0,0,0,0,0.11707335733681021
1119274200,1.754,1.7985,1.744005,1.751,1.746753795532893,1.77177973859873,1.753509988125164,1.88184873837716,0,0,0,0,0,0,0.11260347466989519
1119879000,1.7455,1.7525,1.6395,1.6455,1.7283440145269124,1.7597530968274224,1.7175066587501093,1.872580160401585,0,1,0,0,0,0,0.11263179790775982
1120570200,1.675,1.7375,1.6725,1.737001,1.7299180118856556,1.757586230462906,1.724004772500073,1.867263330581915,0,0,0,0,0,0,0.11115809805720556
1121088600,1.736,1.875,1.73,1.8575,1.7531147369973545,1.7671018275616768,1.7685031816667152,1.8668804548728204,0,0,0,0,0,0,0.11357537676740516
1121693400,1.8475,1.9875,1.8345,1.8975,1.7793666029978354,1.7795207011272314,1.8115021211111435,1.8680812213483962,0,0,0,0,0,0,0.11639142128401907
1122298200,1.9,2.2905,1.886,2.2575,1.86629994790732,1.8250425391151142,1.9601680807407622,1.8833525460014002,0,0,0,0,0,0,0.13697060547801773
1122903000,2.244,2.3485,2.217501,2.2635,1.9385181391968982,1.8668003925327223,2.0612787204938416,1.898260289295463,1,0,0,0,0,0,0.1365440622295879
1123507800,2.266001,2.32195,2.2025,2.21,1.987878477524735,1.8994860694343678,2.110852480329228,1.9104853759897586,0,0,0,0,0,0,0.13532305778461734
1124112600,2.1965,2.2675,2.166505,2.186,2.0239005725202377,1.9267731104406185,2.1359016535528186,1.9212898710489839,0,0,0,0,0,0,0.1328710536571447
1124717400,2.1805,2.2135,2.104,2.1185,2.041100468425649,1.9450328142081788,2.130101102368546,1.9290236015960824,0,0,0,0,0,0,0.13120169268163434
1125322200,2.1,2.15,2.052,2.0755,2.047354928711895,1.9574582604740665,2.1119007349123637,1.9347677740825107,0,1,0,0,0,0,0.12883014320437475
1126013400,2.0775,2.215,2.0755,2.1475,2.0655631234915504,1.9755574737622505,2.1237671566082423,1.943110214314569,0,0,0,0,0,0,0.1295922758326337
1126531800,2.136,2.248001,2.106,2.14,2.079097101038541,1.9912186667372742,2.129178104405495,1.9508313823806644,0,0,0,0,0,0,0.13047861327315985
1127136600,2.1315,2.1715,2.025,2.1095,2.0846249008497155,2.0024835556194387,2.12261873627033,1.9570536811108346,0,1,0,0,0,0,0.13162299803936273
1127741400,2.1225,2.292,2.12,2.265,2.1174203734224943,2.027485121750921,2.1700791575135536,1.9691300073417821,0,0,0,0,0,0,0.13525706960797965
1128346200,2.2665,2.3295,2.1665,2.186,2.129889396436586,2.042581776822262,2.1753861050090357,1.977634712936222,1,0,0,0,0,0,0.13723870749312395
1128951000,2.19,2.219,2.095,2.1895,2.1407276879935706,2.056573988553475,2.1800907366726903,1.985943155566174,0,0,0,0,0,0,0.13629308552932937
1129555800,2.1815,2.303501,2.181,2.2975,2.1692317447220124,2.0795193229769535,2.2192271577817935,1.998161071034167,0,0,0,0,0,0,0.13530793656294868
1130160600,2.3045,2.35,1.936,1.9475,2.128916882045283,2.0669460541220057,2.128651438521196,1.9961743623661605,1,1,0,0,0,0,0.15521451252273805
1130769000,1.9675,2.100006,1.956,2.0545,2.1153865398552316,2.0657607156341955,2.1039342923474638,1.9984616422733699,0,0,0,0,0,0,0.15502104734254246
1131373800,2.054,2.152,2.0275,2.134,2.1187708053360987,2.0722596950976055,2.113956194898309,2.0037768719881397,0,0,0,0,0,0,0.1528409725323609
1131978600,2.126,2.4,2.117,2.399,2.1697215680022626,2.1033778193740242,2.2089707965988725,2.019275818184683,0,0,0,0,0,0,0.16213804592290654
1132583400,2.378501,2.4505,2.364,2.403,2.2121358283654877,2.1319132651479267,2.273647197732582,2.0343238253146954,0,0,0,0,0,0,0.15673532835698464
1133188200,2.4075,2.4765,2.3775,2.453,2.255929314117217,2.1624929541814573,2.3334314651550545,2.050742498831766,0,0,0,0,0,0,0.15261137633148575
1133793000,2.443,2.495,2.393,2.437001,2.2888514388231775,2.188636577592747,2.367954643436703,2.065889891034442,0,0,0,0,0,0,0.14899627802209395
1134397800,2.4575,2.4975,2.424,2.4605,2.320060268128054,2.2145283321077236,2.398803095624469,2.0813647972683857,0,0,0,0,0,0,0.14360368673480156
1135002600,2.449501,2.500051,2.384,2.461,2.3456856739229535,2.2380018242879403,2.419535397082979,2.0962524522774686,1,0,0,0,0,0,0.14163563768231574
1135693800,2.445,2.455,2.357,2.3575,2.347833733209689,2.249382602927184,2.3988569313886527,2.1064974541489403,0,0,0,0,0,0,0.1389473778478646
1136298600,2.3735,2.429,2.3125,2.3935,2.3561366908079275,2.2631080693150714,2.397071287592435,2.117752455947021,0,0,0,0,0,0,0.13734399371587425
1136817000,2.3345,2.355001,2.2,2.22,2.3313845652064864,2.259002538904112,2.3380475250616235,2.1217621635569417,0,0,0,0,0,0,0.1413551370218832
1137508200,2.1975,2.26196,2.155001,2.196,2.306769189714398,2.2530022971037207,2.2906983500410822,2.124673451260591,0,0,0,0,0,0,0.1388982700917487
1138026600,2.209,2.261,2.167,2.261,2.298447518857235,2.2537639830938425,2.280798900027388,2.1300195904268424,0,0,0,0,0,0,0.13569125079948097
1138631400,2.2705,2.2985,1.8685,1.9165,2.229002515428647,2.2216436037515717,2.159365933351592,2.1216462731552017,1,0,0,0,0,0,0.15671330431380376
1139236200,1.917,1.95,1.8555,1.926,2.1739111489870746,2.1934870700609457,2.0815772889010615,2.11397387028637,0,1,0,0,0,0,0.15226949686281777
1139841000,1.9125,2,1.869,1.9595,2.1349273037166974,2.1712025871979983,2.0408848592673743,2.1079160714516108,0,0,0,0,0,0,0.1507502470869022
1140532200,1.9505,1.9555,1.8855,1.9175,2.095395066677298,2.147040436036284,1.9997565728449163,2.1004487745319396,0,0,0,0,0,0,0.14526808658069493
1141050600,1.939,1.939,1.7685,1.860501,2.052687054554153,2.11975096593759,1.9533380485632774,2.0910390578836284,0,1,0,0,0,0,0.1470703661106453
1141655400,1.866001,1.879,1.787001,1.811,2.008743953726125,2.090346112038772,1.9058920323755182,2.0800571340450547,0,0,0,0,0,0,0.14313669710274207
1142260200,1.8155,1.8695,1.7925,1.799501,1.970699780321375,2.0626465775588887,1.8704283549170122,2.0690549327099546,0,0,0,0,0,0,0.13841264730968908
1142865000,1.796,1.8635,1.7655,1.7735,1.9348452748083977,2.035108808267566,1.838118903278008,2.057464543191917,0,0,0,0,0,0,0.13552602964471128
1143469800,1.775,1.845,1.756955,1.8265,1.9151461339341436,2.015241302718274,1.834245935518672,2.0484071101255674,0,1,0,0,0,0,0.1321345275272319
1144071000,1.8335,1.942,1.801,1.8545,1.9041195641279356,1.9999326072212955,1.8409972903457814,2.0408029097284865,1,0,0,0,0,0,0.13276777556100106
1144675800,1.85775,1.864,1.7745,1.831,1.8908250979228565,1.983843787485934,1.837664860230521,2.032575344641095,0,0,0,0,0,0,0.12967722016378672
1145280600,1.8235,1.86,1.7525,1.8015,1.8745841710277917,1.9664777124872737,1.8256099068203473,2.0235135664198753,0,0,0,0,0,0,0.12809313300923053
1145885400,1.80575,1.80575,1.7505,1.7605,1.8538415944772841,1.9468607874884858,1.803906604546898,2.0131993089132134,0,0,0,0,0,0,0.12289005207999978
1146490200,1.7595,1.778501,1.6755,1.752,1.8353249409359598,1.9283026172514872,1.7866044030312653,2.002956198759754,0,0,0,0,0,0,0.12146940550285694
1147095000,1.749501,1.7655,1.6275,1.6365,1.7991749516748763,1.9005118917989647,1.7365696020208437,1.9885853674358422,0,0,0,0,0,0,0.12265016225265288
1147699800,1.6275,1.7,1.576,1.697,1.7805976877339897,1.88112980686573,1.7233797346805624,1.9771506471442406,0,1,0,0,0,0,0.12274657923460623
1148304600,1.698,1.825,1.658999,1.803501,1.7847619263278098,1.873736587164232,1.750086823120375,1.9703408570601528,1,0,0,0,0,0,0.12583618071784866
1148995800,1.7865,1.7875,1.6865,1.738,1.7762597579045716,1.860809293148591,1.74605788208025,1.9612294509009311,0,0,0,0,0,0,0.12520509638085947
1149514200,1.723001,1.727,1.621,1.689,1.7603943473764676,1.8444465033249156,1.7270385880535,1.9505537861597182,0,1,0,0,0,0,0.12461901806794094
1150119000,1.7,1.763,1.654,1.7545,1.7593226478534736,1.8358801696749236,1.7361923920356666,1.9428654023887488,0,0,0,0,0,0,0.12350337392023088
1150723800,1.76,1.8525,1.744,1.8275,1.771718530061933,1.8350820582773117,1.766628261357111,1.938341268961739,0,0,0,0,0,0,0.12243170435450011
1151328600,1.8275,1.942,1.8085,1.933999,1.8012240700506723,1.8445027193937582,1.8224185075714072,1.938170983904416,1,0,0,0,0,0,0.12322229690060725
1151933400,1.926,1.931,1.7875,1.8055,1.802001511859641,1.8407881746895907,1.816779005047605,1.9329682002218898,0,0,0,0,0,0,0.12488491855056387
1152538200,1.815,1.835,1.64,1.646,1.7736376006124337,1.8222369199572488,1.7598526700317365,1.9217145453112274,0,0,0,0,0,0,0.12989313865409502
1153143000,1.6395,1.7405,1.6395,1.6595,1.7528853095919912,1.806738165675606,1.7264017800211577,1.911431621965689,0,0,0,0,0,0,0.12782934303594537
1153747800,1.6675,1.734,1.298001,1.3585,1.6811788896661746,1.7640488165636437,1.6037678533474384,1.8897480289474267,0,0,0,0,0,0,0.1498414613905207
1154352600,1.351,1.3795,1.292,1.3645,1.6236009097268702,1.725996548319487,1.5240119022316256,1.8691500670279197,0,0,0,0,0,0,0.14538849986262634
1154957400,1.3595,1.3645,1.288,1.303501,1.5654009261401665,1.6857588770509644,1.450508268154417,1.8469677506738837,0,1,0,0,0,0,0.1404678927295816
1155562200,1.311,1.4875,1.309,1.456,1.5455098486601362,1.663877079236587,1.452338845436278,1.831635682020006,0,0,0,0,0,0,0.14357725753461148
1156167000,1.435,1.449,1.377,1.4015,1.5193262398128387,1.6388887859759596,1.4353925636241853,1.8147676160584372,0,0,0,0,0,0,0.13896459628213922
1156771800,1.419999,1.59,1.4135,1.588,1.531812378028686,1.63404223493063,1.4862617090827903,1.805874768369871,0,0,0,0,0,0,0.14250283940484357
1157463000,1.5805,1.615,1.484,1.5255,1.5306646729325613,1.623704879222951,1.499341139388527,1.79487967941419,0,0,0,0,0,0,0.1416812080187833
1157981400,1.5115,1.637,1.486,1.626,1.5479983687630046,1.6239234621540986,1.5415607595923513,1.7882569468881433,0,0,0,0,0,0,0.14234683601744164
1158586200,1.6205,1.6405,1.495,1.542,1.5469077562606401,1.616121227663232,1.5417071730615675,1.7785998117160593,0,0,0,0,0,0,0.1425720620161958
1159191000,1.5525,1.6295,1.537001,1.606,1.5576518005768873,1.6151573012191147,1.5631381153743784,1.7718311916487628,0,0,0,0,0,0,0.13899541472932467
1159795800,1.599,1.67,1.529,1.6295,1.5707151095629077,1.61652327253158,1.5852587435829189,1.7662495762899877,0,0,0,0,0,0,0.13913859939151577
1160400600,1.624501,1.6855,1.6135,1.666001,1.5880398169151064,1.6212354370523818,1.6121728290552793,1.7623182595727334,0,0,0,0,0,0,0.13434298514926465
1161005400,1.642501,1.66,1.5875,1.628501,1.5953963956578143,1.6219273954283455,1.6176155527035194,1.7570705239032145,0,0,0,0,0,0,0.1303542719243172
1161610200,1.6235,1.924501,1.607,1.912001,1.6529608691745754,1.6495534530065983,1.7157440351356796,1.7631462288481865,0,0,0,0,0,0,0.14372189535829455
1162218600,1.9025,1.9295,1.8435,1.873,1.692967983870107,1.6708340765297793,1.768162690090453,1.7674542198737477,0,0,0,0,0,0,0.1395989028327021
1162823400,1.882,1.9885,1.8765,1.963,1.742064714075542,1.6986594025745623,1.833108460060302,1.7751226818394832,0,0,0,0,0,0,0.13787755263036622
1163428200,1.9615,2.155001,1.9565,2.1275,1.812143856970898,1.7395013642341277,1.9312389733735347,1.7889414001987192,0,0,0,0,0,0,0.14220779887105434
1164033000,2.117501,2.1625,2.097,2.1205,1.8682086102489166,1.7757869485927822,1.9943259822490231,1.801943698230142,1,0,0,0,0,0,0.13672867038026476
1164637800,2.109,2.14,1.9545,1.9705,1.8868070447491136,1.794331048726803,1.9863839881660155,1.8085537492799404,0,0,0,0,0,0,0.14021233678167444
1165242600,1.9655,1.979,1.885,1.923001,1.8933877638856385,1.8065853298004408,1.9652563254440103,1.8130418767591585,0,1,0,0,0,0,0.13691145558298343
1165847400,1.911,2.0095,1.904,2.0005,1.9128627159064315,1.8250533936289703,1.9770042169626736,1.8203931757097798,0,0,0,0,0,0,0.13466778018419892
1166452200,2.01,2.032,1.9115,2.012001,1.9308878584688987,1.8428579275690684,1.988669811308449,1.8279072080348864,1,0,0,0,0,0,0.13365579588532758
1167143400,2.0065,2.0315,1.967495,1.973001,1.9385447932927353,1.8552525058958238,1.9834468742056328,1.8335971606609693,0,0,0,0,0,0,0.1286807390363756
1167834600,1.933999,1.957,1.880001,1.9185,1.9349002854213289,1.8612760767628882,1.9617979161370886,1.836926683772304,0,0,0,0,0,0,0.12613211481949163
1168266600,1.911,1.9155,1.853501,1.91,1.930372960799269,1.8659164504045178,1.9445319440913924,1.8397923040165274,0,0,0,0,0,0,0.12176546376095652
1168957800,1.92,1.95,1.830001,1.851,1.91594151338122,1.864495836080278,1.9133546293942616,1.8402318215060753,0,0,0,0,0,0,0.12163928777803105
1169476200,1.8825,1.9115,1.815,1.8425,1.902588510948271,1.862400994548823,1.8897364195961743,1.8403207696823076,0,1,0,0,0,0,0.11984362436531455
1170081000,1.835,1.965,1.827,1.8695,1.8965724180485852,1.8630770903060778,1.8829909463974495,1.8414650532241779,0,0,0,0,0,0,0.12114050833922066
1170685800,1.8625,1.976,1.8385,1.936,1.9037410693124788,1.8700221293245467,1.900660630931633,1.845172306038916,0,0,0,0,0,0,0.12230904345784775
1171290600,1.9395,2.022,1.918,2.0165,1.9242426930738463,1.883972402722209,1.939273753954422,1.851891039135429,0,0,0,0,0,0,0.12100125463943004
1171981800,2.0065,2.1,2,2.039,1.9451076579695106,1.8987369357962842,1.9725158359696147,1.8592286454438436,1,0,0,0,0,0,0.1195011650223279
1172500200,2.043,2.06,1.8845,1.8845,1.934088083793236,1.897381037149019,1.9431772239797431,1.8602196789558498,0,0,0,0,0,0,0.12350108180644734
1173105000,1.8575,1.966001,1.852,1.942,1.9355266140126475,1.9016304621824458,1.9427848159864953,1.863426750369346,0,1,0,0,0,0,0.12282250453455824
1173706200,1.932,1.9525,1.863,1.892501,1.9277037751012571,1.9007609895936415,1.926023543990997,1.8645669170215284,0,0,0,0,0,0,0.12044232563923264
1174311000,1.9,1.99,1.9,1.949,1.9315758159919376,1.9053551810609137,1.9336823626606647,1.8678780183148018,0,0,0,0,0,0,0.11880351666500175
1174915800,1.949,2.012001,1.9215,1.9895,1.9421074858115854,1.9133689733408268,1.9522882417737766,1.8726475077926528,0,0,0,0,0,0,0.11678190833178735
1175520600,1.9925,2.088,1.9775,2.084,1.9679061247549336,1.929619547308367,1.9961921611825177,1.8809358408203918,0,0,0,0,0,0,0.11633320059380255
1176125400,2.086,2.125,2.062001,2.1205,1.995650465708582,1.9477986380409036,2.0376281074550118,1.890330513729396,0,0,0,0,0,0,0.11252361483710237
1176730200,2.1885,2.266001,2.1835,2.2475,2.0414412901252037,1.9763416248941508,2.107585404970008,1.9043371602498118,0,0,0,0,0,0,0.11487914234873794
1177335000,2.2135,3.192,2.208,3.13005,2.239370146466076,2.0862186129994695,2.448406936646672,1.9524043304360936,1,0,0,0,0,0,0.1769592036095424
1177939800,3.0955,3.1875,3.014,3.1615,2.40703011983588,2.1886263641423773,2.6861046244311146,1.9998198468895803,0,0,0,0,0,0,0.17671211763743225
1178544600,3.121499,3.1615,2.985,3.078,2.529024643502084,2.2733286151764367,2.8167364162874096,2.0421014215213615,0,0,0,0,0,0,0.17669696637761567
1179149400,3.084,3.176,3.005001,3.165,2.644656526501705,2.3582496994453477,2.9328242775249396,2.086136659893073,0,0,0,0,0,0,0.17628996877921457
1179754200,3.179,3.6655,3.165,3.4275,2.786991703501395,2.4600830614029334,3.0977161850166266,2.138739143818835,0,0,0,0,0,0,0.19944782815212783
1180445400,3.4215,3.537001,3.386,3.429,2.9037204846829594,2.5523608650788443,3.2081441233444177,2.189337608767116,0,0,0,0,0,0,0.19598734042697585
1180963800,3.4125,3.736,3.3825,3.662001,3.041589669286058,2.658040877928478,3.3594297488962783,2.2470891143056604,1,0,0,0,0,0,0.2072382446821919
1181568600,3.65,3.6525,3.4625,3.62,3.14675518396132,2.74965603241148,3.4462864992641857,2.300928756881909,0,0,0,0,0,0,0.2066855843477496
1182173400,3.617,3.632,3.421,3.443,3.200617877786535,2.815688791229434,3.445190999509457,2.3457158644551677,0,0,0,0,0,0,0.20699375689433894
1182778200,3.467501,3.5115,3.3355,3.4205,3.24059644546171,2.873289858731393,3.436960666339638,2.387864261927514,0,1,0,0,0,0,0.20477991711617186
1183383000,3.4405,3.5025,3.4005,3.4485,3.2783970917413994,2.928071776947451,3.440807110893092,2.4294578202832975,0,0,0,0,0,0,0.1974384944650167
1183987800,3.469,3.7675,3.451,3.755001,3.3650523477884176,3.0068269410476938,3.5455384072620615,2.4814399057623837,0,0,0,0,0,0,0.20612145914608693
1184592600,3.7365,3.742,3.525,3.5815,3.4044064663723415,3.061557708566961,3.5575256048413744,2.5245795173011136,0,0,0,0,0,0,0.20782714063565216
1185197400,3.589,4.45,3.442501,4.201995,3.5494225633955523,3.1701707839415363,3.7723487365609163,2.5903605166226384,1,1,0,0,0,0,0.26494655916167703
1185802200,4.15,4.2025,3.753,3.839995,3.602253915505452,3.2339635664232946,3.794897491040611,2.639365790480574,0,0,0,0,0,0,0.27812894779298575
1186407000,3.853,4,3.6185,3.739005,3.627117749049915,3.282062750573457,3.7762666606937407,2.682488896736238,0,0,0,0,0,0,0.28551259437920107
1187011800,3.8045,3.816001,3.5025,3.751,3.649641794677203,3.3267234409950324,3.767844440462494,2.72439129294266,0,1,0,0,0,0,0.2875117662092581
1187616600,3.749,3.974501,3.690004,3.9625,3.7065251047358934,3.387273589471696,3.832729626974996,2.77294457557236,0,0,0,0,0,0,0.28729642576573966
1188221400,4.028,4.04,3.804,3.9955,3.7590659947839127,3.4451999142839154,3.8869864179833304,2.8208879255499144,0,0,0,0,0,0,0.2836323953539011
1188912600,3.995,4.323001,3.9865,4.226,3.843963086641383,3.5195618272092566,3.9999909453222204,2.8759903598420746,0,0,0,0,0,0,0.2874087242571939
1189431000,4.2465,4.4445,4.1255,4.3885,3.9429697981611316,3.6023178436655177,4.129493963548147,2.9353044633776797,0,0,0,0,0,0,0.2896652439531086
1190035800,4.349,4.595,4.299,4.565,4.056066198495471,3.694001858554516,4.274662642365431,2.9992140922648294,0,0,0,0,0,0,0.29011772652788653
1190640600,4.565,4.713,4.5405,4.6575,4.165417798769022,3.7857635863112287,4.402275094910287,3.0642449121760125,0,0,0,0,0,0,0.2817164603473232
1191245400,4.671,4.705001,4.57,4.6715,4.257432744447382,3.8701194352339687,4.492016729940191,3.1272745234632278,0,0,0,0,0,0,0.2712367846082287
1191850200,4.711,4.8365,4.4065,4.6185,4.323081336366039,3.9413937747354955,4.534177819960128,3.18575395391565,0,0,0,0,0,0,0.2825770142790695
1192455000,4.59,4.606,4.425,4.488,4.353066547935851,3.993451510474972,4.518785213306752,3.236822426311115,0,0,0,0,0,0,0.27621437040199315
1193059800,4.4625,5.0545,4.1635,4.5,4.379781721038423,4.04169422376307,4.512523475537835,3.286358801749895,1,0,0,0,0,0,0.32012762965899366
1193664600,4.5205,4.5735,4.175,4.299,4.365094135395074,4.066199535785635,4.44134898369189,3.3260702212891147,0,0,0,0,0,0,0.3257256561119227
1194273000,4.217501,4.458,3.942,3.9445,4.288622474414152,4.05460910380605,4.275732655794593,3.3503223694738553,0,0,0,0,0,0,0.3393166806753568
1194877800,3.913,4.0575,3.825,3.930001,4.223418569975215,4.0427416653483315,4.160488770529729,3.3730548647886063,0,1,0,0,0,0,0.33168691776997417
1195482600,3.9415,4.1,3.897,4.0715,4.195797011797904,4.0454805543627765,4.130825847019819,3.4004448700910137,0,0,0,0,0,0,0.3224949950721189
1196087400,4.115,4.5735,4.057,4.528,4.256197555107375,4.091434787280607,4.263217231346546,3.4446627183227387,0,0,0,0,0,0,0.3363524954241104
1196692200,4.5015,4.75,4.4885,4.7155,4.339707090542398,4.150869569444359,4.413978154231031,3.494499474466945,0,0,0,0,0,0,0.3310058886081025
1197297000,4.7155,4.797,4.4465,4.454,4.360487619534689,4.179739134259182,4.4273187694873535,3.5321269460564766,1,0,0,0,0,0,0.3323983251360951
1197901800,4.4505,4.614,4.193,4.563,4.397308052346564,4.216240169091641,4.472545846324902,3.5725533403287715,0,1,0,0,0,0,0.3387270161978026
1198506600,4.5525,4.795,4.515,4.7225,4.456433861010825,4.2644553910829135,4.555863897549934,3.617649287766859,0,0,0,0,0,0,0.334532229326531
1199111400,4.6905,4.8715,4.425,4.4395,4.453354977190675,4.281126306217874,4.5170759316999565,3.6498787274622764,1,0,0,0,0,0,0.3425299272317788
1199716200,4.431,4.5915,4.012001,4.054,4.380744981337825,4.2594952294352195,4.362717287799971,3.6657266205029715,0,0,0,0,0,0,0.359456289572366
1200321000,4.109,4.166001,3.902,3.988,4.309336802912766,4.233638540917579,4.237811525199981,3.678364792247953,0,0,0,0,0,0,0.35263805460291126
1201012200,3.679,4.0715,3.4975,3.880001,4.231275747837717,4.199958775115905,4.118541350133321,3.686272094512739,0,0,0,0,0,0,0.3684496221312748
1201530600,3.8455,3.97,3.442,3.7315,4.140407430049041,4.1553436536762955,3.989527566755547,3.6880457378651808,0,0,0,0,0,0,0.3798460776933266
1202135400,3.725,3.833,3.361,3.675,4.055787897312852,4.109596639040458,3.8846850445036982,3.6875341403018402,0,1,0,0,0,0,0.3864285007152319
1202740200,3.657,3.942501,3.597,3.648,3.98164464325597,4.065635054369938,3.805790029669132,3.685983781858631,0,0,0,0,0,0,0.3835051078070011
1203431400,3.677,3.7105,3.4685,3.604,3.9129819808457937,4.0216698110966105,3.738526686446088,3.682768731589665,0,0,0,0,0,0,0.373397600106501
1203949800,3.617501,3.675,3.1985,3.2235,3.787621620692013,3.945653638611219,3.566851124297392,3.664758193095953,0,0,0,0,0,0,0.3807620572417509
1204554600,3.1795,3.33,3.06,3.2045,3.6815995078389196,3.875067577791103,3.4460674161982614,3.6467088521902293,0,1,0,0,0,0,0.372850481724483
1205155800,3.195,3.534,3.1455,3.411,3.6323995973227525,3.830870665620522,3.4343782774655076,3.6374653677906124,0,0,0,0,0,0,0.3739683044584484
1205760600,3.286,3.7,3.246,3.6595,3.6373269432640702,3.8145496498471387,3.5094188516436717,3.6383294710145098,0,0,0,0,0,0,0.3796848541399878
1206365400,3.691001,3.8465,3.463,3.488,3.6101765899433302,3.7834496831950304,3.5022792344291145,3.6324341976413916,0,0,0,0,0,0,0.37995736455856005
1206970200,3.5125,3.95,3.4815,3.8435,3.652599028135452,3.78916876098598,3.6160194896194096,3.6407112879299643,0,0,0,0,0,0,0.38628183851866293
1207575000,3.868,3.9215,3.581,3.599501,3.6429448412017336,3.771105164701601,3.61051332641294,3.6390951982072206,0,0,0,0,0,0,0.38301170719590133
1208179800,3.585,4.1,3.5325,4.005,3.7087730518923276,3.7933808633014485,3.742008884275293,3.653444406120663,0,0,0,0,0,0,0.396189442396194
1208784600,4.0015,4.132,3.8465,4.043,3.7695415879119043,3.8171541144155965,3.842339256183529,3.668721096076715,1,0,0,0,0,0,0.3882830536536087
1209389400,4.032,4.125,3.82,3.8655,3.7869885719279215,3.8217584844712538,3.8500595041223526,3.6764379158384126,0,0,0,0,0,0,0.3823342641069224
1209994200,3.8635,3.8885,3.578,3.6205,3.756717922486481,3.802591009759706,3.7735396694149017,3.6742442720800437,0,1,0,0,0,0,0.37720324524214227
1210599000,3.65,3.8415,3.589,3.823001,3.7687693911253026,3.8045348183540195,3.7900267796099345,3.6800778692533753,0,0,0,0,0,0,0.3682958705819893
1211203800,3.9505,4.2375,3.8715,3.917501,3.795811501829793,3.815293502320303,3.832518186406623,3.689388580263047,0,0,0,0,0,0,0.3715960941118472
1211895000,3.913,4.098,3.8985,4.081,3.847663956042558,3.840598883051703,3.9153454576044155,3.7047458908409667,0,0,0,0,0,0,0.359303515961001
1212413400,4.0575,4.244,3.963,4.0315,3.8810886913075473,3.8587799418086837,3.954063638402944,3.7175597774746545,1,0,0,0,0,0,0.3537104076780723
1213018200,4.0595,4.0765,3.7505,3.9585,3.895163474706175,3.8682770902078567,3.9555424256019625,3.727008413652119,0,0,0,0,0,0,0.3517310928439243
1213623000,3.921,4.2235,3.9205,4.055001,3.924224842941416,3.8860603197118704,3.9886952837346414,3.7398708680187025,0,0,0,0,0,0,0.3482503004979297
1214227800,4.065,4.1075,3.631,3.733,3.8894566896793403,3.871483146405978,3.903463522489761,3.7396014222140477,0,0,0,0,0,0,0.35741099331950615
1214832600,3.7515,3.806,3.526,3.6,3.836828200646733,3.845627608653028,3.802309014993174,3.734126856637026,0,0,0,0,0,0,0.35188163665382716
1215437400,3.6185,3.774501,3.337001,3.427,3.7623139823473273,3.805758312590835,3.6772060099954493,3.7220826661806723,0,0,0,0,0,0,0.35799723403569667
1216042200,3.4655,3.6375,3.149501,3.456,3.7066205310114495,3.7724479971059934,3.6034706733302997,3.711648051820646,0,1,0,0,0,0,0.3672830744617183
1216647000,3.476,4.119,3.294,3.9155,3.744598616282095,3.786071997381613,3.7074804488868667,3.719642245866895,1,0,0,0,0,0,0.39997714057159556
1217251800,3.8545,3.992501,3.7025,3.7875,3.7523988678671687,3.7862079976309833,3.7341536325912443,3.722303334264272,0,0,0,0,0,0,0.39212170195933865
1217856600,3.7995,4.060501,3.7505,4.0255,3.802053619164047,3.808997712142318,3.831269088394163,3.734193399587242,0,0,0,0,0,0,0.38625593753367166
1218461400,4.009,4.5875,3.989,4.32,3.8962256884069477,3.8576645967001926,3.9941793922627755,3.7571662074465655,1,0,0,0,0,0,0.401416227709838
1219066200,4.3045,4.314,4.049,4.263,3.962911926878412,3.8962679684430315,4.083786261508517,3.7770028267623865,0,0,0,0,0,0,0.392100782873421
1219671000,4.2315,4.232,4.025,4.0405,3.977018849264155,3.910004352400838,4.069357507672344,3.7873360492422927,0,0,0,0,0,0,0.38109358409674804
1220362200,4.158,4.225,3.854,3.9595,3.9738336039433997,3.914718223600758,4.03273833844823,3.794087576722987,0,0,0,0,0,0,0.3803726138041231
1220880600,4.1125,4.1875,3.755001,3.915,3.9631365850446,3.914745059448305,3.9934922256321532,3.798829240380909,0,0,0,0,0,0,0.3840959271038286
1221485400,3.843,4.3385,3.504,4.05,3.978929933218309,3.92762648235799,4.012328150421435,3.8086790740914616,1,0,0,0,0,0,0.41626764659641224
1222090200,4.0565,4.0815,3.404,3.535,3.898215399905889,3.8902334840381814,3.8532187669476237,3.7979465613819925,0,0,0,0,0,0,0.4349271004109542
1222695000,3.4205,3.656,3.066001,3.35,3.798539872650273,3.838782676034545,3.6854791779650826,3.7803800295630907,0,0,0,0,0,0,0.4460036646673146
1223299800,3.203,3.3215,2.5525,2.8125,3.6192598958047686,3.74104146879316,3.3944861186433886,3.7424239499723813,0,0,0,0,0,0,0.4711105457625064
1223904600,2.948001,3.2,2.1695,2.5325,3.4216671874766287,3.6259422812890496,3.1071574124289256,3.6949759519342487,0,0,0,0,0,0,0.5110669353508988
1224509400,2.6085,2.655001,2.1655,2.448001,3.2446369715717873,3.513757397356759,2.8874386082859504,3.646074973427023,0,1,0,0,0,0,0.5095265113972631
1225114200,2.45,2.9945,2.4215,2.862,3.17506661310419,3.451685264275163,2.8789590721906335,3.6153269352534143,0,0,0,0,0,0,0.5140603320117443
1225722600,2.817501,2.9365,2.315,2.4605,3.04514541072161,3.3572866676775286,2.739472714793756,3.5700396044591627,0,0,0,0,0,0,0.5217345940109054
1226327400,2.499,2.533999,1.924,2.0875,2.871028063317681,3.2363546040891924,2.5221484765291704,3.5119007964411564,0,0,0,0,0,0,0.5280391944386978
1226932200,1.9955,2.063,1.734,1.8935,2.6932956881690115,3.108463689414031,2.31259898435278,3.448434098541503,0,1,0,0,0,0,0.5155721091216481
1227537000,1.9395,2.205,1.935,2.135,2.5917873812291914,3.0157528618507903,2.253399322901853,3.3969268789908558,0,0,0,0,0,0,0.5009955298986732
1228141800,2.1,2.525,1.941001,2.413,2.5592805846420656,2.95834782738881,2.3065995486012354,3.3583415111872927,0,0,0,0,0,0,0.5069243491916252
1228746600,2.4575,2.724,2.368,2.5625,2.559865932888963,2.9206480343041616,2.39189969906749,3.32713204016034,0,0,0,0,0,0,0.49614403853508054
1229351400,2.5325,2.742501,2.407405,2.578,2.5631630360000606,2.888014888179956,2.45393313271166,3.2977543130952287,1,0,0,0,0,0,0.48464060721114627
1229956200,2.58,2.6975,2.4235,2.589,2.5678606658182312,2.859537279781865,2.498955421807773,3.2699600263071806,0,0,0,0,0,0,0.4695948495532072
1230561000,2.5715,2.7265,2.428,2.718,2.595158726578553,2.8460575388502587,2.571970281205182,3.248314535079448,0,0,0,0,0,0,0.4573737888708353
1231165800,2.7865,2.911,2.6515,2.7755,2.627948049018816,2.839337773245472,2.6398135208034548,3.2297727886057443,1,0,0,0,0,0,0.4432399468086328
1231770600,2.706,2.715,2.3815,2.5795,2.619139312833577,2.814591318650665,2.61970901386897,3.204271894934931,0,1,0,0,0,0,0.43972280775087336
1232461800,2.5375,2.585,2.4125,2.5315,2.6032048923183813,2.787630240683935,2.59030600924598,3.177888683368855,0,0,0,0,0,0,0.42063546434009663
1232980200,2.509,2.987,2.386,2.941001,2.664622366442312,2.8022369796664175,2.70720433949732,3.168598970295567,0,0,0,0,0,0,0.43351864545866114
1233585000,2.928501,3.35,2.9065,3.3275,2.7851455725437098,2.852262029221997,2.91396955966488,3.1748303832251525,0,0,0,0,0,0,0.4342315993544711
1234189800,3.328,3.368,3.0855,3.163,2.8538463775357625,2.881856121677045,2.9969797064432533,3.174366446628088,1,0,0,0,0,0,0.42339362797200886
1234881000,3.0835,3.209,3.026,3.193,2.91551067252926,2.911488871993517,3.062319804295502,3.1750971742113,0,0,0,0,0,0,0.40622265454543677
1235399400,3.208,3.305001,3.047,3.2395,2.9744178229784857,2.9427280270417535,3.121379869530335,3.1776227752226216,0,0,0,0,0,0,0.395635393506477
1236004200,3.197,3.29,2.991001,3.0845,2.9944327642551247,2.956230119704444,3.10908657968689,3.1739709016844797,0,1,0,0,0,0,0.3887327939703001
1236605400,3.11,3.493495,3.0075,3.4315,3.0738995343905566,3.00149391782783,3.2165577197912603,3.1840700820105785,0,0,0,0,0,0,0.39568009440099294
1237210200,3.428,3.6955,3.334,3.498001,3.151008891774092,3.048780306606132,3.3103721465275067,3.1963810984023207,0,0,0,0,0,0,0.39323865908663624
1237815000,3.568,3.7805,3.492,3.526,3.2191890932697116,3.0942298012150715,3.3822480976850042,3.209307329837524,0,0,0,0,0,0,0.3857573262947337
1238419800,3.52,3.916001,3.4875,3.9085,3.344518349038855,3.1717793439564934,3.5576653984566695,3.2367266502360525,0,0,0,0,0,0,0.3888104458451099
1239024600,3.863,4,3.728515,3.9885,3.4616059219408815,3.2495622635796844,3.7012769323044465,3.266207958069933,0,0,0,0,0,0,0.3804300568561735
1239629400,3.992,3.9985,3.6755,3.9025,3.5417684815879937,3.311746809905429,3.768351288202964,3.2911605871652294,0,0,0,0,0,0,0.3763279099378754
1240234200,3.922,4.334,3.8415,4.223,3.665628757662904,3.3985328280096736,3.919900858801976,3.3277033092371813,1,0,0,0,0,0,0.3846259163708843
1240839000,4.194,4.267501,3.8925,3.948001,3.716969165360558,3.4508631301039903,3.9292675725346506,3.352028708874939,0,0,0,0,0,0,0.38393842234439257
1241443800,4.013,4.180001,3.8155,3.8975,3.74979295347682,3.493399974855991,3.9186783816897672,3.373419739899451,0,0,0,0,0,0,0.3825500350340788
1242048600,3.84,3.992501,3.6655,3.680001,3.7371035073901253,3.5111715010601823,3.839119254459845,3.3854425344131984,0,0,0,0,0,0,0.3785822468173588
1242653400,3.698001,4.0555,3.655001,3.782,3.745266506046466,3.536964691435403,3.82007950297323,3.400993807573465,0,1,0,0,0,0,0.3801477291875474
1243344600,3.7515,3.975,3.7275,3.899501,3.773309141310745,3.5714919589177456,3.8465533353154866,3.4205431092372507,0,0,0,0,0,0,0.37067289138843684
1243863000,3.910501,4.3975,3.874501,4.378,3.8832529337997004,3.648302248544627,4.0237022235436575,3.4580904382867703,0,0,0,0,0,0,0.3815533277178342
1244467800,4.3375,4.428,4.100499,4.204,3.9415705821997546,3.701225843921329,4.083801482362438,3.4873417936480733,1,0,0,0,0,0,0.3776924471665603
1245072600,4.1415,4.215,4.032,4.148001,3.979103385436163,3.743775858785964,4.105201321574959,3.513249997818737,0,0,0,0,0,0,0.36378584379752027
1245677400,4.1205,4.207,3.8125,4.194,4.018175497175042,3.786654348425396,4.134800881049973,3.5399460763356494,0,0,0,0,0,0,0.3659797120976974
1246282200,4.1935,4.246,3.9255,3.966001,4.0086892249613975,3.8037349819086916,4.078534254033315,3.556654112557781,0,0,0,0,0,0,0.36273116123357624
1246887000,3.9225,3.9445,3.7705,3.8815,3.9855639113320525,3.811141174107864,4.012856169355543,3.56939316696728,0,1,0,0,0,0,0.3507861497168922
1247491800,3.903501,4.325,3.9005,4.292501,4.041370654726225,3.856984967049972,4.106071112903695,3.597750336890132,0,0,0,0,0,0,0.35740856759425704
1248096600,4.3135,4.72,4.275,4.324501,4.0928488993214565,3.901510303521403,4.17888107526913,3.6262503628944405,1,0,0,0,0,0,0.3636650984803815
1248701400,4.312001,4.3625,4.13,4.288,4.128330917626646,3.9383188460431744,4.2152540501794205,3.6522013290554427,0,0,0,0,0,0,0.3542961628746399
1249306200,4.328,4.41,4.151,4.266001,4.153361841694529,3.9695266702295386,4.232169700119614,3.676271904386602,0,0,0,0,0,0,0.3474892940978799
1249911000,4.2505,4.330001,4.1225,4.179,4.158023325022796,3.989476511160059,4.214446466746409,3.695986731665559,0,0,0,0,0,0,0.3374901302337457
1250515800,4.058,4.253,4.0125,4.25,4.174746356836834,4.014288272001958,4.226297644497606,3.717712742188478,0,0,0,0,0,0,0.33056226378847814
1251120600,4.2585,4.317,4.1285,4.138,4.168065201048319,4.026070341335105,4.196865096331737,3.7341945954359885,0,0,0,0,0,0,0.3204149592321583
1251725400,4.0965,4.121,3.8755,3.9435,4.127235164494079,4.01820649930319,4.112410064221158,3.7424026505169303,0,1,0,0,0,0,0.31627817642986117
1252416600,3.993,4.245,3.9435,4.227,4.145374225495155,4.038091594607648,4.150606709480772,3.7614064681437176,0,0,0,0,0,0,0.31522259239915684
1252935000,4.1905,4.5595,4.1395,4.514,4.2123970935869455,4.083416204645015,4.271737806320514,3.790919939981219,0,0,0,0,0,0,0.3227066929420742
1253539800,4.4845,4.725,4.424,4.526,4.269415803843865,4.125567042297871,4.356491870880343,3.8197466090015633,0,0,0,0,0,0,0.32115621487478313
1254144600,4.552,4.7085,4.479,4.492501,4.309976748599525,4.160513133507598,4.401828247253562,3.846129134138757,0,0,0,0,0,0,0.3146093423837272
1254749400,4.5125,4.836,4.4135,4.7855,4.39643552158143,4.22003569222116,4.529718831502374,3.882967207309786,0,1,0,0,0,0,0.32231581792774666
1255354200,4.8085,4.891001,4.653501,4.766001,4.463629244930261,4.272032388200097,4.608479554334917,3.917595983493716,0,0,0,0,0,0,0.3162575452186219
1255959000,4.767501,5.9825,4.585,5.924501,4.729242291306577,4.429410351228659,5.047153369556611,3.9962981410037663,0,0,0,0,0,0,0.3934891491315775
1256563800,5.960501,6.284,5.9105,5.9405,4.949470965614473,4.573323651111644,5.344935579704408,4.072541351160481,0,0,0,0,0,0,0.39206135276503623
1257172200,5.933,6.349,5.8125,6.31,5.196839880957295,4.73872139862482,5.6666237198029386,4.160284827585561,0,0,0,0,0,0,0.4023783989961051
1257777000,6.3555,6.649501,6.27955,6.6485,5.460778084419605,4.920605074946266,5.993915813201959,4.257861893170441,0,0,0,0,0,0,0.400062156210669
1258381800,6.606,6.728,6.3705,6.483,5.646636614525131,5.06940459161805,6.156943875467973,4.345122211085325,0,0,0,0,0,0,0.3970220021956212
1258986600,6.5525,6.7165,6.494,6.587001,5.817611957338744,5.213937582892521,6.300296250311982,4.433039026336881,0,0,0,0,0,0,0.3853418591816483
1259591400,6.6095,7.2955,6.608,6.879,6.010591601458972,5.372514955950376,6.493197500207988,4.528959064519748,1,0,0,0,0,0,0.40842451209724484
1260196200,6.9,6.95,6.491001,6.7075,6.137302219375522,5.499656388717007,6.564631666805325,4.614392042381719,0,0,0,0,0,0,0.41203697551887025
1260801000,6.625,6.6305,6.28237,6.424,6.189429088579973,5.587689113601101,6.517754444536884,4.685357060327534,0,1,0,0,0,0,0.4129721915532366
1261405800,6.524,6.985,6.5095,6.9235,6.322896527019978,5.7149091980200435,6.653002963024589,4.773127371687238,0,0,0,0,0,0,0.42354560644229117
1262010600,6.9875,7.129,6.726,6.726,6.3961880675618,5.8112035601133725,6.677335308683059,4.8497106120132285,1,0,0,0,0,0,0.42207806312498464
1262615400,6.8125,6.8305,6.44,6.676,6.447062964368746,5.893565125816861,6.676890205788706,4.921329803698984,0,0,0,0,0,0,0.4198224871874857
1263220200,6.631,6.64,6.2875,6.357,6.4306878799380645,5.937701780500969,6.570260137192471,4.977630595710789,0,0,0,0,0,0,0.4175851666740939
1263911400,6.31,6.46,6.038,6.0715,6.365380992676598,5.950444468072305,6.404006758128314,5.020527435094679,0,0,0,0,0,0,0.4179005119116586
1264429800,6.105001,6.592495,5.906,6.2705,6.348129903099035,5.980925947303515,6.359504505418876,5.06954596705175,0,0,0,0,0,0,0.4370858324893973
1265034600,6.159,6.243,5.691,5.8695,6.2611062843537555,5.970313952322227,6.196169670279251,5.100916713441878,0,1,0,0,0,0,0.4472582730258689
1265639400,5.96875,6.05,5.8,5.983,6.210541505380346,5.971522147339158,6.1251131135195,5.1355082148755296,0,0,0,0,0,0,0.433168396381164
1266330600,6.003,6.025,5.741001,5.876,6.149715777129374,5.962424799973524,6.042075409013,5.164547108409822,0,0,0,0,0,0,0.4225134394967952
1266849000,5.8685,5.99,5.792501,5.92,6.107949272196761,5.958384342833188,6.001383606008667,5.194172712001594,0,0,0,0,0,0,0.40644097953273844
1267453800,5.9425,6.4725,5.8765,6.4455,6.16932213179735,6.004776310182408,6.149422404005778,5.243244370354472,0,0,0,0,0,0,0.4199809095661143
1268058600,6.415,6.71,6.385501,6.591001,6.245991016925105,6.060607233022179,6.2966152693371855,5.296097571517042,0,0,0,0,0,0,0.41316077316853467
1268659800,6.585,6.685501,6.4315,6.517501,6.295356468393268,6.104120925115305,6.37024384622479,5.34399574518304,0,0,0,0,0,0,0.4017922179422108
1269264600,6.51,6.849501,6.36,6.753,6.378564383230856,6.165918932247181,6.497829230816527,5.399250813999392,0,1,0,0,0,0,0.4080571309463386
1269869400,6.7685,6.9095,6.559,6.5905,6.4170981317343365,6.206355224414116,6.528719487211018,5.445966468352357,0,0,0,0,0,0,0.40394590730731444
1270474200,6.642501,7.0665,6.539,7.003,6.523625744146275,6.282226155422295,6.686812991474012,5.507026606848343,0,0,0,0,0,0,0.41277119964250625
1271079000,7,7.3585,6.956,7.108551,6.629975790665134,6.3609237596677906,6.827392327649341,5.569831485011153,0,0,0,0,0,0,0.4120375425251844
1271683800,7.117501,7.5545,6.9565,7.1815,6.7302529196351095,6.439073877794668,6.945428218432894,5.633034171873461,1,0,0,0,0,0,0.42532057520195693
1272288600,7.16,7.3865,6.8455,6.855001,6.7529343887923625,6.478685984671366,6.915285812288595,5.680954439643129,0,0,0,0,0,0,0.43358339125895995
1272893400,6.86,6.972,6.030001,6.249,6.6613099544664784,6.456811128988379,6.6931905415257305,5.703230736127712,0,0,0,0,0,0,0.46989879188331996
1273498200,6.4865,6.849501,6.338,6.42665,6.618644508199846,6.453938640513296,6.604343694350487,5.731600119024665,0,0,0,0,0,0,0.47922752103451144
1274103000,6.412001,6.5625,5.876,6.136,6.5308909612544195,6.4236587699882195,6.448229129566991,5.747458937886443,0,1,0,0,0,0,0.4940326981034749
1274707800,6.1285,6.38,5.925,6.273001,6.4840018773899795,6.409310410941722,6.3898197530446605,5.768068430518348,0,0,0,0,0,0,0.49124464823894093
1275399000,6.2485,6.4575,6.0825,6.1385,6.421183354228165,6.383518943232986,6.306046502029774,5.782595158733314,0,0,0,0,0,0,0.48294145907901653
1275917400,6.292,6.3303,5.79,6.1515,6.3721500170957714,6.3614219010203215,6.2545310013531825,5.797062015253577,0,1,0,0,0,0,0.48703849771622965
1276522200,6.212001,6.399,6.125,6.2915,6.357486377623813,6.354762672351719,6.266854000902121,5.8164517401455935,0,0,0,0,0,0,0.47182146216507037
1277127000,6.3395,6.374,5.84,6.05,6.301579763510392,6.32573765593727,6.194569333934748,5.825610495434002,0,0,0,0,0,0,0.4762627862961368
1277731800,5.9425,6.002,5.3005,5.457,6.148019806508502,6.243000736324197,5.9487128892898316,5.81115518188757,0,1,0,0,0,0,0.49577973013212695
1278423000,5.5325,5.874,5.45,5.863,6.096198023506957,6.206810190007607,5.920141926193221,5.813188312009626,0,0,0,0,0,0,0.4906526065512607
1278941400,5.8905,6.244,5.866001,5.924501,6.0649803828693285,6.179923600483073,5.92159495079548,5.817553515460229,1,0,0,0,0,0,0.4828202775118849
1279546200,5.919,6.0625,5.29,5.9435,6.04289304052945,6.157407067103732,5.928896633863654,5.822492593285318,0,1,0,0,0,0,0.5035116862610359
1280151000,5.913,5.9435,5.7255,5.8945,6.015912487705914,6.132368298808139,5.917431089242436,5.825316413156482,0,0,0,0,0,0,0.4831179943852476
1280755800,5.9575,6.4235,5.8785,6.416001,6.088655853577566,6.159380937016888,6.083621059494957,5.848480514601326,0,0,0,0,0,0,0.48753813764344417
1281360600,6.423001,6.5,6.1775,6.2345,6.115172971108918,6.16653513349147,6.1339140396633045,5.8636185336365685,0,0,0,0,0,0,0.475749699240341
1281965400,6.1805,6.5405,6.152,6.388,6.164777885452751,6.187627025539902,6.218609359775536,5.8841825127096445,0,0,0,0,0,0,0.4695175778660309
1282570200,6.393,6.461,6.1125,6.332,6.195181906279523,6.20137683263134,6.2564062398503575,5.901743982799462,0,1,0,0,0,0,0.4608734651613144
1283175000,6.3015,6.975,6.125,6.939499,6.330512286955973,6.271674181904546,6.484103826566905,5.9424402579837965,0,0,0,0,0,0,0.4886682176497919
1283866200,6.878,7.130005,6.8225,7.122,6.474419143873069,6.352657593151732,6.6967358843779365,5.988697502768746,0,0,0,0,0,0,0.47572798781766396
1284384600,7.203501,7.449,7.178,7.41625,6.645661117714329,6.453952108089662,6.936573922918624,6.04467995364056,0,0,0,0,0,0,0.4651045601164023
1284989400,7.435,8.0445,7.367501,8.0365,6.898540914493542,6.604670954938266,7.303215948612416,6.122790543693871,0,0,0,0,0,0,0.4802398772509449
1285594200,8.011,8.089,7.61,7.685501,7.041624566403807,6.70760714970605,7.430644299074944,6.184073306686269,0,0,0,0,0,0,0.48015131459016314
1286199000,7.6975,8.060501,7.639,7.7775,7.175420099784933,6.809501706876902,7.546262866049963,6.2465606279926895,0,0,0,0,0,0,0.4759620064051515
1286803800,7.7445,8.244,7.57,8.232,7.367525536187673,6.944977734793388,7.774841910699975,6.324420995522388,0,1,0,0,0,0,0.4901075773762121
1287408600,8.25,8.5085,7.828501,8.4565,7.565520893244459,7.088932236241637,8.002061273799983,6.408031936874451,0,0,0,0,0,0,0.5036712504207683
1288013400,8.578501,8.599501,8.2405,8.2615,7.6920625490181935,7.200605356599576,8.088540849199989,6.480716958957806,0,0,0,0,0,0,0.4933376611049991
1288618200,8.2225,8.6265,8.076,8.5385,7.845960267378522,7.328023894066283,8.238527232799992,6.561414333116323,0,0,0,0,0,0,0.4974206853117848
1289226600,8.542,8.6685,8.2525,8.284,7.925603855127882,7.419069237488542,8.253684821866662,6.628966712209801,0,0,0,0,0,0,0.49160492207522877
1289831400,8.258,8.267501,7.8385,8.241001,7.982948790559177,7.497348452965824,8.249456881244441,6.692183743103534,0,1,0,0,0,0,0.48831171335556967
1290436200,8.255,8.919,8.231,8.875,8.145139919548416,7.628553362207174,8.457971254162961,6.777784380628886,0,0,0,0,0,0,0.5025751624016005
1291041000,8.999501,9.092125,8.696,8.784,8.261296297812342,7.738595899139824,8.566647502775307,6.856459502957165,1,0,0,0,0,0,0.4949715793729147
1291645800,8.776,9.0735,8.668,8.781,8.355787880028279,7.837872480174126,8.638098335183539,6.931931679311786,0,0,0,0,0,0,0.4885807522748494
1292250600,8.8165,8.95,8.6545,8.879,8.450917356386773,7.937027482062304,8.718398890122359,7.008287299730932,0,1,0,0,0,0,0.47478926996950294
1292855400,8.9635,9.2825,8.901999,9.1295,8.574296018861904,8.050596293294467,8.855432593414905,7.09147211150619,0,0,0,0,0,0,0.4696971792573957
1293460200,9.095095,9.2275,8.9755,9,8.651696742705195,8.141015693933088,8.90362172894327,7.166316342427516,0,0,0,0,0,0,0.45414738073901023
1294065000,9.0685,9.4225,9.060501,9.274501,8.764933880395159,8.24896667546327,9.027248152628847,7.248990250567613,0,0,0,0,0,0,0.4518868535433666
1294669800,9.252,9.447,9.1255,9.4375,8.887218629414221,8.362160325419149,9.163998768419232,7.334814162310059,0,0,0,0,0,0,0.44257350686169744
1295361000,9.433,9.580001,8.842,8.871,8.884269787702545,8.410621246807802,9.066332512279487,7.395056744180253,1,0,0,0,0,0,0.46367547065729037
1295879400,8.8975,9.25,8.345,8.557,8.824766189938446,8.424562080445154,8.896555008186326,7.440623146369263,0,1,0,0,0,0,0.49519865132462676
1296484200,8.508,8.8595,8.3705,8.7965,8.81962688267691,8.459984739450379,8.863203338790884,7.493794787688115,0,0,0,0,0,0,0.4947558905157249
1297089000,8.8075,9.475,8.7385,9.4625,8.936512904008381,8.555462383312248,9.062968892527255,7.57099891366113,0,0,0,0,0,0,0.5120233269074588
1297693800,9.4625,9.57,9.2565,9.325,9.007146921461404,8.628751680139652,9.15031259501817,7.639783269988144,1,0,0,0,0,0,0.4978430892712117
1298385000,9.184,9.236,8.7195,8.862001,8.980756753922966,8.650965901078733,9.054208730012112,7.687713377047433,0,0,0,0,0,0,0.5055328686089823
1298903400,8.6955,8.7945,8.417501,8.5835,8.908528253209699,8.644540577166472,8.897305820008075,7.722842264222043,0,0,0,0,0,0,0.5011733779940549
1299508200,8.596,8.6045,8.195,8.403501,8.816705116262481,8.621584426960142,8.732704213338717,7.749534763664316,0,0,0,0,0,0,0.4946252795659081
1300109400,8.330001,8.407,8.0295,8.091001,8.684758913305666,8.571052672011557,8.518803142225812,7.762925596461794,0,1,0,0,0,0,0.48625918816834324
1300714200,8.1685,8.674501,8.041,8.549,8.660075474522818,8.568952417534266,8.528868761483874,7.793752043659371,0,0,0,0,0,0,0.49677646044203294
1301319000,8.59,9.1625,8.4625,9.0065,8.723061751882305,8.610623615864336,8.688079174322583,7.841310787045278,0,0,0,0,0,0,0.5112924275533163
1301923800,9.0445,9.4135,9.0345,9.235501,8.81623252426734,8.67013574768678,8.870553116215055,7.8959849130435025,1,0,0,0,0,0,0.5038429684423651
1302528600,9.243,9.324501,8.950981,9.0005,8.849735701673278,8.701599009811849,8.91386874414337,7.939299230179051,0,0,0,0,0,0,0.4945341849821961
1303133400,8.919,9.2985,8.7685,9.2945,8.930601937732682,8.75806577078215,9.040745829428912,7.992444358407323,0,1,0,0,0,0,0.49706745748346787
1303738200,9.2825,9.89,9.036901,9.7905,9.086947039963103,8.856392840231468,9.290663886285941,8.062956344352134,0,0,0,0,0,0,0.5224982819489344
1304343000,9.828501,10.171,9.7685,9.880001,9.231138669060721,8.953879331637994,9.487109590857294,8.134212997514796,0,0,0,0,0,0,0.5139269760954391
1304947800,9.917,10.3195,9.839,10.128,9.394204365595135,9.06570034767247,9.700739727238195,8.212400723102451,1,0,0,0,0,0,0.5115393349457649
1305552600,10.026999,10.045,9.5685,9.9325,9.492076299123292,9.148252695513188,9.77799315149213,8.279855596706277,0,0,0,0,0,0,0.5149650967353531
1306157400,9.778,9.8645,9.544,9.7065,9.53106242655542,9.201419105464312,9.754162100994753,8.335802436051129,0,0,0,0,0,0,0.5059318755399705
1306848600,9.797,9.922,9.381,9.416001,9.510142167181709,9.221855476372474,9.641441733996501,8.378163164049123,0,0,0,0,0,0,0.5084367415728298
1307367000,9.400499,9.587999,9.259,9.3265,9.47675268223958,9.231821621479858,9.536461155997667,8.415352843890334,0,0,0,0,0,0,0.4956197600319134
1307971800,9.3405,9.6225,9.0795,9.3185,9.44797946728693,9.240076705148443,9.463807437331779,8.450770379424046,0,1,0,0,0,0,0.4990040628867768
1308576600,9.298001,9.76,9.278501,9.6275,9.48061956414385,9.276974161800972,9.518371624887852,8.496916639054476,0,0,0,0,0,0,0.49775370125200696
1309181400,9.725,10.5135,9.7015,10.474501,9.66132527975406,9.391024336867545,9.837081416591902,8.574468966934692,0,0,0,0,0,0,0.5254855797340066
1309872600,10.438,10.916001,10.4365,10.914,9.889084319798776,9.536069638118255,10.196054277727935,8.66621528195686,0,0,0,0,0,0,0.5222009668958632
1310391000,10.837001,10.875,10.464499,10.6435,10.02625080710809,9.641539196392706,10.345202851818623,8.743755859135023,0,0,0,0,0,0,0.5170081121175871
1310995800,10.6265,11.01,10.4145,10.826,10.171659751270255,9.754344987212448,10.505468567879083,8.82541249211012,0,0,0,0,0,0,0.5226146755377594
1311600600,10.774501,11.36,10.517501,11.126,10.345176160130208,9.884978797954119,10.712312378586056,8.915631610066585,0,0,0,0,0,0,0.545463555856491
1312205400,11.25,11.3725,9.742,10.135,10.306962312833807,9.908790341006108,10.51987491905737,8.963449978299268,1,0,0,0,0,0,0.6229661590095988
1312810200,9.82,10.2545,9.5025,10.115,10.272060074136752,9.928429356148383,10.384916612704913,9.008608802679689,0,0,0,0,0,0,0.6321828619374846
1313415000,10.103,10.264,8.8775,8.9465,10.031049151566434,9.834912274610442,9.905444408469942,9.006173163358916,0,0,0,0,0,0,0.6860626575133786
1314019800,9.1415,9.986,8.855001,9.9635,10.018767487645263,9.847158724647542,9.924796272313294,9.043715392246801,0,1,0,0,0,0,0.7178438248338516
1314624600,10.141001,10.882,10.1275,10.5,10.106264308073397,9.90933408420492,10.116530848208862,9.100824592550849,0,0,0,0,0,0,0.7321764087742907
1315315800,10.2385,11.032,10.2235,10.5695,10.19048897933278,9.972207028566356,10.267520565472575,9.158419706568463,0,0,0,0,0,0,0.7376280938618415
1315834200,10.4375,12.022,10.4325,11.965,10.51312734672682,10.16199683536956,10.833347043648383,9.268481678859896,0,0,0,0,0,0,0.7984760871574244
1316439000,11.8555,12.2,10.95,11.1805,10.634467829140126,10.258997136762936,10.949064695765589,9.343462789492841,1,0,0,0,0,0,0.8307277952176084
1317043800,11.374,11.7905,10.760501,10.8115,10.666655496569195,10.311616457071228,10.903209797177059,9.401032876179396,0,0,0,0,0,0,0.8449614527020649
1317648600,10.8505,11.395,10.0215,11.237001,10.77035467901116,10.399748318302539,11.014473531451372,9.473031626133146,0,1,0,0,0,0,0.8827142060804888
1318253400,11.3115,12.335501,11.205001,12.335501,11.054926737372767,10.58410571655944,11.454816020967582,9.585285327069101,0,0,0,0,0,0,0.900413191360454
1318858200,12.214505,12.335501,11.4625,11.739,11.179303694214083,10.694095648315685,11.54954401397839,9.669744726007568,0,0,0,0,0,0,0.8984551776918501
1319463000,11.801,12.0235,9.8255,10.866001,11.12233956799334,10.710467586571333,11.32169634265226,9.71665673675237,0,1,0,0,0,0,0.991279807856718
1320067800,10.7895,10.9445,10.3715,10.824,11.068096010176369,10.721280197374064,11.155797561768173,9.760081962762081,0,0,0,0,0,0,0.9614026787240952
1320676200,10.842,11.01,10.405001,10.8695,11.031987644689757,10.735396369052724,11.060365041178782,9.803588552457686,0,0,0,0,0,0,0.9359452731009456
1321281000,10.7825,11.117501,9.8555,9.857,10.818353527473437,10.651739572000084,10.659243360785855,9.805683119027973,1,0,0,0,0,0,0.9592349678794496
1321885800,9.6645,9.730001,9.0755,9.11995,10.50955288611463,10.505854850857219,10.146145573857236,9.778791624164132,0,1,0,0,0,0,0.9465396130309174
1322490600,9.5825,9.983,9.365,9.8015,10.380815997730151,10.438773436489864,10.031263715904824,9.779682148706716,0,0,0,0,0,0,0.9405760692429948
1323095400,9.943,9.95,9.42,9.6515,10.248213089051943,10.36379501396702,9.904675810603216,9.77465539777704,0,0,0,0,0,0,0.9112492071542093
1323700200,9.5015,9.5575,8.5125,9.063,10.032719800133407,10.239909774541589,9.62411720706881,9.746747342962255,0,0,0,0,0,0,0.9275171209289087
1324305000,9.1,9.175,8.624501,8.864,9.820225291018241,10.108870748394772,9.37074480471254,9.71212980010099,0,0,0,0,0,0,0.9005872551482723
1324996200,8.8865,8.929735,8.3485,8.655001,9.608366329014924,9.970406962833366,9.132163536475026,9.670673768724482,0,1,0,0,0,0,0.8777763797805387
1325601000,8.7945,9.2325,8.7025,9.1305,9.521481541921302,9.890415823515902,9.131609024316685,9.649490483676463,0,0,0,0,0,0,0.8563279955105002
1326119400,9.138,9.2185,8.675,8.921,9.412303079753793,9.798090506990578,9.061406016211123,9.62092222941464,0,0,0,0,0,0,0.8339831386883215
1326810600,9.0075,9.797,8.925499,9.5465,9.436702519798558,9.774129506324808,9.223104010807415,9.618003710614067,0,0,0,0,0,0,0.8369843430677272
1327329000,9.5395,9.825,9.191001,9.7685,9.497029334380638,9.773593362865302,9.404902673871609,9.623905525884103,1,0,0,0,0,0,0.8224853899914609
1327933800,9.684,9.7815,8.6,9.384,9.476478546311432,9.736489233068607,9.397935115914406,9.614497466045512,0,1,0,0,0,0,0.8481292907063566
1328538600,9.314,9.3815,9.087999,9.276999,9.440209537891171,9.692728258490645,9.357623077276271,9.601262232082943,0,0,0,0,0,0,0.8086915556559026
1329143400,9.3585,9.678501,8.757,9.125,9.38289871282005,9.638658900539154,9.280082051517514,9.58258528180518,0,0,0,0,0,0,0.8167493731090525
1329834600,9.1325,9.2375,8.848001,8.9565,9.305371674125494,9.573691386202091,9.172221367678343,9.55803291781282,0,0,0,0,0,0,0.7862314893155488
1330353000,8.877,9.214499,8.825,8.965,9.243485915193586,9.515720777992367,9.103147578452228,9.534776724957416,0,0,0,0,0,0,0.7578934543644381
1330957800,8.95,9.419,8.901999,9.216001,9.23848865788566,9.48717603723119,9.140765385634818,9.522275716135557,0,0,0,0,0,0,0.740686850481264
1331559000,9.2065,9.284,9.015,9.2525,9.241036174633722,9.464825938447268,9.178010257089879,9.511696276287104,0,0,0,0,0,0,0.7069949325897451
1332163800,9.1725,9.81,9.144,9.752,9.333938688336682,9.492175849071337,9.369340171393253,9.521119951726826,0,0,0,0,0,0,0.704066723119049
1332768600,9.824,10.492501,9.775,10.1255,9.477858926820922,9.552492434874067,9.621393447595501,9.54482113009048,1,0,0,0,0,0,0.7066691714676885
1333373400,9.901,10.1195,9.618,9.7195,9.521793667398937,9.568397917267012,9.654095631730334,9.551671281851638,0,0,0,0,0,0,0.6924428020771394
1333978200,9.601,9.71,9.2805,9.423001,9.503831364235493,9.55455059181301,9.577064087820222,9.54662538844569,0,0,0,0,0,0,0.6743397447859152
1334583000,9.4505,9.7275,9.1825,9.499,9.502952934374495,9.54926005925939,9.551042725213481,9.544757726153703,0,1,0,0,0,0,0.6651011915869213
1335187800,9.449501,11.4345,9.275499,11.342501,9.837416219033678,9.720044910758496,10.148195483475654,9.615257462382969,0,0,0,0,0,0,0.7718083207592841
1335792600,11.1975,11.692,11.1525,11.199501,10.08506799739119,9.860945490686259,10.498630655650436,9.677384659936578,1,0,0,0,0,0,0.7552148692764781
1336397400,11.118,11.534,10.91,11.384,10.321237452410974,10.005998301097092,10.793753770433623,9.744310751703772,0,0,0,0,0,0,0.7458423786138725
1337002200,11.280001,11.5305,10.6405,10.692501,10.38873991560898,10.071379510516417,10.760002846955748,9.781494683009505,0,0,0,0,0,0,0.7561393515700245
1337607000,10.7015,10.999,10.559,10.6445,10.43524174913462,10.125962414276758,10.7215018979705,9.815338028773839,0,0,0,0,0,0,0.7335579693150229
1338298200,10.715,10.8275,10.3555,10.411,10.430834158382872,10.153108851012306,10.618001265313666,9.8386973217631,0,0,0,0,0,0,0.7148752572210928
1338816600,10.37,11.074501,10.3185,10.924,10.520500675040532,10.226527055677801,10.720000843542444,9.881258211105724,0,1,0,0,0,0,0.7178128102767289
1339421400,10.874501,11.0435,10.628,10.917501,10.59268255230589,10.292334097994202,10.785834229028296,9.921895183219226,0,0,0,0,0,0,0.6962190381141055
1340026200,10.864,11.3015,10.8365,11.108,10.68637663370482,10.370016564851896,10.893222819352198,9.968409097602786,0,0,0,0,0,0,0.6797033925345266
1340631000,11.015,11.417501,10.9,11.417501,10.819308336667579,10.469776987246954,11.067982212901466,10.025236231030128,0,0,0,0,0,0,0.668117507353489
1341235800,11.465,11.525,11.209,11.2525,10.898070457273473,10.544322036080578,11.12948814193431,10.073364221970122,1,0,0,0,0,0,0.6429662568282398
1341840600,11.25,11.357,10.6305,10.9195,10.901966737769206,10.58005327073957,11.059492094622874,10.10654601718698,0,1,0,0,0,0,0.6489329527690798
1342445400,10.830001,11.4695,10.698001,11.4145,10.99515460362935,10.659524387811993,11.177828063081916,10.157838330238471,0,0,0,0,0,0,0.6576876704284312
1343050200,11.236,11.917,10.7475,11.866001,11.153490312060377,10.77442692230609,11.407219042054612,10.224825101601668,0,0,0,0,0,0,0.6942456939692575
1343655000,11.85,12.037001,11.433,11.7485,11.261673891685763,10.867195786848367,11.520979361369742,10.284577058401602,0,0,0,0,0,0,0.6877996444000248
1344259800,11.778,11.9,11.5715,11.6375,11.330005911379262,10.940558092862808,11.559819574246495,10.337632860032912,0,0,0,0,0,0,0.6621353840857374
1344864600,11.6115,12.167501,11.55,12.0585,11.462459382037578,11.047028750685397,11.726046382830997,10.405117845913974,0,0,0,0,0,0,0.6589472137938989
1345469400,12.06868,12.3435,11.91,12.287001,11.612376039848927,11.165121345858216,11.913031255220664,10.478917185289896,0,0,0,0,0,0,0.642843841380049
1346074200,12.2895,12.5,12.15,12.4135,11.758034941694577,11.284014551014577,12.07985417014711,10.554783178023627,0,0,0,0,0,0,0.6219264241386169
1346765400,12.4135,12.970996,12.233,12.956994,11.976027497750108,11.443345927108426,12.372234113431407,10.648987523983484,0,0,0,0,0,0,0.6302171081287157
1347283800,12.95,13.205506,12.675,13.063501,12.173749952704634,11.597646410240957,12.602656408954271,10.743674326964523,1,0,0,0,0,0,0.6230948861195217
1347888600,13.0625,13.142004,12.837,12.873499,12.300977052212883,11.719156180694199,12.69293727263618,10.827196863161992,0,0,0,0,0,0,0.6003741085395559
1348493400,12.761,12.947498,12.4115,12.716001,12.37643595181054,11.814093782532847,12.700625181757454,10.901267613626228,0,0,0,0,0,0,0.5957758150724447
1349098200,12.77,13.094995,12.4515,12.925501,12.47626596057226,11.91994208895829,12.775583787838302,10.98064931505265,0,0,0,0,0,0,0.5991843282815559
1349703000,12.883496,12.990003,12.0945,12.118,12.411126695013667,11.938804747152739,12.556389191892201,11.025251302697644,0,0,0,0,0,0,0.6203499476900162
1350307800,12.142501,12.5455,11.925499,12,12.336376386829365,11.944632866471526,12.370926127928135,11.06347674180754,0,0,0,0,0,0,0.620325022855015
1350912600,11.9405,11.9475,11.146,11.912001,12.259217225587662,11.941525069664713,12.217951085285423,11.096752202913127,0,1,0,0,0,0,0.6370160926510853
1351517400,11.816001,11.935,11.525,11.62112,12.143199548208086,11.911010301125216,12.019007390190282,11.117315645936142,0,0,0,0,0,0,0.6208006574617221
1352125800,11.602,11.8875,11.23001,11.3155,11.992708721261161,11.854295034351386,11.784504926793522,11.125087581389627,0,0,0,0,0,0,0.6234213247858847
1352730600,11.3295,11.460995,10.909,11.2615,11.85976168103186,11.79783836441316,11.610169951195681,11.130437088001798,0,1,0,0,0,0,0.6183194444440359
1353335400,11.416001,12,11.3725,11.994,11.884168648116976,11.81652042494524,11.73811330079712,11.164302300237022,0,0,0,0,0,0,0.6269037698408905
1353940200,12.0195,12.6325,11.9,12.6025,12.014774348459344,11.891375622569504,12.026242200531414,11.220702210031648,0,0,0,0,0,0,0.6344463577093983
1354545000,12.627,12.7775,12.433,12.663405,12.132707194194008,11.964902229943837,12.238629800354275,11.277278790030406,0,0,0,0,0,0,0.6137359035872985
1355149800,12.655001,12.739,12.3325,12.4595,12.192124067976916,12.012006779472996,12.312253200236183,11.323640406107645,0,0,0,0,0,0,0.5989333390453486
1355754600,12.4905,13.155506,12.462999,12.845996,12.311009873799295,12.09143432428509,12.490167466824122,11.383340625475972,1,0,0,0,0,0,0.6058671005421095
1356359400,12.865003,12.975,12.143,12.259,12.301553533108514,12.107392960067463,12.413111644549415,11.417680208790639,0,0,0,0,0,0,0.6220194505033874
1356964200,12.1875,13.043994,12.1375,12.957495,12.420815617997874,12.188355059108657,12.594572763032943,11.478065102563555,0,1,0,0,0,0,0.6423390611817169
1357569000,13.148498,13.486255,13.115003,13.396997,12.598303141998262,12.303463815384022,12.86204750868863,11.553317333835572,0,0,0,0,0,0,0.6342262710973087
1358173800,13.4,13.725,13.377002,13.606006,12.781521843453124,12.427515452014115,13.110033672459087,11.63381492858712,0,0,0,0,0,0,0.6137813945903581
1358865000,13.581006,14.235999,13.332495,14.199499,13.039335871916192,12.596275789917533,13.473188781639392,11.734429990211154,1,0,0,0,0,0,0.6344758664053325
1359383400,14.189002,14.223999,12.917505,13.25,13.077638440658703,12.658535238496816,13.398792521092927,11.79386410824209,0,0,0,0,0,0,0.6824771616620943
1359988200,13.139002,13.401502,12.7555,13.097498,13.081249269629847,12.700341215782833,13.298361014061951,11.844987005958087,0,1,0,0,0,0,0.6798717929719447
1360593000,13.159998,13.532495,12.830005,13.254505,13.11275031151533,12.75311871904161,13.283742342707967,11.900262221410712,0,0,0,0,0,0,0.6814873791882344
1361284200,13.295496,13.715003,13.080506,13.270996,13.141522254876179,12.802440364847172,13.279493561805312,11.954016487237743,0,0,0,0,0,0,0.6781309235319319
1361802600,13.346997,13.434705,12.7865,13.286999,13.167972572171418,12.848588806290298,13.281995374536875,12.006290311267636,0,1,0,0,0,0,0.6759933575653653
1362407400,13.268006,13.833997,13.206994,13.709497,13.266431559049343,12.930580062834078,13.424495916357916,12.07308273043361,0,0,0,0,0,0,0.6724940463106963
1363008600,13.671497,13.869995,13.002503,13.091004,13.23453563922219,12.945858533040356,13.31333194423861,12.113001211593076,1,0,0,0,0,0,0.686422471574218
1363613400,12.965003,13.074499,12.603501,12.8875,13.1714382502727,12.940300577512703,13.17138796282574,12.14337371309923,0,1,0,0,0,0,0.6722139378903452
1364218200,12.929004,13.36875,12.725,13.324499,13.199267477495846,12.976890903463874,13.22242497521716,12.18969235180122,0,0,0,0,0,0,0.6701807994696063
1364823000,13.348999,13.369995,12.6835,12.774,13.121946117951147,12.957567960276839,13.072949983478107,12.21260637722078,0,0,0,0,0,0,0.6713460995074915
1365427800,12.796,13.663501,12.7815,13.643506,13.216775187414575,13.022895392631426,13.263135322318739,12.268720087918004,0,0,0,0,0,0,0.6869285923998136
1366032600,13.554004,13.756006,12.830005,13.016004,13.180271335157379,13.022239069523671,13.180758214879159,12.298025339372199,0,0,0,0,0,0,0.7040051929426839
1366637400,12.967505,13.790003,12.6405,12.7405,13.10031291058331,12.995406777188084,13.034005476586106,12.315377286847799,1,0,0,0,0,0,0.7358264648753494
1367242200,12.745,12.9625,12.2875,12.902503,13.064347472295436,12.986558798408266,12.990171317724071,12.338401824618472,0,1,0,0,0,0,0.731481717384253
1367847000,12.904504,13.182495,12.645505,13.181494,13.085646840968993,13.005124055702717,13.05394554514938,12.371464262868729,0,0,0,0,0,0,0.7175894518568063
1368451800,13.138501,13.498999,13.1,13.494995,13.160073778974631,13.051778431350078,13.200962030099587,12.415524291775837,0,0,0,0,0,0,0.6948329910098916
1369056600,13.45,13.589502,12.917005,13.087,13.14678763734288,13.055132866459594,13.162974686733058,12.441856672490509,0,0,0,0,0,0,0.6932375630806137
1369747800,13.323999,13.595496,13.2422,13.459998,13.203734976007812,13.0936914506063,13.26198245782204,12.481783783373235,0,0,0,0,0,0,0.6800417371462842
1370266200,13.447998,14.005005,13.147498,13.843506,13.320056980370028,13.165102360072368,13.455823638548026,12.5351846546135,0,0,0,0,0,0,0.6927178273501211
1370871000,13.833997,14.123499,13.514502,13.699499,13.389046438484568,13.215997278160714,13.537048759032016,12.580844040707088,0,0,0,0,0,0,0.6867377682536839
1371475800,13.817505,14.167005,13.489502,13.668006,13.439766358760101,13.259045727859693,13.580701172688011,12.623477843032301,0,0,0,0,0,0,0.6860781419498494
1372080600,13.564502,14.009998,13.25,13.884497,13.520626475349173,13.31861251568258,13.681966448458674,12.672929574678093,0,1,0,0,0,0,0.6913581318105744
1372685400,13.95,14.329004,13.857996,14.293994,13.661238752558415,13.411505990379476,13.885975632305783,12.736500728612286,0,0,0,0,0,0,0.6756188366812477
1373290200,14.320996,15.377503,14.306994,15.377503,13.973286797547795,13.598743800819527,14.383151421537189,12.840069445137296,0,0,0,0,0,0,0.7047538483468729
1373895000,15.363501,15.469495,15.093506,15.261499,14.20750719799365,13.757101438836715,14.67593394769146,12.935027466896617,0,0,0,0,0,0,0.6812706448935248
1374499800,15.4625,15.681006,14.777503,15.600501,14.46077879835844,13.932663301804647,14.98412296512764,13.039555840743809,1,0,0,0,0,0,0.6971443845439874
1375104600,15.553504,15.65,14.945252,15.210498,14.597091380475087,14.054361844489918,15.059581310085093,13.124690827381306,0,0,0,0,0,0,0.6976874999337026
1375709400,15.169995,15.181006,14.627503,14.863001,14.64543858402507,14.13137509739564,14.994054540056728,13.19285985375851,0,0,0,0,0,0,0.6894951785098666
1376314200,14.789502,14.954004,14.225,14.241004,14.57190502329324,14.141815945262723,14.743037693371152,13.23396354576798,0,0,0,0,0,0,0.6923172371877333
1376919000,14.259497,14.575,14.173999,14.500501,14.55892247360356,14.175976426666272,14.662192128914102,13.283631681228059,0,0,0,0,0,0,0.6715089345314665
1377523800,14.521497,14.55249,13.966504,14.048999,14.46620911476655,14.163883338412342,14.457794419276068,13.313646085885782,0,1,0,0,0,0,0.6654001534935047
1378215000,14.236499,14.943994,14.208496,14.793006,14.525626730263541,14.22379978237307,14.569531612850712,13.37166020016477,0,0,0,0,0,0,0.6817997853868257
1378733400,14.860999,15.1,14.810047,14.895996,14.592966597488353,14.287818469766112,14.678353075233808,13.431438074668113,0,0,0,0,0,0,0.655027943573481
1379338200,14.991004,16.028504,14.763001,15.817005,14.815519034308652,14.433455282169339,15.057903716822539,13.524989718798775,0,0,0,0,0,0,0.698633304746804
1379943000,15.700501,15.968506,15.43855,15.800501,14.994606664434352,14.563650112438927,15.30543614454836,13.61422545531647,0,0,0,0,0,0,0.6865849258363179
1380547800,15.670496,16.145996,15.553003,15.952002,15.168678543628106,14.695874101730457,15.520958096365574,13.705902966872687,0,0,0,0,0,0,0.6798997882765809
1381152600,15.761999,15.766992,14.825122,15.544446,15.236999899332087,14.776690472994224,15.52878739757705,13.778002693661993,0,1,0,0,0,0,0.7118269462568252
1381757400,15.460998,16.594495,15.261999,16.446546,15.456917372180799,14.935724332709059,15.834706931718033,13.882651450773286,0,0,0,0,0,0,0.7561604500956233
1382362200,16.494494,18.419995,16.190002,18.169495,15.950113304511563,15.243702491498672,16.612969621145357,14.050762962507667,1,0,0,0,0,0,0.8614342036602217
1382967000,17.996,18.3,17.805,17.9501,16.313747249145823,15.501454635165464,17.058679747430237,14.203678140448543,0,0,0,0,0,0,0.835260331970206
1383575400,18.006,18.1435,17.094,17.5155,16.532247749301128,15.69326847943542,17.21095316495349,14.333553507489777,0,0,0,0,0,0,0.8505631654009055
1384180200,17.5295,18.645,17.284,18.4585,16.882475431246377,15.956623862346332,17.626802109968995,14.495316115039197,0,0,0,0,0,0,0.8870229393008409
1384785000,18.514,18.725,18.0225,18.6155,17.1975708073834,16.20985016117049,17.956368073312664,14.656891953665111,0,0,0,0,0,0,0.8738427293507808
1385389800,18.691,19.704995,18.659,19.681,17.649103387859146,16.540435860106633,18.531245382208443,14.85391579861942,0,0,0,0,0,0,0.889246462968582
1385994600,19.95,19.95,19.06855,19.3475,17.957902771884754,16.80777530200124,18.80333025480563,15.030134786908855,0,0,0,0,0,0,0.8886895727565405
1386599400,19.4055,19.471,18.975,19.212,18.18592044972389,17.036749082763027,18.939553503203754,15.194129501147723,0,0,0,0,0,0,0.8606403175596447
1387204200,19.2515,20.236,19.155,20.11,18.53575309522864,17.329439646309407,19.329702335469168,15.386908736396832,0,0,0,0,0,0,0.8763802948768129
1387809000,20.1845,20.2815,19.8125,19.904,18.784525259732522,17.574635870470416,19.52113489031278,15.564049570263622,0,0,0,0,0,0,0.8472817023856122
1388413800,19.9705,20.1355,19.6225,19.822,18.973157030690246,17.788670549473235,19.62142326020852,15.731028018488578,0,0,0,0,0,0,0.8234044379294971
1389018600,19.7925,20.3445,19.421,19.883,19.1385830251102,17.98813049714245,19.70861550680568,15.893850449136085,0,0,0,0,0,0,0.8305541209345331
1389623400,19.899,20.1745,19.4225,19.9805,19.291658838726526,18.177879973605073,19.799243671203786,16.05411121583663,0,0,0,0,0,0,0.8249431122963521
1390314600,20.15,20.403,19.3635,19.38,19.307720868048975,18.292367595166496,19.659495780802523,16.184538226980294,1,0,0,0,0,0,0.840268604275184
1390833000,19.525,20.3125,17.888,17.9345,19.058044346585525,18.258284967055403,19.08449718720168,16.25316417886342,0,0,0,0,0,0,0.9534279896840994
1391437800,17.949,18.09,16.8865,18.054,18.87549082902452,18.23882925590727,18.74099812480112,16.32378519145701,0,1,0,0,0,0,0.971290276135235
1392042600,18.0805,18.25,17.316,17.8675,18.69221976920188,18.203464564868483,18.449832083200747,16.384323027086147,0,0,0,0,0,0,0.9686266849827183
1392733800,17.764,17.7865,17.219,17.338,18.445997992983358,18.12103936821434,18.079221388800498,16.421722124063162,0,0,0,0,0,0,0.9457604931982384
1393252200,17.2595,18.29325,17.1645,18.105,18.383998357895475,18.119511809336785,18.087814259200332,16.487733021158725,0,1,0,0,0,0,0.9588311722555071
1393857000,17.93675,18.7665,17.724,18.603,18.423816838278118,18.165558303685664,18.25954283946689,16.570684667387795,0,0,0,0,0,0,0.9648075170943995
1394458200,18.6345,19.1555,18.1805,18.687,18.47166832222755,18.215219417620364,18.40202855964459,16.653677425529448,1,0,0,0,0,0,0.9655355515876567
1395063000,18.786,18.95,17.92,18.031,18.391546809095267,18.19767471118033,18.278352373096393,16.707690075508687,0,0,0,0,0,0,0.9701401550456811
1395667800,18.0045,18.075,16.544,16.9145,18.122992843805218,18.07546759582982,17.823734915397594,16.715800268625994,0,0,0,0,0,0,1.010201572542418
1396272600,17.12,17.41475,15.7805,16.15,17.764266872204267,17.892089729560315,17.26582327693173,16.693612022797524,0,0,0,0,0,0,1.0547764602179597
1396877400,16.0495,16.609,15.475,15.5865,17.36830925907622,17.672509755316476,16.706048851287818,16.650195865040757,0,0,0,0,0,0,1.0604352844881055
1397482200,15.8835,16.433,15.275,16.2455,17.16416212106236,17.536604064333954,16.552532567525212,16.634325438960726,0,0,0,0,0,0,1.067404192738955
1398087000,16.1985,16.875,15.1355,15.1915,16.805496280869203,17.313260820111672,16.09885504501681,16.57774404919756,1,0,0,0,0,0,1.1154110361147438
1398691800,15.2,15.6645,14.4,15.4005,16.550042411620257,17.13109312295818,15.866070030011205,16.531577615895692,0,0,0,0,0,0,1.1260602478208335
1399296600,15.3185,15.5115,14.219,14.612,16.197671064052937,16.89117949220026,15.448046686674136,16.456300062331156,0,1,0,0,0,0,1.1379488015479169
1399901400,14.715,15.28,14.519,14.885,15.959003597861495,16.700114778657376,15.260364457782757,16.39468045204366,0,0,0,0,0,0,1.1110238871516371
1400506200,14.788,15.6175,14.6905,15.612,15.89591203461395,16.596484799737627,15.377576305188505,16.363987100983124,0,0,0,0,0,0,1.097879323783663
1401197400,15.7205,15.7435,15.369,15.6275,15.847109846502322,16.504200533095947,15.460884203459003,16.335105253885747,0,0,0,0,0,0,1.04620937208483
1401715800,15.6295,16.544,15.192,16.4835,15.962817147138264,16.502229053753474,15.801756135639335,16.34092465569415,0,0,0,0,0,0,1.0680515597930564
1402320600,16.5785,17.035995,16.17631,16.3135,16.0265776658404,16.484254858157904,15.972337423759557,16.33984917900026,1,0,0,0,0,0,1.0531682340935524
1402925400,16.243,16.945,16.021,16.21,16.059927181142147,16.45813534785715,16.05155828250637,16.334757054333583,0,0,0,0,0,0,1.0439419316582987
1403530200,16.1665,16.4865,16.0705,16.2285,16.090576784570846,16.436265314727898,16.110538855004247,16.330590111026382,0,0,0,0,0,0,0.9990889365398489
1404135000,16.249,16.915,16.112,16.8746,16.23312646010342,16.47801147523,16.365225903336164,16.3519238321626,0,0,0,0,0,0,0.9850825839298597
1404739800,16.875,17.35,16.07,17.31,16.428921649175525,16.55724847758905,16.68015060222411,16.389495446587595,0,0,0,0,0,0,1.0061481136491555
1405344600,17.3515,17.984,17.2678,17.933,16.70239044023452,16.688272432104377,17.097767068149405,16.450025036917495,0,0,0,0,0,0,0.9854375341027872
1405949400,17.905,18.2425,15.738,16.2005,16.611137632919153,16.641817914761102,16.798678045432936,16.4402397413521,1,0,0,0,0,0,1.0939419959525882
1406554200,16.2125,16.241,15.2294,15.353,16.38238533602476,16.519073351450523,16.316785363621957,16.397602888750058,0,1,0,0,0,0,1.0880604248131176
1407159000,15.442,15.866,15.425,15.84,16.283769820383895,16.454399698931425,16.157856909081303,16.375736108799074,0,0,0,0,0,0,1.0469846801836094
1407763800,15.924,16.75,15.844,16.6815,16.356084398495913,16.476028299033196,16.3324046060542,16.387726849630482,0,0,0,0,0,0,1.0372000601704945
1408368600,16.774,16.89,16.54,16.5795,16.3967054169512,16.48588274674432,16.41476973736947,16.395247365331247,0,0,0,0,0,0,0.9881143415868878
1408973400,16.6605,17.3335,16.6355,16.952,16.49766806841462,16.530274866102005,16.593846491579647,16.417080801984923,0,0,0,0,0,0,0.9713918886163959
1409664600,16.999,17.469,16.857935,17.319,16.647001146884687,16.60539154552086,16.835564327719766,16.45245018229924,1,0,0,0,0,0,0.9456542537152248
1410183000,17.227,17.2905,16.3195,16.5595,16.631091847451106,16.60102092213792,16.74354288514651,16.456648214365938,0,0,0,0,0,0,0.9495003784498515
1410787800,16.5455,16.637795,15.95,16.566,16.61925696609636,16.59768559622002,16.684361923431005,16.46093651968492,0,0,0,0,0,0,0.930807137132005
1411392600,16.4245,16.4745,15.882,16.1605,16.535846608624293,16.556048872770496,16.509741282287337,16.44915469538355,0,0,0,0,0,0,0.9131780559082904
1411997400,16.025,16.258,15.5655,16.137,16.463329043419876,16.516139456316164,16.385494188191558,16.436913334780275,0,0,0,0,0,0,0.8974153376291267
1412602200,16.175,16.2065,15.569,15.5695,16.30081467188899,16.425983317619387,16.11349612546104,16.402897125573205,0,0,0,0,0,0,0.8788499563699032
1413207000,15.4935,15.66,14.6915,15.182,16.097393822454627,16.30750871594135,15.802997416974026,16.355018806923276,0,0,0,0,0,0,0.8852535309149101
1413811800,15.1475,15.949,14.2,14.353,15.780231309281058,16.12136502870884,15.31966494464935,16.276508265475304,0,1,0,0,0,0,0.9469497072781309
1414416600,14.285,15.286,14.251,15.273,15.68800743486632,16.040568359307997,15.304109963099567,16.237155000162545,0,0,0,0,0,0,0.9532390139011216
1415025000,15.312,15.4005,14.6145,14.993,15.561642446708808,15.940799944135806,15.200406642066378,16.188364607999308,0,0,0,0,0,0,0.9412933700510415
1415629800,15,16.644,15,16.391,15.712434729125388,15.983676139932395,15.597271094710917,16.19631109396012,0,0,0,0,0,0,0.9919867007616813
1416234600,16.322,16.9165,15.9015,16.6315,15.879537505648043,16.045373650415023,15.942014063140611,16.213377325569528,0,0,0,0,0,0,0.9936305078501325
1416839400,16.739,17.063,16.564,16.932,16.070894322802943,16.1298142551374,16.272009375427075,16.241558606919742,1,0,0,0,0,0,0.9582997572894086
1417444200,16.906,17.032,15.542,15.6315,15.991004445929681,16.082355754648123,16.058506250284715,16.217634739981712,0,0,0,0,0,0,0.9962783460544509
1418049000,15.5785,15.828,15.057,15.366,15.877367273942466,16.014131397062588,15.827670833523143,16.184237299198116,0,0,0,0,0,0,0.9801870356219899
1418653800,15.4435,15.543,14.6515,14.995,15.716936860498382,15.917071264009008,15.550113889015428,16.13760054236682,0,1,0,0,0,0,0.9738522473632764
1419258600,15.097,15.538995,15.097,15.4545,15.669221067680494,15.873016857912912,15.518242592676952,16.110812285803416,0,0,0,0,0,0,0.9431481582658996
1419863400,15.3925,15.7375,15.329,15.426,15.62499905537495,15.830443823825968,15.487495061784635,16.08395690204642,1,0,0,0,0,0,0.9049590041040496
1420468200,15.3505,15.419,14.619,14.8465,15.483453772579505,15.736734888223495,15.273830041189758,16.035429180397543,0,0,0,0,0,0,0.8979619323823318
1421073000,14.878,15.07488,14.2625,14.537,15.31137126847414,15.622474422678401,15.028220027459838,15.976667251754503,0,1,0,0,0,0,0.8918489372121653
1421764200,14.6295,15.8465,14.3195,15.6195,15.367394674206114,15.622191144328077,15.225313351639892,15.962660692862169,0,0,0,0,0,0,0.9372168702684393
1422282600,15.591,17.975,14.9665,17.7265,15.796322915259548,15.822601511534927,16.059042234426595,16.031830861769535,0,0,0,0,0,0,1.0851656652492652
1422887400,17.5025,18.94,17.5005,18.714,16.32680965793963,16.09797279615065,16.944028156284396,16.137013965229553,0,0,0,0,0,0,1.1104752605886035
1423492200,18.55,19.15,18.36,19.0915,16.829480629223333,16.383070625088685,17.659852104189596,16.25287616267153,0,0,0,0,0,0,1.0875841705465603
1424183400,18.886,19.185,18.6335,19.183,17.25739324209182,16.64973056555643,18.16756806945973,16.367782979821666,0,0,0,0,0,0,1.0492924440789486
1424701800,19.172,19.4685,18.808,19.008,17.575685379893308,16.874327654551053,18.447712046306485,16.4713209021816,1,0,0,0,0,0,1.0215215552161665
1425306600,19.0425,19.42091,18.944,19.0045,17.835469856276344,17.077201211260476,18.63330803087099,16.57066125895879,0,0,0,0,0,0,0.9826207298435833
1425907800,18.92,18.9665,18.313,18.529,17.96156624604428,17.215467762569002,18.598538687247327,16.64745885664668,0,0,0,0,0,0,0.9618263919976132
1426512600,18.519,18.9685,18.335,18.9245,18.136645110399865,17.37823273756243,18.707192458164883,16.736754587758575,0,0,0,0,0,0,0.9383745068549264
1427117400,18.9035,19.0885,18.2825,18.528,18.207800544872615,17.487734381604103,18.647461638776587,16.806999505885692,0,1,0,0,0,0,0.9289191849367174
1427722200,18.5935,18.885,18.417,18.6125,18.281382263986686,17.594854916689425,18.63580775918439,16.87780344683135,0,0,0,0,0,0,0.8959963860126662
1428327000,18.505,19.356,18.468,19.1325,18.436130943261833,17.741297305576147,18.801371839456262,16.96622291950463,0,0,0,0,0,0,0.8954252155831901
1428931800,19.1765,19.3905,18.72,18.778,18.498288953577863,17.840030895521277,18.793581226304173,17.037273001092686,0,0,0,0,0,0,0.8793591287558195
1429536600,18.9275,22.6325,18.85,22.255,19.181327325654614,18.26050414356687,19.947387484202782,17.241889746147873,1,0,0,0,0,0,1.0918691909875469
1430141400,22.193,22.3495,20.8,21.1435,19.538085993717413,18.535075177512883,20.346091656135187,17.39489406982835,0,0,0,0,0,0,1.1245571059170076
1430746200,21.24,21.76,20.7275,21.6845,19.92834308576879,18.83502039870213,20.792227770756792,17.563113910227237,0,0,0,0,0,0,1.1179815983515071
1431351000,21.6255,21.95,21.215,21.3,20.177735251992647,19.0697803607305,20.96148518050453,17.709658462767347,0,0,0,0,0,0,1.090625769897828
1431955800,21.3,21.845,20.918,21.3815,20.396601569812166,19.289944135899024,21.10149012033635,17.853652248541177,0,0,0,0,0,0,1.0789382149051259
1432647000,21.31,21.625,21.1,21.4615,20.590219466209955,19.496758980099116,21.221493413557567,17.995136474088582,0,0,0,0,0,0,1.0393711995547597
1433165400,21.52,21.9195,21.31,21.3475,20.727906835989963,19.673020029613486,21.26349560903838,18.126601710398834,0,0,0,0,0,0,1.008666113872277
1433770200,21.281,21.9445,20.957,21.496,20.867560138537243,19.846637169650297,21.340997072692254,18.258734976657703,0,1,0,0,0,0,1.007154248595686
1434375000,21.383,22.2495,21.132,21.746,21.027276476985016,20.02752886777884,21.475998048461502,18.395490467769164,0,0,0,0,0,0,1.0150360879817082
1434979800,21.85,22.352,21.6845,21.905,21.18686257207865,20.206335642276095,21.618998698974334,18.53311829256253,1,0,0,0,0,0,0.9902120816973005
1435584600,21.749,22,21.45,21.8855,21.31388755897344,20.36625605729742,21.70783246598289,18.664584241873804,0,0,0,0,0,0,0.9587683615760648
1436189400,21.7615,22.236,21.2785,22.1755,21.470544366432815,20.538565004221475,21.863721643988594,18.802267212780713,0,1,0,0,0,0,0.9586777643206316
1436794200,22.4145,24.271,22.377,24.1505,21.957809027081396,20.882558813343238,22.625981095992397,19.01200183188735,0,0,0,0,0,0,1.0398793525834438
1437399000,24.6285,29.0285,23.785,26.471,22.77838920397569,21.414791307310548,23.907654063994933,19.3045115639702,1,0,0,0,0,0,1.340137970256055
1438003800,26.3875,27.2475,26.156,26.8075,23.510954803252837,21.92838261137621,24.874269375996622,19.598746404598817,0,0,0,0,0,0,1.3223781152377652
1438608600,26.8725,27.137,25.9105,26.131,23.987326657206868,22.32863188648324,25.29317958399775,19.854913212261607,0,0,0,0,0,0,1.3155296784350679
1439213400,26.426,26.733,25.653,26.576,24.45799453771471,22.7331431353896,25.72078638933183,20.11848524315331,0,0,0,0,0,0,1.2987061299754203
1439818200,26.5645,26.9745,24.7235,24.7235,24.50626825813022,22.92270093201916,25.38835759288789,20.299074057147298,0,0,0,0,0,0,1.3667271206914615
1440423000,23.179,26.1345,22.55,25.9005,24.75976493847018,23.20630084325543,25.559071728591928,20.51873781961211,0,1,0,0,0,0,1.5251394692134999
1441027800,25.822,25.9705,24.6715,24.95,24.794353131475603,23.372367429612055,25.356047819061285,20.6925128070783,0,0,0,0,0,0,1.5089866499839641
1441719000,25.4345,26.4975,25.42572,26.472,25.099379834843674,23.667570531553764,25.72803187937419,20.919159363663468,0,0,0,0,0,0,1.5117376035565382
1442237400,26.472,27.3485,25.86,27.013,25.447310773963007,23.98618286188198,26.15635458624946,21.1581335062649,0,0,0,0,0,0,1.5100777747310714
1442842200,27.2165,27.489,26.07,26.2125,25.586436087787916,24.198213065512267,26.175069724166306,21.35634395699961,0,0,0,0,0,0,1.5035722193931378
1443447000,26.001,26.63,24.525,26.627,25.775629526371933,24.42952610689205,26.325713149444205,21.56303635084276,0,1,0,0,0,0,1.5465313465793424
1444051800,26.8495,27.575,25.9945,26.99,25.996424157940673,24.67338076337852,26.54714209962947,21.77585845473128,0,0,0,0,0,0,1.5489576789665322
1444656600,26.998,28.547,26.984,28.538,26.458528856496915,25.04143973829485,27.21076139975298,22.041040476114368,0,0,0,0,0,0,1.5499607018974941
1445261400,28.538,30.9725,27.626,29.9515,27.093614518952023,25.509064525123915,28.124340933168654,22.351254575090277,0,0,0,0,0,0,1.6782849374762443
1445866200,30.115,31.536,29.8145,31.295,27.857502788233475,26.060105998921635,29.1812272887791,22.70198968979262,0,0,0,0,0,0,1.6813717276565128
1446474600,31.3565,33.113,31.0205,32.9685,28.78677500855466,26.71804828473862,30.443651525852733,23.104597937251732,0,0,0,0,0,0,1.7107380328239048
1447079400,32.9325,33.798,32.0225,32.1175,29.39236137063563,27.23228178143018,31.001601017235156,23.458045076967352,0,0,0,0,0,0,1.7153638876221975
1447684200,32.046,33.643,31.1145,33.4225,30.12511384870188,27.821826373674927,31.808567344823437,23.848808015125496,0,0,0,0,0,0,1.7734450385063263
1448289000,33.575,34.1385,33.060625,33.663,30.768365876210627,28.378128623801125,32.426711563215626,24.233678289042142,0,0,0,0,0,0,1.723761464327303
1448893800,33.795,34.241,33.07,33.632,31.289026625990513,28.878497326296255,32.828474375477086,24.60223992476598,1,0,0,0,0,0,1.6842785025896383
1449498600,33.737,33.9995,31.981,32.0075,31.419658148537692,29.176497580934708,32.554816250318055,24.89264228065751,0,0,0,0,0,0,1.708151466690378
1450103400,32.0875,34.125,31.7635,33.207,31.744629394258112,29.560354954179022,32.77221083354537,25.218695524553294,0,1,0,0,0,0,1.7548192190696368
1450708200,33.425,33.495,32.8315,33.1395,31.998242231665728,29.901225910923877,32.89464055569692,25.529315307904145,0,0,0,0,0,0,1.6768678462789484
1451313000,33.278,34.822,33.275,33.7945,32.32483455318105,30.272013919407318,33.19459370379794,25.853440197790256,1,0,0,0,0,0,1.6772701429733095
1451917800,32.8145,32.88575,30.2605,30.3525,31.966228270784494,30.279679260416145,32.2472291358653,26.02987391552397,0,0,0,0,0,0,1.8098937041895016
1452522600,30.624,31.2995,28.265,28.509,31.33764131246004,30.111043140376513,31.00115275724353,26.127094546287736,0,0,0,0,0,0,1.8973655824616797
1453213800,28.8545,30.005,27.359,29.819,31.06152471019458,30.0832295079597,30.607101838162354,26.27187515231567,0,0,0,0,0,0,1.9508394694287023
1453732200,29.8995,31.903,28.5,29.35,30.75033839925011,30.013398126249253,30.188067892108236,26.39258593065623,1,0,0,0,0,0,2.0545652216123664
1454337000,28.9075,29.09,24.9595,25.1065,29.72418596302282,29.546074495177894,28.494211928072158,26.342151188277555,0,0,0,0,0,0,2.221417705782912
1454941800,24.3235,25.8375,23.7,25.354,28.92960669701867,29.146829305160953,27.44747461871477,26.303400161286277,0,1,0,0,0,0,2.2154235839412753
1455633000,25.974,27.06,25.583,26.745,28.532405479378912,28.918083657050385,27.213316412476516,26.320717802020148,0,0,0,0,0,0,2.179036185088327
1456151400,27.11,28.125,26.657505,27.7615,28.392240846764565,28.807932832569396,27.396044274984344,26.377219064686024,0,0,0,0,0,0,2.128211814724875
1456756200,27.7,29.25,27.6255,28.757,28.45856069280737,28.803082086610406,27.849696183322898,26.470543807247356,1,0,0,0,0,0,2.092232399387384
1457361000,28.677,28.6815,27.395,28.4805,28.462549657751484,28.7723599831237,28.059964122215266,26.54936561872785,0,0,0,0,0,0,2.0400729422882855
1457962200,28.35,29.076,27.3045,27.604,28.306449719978488,28.661087603778586,27.907976081476843,26.590723829758133,0,0,0,0,0,0,2.020889160696265
1458567000,27.4455,29.1775,26.929,29.1475,28.459367952709673,28.70741259389491,28.321150720984562,26.690989561924482,0,1,0,0,0,0,2.037147077789389
1459171800,29.22,30.162,28.778,29.925,28.72584650676246,28.823373299238252,28.855767147323043,26.817813500672543,0,0,0,0,0,0,1.9904937150901472
1459776600,29.95,30.1195,29.2625,29.73,28.908419869169283,28.9097186993108,29.147178098215363,26.93201689280303,0,0,0,0,0,0,1.9095298782979937
1460381400,29.807,31.3385,29.6155,31.2945,29.342252620229413,29.136840727947867,29.862952065476907,27.103094661712717,0,0,0,0,0,0,1.8962063155624225
1460986200,31.2675,31.9005,30.578,31.025,29.64820668927861,29.31666542052426,30.250301376984606,27.256894871057316,0,0,0,0,0,0,1.8552272930222495
1461591000,30.8305,33.499,29.96,32.9795,30.253896382137043,29.66550680904576,31.160034251323072,27.481310758466833,0,0,0,0,0,0,1.975496772092089
1462195800,33.196,34.275,32.8,33.6975,30.880006130839398,30.049506160565212,32.005856167548714,27.72508288558578,0,0,0,0,0,0,1.93974700265694
1462800600,33.6975,36.1225,33.5705,35.496,31.719277743414054,30.568219859559,33.16923744503248,28.029824733209868,1,0,0,0,0,0,1.9834793596100155
1463405400,35.5065,35.7235,34.438,35.14,32.341227244611495,31.003627491981952,33.82615829668832,28.30865513582909,0,0,0,0,0,0,1.9336236910664428
1464010200,35.2125,35.83,34.821,35.612,32.93591320013668,31.442520111793193,34.42143886445888,28.595060816776968,0,0,0,0,0,0,1.8675791417045542
1464701400,35.6165,36.414,35.566,36.277,33.543383527384556,31.90294676781289,35.039959242972586,28.896313333766106,0,0,0,0,0,0,1.7947520601542288
1465219800,36.325,36.575,35.7105,35.8955,33.97104106786009,32.28318993278309,35.32513949531506,29.170791242245866,1,0,0,0,0,0,1.7283054844289267
1465824600,35.7005,36.128,34.959,35.3195,34.21621541915826,32.57236232013708,35.32325966354337,29.41191707588328,0,0,0,0,0,0,1.688355092684003
1466429400,35.675,36.106,34.61,34.948,34.34926716112948,32.79861352774307,35.198173109028914,29.629018367025115,0,0,0,0,0,0,1.6746154432065743
1467034200,34.6005,36.4,34.10575,36.284,34.70103676819685,33.13055509652945,35.56011540601928,29.889998038906484,0,1,0,0,0,0,1.7188750544061047
1467725400,36.14,37.305,35.9805,37.2905,35.17184826488833,33.526740325431405,36.13691027067952,30.180213802086623,0,0,0,0,0,0,1.6907054076628114
1468243800,37.5,37.867,36.7025,36.772,35.462784943999544,33.835812675390315,36.34860684711968,30.43871522161264,0,0,0,0,0,0,1.6531193071154675
1468848600,36.7745,37.564,36.436,37.243,35.7864604087269,34.160306706305526,36.64673789807979,30.7055499188043,0,0,0,0,0,0,1.6156107851786483
1469453400,37.3275,38.3,36.637625,37.9405,36.178103970776554,34.52032511522881,37.077991932053195,30.989273451400212,0,0,0,0,0,0,1.6189510862373162
1470058200,37.9935,38.525,37.5175,38.299,36.56372143063536,34.88019891377844,37.4849946213688,31.275929394482556,0,0,0,0,0,0,1.5752760086489366
1470663000,38.3405,38.6875,38.05075,38.628,36.93904480688348,35.237132350561446,37.86599641424586,31.564245888816576,1,0,0,0,0,0,1.5082384366025838
1471267800,38.595,38.602,37.8445,37.8655,37.10749120563194,35.4874530790794,37.86583094283058,31.811353893176708,0,0,0,0,0,0,1.4564714054166852
1471872600,37.875,38.5,37.605,38.45,37.35158371369886,35.769600404881366,38.06055396188705,32.07169295618939,0,1,0,0,0,0,1.4163663050297792
1472477400,38.436,38.8,38.2,38.622,37.582568493026336,36.04125750917838,38.24770264125804,32.328567742221175,0,0,0,0,0,0,1.3580544260990803
1473168600,38.702,39.5395,38.0055,38.007,37.65973785793064,36.22847107973282,38.167468427505355,32.55125136017328,0,0,0,0,0,0,1.370621967092003
1473687000,37.8675,39.023,37.8,38.926,37.88996733830688,36.485378595948745,38.42031228500357,32.80124150291159,0,1,0,0,0,0,1.360077540871146
1474291800,38.9985,40.3875,38.55,40.2875,38.32588236770563,36.84748539633458,39.04270819000238,33.09482026750329,0,0,0,0,0,0,1.3941791450946361
1474896600,40.09,41.9975,39.85725,41.8655,38.96944920994097,37.32539154906462,39.98363879333492,33.43876849230708,0,0,0,0,0,0,1.4474699204450194
1475501400,41.8,42.3605,41.513,41.9715,39.51527662631534,37.76787806820132,40.64625919555661,33.77338541417739,1,0,0,0,0,0,1.4046149261275183
1476106200,42.1625,42.26,41.0605,41.148,39.81213542153073,38.08979444265834,40.813506130371074,34.06258598617043,0,0,0,0,0,0,1.3899638599755526
1476711000,41.075,41.163,40.155,40.9495,40.018928981252415,38.36214735288135,40.85883742024738,34.3326610455363,0,0,0,0,0,0,1.3626807271201555
1477315800,41.2475,42.1545,38.7305,38.816,39.8002146210247,38.4053714145117,40.177891613498254,34.508478259436835,0,0,0,0,0,0,1.5099178180401442
1477920600,39.0515,40.042,37.661505,37.7525,39.427902871747484,38.3431931845582,39.36942774233217,34.63569479828245,0,0,0,0,0,0,1.5721019024658485
1478529000,38.582,39.586995,35.885,36.9505,38.977465985975215,38.2105557384098,38.563118494888116,34.72647147285961,0,0,0,0,0,0,1.724237123718288
1479133800,37.2755,38.387,35.505,38.008,38.80119944307063,38.19126471570411,38.37807899659208,34.8551588660808,0,1,0,0,0,0,1.8069344720241245
1479738600,38.3,39.62,38.2555,39.0185,38.84070863523961,38.27004902849419,38.59155266439472,35.01842714584234,1,0,0,0,0,0,1.7930105811652581
1480343400,38.8495,38.85,36.835,37.017,38.509125247014225,38.15071102578046,38.066701776263145,35.096802551887734,0,0,0,0,0,0,1.8209026825105972
1480948200,37.25,38.6895,37.1,38.433,38.495284293011636,38.17759568999185,38.18880118417543,35.22763382436273,0,0,0,0,0,0,1.8103024909026975
1481553000,38.32,39.123,37.7,37.8885,38.38495987610043,38.15006276713548,38.088700789450286,35.33198151752497,1,0,0,0,0,0,1.78263802726679
1482157800,37.9445,38.7195,37.808,38.0295,38.320330807718534,38.13858059883686,38.06896719296686,35.437766556053404,0,0,0,0,0,0,1.7204138824620192
1482849000,38.17,39,37.414,37.4935,38.169997933587894,38.077144351328585,37.87714479531124,35.51838355385523,0,0,0,0,0,0,1.7108128908575893
1483453800,37.896,39.972,37.385,39.7995,38.46627103657191,38.24117822263062,38.51792986354083,35.686270473311886,0,1,0,0,0,0,1.7733976843677617
1483972200,39.9,41.0825,39.4755,40.857,38.90094902992247,38.49030410618961,39.29761990902722,35.88904418024083,0,0,0,0,0,0,1.7615121354843506
1484663400,40.785,40.801,40.172,40.4165,39.17650375175475,38.673751334171556,39.67057993935148,36.06659146729021,0,0,0,0,0,0,1.684618411521183
1485181800,40.34,42.192,40.254,41.7885,39.65141216052661,38.970394064250456,40.37655329290099,36.2909800372004,1,0,0,0,0,0,1.7027170964125273
1485786600,41.65,42.1245,40.2,40.51,39.80751904043086,39.117023200988505,40.421035528600655,36.45643180044744,0,0,0,0,0,0,1.7185587323830607
1486391400,40.49,41.4,40.15,41.373,40.0921519421707,39.33187813422769,40.7383570190671,36.64923839650832,0,1,0,0,0,0,1.6850902514985562
1486996200,41.581,42.3635,41.4275,42.2535,40.48512431632148,39.61012783572982,41.24340467937807,36.869013361351136,0,0,0,0,0,0,1.6354766621058023
1487687400,42.442,43.043,41.887505,42.262,40.80819262244485,39.86268708946984,41.58293645291871,37.08050303345502,1,0,0,0,0,0,1.6011922576696738
1488205800,42.119,42.7415,41.9835,42.494,41.114703054727606,40.11328831904414,41.88662430194581,37.292797032143056,0,0,0,0,0,0,1.5409642392646974
1488810600,42.2615,42.8675,42.056,42.623,41.38893886295895,40.352308479135175,42.132082867963874,37.501824599509995,0,0,0,0,0,0,1.4888596507457907
1489411800,42.5885,42.7845,42.3555,42.6155,41.611949978784594,40.567850528741346,42.29322191197591,37.70236088972529,0,0,0,0,0,0,1.4131553899782343
1490016600,42.5755,43.13975,41.9525,42.2805,41.73350452809649,40.73096000219455,42.28898127465061,37.88189575679489,0,0,0,0,0,0,1.3970192906940748
1490621400,41.9035,44.5175,41.675,44.327,42.205049159351674,41.073440001985546,42.968320849767075,38.134644942802936,0,1,0,0,0,0,1.5002679127873553
1491226200,44.4,46.186,44.271,44.744,42.6666765849241,41.42301714465359,43.56021389984472,38.39383533720282,1,0,0,0,0,0,1.529891633302544
1491831000,44.9815,45.562,44.2245,44.2335,42.95155356948335,41.690682178496104,43.78464259989648,38.62284179456742,0,0,0,0,0,0,1.5161493737809337
1492435800,44.375,45.525,44.375,44.9265,43.3106347386682,41.99885530435362,44.165261733264316,38.87004407713341,0,0,0,0,0,0,1.5001029899394385
1493040600,45.434,47.4795,45.15,46.2495,43.844973877092166,42.40367860870089,44.86000782217621,39.159434505481116,0,0,0,0,0,0,1.5753099192294788
1493645400,46.39,47.72,46.39,46.7075,44.36543317216632,42.81356636025319,45.47583854811747,39.45543707389362,0,0,0,0,0,0,1.5678234964273732
1494250200,47.0475,48.1395,46.9605,48.0675,45.03853623177245,43.31394099261003,46.339725698744985,39.79316503178014,0,0,0,0,0,0,1.558121818111132
1494855000,47.9365,48.503,47.206,47.992,45.57552964417746,43.75947042188526,46.89048379916332,40.11468797171033,0,0,0,0,0,0,1.5394702596746224
1495459800,48.2,49.95,48.145,49.789,46.34161516341792,44.333711334086665,47.85665586610888,40.49407275713346,0,0,0,0,0,0,1.5693652411264354
1496151000,49.8255,50.424,49.108,50.3365,47.0679578609783,44.905405492745075,48.68327057740592,40.8800502960694,0,0,0,0,0,0,1.5512677239031187
1496669400,50.3615,50.825,46.35,48.9155,47.4038746135277,45.28731925534078,48.76068038493728,41.19516597073334,0,1,0,0,0,0,1.7601057436243246
1497274200,48.35,49.9875,47.25,49.3855,47.764170138340845,45.677622183403564,48.96895358995819,41.516355540508506,0,0,0,0,0,0,1.8299196190797298
1497879000,50.85,50.85,49.495,50.187,48.204684658642506,46.10708673736513,49.37496905997212,41.856380813429745,1,0,0,0,0,0,1.803818217716892
1498483800,50.425,50.49,48.2625,48.4,48.24019653888932,46.32545942904464,49.04997937331475,42.11299333055015,0,0,0,0,0,0,1.8340812021656852
1499088600,48.6395,49.0055,47.550005,48.938,48.3670698954549,46.57427281675468,49.012652915543164,42.38064065092073,0,1,0,0,0,0,1.8070393305824217
1499693400,49.25,50.4275,49.175,50.0905,48.68042082355401,46.90915159611138,49.371935277028776,42.68298807637482,0,0,0,0,0,0,1.7843579498265343
1500298200,50.2345,51.7485,50.1905,51.2835,49.15370794654419,47.32575620600553,50.00912351801918,43.020263053771885,0,0,0,0,0,0,1.775332381981782
1500903000,51.417,54.1655,50.05,51.002,49.489761047172514,47.67587466257643,50.34008234534612,43.33327234578083,1,0,0,0,0,0,1.9424872118402265
1501507800,50.9525,50.9525,49.0865,49.379,49.46962267495933,47.838077075664394,50.019721563564076,43.570359704769814,0,0,0,0,0,0,1.940559553851639
1502112600,49.5325,49.814,47.569,48.3995,49.27505491587582,47.89154592560112,49.479647709042716,43.75973775556316,0,0,0,0,0,0,1.9623053000050932
1502717400,48.9205,49.587,47.7325,47.9235,49.02931765844385,47.89458917078197,48.960931806028476,43.923022549462644,0,0,0,0,0,0,1.954604921433301
1503322200,47.8785,48.3965,47.057,47.263,48.70816899327224,47.834437821183684,48.39495453735232,44.054002057326855,0,0,0,0,0,0,1.9106688556166367
1503927000,47.327,49.225,46.8165,48.9125,48.74532008540456,47.93711040964238,48.56746969156821,44.24453138841208,0,1,0,0,0,0,1.9462282230725914
1504618200,48.77,49.0295,48.0185,48.295,48.663443706240095,47.97119513253358,48.476646461045476,44.40337329474886,0,0,0,0,0,0,1.8794262071388346
1505136600,48.723,50,48.711,49.3395,48.78636303237826,48.1015098818161,48.76426430736365,44.59694689103322,1,0,0,0,0,0,1.8669671923432034
1505741400,49.52,49.63961,47.721,47.755,48.59884248103676,48.068508940690755,48.42784287157577,44.720792110992704,0,0,0,0,0,0,1.8706559643186889
1506346200,47.4655,48.2415,46.5875,48.0675,48.502234757211895,48.06841285110116,48.30772858105051,44.85203555762044,0,1,0,0,0,0,1.8551805382959257
1506951000,48.2,49.7875,47.5185,49.479,48.679828437718825,48.20275448432962,48.69815238736701,45.03348514359611,0,0,0,0,0,0,1.884739071274788
1507555800,49.662,50.422,49.00495,50.147,48.94658690358813,48.387920723917276,49.181101591578006,45.23401513796489,0,0,0,0,0,0,1.8513327090408744
1508160600,50.422,51.1155,49.012,49.1455,48.98275292111756,48.46007113116325,49.169234394385334,45.38740670118195,0,0,0,0,0,0,1.8693446583950977
1508765400,49.3365,55.279,48.125,55.0475,50.085434208187095,49.0874453091477,51.128656262923556,45.766233889370895,0,1,0,0,0,0,2.246820039938305
1509370200,54.7505,56.1395,54.343455,55.58,51.08444617033489,49.70578385113363,52.612437508615706,46.15108746233674,0,0,0,0,0,0,2.2146218227998546
1509978600,55.4575,56.777,55.4385,56.2675,52.02681959391037,50.33070919864471,53.83079167241047,46.54780952263726,0,0,0,0,0,0,2.152041692599865
1510583400,56.15,56.995,56.0815,56.494,52.83903421319939,50.91768927496426,54.71852778160698,46.93785620802403,0,0,0,0,0,0,2.063574428842732
1511188200,56.4885,59.342,56.1275,59.3,54.013755265344955,51.71600458211052,56.24568518773798,47.42264616065054,0,0,0,0,0,0,2.1457833982111083
1511793000,60.133,60.6705,57.2595,58.1175,54.75989067164587,52.32567081238571,56.869623458491986,47.842052193566204,1,0,0,0,0,0,2.2361560126246003
1512397800,58.6925,58.76,56.237,58.1,55.367183276801164,52.87560692549183,57.279748972327994,48.244324656563606,0,0,0,0,0,0,2.2566448688657
1513002600,58.23,59.1375,57.85,58.957,56.01987722647368,53.45478721830213,57.83883264821866,48.664429571992486,0,0,0,0,0,0,2.187420235375293
1513607400,59.3685,59.739,58.382,58.418,56.45589954893301,53.927474149892404,58.03188843214578,49.04692252995356,0,0,0,0,0,0,2.1281045042770574
1514298600,58.418,59.505,58.0275,58.4735,56.822735994581556,54.36042899275979,58.17909228809719,49.416592234661266,0,0,0,0,0,0,2.081632753971553
1514903400,58.6,61.457,58.5255,61.457,57.66532945011218,55.036292898211244,59.27172819206479,49.88876508820396,0,0,0,0,0,0,2.146051842973585
1515421800,61.8,65.288,61.6015,65.26,59.04617864100088,56.00997928885779,61.26781879470986,50.491558614156745,0,0,0,0,0,0,2.266405282761186
1516113000,66.15,66.997,64.044,64.729,60.07941888809163,56.840362213728476,62.421545863139904,51.04988964889569,0,0,0,0,0,0,2.3154477625639585
1516631400,64.8585,70.1265,64.83318,70.1025,61.90179727207497,58.10342295527815,64.98186390875993,51.797050839135075,0,0,0,0,0,0,2.535594350952247
1517236200,70.459,74.9,69.257095,71.4975,63.64647049533407,59.37904934048975,67.15374260583995,52.569617472894485,1,0,0,0,0,0,2.757545111598515
1517841000,70.131,73.0495,63.2965,66.98,64.2525667689097,60.10294940330025,67.09582840389331,53.13473051317313,0,1,0,0,0,0,3.257220460770049
1518445800,68.2335,73.447,67.2005,72.4345,65.7401909927443,61.27738279346213,68.87538560259554,53.89158421853889,0,0,0,0,0,0,3.4864904278579023
1519137000,72.3245,75.1745,72.3245,75,67.42379263042716,62.584298717894306,70.91692373506369,54.71936522957658,0,0,0,0,0,0,3.4410268258680516
1519655400,75.46,76.435,72.750505,75.0125,68.80355760671313,63.76793693523771,72.28211582337579,55.515174436259855,0,0,0,0,0,0,3.458417409734619
1520260200,74.712,78.947,74.05,78.9445,70.64736531458347,65.2133238937865,74.5029105489172,56.43397151719084,0,0,0,0,0,0,3.5611733090392894
1520861400,79.63,80.877,78.375,78.584,72.09038980284102,66.48672161818779,75.86327369927814,57.30260008514414,1,0,0,0,0,0,3.4855180726793398
1521466200,77.7265,79.5,74.768,74.778,72.57904620232446,67.27636717836037,75.50151579951876,57.98790988572672,0,0,0,0,0,0,3.5745524960593866
1522071000,76.5,78.79825,68.26,72.367,72.54049234735638,67.76118935184986,74.45667719967918,58.55179577256097,0,0,0,0,0,0,4.071959460626572
1522675800,70.881,72.977875,67.644,70.2615,72.12613010238249,67.9993141754832,73.05828479978612,59.01099985991152,0,1,0,0,0,0,4.1620962848675305
1523280600,71.2515,72.98904,70.12855,71.5395,72.01947008376749,68.33647473019909,72.55202319985742,59.50231359089538,0,0,0,0,0,0,4.069124407376992
1523885400,72.25,78.426,71.374,76.3745,72.81129370490068,69.1020009463706,73.82618213323828,60.163967959879876,0,0,0,0,0,0,4.282186949707207
1524490200,77.334735,81.905,70.751,78.631,73.86942212219147,70.00952466576388,75.42778808882552,60.888165294786546,1,0,0,0,0,0,4.773030739013835
1525095000,79.125,79.8,77.301,79.0475,74.81089082724756,70.87028422140541,76.63435872588369,61.600296067540015,0,0,0,0,0,0,4.610599971941418
1525699800,79.46685,80.78,79.1255,80.1455,75.780819767748,71.7536381050811,77.80473915058913,62.32755896685217,0,0,0,0,0,0,4.405021402517031
1526304600,80.2,80.559,78.261005,78.7185,76.31494344633927,72.41695828554957,78.10932610039275,62.97034096815209,0,0,0,0,0,0,4.254519516622957
1526909400,79.25,80.706,78.317,80.5075,77.07722645609577,73.18748606787818,78.90871740026184,63.65807269489122,0,0,0,0,0,0,4.121268122578461
1527600600,80.035445,82.336495,80.0075,82.077,77.98627619135108,74.03410644236598,79.96481160017456,64.38038356960136,0,0,0,0,0,0,3.993248613822857
1528119000,82.445,85.725,82.2745,84.1995,79.11595324746906,75.00223916214065,81.37637440011638,65.15760382177386,0,0,0,0,0,0,3.9685879985497956
1528723800,84.0755,86.24,84.029615,85.7985,80.33096174792924,76.03045448003202,82.85041626674425,65.96705073072391,0,0,0,0,0,0,3.843002070081952
1529328600,85.313,88.155,85.0195,85.7835,81.32233233921482,76.95931595812421,83.82811084449617,66.74416638834258,1,0,0,0,0,0,3.792466207933242
1529933400,85.1255,86.1705,82.315445,84.99,81.98918100481212,77.72414300973142,84.21540722966411,67.45968927507424,0,1,0,0,0,0,3.7969368359380105
1530538200,84.135,86.25,83.903,85.5315,82.63323900393719,78.46770081832842,84.65410481977607,68.16838773487525,0,0,0,0,0,0,3.693369919085295
1531143000,86.2025,90.765,85.8115,90.6515,84.09110463958497,79.62806264515429,86.65323654651738,69.05007841193897,0,0,0,0,0,0,3.803379210579203
1531747800,91.0975,92.944,89.86919,90.685,85.28999470511498,80.68110429799674,87.99715769767825,69.89850670950999,0,0,0,0,0,0,3.7513385526806884
1532352600,90.6105,94.0025,88.4995,90.8635,86.30335930418498,81.6508562696161,88.9526051317855,70.72066330913705,0,0,0,0,0,0,3.876457227489211
1532957400,91.3665,92.05,86.966,91.1645,87.18720306706044,82.5569175772717,89.68990342119034,71.52238239505324,0,1,0,0,0,0,3.962710282668553
1533562200,91.2905,95.7285,90.946,94.315,88.48316614577672,83.67673495086487,91.23160228079355,72.4162105364237,0,0,0,0,0,0,4.02126669104937
1534167000,94.925,96.25,92.7775,94.111,89.50640866472641,84.67047447935393,92.19140152052904,73.26698659381886,0,0,0,0,0,0,3.98206907026013
1534771800,94.5285,95.975,93.30305,95.2695,90.55424345295796,85.67990548132022,93.21743434701936,74.12983025680636,0,0,0,0,0,0,3.8884891366701204
1535376600,95.75,101.2785,95.46405,100.6355,92.38719918878378,87.10424781643258,95.6901228980129,75.1692682859512,0,0,0,0,0,0,4.03995419833654
1536067800,101.325,102.525,96.76045,97.6035,93.33561751809582,88.10417659581995,96.32791526534193,76.049042078659,1,0,0,0,0,0,4.163139612741072
1536586200,98.55,100.438,95.85,98.5095,94.27632342389657,89.09515977717044,97.05511017689462,76.92984435008414,0,0,0,0,0,0,4.1934867832595675
1537191000,97.7365,97.91,94.3705,95.7505,94.54435552864265,89.72900170315421,96.62024011792974,77.66790927753182,0,0,0,0,0,0,4.189594870169598
1537795800,95.1895,101.326,93.25,100.15,95.56356361434399,90.72147773142524,97.7968267452865,78.5495598940992,0,0,0,0,0,0,4.467195236586055
1538400600,101.0995,101.6595,93.1415,94.4825,95.36700659355418,91.07967032843236,96.69205116352433,79.17438107472276,1,0,0,0,0,0,4.756538433972765
1539005400,93.7,95.09981,84.255,89.4305,94.28764175836251,90.92260648762928,94.27153410901622,79.5765818168905,0,0,0,0,0,0,5.1914149744032825
1539610200,89.75,92.25,86.7115,88.2015,93.18107052956933,90.66345348880745,92.24818940601081,79.91481390250263,0,0,0,0,0,0,5.216206761945905
1540215000,89.2,90.474995,80.15,82.1405,91.17369406964762,89.85174363273055,88.8789596040072,80.00209571024763,0,0,0,0,0,0,5.581120207521197
1540819800,83,84.872,73.818,83.2765,89.73784060243896,89.22552995342288,87.01147306933814,80.13050372161047,0,1,0,0,0,0,5.9720401926982545
1541428200,82.8785,89.2,79.818,85.6215,88.98941503835916,88.88228900547784,86.54814871289209,80.3458369089983,0,0,0,0,0,0,6.215608750362665
1542033000,84.912,85.4275,77.3255,79.6705,87.29506684956658,88.00497576686091,84.25559914192806,80.31935310864542,0,0,0,0,0,0,6.364208125336759
1542637800,78.8505,79.0595,71,75.103,85.07832742237265,86.77621617001701,81.20473276128537,80.11479024163971,0,1,0,0,0,0,6.528943259241276
1543242600,76.95,84.8,76.211,84.5085,84.97472243648672,86.56024320144395,82.30598850752358,80.28709258510482,0,0,0,0,0,0,6.755233026438328
1543847400,88.473,88.917,80.4925,81.4565,84.33504562985277,86.07417242035406,82.02282567168238,80.33295169941444,1,0,0,0,0,0,6.8744663816927325
1544452200,81.192,85.2495,79.25,79.5955,83.47331006078863,85.45715599936796,81.21371711445492,80.3040320249276,0,0,0,0,0,0,6.8119687830003945
1545057000,78.3,79.2265,68.198,68.8725,80.81861732246342,83.87766495180911,77.09997807630329,79.85573665140102,0,0,0,0,0,0,7.139506727071796
1545661800,67.3,75.6735,65.35,73.901,79.56086871837917,82.92750638497014,76.03365205086885,79.62221756703235,0,1,0,0,0,0,7.366934817995239
1546266600,75.54,79.7,73.0465,78.7695,79.41698349685568,82.53150577687775,76.9456013672459,79.58877766244285,0,0,0,0,0,0,7.315975188138437
1546871400,80.1155,83.8305,79.45925,82.028,79.89171377015465,82.48355284574653,78.6397342448306,79.68443344038627,0,0,0,0,0,0,7.154905531842835
1547476200,80.75,85.81,79.7575,84.81,80.78594763012653,82.70511924138972,80.69648949655374,79.88543605056721,0,0,0,0,0,0,7.076162279568348
1548167400,84.05,84.174,80.51,83.5285,81.28459351555807,82.78353645649547,81.6404929977025,80.02830130348615,0,0,0,0,0,0,6.877864973884895
1548685800,82.1795,86.82055,79.536,81.3115,81.28948560363843,82.6433425082578,81.53082866513499,80.07862282099649,1,0,0,0,0,0,6.906913904321688
1549290600,81.15,83.613,78.3378,79.411,80.94794276661325,82.3355003646142,80.82421911009,80.05244153389859,0,1,0,0,0,0,6.790362911155853
1549895400,80.049,82.819,79.3,80.3975,80.84786226359266,82.15092890131761,80.68197940672667,80.06597323845159,0,0,0,0,0,0,6.556694131787578
1550586600,80.05,81.747,80.028,81.578,80.98061457930308,82.09636424404927,80.98065293781778,80.12526840557113,0,0,0,0,0,0,6.211144550945607
1551105000,82.0725,83.713,80.755,83.5865,81.4544119285207,82.23828193509219,81.84926862521185,80.26100297790168,0,0,0,0,0,0,5.978777083020921
1551709800,84.25,85.4715,79.3285,81.04,81.3790643051533,82.1241598460358,81.5795124168079,80.29155188072907,0,1,0,0,0,0,5.990507291376569
1552311000,81.306,85.94,81.3005,85.618,82.14977988603452,82.45690652736572,82.9256749445386,80.50043219913185,0,0,0,0,0,0,5.912613913421099
1552915800,85.635,91.1875,85.6315,88.2385,83.25681990675552,83.00753447714041,84.6966166296924,80.80388583838158,0,0,0,0,0,0,5.888105776748164
1553520600,87.8895,90.2885,87.284,89.0375,84.30785265098179,83.58181690788894,86.14357775312827,81.12677266824896,0,0,0,0,0,0,5.6821339355518665
1554125400,90.0055,91.929,89.9365,91.864,85.68169762353055,84.37059624999475,88.05038516875219,81.547840406749,0,0,0,0,0,0,5.482802940155305
1554730200,91.6615,92.6545,91.2555,92.153,86.8582980556159,85.11177755951906,89.41792344583479,81.96372901824904,0,0,0,0,0,0,5.191102730144212
1555335000,92.1,93.82365,90.945,93.0845,87.99033477277665,85.87108445861247,90.64011563055652,82.39983768420007,0,0,0,0,0,0,5.025927535133911
1555939800,92.77,97.55,92.282,97.5315,89.72509208681726,86.9816002244589,92.93724375370435,82.9932362063883,0,0,0,0,0,0,5.043218425481489
1556544600,97.45,98.22,94.0935,98.123,91.25198443466867,88.04268591736758,94.66582916913623,83.58656027672602,1,0,0,0,0,0,4.977738537947096
1557149400,95.899,97.95,92.8,94.499,91.84235090109254,88.65757297285639,94.61021944609082,84.01449908940343,0,0,0,0,0,0,5.002400070950876
1557754200,91.828,95.8755,90.7875,93.45,92.13465073725753,89.11399459448911,94.22347963072721,84.38451873295624,0,0,0,0,0,0,5.008514351597243
1558359000,92.6345,93.95,90.21,91.164,91.95816878502889,89.30923320453778,93.20365308715148,84.65038074342854,0,0,0,0,0,0,4.917906183626012
1559050200,91.6375,92.463345,88.63517,88.7535,91.37550173320545,89.25630623267703,91.72026872476765,84.81128738094115,0,0,0,0,0,0,4.8400682419384395
1559568600,88.0005,90.31269,83.6,90.2015,91.16204687262264,89.34632468670779,91.21401248317844,85.02266826796307,0,1,0,0,0,0,4.973826938942837
1560173400,91.1,94.685,90.9,93.4835,91.58412925941852,89.74034138321181,91.97050832211896,85.35446559078805,0,0,0,0,0,0,4.938803586161207
1560778200,93.825,96.76,93.7725,95.565,92.30792393952424,90.29507077528687,93.16867221474597,85.7548787048748,0,0,0,0,0,0,4.820067615721121
1561383000,95.633,95.843,93.621,94.6815,92.7394832232471,90.71282593954527,93.67294814316398,86.1049422850758,0,0,0,0,0,0,4.634491357455327
1561987800,96.149,97.295,95.3315,97.1455,93.54057718265672,91.32546156435048,94.83046542877598,86.53790533271987,0,0,0,0,0,0,4.490134831922804
1562592600,96.706,101.79,96.41266,100.55,94.81501769490094,92.20398903441233,96.73697695251732,87.08739924124066,1,0,0,0,0,0,4.553506629642603
1563197400,101.07,101.31598,97.5775,98.226,95.43519629582805,92.77751388827782,97.23331796834488,87.52420711413319,0,0,0,0,0,0,4.4952904418109885
1563802200,98.557,100.065,96.2255,97.1525,95.74743333295022,93.19417923225136,97.20637864556325,87.90178722730444,0,0,0,0,0,0,4.448448267395918
1564407000,96.5,96.6113,90.401,91.162,94.91371818150473,93.00063835298933,95.19158576370883,88.02963870858662,0,0,0,0,0,0,4.612951962581924
1565011800,88.511,91.713,87.439,90.379,94.0892239666857,92.7509585098475,93.58739050913923,88.12177052393616,0,0,0,0,0,0,4.588741108111786
1565616600,89.7995,91.587145,87.86075,89.6285,93.27818324547012,92.45358150890964,92.26776033942615,88.18085795437004,0,0,0,0,0,0,4.527144957532373
1566221400,90.904,91.478925,87.2615,87.481,92.22414992811191,91.9800023175849,90.67217355961743,88.15341254439474,0,0,0,0,0,0,4.5050221034229185
1566826200,88.3455,89.987,87.1755,88.8145,91.6042135775461,91.67852590638634,90.05294903974496,88.17933754265377,0,1,0,0,0,0,4.384056238892709
1567517400,88.5,92.1,88.4,91.6755,91.61717474526499,91.67823772482573,90.59379935982997,88.31644195274578,0,0,0,0,0,0,4.335195078971801
1568035800,92.05,92.683,90.26678,91.967,91.68077933703499,91.70573889388994,91.05153290655332,88.45960109185378,1,0,0,0,0,0,4.198125430473817
1568640600,91.201,91.6285,89.046,89.708,91.32209218484681,91.5154780468528,90.60368860436888,88.50855791178108,0,0,0,0,0,0,4.1069021854399725
1569245400,88.85,89.78525,85.691,86.2725,90.40398451487467,91.01614680429539,89.15995906957926,88.42086936622104,0,0,0,0,0,0,4.105998457908546
1569850200,86.3495,87.78,84.253,86.9825,89.7818964212611,90.63198996579106,88.43413937971951,88.36446272440845,0,1,0,0,0,0,4.064641425200793
1570455000,86.5815,87.3915,85.25,86.596,89.20264252648636,90.24760996904905,87.82142625314634,88.29511124501988,0,0,0,0,0,0,3.9272741805435927
1571059800,86.4455,89.9425,86.1,87.8755,88.96134388530702,90.02169473390153,87.8394508354309,88.27865590207793,1,0,0,0,0,0,3.921218881933336
1571664600,88.483,89.488995,84.75,88.0665,88.79864499706937,89.8354857116252,87.91513389028727,88.27033606278076,0,1,0,0,0,0,3.9796314617952406
1572269400,87.403,89.87225,87.125,89.572,88.93925499760222,89.81039183432756,88.46742259352484,88.3213817073776,0,0,0,0,0,0,3.8916042145241514
1572877800,90.0505,90.753,88.702,89.294,89.00375408894728,89.7612116596297,88.74294839568323,88.35952360120592,1,0,0,0,0,0,3.760132484915284
1573482600,88.9,89.311,86.643,86.9745,88.63479880004778,89.49581054918877,88.15346559712215,88.30520895017824,0,0,0,0,0,0,3.6821230217070497
1574087400,86.915,88.1262,86.1355,87.286,88.38956265458454,89.28535240164699,87.86431039808143,88.26523997173987,0,1,0,0,0,0,3.561307091585118
1574692200,87.6625,91.2345,87.662,90.04,88.6896421719328,89.35722360149013,88.58954026538763,88.33483840422066,1,0,0,0,0,0,3.5889637279004662
1575297000,90.22,90.2775,87,87.58,88.4878890497632,89.18796421087202,88.25302684359175,88.3052368981728,0,0,0,0,0,0,3.566716318764719
1575901800,87.533,88.4495,86.75,88.047,88.4077274043517,89.07930095269374,88.18435122906116,88.29510996098955,0,1,0,0,0,0,3.4333437245672394
1576506600,88.35,90.1485,87.8525,89.325,88.57450423992412,89.10270086196101,88.56456748604077,88.33549780565663,0,0,0,0,0,0,3.3521048870981502
1577111400,89.413,95.07,89.2255,93.49,89.4682307417561,89.52053887510758,90.20637832402718,88.53763514661127,0,0,0,0,0,0,3.530133109448282
1577716200,93.7,94.9005,91.6115,93.7485,90.24646151598226,89.92320183938304,91.38708554935145,88.74198278792063,0,0,0,0,0,0,3.512909315916261
1578321000,93,95.891,93,94.158,90.95765033125821,90.32651594991799,92.31072369956763,88.95437561976688,1,0,0,0,0,0,3.468487221922243
1578925800,94.5655,94.9,92.7545,93.236,91.3718957255749,90.60360966897342,92.61914913304508,89.1222824582074,0,0,0,0,0,0,3.3739881346420835
1579617000,93.25,95.125,92.372,93.082,91.68282377547037,90.8396468433569,92.77343275536339,89.277565499062,0,0,0,0,0,0,3.329631839310506
1580135400,91,102.786,90.767,100.436,93.27431036174849,91.75358523922768,95.32762183690893,89.71515116576546,0,1,0,0,0,0,3.9503009936454703
1580740200,100.53,104.9265,100.0125,103.964,95.21789029597603,92.91648188311075,98.20641455793928,90.27392955142172,0,0,0,0,0,0,4.0191366369565085
1581345000,104.2505,109.2975,104.248,106.7435,97.31345569670766,94.23334075138591,101.05210970529285,90.9197950592091,1,0,0,0,0,0,4.113019734316758
1582036200,106.251,109.255,104.4,104.7985,98.67437284276082,95.23954639411106,102.30090647019523,91.46405799806364,0,0,0,0,0,0,4.166018324722703
1582554600,100.159,101.96475,90.55645,94.1875,97.85857778044067,95.13935149943381,99.59643764679682,91.5708596451984,0,0,0,0,0,0,4.885734872956796
1583159400,95.3245,99.8165,93.475,95.0545,97.34874545672419,95.13127040424965,98.08245843119788,91.70747299244552,0,0,0,0,0,0,4.989718096317026
1583760600,88.693,94.7135,83.75,89.25,95.87624628277433,94.57114941336873,95.13830562079859,91.6111015025457,0,0,0,0,0,0,5.440773946580096
1584365400,82.0755,97.85,81.30159,92.3045,95.22683786772446,94.35527804066695,94.19370374719907,91.63829360048508,0,1,0,0,0,0,6.2341765218243745
1584970200,91.3875,97.8245,90.6,95.005,95.18650370995637,94.41715632250819,94.46413583146604,91.77032130242685,0,0,0,0,0,0,6.3049139131226335
1585575000,96.1415,99.651,94.4575,95.3295,95.21250303541885,94.50404619655502,94.75259055431069,91.9098969376258,0,0,0,0,0,0,6.225527205042446
1586179800,96.8,102.65,96.501,102.138,96.47168430170633,95.23108941593074,97.21439370287379,92.31099901850322,0,0,0,0,0,0,6.303739547539415
1586784600,102,123.049905,101.9,118.75,100.52228715594154,97.47098566203258,104.39292913524919,93.34782258640506,0,0,0,0,0,0,7.364179937000884
1587389400,119.4975,122.249,113.983,120.511,104.15659858213398,99.66527274183899,109.76561942349946,94.41304523007545,0,0,0,0,0,0,7.428595655786535
1587994200,122.16,123.75,112.909505,114.302,106.00121702174599,101.05924676642576,111.27774628233297,95.19300424066073,1,0,0,0,0,0,7.672302751801783
1588599000,112.819,119.362245,112.819,118.9805,108.36108665415581,102.76603278867093,113.84533085488864,96.12584721161521,0,1,0,0,0,0,7.5916557695302265
1589203800,118.735,120.98325,116.89025,120.489,110.56616180794566,104.45393442784513,116.05988723659243,97.08126496802245,0,0,0,0,0,0,7.341751785992353
1589808600,120.21728,126.2725,119.2005,121.844,112.61667784286463,106.11013114900274,117.98792482439495,98.0523526163353,1,0,0,0,0,0,7.322483801278613
1590499800,122.9,123.1,116.5,122.1185,114.3442818714347,107.63473770624057,119.3647832162633,98.9961231019692,0,1,0,0,0,0,7.270877815472998
1591018200,122.4,125.377,121.8565,124.15,116.12713971299203,109.20761982945575,120.95985547750887,99.98254964699002,0,0,0,0,0,0,7.002993685796355
1591623000,125.01,136.1175,124.36675,127.251,118.1496597651753,110.92603698855521,123.05690365167258,101.05190064122571,0,0,0,0,0,0,7.357601279668044
1592227800,126.33,134.8715,125.400005,133.7505,120.98617617150707,113.09979537059758,126.62143576778172,102.3341986552953,0,0,0,0,0,0,7.508593688263184
1592832600,134.225,139.8,133.45,134.6435,123.46932595850578,115.15157676387399,129.29545717852113,103.60123008057784,0,0,0,0,0,0,7.425836996244386
1593437400,134.5005,147.778,131.504,144.515,127.29581214786836,117.94809326255266,134.3686381190141,105.20569164604537,0,0,0,0,0,0,8.057848639369787
1594042200,146.7485,160.75,146.5,160,133.2420281209832,121.95303676135717,142.91242541267607,107.3544880520828,0,0,0,0,0,0,8.641930879414803
1594647000,162.553,167.2145,145.9115,148.0985,135.94320482625898,124.44308087932315,144.64111694178405,108.9522924421972,1,0,0,0,0,0,9.546292959456602
1595251800,150.01,162.02879,144.4,150.4455,138.57998576693916,126.91950174795903,146.5759112945227,110.57947705230711,0,1,0,0,0,0,10.123614176638272
1595856600,153.1,162.341,149.788,158.234,142.15344290022296,129.90183491482009,150.46194086301514,112.44828187378526,0,0,0,0,0,0,10.297141735449824
1596461400,159.0255,162.3735,155.0605,158.373,145.1024532820006,132.61337444674197,153.09896057534343,114.24925121206819,0,0,0,0,0,0,10.083988754346265
1597066200,158.5155,160.876055,153.65,157.401,147.3385526852732,134.9741006899094,154.5329737168956,115.94147665473218,0,0,0,0,0,0,9.879850629035817
1597671000,158.656,166,157.708875,164.236,150.41081583340537,137.76094824325136,157.76731581126373,117.8353795310172,0,0,0,0,0,0,9.7883612983904
1598275800,165.5075,172.65,162.87804,170.09,153.98884931824077,140.8399055534179,161.87487720750914,119.8845803337224,0,0,0,0,0,0,9.7871897770768
1598880600,170.4495,177.6125,155.5565,164.731,155.94196762401518,143.11524788166383,162.82691813833944,121.64326345789014,1,0,0,0,0,0,10.663533364428458
1599571800,157.2,167.4945,154.199,155.811,155.9181553287397,144.3243671310292,160.48827875889296,122.98317469483563,0,0,0,0,0,0,10.851530981254996
1600090200,158.64686,159.3695,145.277,147.7455,154.43221799624155,144.65018930902642,156.24068583926197,123.95424627543031,0,0,0,0,0,0,11.08302876830821
1600695000,145.325,156.6995,143.55,154.7565,154.49117836056126,145.61269508911914,155.74595722617465,125.16217779404089,0,1,0,0,0,0,11.230633856286195
1601299800,157.4425,161.2,155.85842,156.25,154.8109641131865,146.62577174729827,155.91397148411644,126.38130807662752,0,0,0,0,0,0,10.888695723694324
1601904600,157.292,164.4495,154.5,164.3325,156.54215245624349,148.31212681898415,158.72014765607764,127.86959011283821,0,0,0,0,0,0,10.821610314859015
1602509400,167.497,174.812,158,163.6355,157.83185200965377,149.7714956933666,160.3585984373851,129.27217481429554,1,0,0,0,0,0,11.249495292369087
1603114200,164.9805,166.45,156.097,160.22,158.26606073517127,150.7665913416174,160.31239895825672,130.4858150176565,0,0,0,0,0,0,11.18545991434272
1603719000,159.937,164.583,150.95,151.8075,157.09177696514013,150.8657254995586,157.47743263883783,131.321959526768,0,0,0,0,0,0,11.360284206175383
1604327400,153.087,168.34,147.506,165.5685,158.63299933511465,152.2659897376959,160.17445509255856,132.66496111395358,1,1,0,0,0,0,12.03697819144857
1604932200,161.5515,164.45,150.97414,156.4405,158.23436309236652,152.6635621436296,158.92980339503904,133.59733518791617,0,0,0,0,0,0,12.219648320630814
1605537000,154.66,159.4625,153.63425,154.97,157.64084253011805,152.88322289185535,157.60986893002604,134.4354789060371,0,0,0,0,0,0,11.763119869157183
1606141800,155.83493,160.8095,153.273,159.767,158.02741661555112,153.53882071167865,158.32891262001735,135.42887189011407,0,0,0,0,0,0,11.461218449931673
1606746600,160.424,162.4475,156.2775,158.129,158.04588632181455,153.97598064389973,158.26227508001156,136.31907299246254,0,0,0,0,0,0,11.083274274936553
1607351400,157.824,159.2065,153.641,155.821,157.64136153603008,154.15169677305215,157.44851672000772,137.08385444373852,0,0,0,0,0,0,10.689147541012515
1607956200,157.15,163.1755,156.3,160.0825,158.08520489311553,154.71653517561862,158.3265111466718,137.98576211261152,0,0,0,0,0,0,10.450958430940192
1608561000,160.0005,161.34833,158.3,158.6345,158.18507673073088,155.08967468270257,158.4291740977812,138.79551653956793,0,0,0,0,0,0,9.922199257301605
1609165800,159.7,167.5325,158.6345,162.8465,159.03260823423435,155.8284199510166,159.90161606518748,139.73869236154565,1,0,0,0,0,0,9.849042167494346
1609770600,163.5,163.6,156.558,159.135,159.05122491891902,156.14333233663407,159.64607737679165,140.49933187677914,0,0,0,0,0,0,9.648539155530466
1610375400,157.4005,159.4975,154.3,155.2125,158.35327493366103,156.054681637907,158.16821825119445,141.0763188620035,0,1,0,0,0,0,9.330607787278288
1611066600,155.35,167.4275,154.8,164.6115,159.49113403663176,156.8696167200111,160.31597883412962,141.99926714192492,0,0,0,0,0,0,9.566100088186982
1611585000,166.425,168.1945,159.2275,160.31,159.64001875724418,157.19727227048622,160.31398588941974,142.71733509714355,0,0,0,0,0,0,9.523307224745055
1612189800,162.118,171.7,161.75125,167.6075,161.0886517104725,158.18872253043992,162.74515725961317,143.6934199952948,1,0,0,0,0,0,9.656642422977551
1612794600,167.925,168.249995,161.6655,163.8855,161.59716958129567,158.7312727656361,163.12527150640878,144.48526626998913,0,0,0,0,0,0,9.437203321336298
1613485800,162.7025,166.9,162.2875,162.495,161.76041147560557,159.08972297843266,162.9151810042725,145.1915303378327,0,0,0,0,0,0,9.092581655526564
1614004200,160.4065,161.615995,151.835,154.6465,160.46697302549546,158.6665588852486,160.15895400284833,145.56231346183924,0,0,0,0,0,0,9.204540108703238
1614609000,156.3945,158.176,144.050005,150.023,158.56806883904173,157.84336280093922,156.78030266856555,145.73724234568868,0,1,0,0,0,0,9.556072600938721
1615213800,150.75,156.589215,147.5655,154.4745,157.82378359557958,157.5225187246593,156.0117017790437,146.07987990075972,0,0,0,0,0,0,9.518047058014528
1615815000,153.7285,158.6525,150.8315,153.748,157.08273203274692,157.16304075088223,155.25713451936247,146.3805904928868,0,0,0,0,0,0,9.39682941101349
1616419800,153.3925,159.1,149.8,152.6015,156.26796257224748,156.72860829841724,154.3719230129083,146.62454772845987,0,0,0,0,0,0,9.389913024512525
1617024600,152.77197,158.122,151.42225,158.05,156.5919693772934,156.8544551271394,155.5979486752722,147.07260468028497,0,0,0,0,0,0,9.197758522761632
1617629400,158.65,168.61,158.062,168.61,158.77706585414916,157.9740308293166,159.93529911684814,147.917208418313,0,0,0,0,0,0,9.295061485421515
1618234200,167.7605,171.6,166.3,169.972,160.81250842612204,159.11669455985788,163.28086607789876,148.78210220583014,0,0,0,0,0,0,9.00969995074855
1618839000,169.5165,171.796665,165.0725,167.044,161.94550689409985,159.8716760303476,164.53524405193252,149.49825506050348,0,0,0,0,0,0,8.84644745426651
1619443800,167.4,177.7,166.547,173.371,164.02286927699078,161.15732593221927,167.4804960346217,150.43444113656216,1,0,0,0,0,0,9.011201207533187
1620048600,174.2365,174.33225,162.36,164.5805,164.12425668117427,161.48334251010314,166.5138306897478,150.98918854297148,0,0,0,0,0,0,9.222704692709385
1620653400,164.116,164.15,156.3685,161.145,163.5825736482335,161.45111941390283,164.72422045983188,151.3874556589334,0,1,0,0,0,0,9.150511500373
1621258200,162.2965,165.6,159.2,160.154,162.95919662128196,161.32758423162636,163.2008136398879,151.73124171152423,0,0,0,0,0,0,8.9540463932035
1621863000,160.775,164.7865,160.524965,161.1535,162.63088814468523,161.3110047809953,162.51837575992528,152.1007420365625,0,0,0,0,0,0,8.645364507974678
1622554200,162.17475,162.549,159.2015,160.311,162.209090300197,161.21576623042432,161.78258383995018,152.42271293708947,0,0,0,0,0,0,8.266945614547916
1623072600,159.8665,168.329,158.61,167.3415,163.14225570016117,161.79916944657438,163.6355558933001,153.00776341014478,0,1,0,0,0,0,8.370663784937351
1623677400,167.3415,175.35,166.775,174.345,165.17911830013188,162.99401045166255,167.2053705955334,153.84451778621752,0,0,0,0,0,0,8.385259228870398
1624282200,173.821,176.242995,169.709,170.073,166.06891497283516,163.6681999324566,168.16124706368893,154.48092885342467,0,0,0,0,0,0,8.25302606966537
1624887000,170.8,175.586,170.47103,175.549,167.79256679595605,164.79970470079405,170.62383137579263,155.30712772191782,0,0,0,0,0,0,8.05730992183213
1625578200,176.5055,187.999275,176.45,185.967,171.09700919669132,166.81563758643273,175.7382209171951,156.50947565439162,0,0,0,0,0,0,8.371093141701264
1626096600,187.2,188.65391,178.52275,178.6815,172.47600752456563,167.9457197210582,176.71931394479674,157.37896680519978,1,0,0,0,0,0,8.496812203008316
1626701400,176.629,183.3055,174.958,182.832,174.35891524737187,169.36346070000502,178.7568759631978,158.37712496970175,0,0,0,0,0,0,8.48614704565058
1627306200,183.6585,185.604,165.349,166.3795,172.90811247512244,169.07927396667122,174.6310839754652,158.6909435983409,0,0,0,0,0,0,9.326779399532683
1627911000,167.655,169.55,164.9885,167.247,171.87881929782745,168.9047716841311,172.16972265031015,159.02647522193539,0,0,0,0,0,0,8.986402299566064
1628515800,167.1805,167.9,163.4835,164.6985,170.57330669822247,168.50417438088053,169.67931510020676,159.24890756617322,0,0,0,0,0,0,8.659980706739917
1629120600,164.15,165,158.788,159.9975,168.6504327530911,167.69401491603477,166.45204340013785,159.27826413220563,0,1,0,0,0,0,8.48512494197278
1629725400,160.595,167.616,160.50025,167.4815,168.43789952525637,167.67377540022193,166.79519560009192,159.59995965643287,0,0,0,0,0,0,8.423223160403296
1630330200,167.87125,176.35,167.761,173.9025,169.43146324793702,168.26698726686746,169.16429706672795,160.16084359147473,0,0,0,0,0,0,8.455028648945916
1631021400,173.9,177.4995,173.145275,173.4575,170.16346993013028,168.76132181288008,170.59536471115197,160.6822810976914,1,0,0,0,0,0,8.162114102592637
1631539800,174.14,174.898,170.1005,173.126,170.7021117610157,169.17700544974863,171.43890980743464,161.17027007425253,0,0,0,0,0,0,7.921784523836019
1632144600,169.8,171.463,165.2505,171.276,170.80645507719464,169.3769096926297,171.38460653828977,161.56657320859557,0,0,0,0,0,0,7.918478486419161
1632749400,168.575,170.7785,162.797,164.163,169.59855415406835,168.8803468647602,168.97740435885984,161.66839386708202,0,0,0,0,0,0,7.958515737389222
1633354200,163.9695,166.2873,158.8125,164.431,168.65899885332865,168.45659954430687,167.4619362392399,161.77673136249058,0,1,0,0,0,0,7.923964613289991
1633959000,163.75,170.521,161.814,170.451,168.98481724363253,168.64654244484908,168.45829082615992,162.11689876003996,0,0,0,0,0,0,7.9798957123407055
1634563800,169.41788,173.143,166.565,166.7775,168.58348683569935,168.4685384024825,167.89802721743996,162.29966743611683,0,0,0,0,0,0,7.8797603043163695
1635168600,166.75,173.95,163.666,168.6215,168.59039832011766,168.48310617367463,168.13918481162665,162.54758243862204,0,0,0,0,0,0,8.051491711150915
1635773400,168.09,178.3125,164.1775,175.9495,169.928416807369,169.19419129999133,170.7426232077511,163.07314783318589,0,0,0,0,0,0,8.486028017497278
1636381800,176.162,180.2725,172.3525,176.2575,171.07915920602917,169.86688736665883,172.58091547183406,163.5901812514923,0,0,0,0,0,0,8.445597444818903
1636986600,176.85,188.10725,176.25733,183.8285,173.39722116856933,171.19656476031037,176.33011031455604,164.3838408102573,1,0,0,0,0,0,8.688763341617554
1637591400,183.81884,185.67275,175.2075,175.228,173.73009004701126,171.58051097361414,175.96274020970404,164.8091019549531,0,0,0,0,0,0,8.815655245787728
1638196200,177.382215,179.8,166.93,169.4895,172.95907367482738,171.38136707136516,173.80499347313602,164.99264697632748,0,0,0,0,0,0,9.105251299660033
1638801000,169.65,177.4995,166.9345,172.212,172.82324209758605,171.4604749693304,173.27399564875734,165.27575885960874,0,0,0,0,0,0,9.209519063970031
1639405800,172,174.166,165.195,170.0175,172.31310717075223,171.32304878177513,172.18849709917157,165.46170949256526,0,1,0,0,0,0,9.192481987972172
1640010600,166.85,172.05,165.6,171.0685,172.08681495788818,171.2988060406537,171.81516473278106,165.68158363011173,0,0,0,0,0,0,8.996590417402732
1640615400,171.037,172.943,166.5585,166.717,171.11048496554488,170.86244356059143,170.1157764885207,165.72218819363675,0,0,0,0,0,0,8.810012530445395
1641220200,167.55,171.4,161.93721,162.554,169.5547604263549,170.0711632214875,167.59518432568046,165.59794551937648,0,0,0,0,0,0,8.856639492556438
1641825000,160.5855,166.878,156.3045,162.138,168.20625853065403,169.3156238670601,165.77612288378697,165.4622613813617,0,0,0,0,0,0,8.979272385945263
1642516200,159.105,159.734495,142.0704,142.643,163.5583933432624,166.77537397495914,158.06508192252466,164.5673883860142,0,0,0,0,0,0,9.771295786949171
1643034600,139,145.18475,135.352,143.978,159.99832182630558,164.6041955011535,153.36938794834978,163.75996139048422,0,1,0,0,0,0,9.775685373595659
1643639400,144.75,161.2,138.333,157.6395,159.56944513061367,163.9408911677103,154.7927586322332,163.51994329673974,0,0,0,0,0,0,10.710779275481682
1644244200,158.52,163.8345,152.73375,153.2935,158.4283641977748,162.92685391364265,154.29300575482213,163.11890630471072,1,0,0,0,0,0,10.73863432723299
1644849000,151.751,160.34875,150.893,152.6015,157.36893434363392,161.9434868742481,153.72917050321476,162.70645899864363,0,0,0,0,0,0,10.646999732430633
1645540200,150.4785,153.99,139.5,153.7885,156.71794628115504,161.16682145765304,153.74894700214318,162.35673511634388,0,0,0,0,0,0,10.921499751542731
1646058600,152.425,154.45,143.807,145.641,154.70395604821775,159.68817179501943,151.0462980014288,161.70121609217352,0,0,0,0,0,0,10.901606912146821
1646663400,145.4435,149.675,133.5725,145.5245,153.03496403945087,158.33925067168425,149.2056986676192,161.06683506895104,0,1,0,0,0,0,11.273099275564906
1647264600,145.981,161.594,140.884,161.2505,154.5286978504598,158.61651251247622,153.22063244507947,161.0740376152667,0,0,0,0,0,0,11.947163613024557
1647869400,161.12075,166.37,159.553,164.7735,156.3913891503762,159.20289227319276,157.07158829671965,161.21911457153075,0,0,0,0,0,0,11.580723354951374
1648474200,164.975,170.8315,162.3195,163.56,157.69477294121688,159.61785491384106,159.2343921978131,161.31091400009817,1,0,0,0,0,0,11.361528829597704
1649079000,164.125,168.3945,154.23075,154.4605,157.10672331554107,159.12667825538,157.64309479854205,161.0422703138198,0,0,0,0,0,0,11.561687484626438
1649683800,152.713,156.025,149.6,151.7065,156.12486453089724,158.41999461201047,155.6642298656947,160.67616167406217,0,0,0,0,0,0,11.19478123572455
1650288600,151.5235,158.649,143.697505,144.35,153.9839800707341,157.07999512515232,151.89281991046312,160.03592003978522,0,0,0,0,0,0,11.463117933172796
1650893400,144.023,146.2215,121.625,124.2815,148.58352914878245,153.95632892275685,142.6890466069754,158.63378592057796,0,0,0,0,0,0,12.40121665223188
1651498200,122.401,126.2205,113.08125,114.7725,142.43606930354926,150.2245356920181,133.38353107131695,156.91373549232,0,0,0,0,0,0,12.453933319929604
1652103000,111.3125,114,102.4055,113.055,137.09405670290394,146.6845799118259,126.60735404754463,155.19378508085646,0,0,0,0,0,0,12.447723797077488
1652707800,113.1,115.8,105.00934,107.591,131.72986457510322,142.96138182498532,120.26856936502975,153.32700919533266,0,0,0,0,0,0,12.32936209728624
1653312600,108.461,115.187,101.26,115.1465,128.7147073796299,140.312345460701,118.56121291001983,151.82973432492747,0,1,0,0,0,0,12.443479090337222
1654003800,116.28,125.61,115.675,122.35,127.55748785606083,138.6016458930152,119.82414194001322,150.67366631218522,0,0,0,0,0,0,12.302052012455992
1654522200,125.245,128.99,109.05,109.65,124.30158097314069,135.8443462841566,116.43276129334215,149.0648950842564,1,0,0,0,0,0,12.847619725851994
1655127000,104.19,109.06,101.43,106.22,121.01402079620601,133.02297997137975,113.02850752889476,147.3847031201679,0,1,0,0,0,0,12.517075459719708
1655818200,108.2,116.71,103.56,116.46,120.18601701507764,131.44555330743881,114.17233835259651,146.17196966447503,0,0,0,0,0,0,12.562284355454015
1656336600,117.09,117.98,102.52,109.56,118.25401392142716,129.36121489720654,112.63489223506434,144.7362061482211,1,0,0,0,0,0,12.769264044350157
1657027800,107.6,116.99,106.3242,115.54,117.76055684480404,128.0449087165202,113.6032614900429,143.59125688750655,0,0,0,0,0,0,12.61901661261086
1657546200,114.08,115.59,106.01,113.55,116.99500105483968,126.66444121970876,113.5855076600286,142.41316838211412,0,0,0,0,0,0,12.40194399742437
1658151000,115,125.5,113.15,122.42,117.98136449941428,126.26020872259365,116.53033844001907,141.6291225632077,0,0,0,0,0,0,12.398233711894056
1658755800,122.695,137.65,114.53,134.95,121.06657095406624,127.08780789187044,122.67022562667937,141.36719618817995,0,0,0,0,0,0,13.16407416104448
1659360600,134.96,143.56,133.51,140.8,124.65446714423601,128.39373094978754,128.71348375111958,141.34495320040818,0,0,0,0,0,0,12.941640292398446
1659965400,142.05,144.6,136.21,143.55,128.09001857255674,129.83718514504588,133.65898916741307,141.4314256239216,0,0,0,0,0,0,12.6165231286557
1660570200,142.8,146.57,137.9142,138.23,129.93365155936462,130.6365008455177,135.18265944494203,141.30587952102272,1,0,0,0,0,0,12.333614333751722
1661175000,135.72,137.83,130.5,130.75,130.08207854857105,130.64731028880172,133.70510629662803,140.89192346137477,0,0,0,0,0,0,12.00478473848374
1661779800,129.9,132.0745,123.66,127.51,129.6144279033763,130.34851883272538,131.6400708644187,140.367142149164,0,0,0,0,0,0,11.748335828592046
1662471000,127.92,133.69,124.74,133.27,130.27907737548972,130.62675513437057,132.18338057627915,140.0888228491968,0,0,0,0,0,0,11.548454697978327
1662989400,134.095,136.49,120.7,123.53,129.05197239812796,129.95087369300194,129.2989203841861,139.4394572472675,1,0,0,0,0,0,11.851422219551305
1663594200,122.16,124.71,112.06,113.78,126.27525014392288,128.4107904841446,124.12594692279073,138.43320402188448,0,1,0,0,0,0,11.908463489583353
1664199000,113.295,118.7,112.84,113,123.86156829957326,126.9430961523213,120.41729794852715,137.43582347200666,0,0,0,0,0,0,11.47643038318454
1664803800,113.58,123,112.45,114.56,122.17037406328721,125.76375366162404,118.4648652990181,136.53873235545737,0,0,0,0,0,0,11.410256784385647
1665408600,115.1,116.25,105.345,106.9,119.39394241541682,123.96720569385032,114.6099101993454,135.37642912583158,0,0,0,0,0,0,11.374167014072386
1666013400,110.11,119.59,110.09,119.32,119.38049833988649,123.52461467538838,116.17994013289693,134.74676523854407,0,0,0,0,0,0,11.468155084495788
1666618200,119.98,121.3152,97.66,103.41,116.47677136899803,121.60893708725615,111.92329342193129,133.51787248409136,1,0,0,0,0,0,12.33865829274609
1667223000,103.56,104.87,88.04,90.98,111.84099475645293,118.69189545989842,104.94219561462086,131.84972062197014,0,0,0,0,0,0,12.659468414692798
1667831400,91.95,101.19,85.87,100.79,109.83172298255239,116.98695303514619,103.55813040974724,130.63169236228504,0,1,0,0,0,0,12.849506385071882
1668436200,98.77,103.79,92.48,94.14,106.97868244027013,114.81105274608464,100.41875360649816,129.20064560297973,0,0,0,0,0,0,12.739541643281033
1669041000,93.97,95.02,90.59,93.41,104.51164926931193,112.77285724645753,98.0825024043321,127.79709087345111,0,0,0,0,0,0,12.146002954475247
1669645800,93.93,97.23,91.44,94.13,102.62407667489158,110.9973470325092,96.76500160288806,126.47681279998244,0,0,0,0,0,0,11.692002743441302
1670250600,93.05,94.06,87.48,89.09,100.16333546127493,108.91093302941309,94.2066677352587,125.0106632784145,0,0,0,0,0,0,11.331859690338351
1670855400,89.21,96.25,86.73,87.86,97.92636537740675,106.90608226470708,92.0911118235058,123.55377452239824,0,0,0,0,0,0,11.202441141028471
1671460200,87.51,87.63,82.25,85.25,95.62157167242371,104.84359823949688,89.81074121567053,122.05166571759831,0,0,0,0,0,0,10.802981059526436
1672151400,84.97,85.35,81.69,84,93.50855864107395,102.85849364525909,87.8738274771137,120.55944353259446,0,0,0,0,0,0,10.29276812670312
1672756200,85.46,86.98,81.43,86.08,92.15791161542414,101.26054186952013,87.27588498474246,119.20730849210055,0,1,0,0,0,0,9.953998974795752
1673274600,87.46,98.37,87.08,98.12,93.24192768534702,100.96144264385154,90.89058998982831,118.38035521790053,0,0,0,0,0,0,10.12085619088177
1673965800,98.68,99.32,92.86,97.25,93.97066810619302,100.60797191586568,93.0103933265522,117.55171383680639,0,0,0,0,0,0,9.859366462961646
1674484200,97.56,103.485,91.52,102.24,95.47418299597611,100.76340316197371,96.08692888436813,116.95125447065712,0,0,0,0,0,0,10.009768858464385
1675089000,101.09,114,99.01,103.39,96.91342245125318,101.01355524178574,98.52128592291209,116.41944056984704,1,0,0,0,0,0,10.365499654288357
1675693800,102.925,103.9484,96.23,97.61,97.04007291466169,100.68940712352043,98.21752394860806,115.68181544946088,0,0,0,0,0,0,10.176421107553475
1676298600,97.85,101.17,95.65,97.2,97.06915056654138,100.3570826355661,97.87834929907204,114.95703837301144,0,0,0,0,0,0,9.843819599871084
1676989800,95.335,97.01,92.3186,93.5,96.42021409989749,99.70402714646457,96.41889953271469,114.1155858877953,0,0,0,0,0,0,9.48936105702315
1677508200,94.28,94.94,90.39,94.9,96.14381153627977,99.24650075156318,95.91259968847646,113.36203350003862,0,0,0,0,0,0,9.136549552950067
1678113000,95.19,96.545,90.245,90.73,95.15948216604708,98.4354054418905,94.18506645898431,112.4745027745469,0,0,0,0,0,0,8.93393887059649
1678714200,89.97,100.99,88.12,98.95,95.8486672267658,98.48441444742474,95.77337763932287,111.94413011672154,0,1,0,0,0,0,9.215086094125311
1679319000,98.41,102.1,95.7,98.13,96.26345500371747,98.45066069052714,96.55891842621524,111.40239952390893,0,0,0,0,0,0,9.014008515973503
1679923800,99.07,103.49,96.29,103.29,97.5410086394052,98.91155014857218,98.80261228414349,111.08426620924583,0,0,0,0,0,0,8.884436479118252
1680528600,102.3,104.2,99.8008,102.06,98.36264343224062,99.21140251537483,99.888408189429,110.73037341672638,0,0,0,0,0,0,8.564062444895521
1681133400,100.96,103.2013,97.705,102.51,99.11670826274232,99.5255546567677,100.762272126286,110.40800583175673,0,0,0,0,0,0,8.344936555974412
1681738200,103.16,108.15,101.39,106.96,100.54276130588008,100.23359707040886,102.82818141752401,110.27278991678587,0,0,0,0,0,0,8.23172680197624
1682343000,107.655,110.86,102.45,105.45,101.43498652299279,100.73039734941754,103.702120945016,110.08366090044133,0,0,0,0,0,0,8.24446060183508
1682947800,104.95,105.96,101.15,105.655,102.20226170063046,101.1994071256635,104.35308063001067,109.90998792395344,0,1,0,0,0,0,7.9991419874182865
1683552600,105.04,113.28,104.7001,110.26,103.66730502778856,102.06232073274316,106.32205375334044,109.92371388771997,0,0,0,0,0,0,8.040624702602694
1684157400,111.15,118.6,109.25,116.25,105.95506775000882,103.41352828200571,109.63136916889363,110.17180353918194,0,0,0,0,0,0,8.134151509559644
1684762200,116.77,121.5,113.78,120.11,108.52869179546177,105.00366844562421,113.12424611259576,110.56153673372383,0,0,0,0,0,0,8.104569258876811
1685453400,122.37,126.39,119.17,124.25,111.38711146901417,106.83665240318382,116.8328307417305,111.09833921475426,0,0,0,0,0,0,8.04138574038561
1685971800,123.36,127.4,120.63,123.43,113.57672756555705,108.41697122192822,119.03188716115368,111.58193375535214,0,0,0,0,0,0,7.95057247321521
1686576600,124.02,128.41,123.53,125.49,115.74277709909214,110.04297396269696,121.18459144076911,112.12734811788735,0,0,0,0,0,0,7.7383887251284085
1687267800,124.97,130.84,123.85,129.33,118.21318126289357,111.87983358529725,123.89972762717942,112.80196191718589,0,0,0,0,0,0,7.684932387619237
1687786200,129.33,131.49,127.1,130.36,120.42169376054929,113.63984943431656,126.05315175145294,113.49051243023743,0,0,0,0,0,0,7.449580074217864
1688391000,130.82,131.85,127.37,129.78,122.12320398590397,115.17700663104831,127.29543450096863,114.12931586434577,0,0,0,0,0,0,7.237467211773731
1688995800,129.07,136.65,125.915,134.68,124.40625780664871,117.03443457094848,129.75695633397908,114.93522504613614,1,1,0,0,0,0,7.487290982361322
1689600600,134.56,135.99,128.415,130,125.4233018418035,118.26925032609624,129.8379708893194,115.52600053452296,0,0,0,0,0,0,7.493555912192657
1690205400,130.305,133.01,126.11,132.21,126.6572469614756,119.59694077122994,130.62864725954626,116.1802750233652,0,0,0,0,0,0,7.451159061321753
1690810200,133.2,143.63,126.41,139.57,129.0050202412073,121.49913688825566,133.60909817303084,117.09751914009597,1,0,0,0,0,0,8.148933414084485
1691415000,140.99,142.54,137,138.41,130.71501656098778,123.10969527985036,135.20939878202057,117.93330270322946,0,0,0,0,0,0,7.962581027364164
1692019800,138.3,141.2778,131.15,133.22,131.17046809535364,124.07258144367414,134.54626585468037,118.532781028593,0,0,0,0,0,0,8.117239525409582
1692624600,133.74,136.775,130.58,133.26,131.55038298710753,124.94757368713374,134.1175105697869,119.11031902747172,0,1,0,0,0,0,7.97993670216604
1693229400,133.78,139.96,131.85,138.12,132.74485880763342,126.20209047883529,135.45167371319127,119.8557967126689,0,0,0,0,0,0,7.98922693772561
1693920600,137.73,138.8519,133.16,138.23,133.74215720624554,127.34760567132716,136.37778247546083,120.57635370432895,0,0,0,0,0,0,7.825132156459496
1694439000,138.75,145.86,138.64,140.39,134.95085589601908,128.5897384645341,137.7151883169739,121.35335944141409,1,0,0,0,0,0,7.811194145283819
1695043800,140.48,141.75,128.52,129.12,133.89070027856107,128.6402395631499,134.85012554464927,121.65793358096647,0,0,0,0,0,0,8.198251706334974
1695648600,129.36,131.78,123.04,127.12,132.65966386427723,128.4954548428499,132.2734170297662,121.87213226406583,0,1,0,0,0,0,8.236948013025332
1696253400,127.28,130.47,124.13,127.96,131.80517952531773,128.44445914353088,130.83561135317746,122.11087217527893,0,0,0,0,0,0,8.101451726380665
1696858200,126.22,134.48,124.76,129.79,131.43878324798723,128.57260589176605,130.48707423545164,122.41201444291505,1,0,0,0,0,0,8.217062317353474
1697463000,130.69,133.07,124.97,125.17,130.2990044756259,128.24854818778832,128.71471615696777,122.52017073927132,0,0,0,0,0,0,8.208700723256797
1698067800,124.63,130.02,118.35,127.74,129.833730934603,128.20011502704656,128.38981077131183,122.72486992596656,0,1,0,0,0,0,8.455936385881312
1698672600,129.72,139.49,128.56,138.6,131.42759803740248,129.19058026256593,131.79320718087456,123.34742404651689,0,0,0,0,0,0,8.691226644032648
1699281000,138.76,143.65,138.36,143.56,133.6334893033293,130.55909642803584,135.71547145391636,124.14007408390839,0,0,0,0,0,0,8.4482818837446
1699885800,142.08,147.29,139.52,145.18,135.73285488454215,131.95156343488958,138.87031430261092,124.96516921787277,0,0,0,0,0,0,8.399833177762842
1700490600,145.13,147.74,141.5,146.74,137.73415399644358,133.3599859649001,141.49354286840727,125.8190841505052,0,0,0,0,0,0,8.24555937935121
1701095400,147.53,149.26,144.332,147.03,139.42430781527202,134.66189206348105,143.33902857893818,126.65088477205403,0,0,0,0,0,0,8.008590852254695
1701700200,145.25,148.57,142.81,147.42,140.8780700306771,135.87694996219713,144.69935238595878,127.4653598790323,0,0,0,0,0,0,7.847977219950788
1702305000,145.66,150.57,143.64,149.97,142.53114820691763,137.21914520389265,146.45623492397252,128.3478947857369,0,0,0,0,0,0,7.7824074185257315
1702909800,150.56,155.63,150.05,153.42,144.51093944202353,138.76208375590286,148.777489949315,129.33111459806096,1,0,0,0,0,0,7.630806888631036
1703601000,153.56,154.78,151.03,151.94,145.86167772529197,140.01712339819784,149.83165996621,130.21773755499976,0,0,0,0,0,0,7.3536063965859615
1704205800,151.54,152.38,144.05,145.24,145.74864541160252,140.5145402174171,148.30110664414,130.80684588617623,0,1,0,0,0,0,7.423348796829821
1704724200,146.74,157.17,146.15,154.62,147.36161897312934,141.85791733956785,150.40740442942666,131.7406950671105,0,0,0,0,0,0,7.745252454199118
1705415400,153.53,155.76,149.91,155.34,148.81223370528764,143.14192521198996,152.0516029529511,132.66615800565518,0,0,0,0,0,0,7.609877278899181
1705933800,156.89,160.72,153.9,159.12,150.68637303159898,144.66364662037188,154.4077353019674,133.70356357406087,0,0,0,0,0,0,7.553457473263525
1706538600,159.34,172.5,154.81,171.81,154.52703248039916,147.2490136089079,160.2084902013116,135.19793362998004,0,0,0,0,0,0,8.277496225173273
1707143400,170.2,175,167.65,174.45,158.14939021123567,149.83958374139286,164.95566013420773,136.73723035037298,0,0,0,0,0,0,8.211246494803754
1707748200,174.8,175.39,165.75,169.51,160.21495562737465,151.71295671840306,166.47377342280515,138.02243700329953,0,0,0,0,0,0,8.313300316603485
1708439400,167.83,175.75,165.74,174.99,162.90132733148835,153.92981798331706,169.31251561520344,139.47214535611133,0,1,0,0,0,0,8.434493151131807
1708957800,175.7,178.725,172.27,178.22,165.686540543945,156.24316865157257,172.28167707680228,140.99166906763637,0,0,0,0,0,0,8.29310078319382
1709562600,177.53,180.14,173.26,175.35,167.44353317231864,158.06286687523232,173.30445138453484,142.33905459439572,0,0,0,0,0,0,8.19216501296569
1710163800,174.31,179.53,171.47,174.42,168.71198168644253,159.62068907759115,173.67630092302323,143.59713088481158,0,1,0,0,0,0,8.182724654896713
1710768600,175.8,181.415,173.52,178.87,170.55889410708934,161.45395678448725,175.40753394868216,144.98038065403466,0,0,0,0,0,0,8.162172893832661
1711373400,178.01,181.7,177.24,180.38,172.3445497239822,163.25643709072656,177.06502263245477,146.3686010205431,0,0,0,0,0,0,7.897731972844612
1711978200,180.79,186.27,178.3762,185.07,174.65826795598542,165.33391927256213,179.73334842163652,147.88630294130613,0,0,0,0,0,0,7.897451117641426
1712583000,186.9,189.77,182.67,186.13,176.74403741853354,167.31449838946097,181.86556561442436,149.38605576713726,1,0,0,0,0,0,7.840490323524183
1713187800,187.425,188.69,173.44,174.63,176.35966697880016,168.01121282855993,179.45371040961624,150.37601436450444,0,0,0,0,0,0,8.369741014701027
1713792600,176.94,180.82,166.32,179.62,176.9524548008365,169.1168116067923,179.5091402730775,151.5228373306023,0,1,0,0,0,0,8.807616656508097
1714397400,182.75,187.87,174.8,186.21,178.63564483704806,170.74473431090732,181.74276018205165,152.8831182195983,0,0,0,0,0,0,9.11207260961466
1715002200,186.28,191.7,184.8,187.48,180.24370941213024,172.33856913843996,183.6551734547011,154.23985868157482,1,0,0,0,0,0,8.954067423213612
1715607000,188,188.31,182.73,184.7,181.0539440644702,173.51584826811234,184.00344896980073,155.43437402739542,0,0,0,0,0,0,8.713062607269784
1716211800,184.34,186.665,180.08,180.75,180.99868150729378,174.2048150997207,182.91896597986715,156.4271436733799,0,0,0,0,0,0,8.561058135321941
1716903000,179.93,184.08,173.87,176.44,180.16983032414944,174.41768985212823,180.75931065324477,157.21196156854148,0,1,0,0,0,0,8.67883969708466
1717421400,177.7,186.2888,175.92,184.3,180.92077026521318,175.35886224716364,181.93954043549653,158.27423758546144,0,0,0,0,0,0,8.7995511472929
1718026200,184.07,188.35,182.23,183.66,181.41881203517443,176.14944679505282,182.5130269569977,159.2697576801492,0,0,0,0,0,0,8.60815463677198
1718631000,182.52,189.275,181.22,189.08,182.81175530150634,177.38092805266683,184.7020179713318,160.4387867907316,0,0,0,0,0,0,8.568643591288268
1719235800,189.33,199.84,185.33,193.25,184.70961797395972,178.89226823812714,187.5513453142212,161.7255010342323,0,0,0,0,0,0,8.993026191910534
1719840600,193.49,200.55,192.82,200,187.48968743323977,180.90252840592456,191.70089687614748,163.2264617779879,0,0,0,0,0,0,8.902810035345498
1720445400,200.04,201.2,192.86,194.49,188.76247153628708,182.19657331964603,192.63059791743166,164.45248288473348,1,0,0,0,0,0,8.862609318535103
1721050200,194.56,196.62,180.11,183.13,187.7383858024167,182.28547109872736,189.46373194495445,165.18493453631257,0,0,0,0,0,0,9.408851510068311
1721655000,185,189.39,176.8,182.5,186.78595202015913,182.30590242265808,187.14248796330295,165.86395671135912,0,0,0,0,0,0,9.636076402206287
1722259800,183.84,190.6,160.55,167.9,183.35214256194837,180.93391171573828,180.72832530886865,165.9438015462078,0,0,0,0,0,0,11.094213802048696
1722864600,154.21,168.55,151.61,166.94,180.36811664159413,179.6011582190013,176.1322168725791,165.98286815223886,0,1,0,0,0,0,11.511769959045216
1723469400,168.14,178.34,166.1101,177.06,179.766640888577,179.35914315052497,176.44147791505273,166.41726547960204,0,0,0,0,0,0,11.563064961970557
1724074200,177.64,182.385,175.24,177.04,179.27088799974482,179.1382723742845,176.64098527670183,166.83384330393136,1,0,0,0,0,0,11.247488893258375
1724679000,176.7,178.9,168.92,178.5,179.13072654524575,179.07748452911454,177.26065685113454,167.29133964495367,0,0,0,0,0,0,11.156953972311348
1725370200,177.55,179.875,171.16,171.39,177.72332171883744,178.34534314538934,175.30377123408968,167.45207142358294,0,0,0,0,0,0,10.982528688574822
1725888600,174.53,188.5,173.51,186.49,179.31726322450336,179.12102475059035,179.0325141560598,168.19865685795224,0,0,0,0,0,0,11.420205210819478
1726493400,185.29,191.84,183.36,191.6,181.55048809277548,180.30949858386745,183.22167610403986,169.11635658901295,0,0,0,0,0,0,11.2101905529038
1727098200,191.64,195.37,187.34,187.97,182.71767207590722,181.03907014730865,184.80445073602658,169.8557151541497,1,0,0,0,0,0,10.983034084839243
1727703000,187.14,188.49,180.875,186.51,183.4071862439241,181.5601110856602,185.37296715735104,170.5088243637909,0,0,0,0,0,0,10.74246022163644
1728307800,182.95,189.9284,180.25,188.82,184.39133419957426,182.25152907750208,186.52197810490068,171.22690968285792,0,1,0,0,0,0,10.66645592009098
1728912600,189.78,190.74,184.58,188.99,185.2274552541971,182.89328821297806,187.3446520699338,171.92350146000075,0,0,0,0,0,0,10.344566211513053
1729517400,188.05,191.5201,183.69,187.83,185.70064520797945,183.36345124031348,187.5064347132892,172.54728571647132,0,0,0,0,0,0,10.164961482119265
1730122200,189.565,200.5,185.23,197.93,187.92416426107408,184.75074159837885,190.98095647552614,173.54268627660971,0,0,0,0,0,0,10.529607090539319
1730730600,196.45,212.25,194.3101,208.18,191.60704348633334,186.9820995413904,196.7139709836841,174.90101230497797,0,0,0,0,0,0,11.058913726929367
1731335400,208.5,215.9,199.61,202.61,193.60758103427273,188.47047101363893,198.67931398912273,175.9876392734102,1,0,0,0,0,0,11.432562746434412
1731940200,204.15,205.3,195.75,197.12,194.24620266440496,189.29423567900665,198.15954265941517,176.8163593019039,0,0,0,0,0,0,11.298093978831956
1732545000,199.28,208.2,199,207.89,196.7268930890586,191.0652608524346,201.4030284396101,178.03493344692728,0,0,0,0,0,0,11.282515837486814
1733149800,209.96,227.15,209.5101,227.03,202.23654889104793,194.49047410458368,209.9453522930734,179.9563086058713,0,0,0,0,0,0,11.852336134809187
1733754600,227.21,231.2,224.2002,227.46,206.8226309108574,197.6304289517662,215.78356819538226,181.8191984644646,0,0,0,0,0,0,11.505726410894244
1734359400,230.23,233,218.73,224.92,210.11306165433788,200.22943571826465,218.82904546358816,183.50942597566205,1,0,0,0,0,0,11.703174524401799
1734964200,225.01,229.14,220.9,223.75,212.5925049899128,202.46948945938232,220.4693636423921,185.08748770210667,0,0,0,0,0,0,11.455804915515955
1735569000,220.06,225.36,218.19,224.19,214.7011404462923,204.5381095108697,221.70957576159472,186.62091955692603,0,0,0,0,0,0,11.149675992979102
1736173800,226.78,228.835,216.5,218.94,215.47184218333007,205.9097181288821,220.78638384106316,187.88833447626226,0,0,0,0,0,0,11.234341993480596
1736778600,218.06,226.51,216.2,225.94,217.37514360454279,207.8173640213695,222.5042558940421,189.38055665366375,0,1,0,0,0,0,11.168317565374839
1737469800,228.9,236.4,226.94,234.85,220.55239022189863,210.3919007812391,226.6195039293614,191.16367207901027,0,0,0,0,0,0,11.11772345356235
1737988200,226.21,241.77,225.86,237.68,223.66650109064435,212.99076737350202,230.3063359529076,192.98784180140203,0,0,0,0,0,0,11.460028921165039
1738593000,234.06,242.52,228.06,229.15,224.66350089234538,214.52974190935896,229.92089063527175,194.40596565232744,1,0,0,0,0,0,11.674312569653251
1739197800,230.545,233.92,227.23,228.68,225.3937734573735,215.87738553703906,229.5072604235145,195.75004543066754,0,0,0,0,0,0,11.318290243249448
1739889000,228.82,229.3,214.74,216.58,223.7912691923965,215.9443012001782,225.19817361567635,196.5669063941708,0,0,0,0,0,0,11.549840940160204
1740407400,217.45,219.97,204.16,212.28,221.6983111574153,215.59532013349454,220.89211574378425,197.183106143419,0,0,0,0,0,0,11.854138015863047
1741012200,213.352,214.01,192.53,199.25,217.61680003788524,214.03862297792364,213.67807716252284,197.2641608044614,0,0,0,0,0,0,12.541699586158543
1741613400,195.6,201.52,190.85,197.95,214.0410182128152,212.50637317050234,208.43538477501522,197.2910564591884,0,0,0,0,0,0,12.408006758575791
1742218200,198.77,199.32,189.38,196.21,210.79901490139426,210.9543376304545,204.36025651667683,197.24866208823985,0,0,0,0,0,0,12.231720561534662
1742823000,200,206.21,191.881,192.72,207.51192128295895,209.2177340466017,200.48017101111787,197.07106749654417,1,0,0,0,0,0,12.381526235710757
1743427800,188.19,198.34,166,171,200.87339014060277,205.57794985168724,190.65344734074526,196.04867269275812,0,0,0,0,0,0,13.80713150458856
1744032600,162,192.65,161.38,184.87,197.96368284231136,203.60576415152656,188.72563156049685,195.6102933714735,0,1,0,0,0,0,15.054479254260807
1744637400,186.84,187.44,171.41,172.61,193.35392232552746,200.65378661328594,183.35375437366457,194.7083210823961,0,0,0,0,0,0,15.124159307527892
1745242200,169.6,189.94,165.285,188.99,192.56048190270428,199.542949792973,185.2325029157764,194.48407319681195,0,0,0,0,0,0,15.804933642704471
1745847000,190.105,192.88,178.85,189.98,192.09130337493986,198.6321926698327,186.81500194385092,194.30744287536834,0,0,0,0,0,0,15.67815266822558
1746451800,186.51,194.69,183.85,193.06,192.2674300340417,198.10150765365816,188.89666796256728,194.25852354692253,0,0,0,0,0,0,15.332570334780897
1747056600,210.71,214.84,202.673,205.59,194.68971548239776,198.81469740092882,194.46111197504484,194.7028951725334,1,0,0,0,0,0,15.793101025153689
1747661400,201.645,206.62,197.85,200.99,195.83522175832545,199.02186907703083,196.63740798336323,194.94944830302228,0,0,0,0,0,0,15.291450951928427
1748352600,203.085,208.81,201.695,205.01,197.50336325681172,199.59216726017075,199.42827198890882,195.34397974211944,0,0,0,0,0,0,14.757775883933538
1748871000,204.98,213.8699,202.68,213.57,200.4245699373914,200.92338942586878,204.14218132593922,196.05872563458536,0,0,0,0,0,0,14.502927606509713
1749475800,214.75,218.4,209.62,212.1,202.54737540332025,201.987828528167,206.79478755062615,196.6877952175428,0,0,0,0,0,0,14.094147063187592
1750080600,212.31,217.96,208.2709,209.69,203.84603442089838,202.72136866834157,207.7598583670841,197.19768560116856,0,0,0,0,0,0,13.779500844388478
1750685400,209.79,223.3,207.3101,223.3,207.38311907164413,204.68123831897572,212.93990557805606,198.22130577367176,0,1,0,0,0,0,13.937386498360729
1751290200,223.52,224.01,217.93,223.41,210.2970974222543,206.4649299076447,216.42993705203736,199.209097704116,0,0,0,0,0,0,13.376144605620675
1751895000,223,226.6799,218.43,225.02,212.97398880002623,208.23207944024995,219.2932913680249,200.2212899510134,0,0,0,0,0,0,13.00998427664777
1752499800,225.07,227.27,222.18,226.13,215.3659908363851,209.9366433030833,221.57219424534995,201.2373177960717,0,0,0,0,0,0,12.444271114030073
1753104600,225.835,236,225.65,231.44,218.28853795704234,211.984582036123,224.8614628302333,202.42173670602966,0,0,0,0,0,0,12.294680320170782
1753709400,233.35,236.53,212.8,214.75,217.64516741939826,212.24795517553986,221.49097522015555,202.90519801167557,1,0,0,0,0,0,13.11148886873001
1754314200,217.4,226.22,211.42,222.69,218.5624097067804,213.24243563501224,221.89065014677035,203.681072599453,0,1,0,0,0,0,13.232096806677868
1754919000,221.78,234.08,219.05,231.03,220.82924430554758,214.9364893840587,224.9371000978469,204.75357955633717,0,0,0,0,0,0,13.360518463343736
1755523800,230.225,231.91,220.5,228.84,222.28574534090257,216.26063325224357,226.23806673189793,205.6981450639318,0,0,0,0,0,0,13.22119571596204
1756128600,227.35,232.71,226.02,229,223.50651891528392,217.47390627583943,227.15871115459862,206.6119432967188,0,0,0,0,0,0,12.754681736250465
1756819800,223.52,236,221.83,232.33,225.11078820341413,218.8887723448071,228.88247410306576,207.62049453998475,0,0,0,0,0,0,12.85577589794686
1757338200,234.94,238.85,226.29,228.15,225.66337216642975,219.77079402625404,228.6383160687105,208.42557318547554,1,0,0,0,0,0,12.834649048093512
1757943000,230.625,235.9,228.71,231.48,226.72094086344254,220.88595649994411,229.585544045807,209.32966835467258,0,0,0,0,0,0,12.471459830372547
1758547800,230.56,230.565,216.47,219.78,225.4589516155439,220.78062730947326,226.31702936387134,209.73948528194032,0,0,0,0,0,0,12.652784128203079
1759152600,220.08,224.2,216.61,219.51,224.37732404908138,220.65961518476152,224.04801957591422,210.12264272186422,0,0,0,0,0,0,12.291156690474285
1759757400,221,228.25,216,216.37,222.9214469492484,220.2510804052604,221.48867971727614,210.36763712492836,0,0,0,0,0,0,12.28821692686898
1760362200,217.7,220.68,211.03,213.04,221.12482023120324,219.56431084285467,218.67245314485075,210.47243566904882,0,1,0,0,0,0,12.099772860664052
1760967000,213.88,225.4,213.59,224.21,221.6857620073481,220.00675742924946,220.51830209656717,211.0111636820273,0,0,0,0,0,0,12.118360513473762
1761571800,227.66,250.5,222.75,244.22,225.78289618783026,222.3127805312257,228.4188680643781,212.31347098861445,0,0,0,0,0,0,13.23490619108278
1762180200,255.36,258.6,238.49,244.41,229.16964233549749,224.41727762348992,233.74924537625208,213.57215840082566,1,0,0,0,0,0,13.725984320291156
1762785000,248.34,251.75,232.89,234.69,230.1733437290434,225.3956321355385,234.0628302508347,214.40030905177366,0,0,0,0,0,0,14.092699725984646
1763389800,233.25,234.6,215.18,220.69,228.44909941467188,224.94747669405865,229.60522016722314,214.64696359876294,0,1,0,0,0,0,14.47964974555717
1763994600,222.555,233.285,222.27,233.22,229.31653588473154,225.73533605652926,230.81014677814875,215.3753179674389,0,0,0,0,0,0,14.345031906588801
1764599400,233.22,238.97,226.8,229.53,229.35534754205307,226.0967326225741,230.3834311854325,215.93040353734324,1,0,0,0,0,0,14.1896724846896
1765204200,229.59,232.42,225.11,226.19,228.77982980713432,226.105615229948,228.98562079028832,216.33274065352586,0,0,0,0,0,0,13.698267307211768
1765809000,227.93,229.225,220.99,227.35,228.5198607512917,226.22412806519105,228.44041386019222,216.7647900396621,0,1,0,0,0,0,13.308033928125212
1766413800,228.61,232.99,226.71,232.52,229.2471587965114,226.82373491612523,229.8002759067948,217.38264141065574,0,0,0,0,0,0,12.806031504687697
1767018600,231.94,235.458,224.7,226.5,228.74767537896386,226.7929030193514,228.70018393786322,217.74018488474766,0,0,0,0,0,0,12.659743540067149
1767623400,228.84,247.86,227.18,247.38,232.1353707646068,228.75357892227032,234.92678929190882,218.90253057554187,0,0,0,0,0,0,13.281190430062354
1768228200,246.73,248.94,236.22,239.12,233.4053033528601,229.74085712014934,236.32452619460588,219.69537251375593,1,0,0,0,0,0,13.241105399343613
1768919400,233.76,240.45,226.88,239.16,234.45161183415826,230.6379183468018,237.26968412973724,220.45869123870668,0,0,0,0,0,0,13.26459787081907
1769437800,239.98,247.775,236.742,239.3,235.3331369552204,231.46287850424923,237.9464560864915,221.19756609209074,0,0,0,0,0,0,13.105198022903423
1770042600,238.31,246.35,200.31,210.32,230.78529387245305,229.44927102765408,228.73763739099434,220.77099487279307,0,0,0,0,0,0,15.457683878410322
1770647400,208.97,212.81,197.275,198.79,224.96796771382523,226.52934045359177,218.7550915939962,219.90899507386,,,0,0,0,0,15.463206458523869
1771338600,198.125,201.7362,196,201.15,220.63742812949337,224.11226041039257,212.8867277293308,219.17334820821844,,,,,,,14.76842028291502