time,open,high,low,close,EMA1,EMA2,EMA3,EMA4,Fractal High,Fractal Low,HH,LH,LL,HL,ATR
1249565400,1.65,1.691,1.556,1.617999,,,,,0,0,0,0,0,0,
1249651800,1.614999,1.675999,1.603,1.642999,,,,,0,0,0,0,0,0,
1249911000,1.663,1.663,1.561,1.597,,,,,0,0,0,0,0,0,
1249997400,1.598,1.6,1.55,1.567,,,,,0,1,0,0,0,0,
1250083800,1.614999,1.62,1.566,1.6,,,1.6049996,,0,0,0,0,0,0,
1250170200,1.6,1.672,1.6,1.655,,,1.6216664,,0,0,0,0,0,0,
1250256600,1.65,1.7,1.625,1.660001,,,1.6344446000000001,,0,0,0,0,0,0,
1250515800,1.627,1.637,1.62,1.622,,,1.6302964000000002,,0,0,0,0,0,0,
1250602200,1.648,1.72,1.635001,1.707001,,,1.6558646000000001,,0,0,0,0,0,0,
1250688600,1.684,1.794,1.68,1.789,1.6458,,1.7002430666666668,,0,0,0,0,0,0,
1250775000,1.795,1.795,1.728999,1.775999,1.6694725454545454,,1.7254950444444446,,0,0,0,0,0,0,
1250861400,1.778999,1.797,1.758,1.782001,1.6899322644628099,,1.744330362962963,,1,0,0,0,0,0,
1251120600,1.752,1.785001,1.73,1.75,1.700853670924117,,1.7462202419753086,,0,0,0,0,0,0,
1251207000,1.764999,1.789999,1.755,1.785001,1.7161531853015504,,1.7591471613168723,,0,0,0,0,0,0,0.07235721428571427
1251293400,1.769,1.785001,1.714999,1.785001,1.7286709697921776,,1.7677651075445815,,0,1,0,0,0,0,0.07218898469387755
1251379800,1.785001,1.821001,1.755,1.816,1.744548975284509,,1.783843405029721,,0,0,0,0,0,0,0.07174698578717202
1251466200,1.810001,1.9,1.8,1.847,1.763176434323689,,1.8048956033531474,,1,0,0,0,0,0,0.07376505823094545
1251725400,1.835001,1.839999,1.781,1.82,1.773507991719382,,1.8099304022354317,,0,0,0,0,0,0,0.07321041121444935
1251811800,1.825,1.844,1.694,1.785001,1.7755976295885851,,1.8016206014902878,,0,1,0,0,0,0,0.07869538184198868
1251898200,1.775999,1.825,1.748,1.767999,1.7742160605724788,1.7186001000000002,1.7904134009935253,,0,0,0,0,0,0,0.0785742831389895
1251984600,1.797,1.797,1.7,1.745,1.768904049559301,1.7211143761904764,1.7752756006623502,,0,0,0,0,0,0,0.07989040577191882
1252071000,1.775,1.79989,1.749001,1.775999,1.770194040548519,1.7263414832199548,1.7755167337749003,,0,0,0,0,0,0,0.07810466250249604
1252416600,1.775999,1.792999,1.745,1.77,1.7701587604487883,1.7304994371990068,1.7736778225166001,,0,0,0,0,0,0,0.07595425803803203
1252503000,1.785001,1.785001,1.722,1.725999,1.762129713094463,1.7300708241324347,1.7577848816777335,,0,0,0,0,0,0,0.07502902532102976
1252589400,1.700999,1.746001,1.695,1.705,1.7517424925318335,1.7276831265960124,1.740189921118489,,0,0,0,0,0,0,0.07331273779809903
1252675800,1.7,1.733,1.653999,1.688,1.7401529484351363,1.723903781205916,1.7227932807456594,,0,0,0,0,0,0,0.07371904224109196
1252935000,1.664,1.68999,1.631,1.664999,1.7264885941742025,1.7182938020434477,1.7035285204971062,,0,1,0,0,0,0,0.07266696779529969
1253021400,1.725,1.735001,1.663,1.717999,1.724945031597075,1.7182657256583576,1.7083520136647374,,0,0,0,0,0,0,0.07261939866706399
1253107800,1.739999,1.775,1.711,1.758,1.7309550258521522,1.7220499422623234,1.7249013424431583,,0,0,0,0,0,0,0.07200372733370226
1253194200,1.766,1.789999,1.653,1.664,1.7187813847881246,1.7165213763325784,1.7046008949621054,,1,0,0,0,0,0,0.07664624680986638
1253280600,1.657001,1.702,1.617999,1.62,1.7008211330084655,1.7073288643009044,1.6764005966414037,,0,0,0,0,0,0,0.07717158632344735
1253539800,1.628,1.663,1.587,1.661,1.6935809270069264,1.7029165915103421,1.6712670644276024,,0,1,0,0,0,0,0.07708790158605826
1253626200,1.696001,1.737,1.682001,1.725,1.6992934857329398,1.705019773271262,1.689178042951735,,0,0,0,0,0,0,0.07701019432991126
1253712600,1.762,1.778999,1.73,1.739999,1.7066944883269508,1.7083511281978085,1.7061183619678233,,0,0,0,0,0,0,0.07536653759206045
1253799000,1.733,1.78488,1.675,1.749001,1.7143865813584143,1.712222544559922,1.7204125746452155,,0,1,0,0,0,0,0.07783178490691327
1253885400,1.748,1.748,1.710001,1.713,1.7141344756568844,1.7122965879351675,1.7179417164301436,,0,0,0,0,0,0,0.07505808598499088
1254144600,1.732001,1.785001,1.703,1.764999,1.7233825709919963,1.7173158652746754,1.7336274776200957,,1,0,0,0,0,0,0.07555400841463437
1254231000,1.755,1.784,1.695,1.703,1.7196766489934516,1.7159524495342302,1.723418318413397,,0,0,0,0,0,0,0.07651443638501763
1254317400,1.7,1.733,1.696001,1.707001,1.7173719855400968,1.7150999305309702,1.7179458789422648,,0,0,0,0,0,0,0.07369190521465922
1254403800,1.7,1.709,1.621001,1.631,1.70166798816917,1.7070904133375444,1.6889639192948431,,0,0,0,0,0,0,0.07471384055646928
1254490200,1.62,1.636,1.59002,1.609,1.6848192630475027,1.6977484692101592,1.6623092795298955,,0,1,0,0,0,0,0.07266142337386432
1254749400,1.610001,1.653,1.6,1.649001,1.6783068515843205,1.693105853094906,1.6578731863532636,,0,0,0,0,0,0,0.07125703599001686
1254835800,1.674001,1.71993,1.644,1.647,1.6726146967508078,1.6887148194668196,1.6542487909021757,,1,0,0,0,0,0,0.07159081913358709
1254922200,1.657001,1.661,1.592,1.613,1.6617756609779337,1.6815038842795034,1.6404991939347837,,0,1,0,0,0,0,0.07140576062404515
1255008600,1.611,1.617999,1.594,1.600999,1.6507253589819457,1.6738367524433602,1.627332462623189,,0,0,0,0,0,0,0.06801956343661335
1255095000,1.598,1.645,1.594,1.625,1.6460480209852284,1.6691856331630401,1.626554975082126,,0,0,0,0,0,0,0.0668038803339981
1255354200,1.622,1.645,1.603999,1.634,1.6438574717151868,1.6658346204808459,1.6290366500547506,,0,0,0,0,0,0,0.06496081745299824
1255440600,1.619,1.667,1.614999,1.653,1.6455197495851528,1.6646122756731463,1.6370244333698338,,0,0,0,0,0,0,0.0640351162063555
1255527000,1.684,1.7,1.653999,1.686,1.652879795115125,1.6666492017995134,1.6533496222465558,,0,0,0,0,0,0,0.06281832219161583
1255613400,1.739999,1.795,1.710001,1.716,1.6643561960032842,1.6713492778186074,1.6742330814977038,1.70067996,1,0,0,0,0,0,0.06611701346364326
1255699800,1.723,1.723,1.621001,1.642999,1.6604730694572325,1.6686492513596924,1.6638217209984691,1.6984179615686275,0,0,0,0,0,0,0.06868001250195448
1255959000,1.646001,1.664,1.606,1.624001,1.653841784101372,1.6643970369444836,1.6505481473323127,1.6954996493502499,0,1,0,0,0,0,0.06791715446610057
1256045400,1.634,1.673,1.627,1.653,1.653688732446577,1.6633116048545329,1.6513654315548751,1.6938329964345538,0,0,0,0,0,0,0.06656585771852196
1256131800,1.637,1.691,1.611,1.649001,1.6528364174562902,1.6619486901064822,1.65057728770325,1.6920748789273163,1,0,0,0,0,0,0.0675254393100561
1256218200,1.633,1.633,1.561,1.628,1.64832070519151,1.6587154815249123,1.6430515251355,1.6895621385772255,0,1,0,0,0,0,0.0689879793593378
1256304600,1.613,1.641,1.592,1.605,1.6404442133385082,1.6535997213796825,1.6303676834236667,1.6862459762800794,0,0,0,0,0,0,0.06756026654795652
1256563800,1.591,1.612,1.581,1.584,1.6301816290951432,1.6469711764863795,1.6149117889491111,1.682236330151449,0,0,0,0,0,0,0.06494881893738821
1256650200,1.595,1.5988,1.526,1.545,1.6146940601687536,1.637259635868629,1.5916078592994074,1.6768545132827646,0,0,0,0,0,0,0.06550961758471763
1256736600,1.55,1.55,1.489,1.493,1.5925678674107984,1.6235206229287598,1.5587385728662717,1.6696445323697149,0,0,0,0,0,0,0.06518750204295208
1256823000,1.495,1.52,1.47184,1.504,1.5764646187906532,1.612137706459354,1.5404923819108478,1.6631486683552164,0,1,0,0,0,0,0.06397125189702693
1256909400,1.51,1.5187,1.487,1.5,1.5625619608287162,1.6014579248917966,1.5269949212738985,1.656750681360894,0,0,0,0,0,0,0.06166616247581071
1257172200,1.51,1.51,1.47201,1.487,1.5488234224962223,1.590557170140197,1.5136632808492656,1.650093791895761,0,0,0,0,0,0,0.0599750080132528
1257258600,1.468,1.482,1.444,1.449,1.530673709315091,1.5770755348887497,1.4921088538995104,1.6422077608410253,0,0,0,0,0,0,0.05876250744087761
1257345000,1.46,1.525,1.433,1.478,1.5210966712578018,1.5676397696612498,1.4874059025996735,1.6357682408080438,0,1,0,0,0,0,0.061136614052243486
1257431400,1.502,1.574,1.485,1.532,1.5230790946654742,1.564245505883988,1.5022706017331158,1.631698898031258,0,0,0,0,0,0,0.06362685590565467
1257517800,1.532,1.5686,1.487,1.529,1.5241556229081152,1.560888791037894,1.5111804011554104,1.6276714902653262,0,0,0,0,0,0,0.06491065191239362
1257777000,1.526,1.574,1.509,1.566,1.5317636914702761,1.5613755728438088,1.5294536007702737,1.6252530004509997,0,0,0,0,0,0,0.06491703391865124
1257863400,1.569,1.569,1.518,1.545,1.534170293021135,1.5598159944777317,1.534635733846849,1.6221058239627253,0,0,0,0,0,0,0.063922960067319
1257949800,1.553,1.553,1.512,1.536,1.5345029670172923,1.5575478045274715,1.5350904892312327,1.618729124983795,0,0,0,0,0,0,0.062285605776796205
1258036200,1.54,1.595,1.54,1.56,1.5391387911959664,1.5577813469534267,1.5433936594874884,1.616426022043254,0,0,0,0,0,0,0.062050919649882186
1258122600,1.561,1.575,1.541,1.558,1.542568101887609,1.5578021710531005,1.5482624396583256,1.6141348054925382,0,0,0,0,0,0,0.06004728253203346
1258381800,1.563,1.621001,1.553,1.600999,1.5531919015444073,1.561916154762329,1.5658412931055503,1.6136196758653798,1,0,0,0,0,0,0.06061540520831678
1258468200,1.583,1.619,1.558,1.607001,1.5629753739908787,1.566209949546869,1.5795611954037,1.6133601199490903,0,0,0,0,0,0,0.06064287626486558
1258554600,1.614999,1.614999,1.58102,1.603,1.5702525787198098,1.5697137638757388,1.5873741302691333,1.6129538407354005,0,0,0,0,0,0,0.05873831367451804
1258641000,1.584,1.589,1.525,1.557,1.5678430189525716,1.5685029292209065,1.5772494201794223,1.610759572471267,0,0,0,0,0,0,0.060114148412052475
1258727400,1.556,1.565,1.531,1.544,1.5635079245975585,1.5661693169141535,1.5661662801196148,1.6081415500214136,0,0,0,0,0,0,0.058248852096905876
1258986600,1.554,1.561,1.515,1.519,1.5554155746707297,1.5616770010175673,1.5504441867464098,1.6046458029617503,0,0,0,0,0,0,0.05737393408998403
1259073000,1.51,1.533,1.501,1.526,1.5500672883669606,1.5582791913968466,1.5422961244976066,1.6015616538259954,0,1,0,0,0,0,0.05556151022641374
1259159400,1.538,1.598,1.536,1.55,1.5500550541184224,1.5574906969780993,1.5448640829984044,1.5995396281857603,0,0,0,0,0,0,0.056735688067384195
1259332200,1.513,1.588,1.506,1.586,1.5565904988241637,1.5602058686944709,1.5585760553322696,1.599008662374554,0,0,0,0,0,0,0.05854028177685676
1259591400,1.587,1.599,1.525,1.586,1.5619376808561338,1.5626624526283308,1.567717370221513,1.5984985187520226,0,0,0,0,0,0,0.059644547364224136
1259677800,1.59,1.634,1.59,1.596,1.5681308297913823,1.5658374571399183,1.5771449134810087,1.5984005376244923,1,0,0,0,0,0,0.05881279398106526
1259764200,1.603,1.6112,1.538,1.561,1.5668343152838582,1.5653767469361166,1.5717632756540059,1.5969338498745123,0,0,0,0,0,0,0.059840451553846305
1259850600,1.558,1.594,1.558,1.593,1.571591712504975,1.5680075329422007,1.5788421837693372,1.5967795812519823,0,0,0,0,0,0,0.058137562157143
1259937000,1.639999,1.671001,1.56001,1.652,1.586211401140434,1.576006815519134,1.6032281225128915,1.5989450878695517,0,0,0,0,0,0,0.06191280771734707
1260196200,1.65,1.692999,1.65,1.687,1.6045366009330824,1.5865775949935021,1.631152081675261,1.6023982216785888,0,0,0,0,0,0,0.060561821451822276
1260282600,1.661,1.697,1.655,1.675,1.6173481280361584,1.5949987764226925,1.645768054450174,1.6052453502402129,0,0,0,0,0,0,0.0592359770624064
1260369000,1.661,1.681,1.634,1.681,1.6289211956659477,1.6031893691443408,1.6575120363001161,1.608216120819028,0,1,0,0,0,0,0.05836197870080596
1260455400,1.68,1.699001,1.675,1.677,1.6376627964539572,1.6102189530353561,1.6640080242000774,1.6109135278457327,1,0,0,0,0,0,0.05590762307931981
1260541800,1.669,1.67,1.646001,1.658,1.641360469825965,1.6147695289367507,1.6620053494667182,1.612760056165508,0,0,0,0,0,0,0.054128435716511256
1260801000,1.674001,1.689999,1.669,1.685001,1.6492951116757895,1.621458240466584,1.6696705663111455,1.615593034355096,0,0,0,0,0,0,0.05254776173676046
1260887400,1.685001,1.689999,1.671001,1.674001,1.6537870913711006,1.6264623128031,1.6711140442074304,1.6178835428117588,0,0,0,0,0,0,0.05015135018413471
1260973800,1.688,1.713,1.674001,1.7,1.6621894383945368,1.6334659020599476,1.680742696138287,1.6211037960348271,1,0,0,0,0,0,0.04935475374241081
1261060200,1.691,1.698199,1.614,1.631,1.656518631413712,1.6332310542447144,1.6641617974255247,1.621491882464834,0,1,0,0,0,0,0.0519722713322386
1261146600,1.63,1.68,1.623,1.639,1.653333425702128,1.6337804776499796,1.6557745316170165,1.6221784753093502,0,0,0,0,0,0,0.05233139480850727
1261405800,1.678999,1.685001,1.636,1.649001,1.6525457119381046,1.6352300512071243,1.6535166877446776,1.623230339022709,0,0,0,0,0,0,0.05209350946504247
1261492200,1.65,1.673,1.623,1.673,1.6562646734039037,1.6388271891873982,1.6600111251631184,1.6251820904335832,0,0,0,0,0,0,0.0519439730746823
1261578600,1.675,1.684,1.664999,1.678,1.6602165509668303,1.6425579330743127,1.6660074167754122,1.6272533810048153,0,0,0,0,0,0,0.04959090356934785
1261665000,1.672,1.7,1.672,1.678,1.6634499053364975,1.6459333680196162,1.6700049445169414,1.6292434444948225,0,0,0,0,0,0,0.04804869617153729
1262010600,1.675,1.78,1.675,1.738,1.6770044680025888,1.6547016186844146,1.6926699630112942,1.63350840745581,1,0,0,0,0,0,0.052116646444998915
1262097000,1.752,1.767999,1.739999,1.753,1.6908218374566635,1.6640633692858988,1.7127799753408628,1.6381943522614644,0,0,0,0,0,0,0.05053681455607043
1262183400,1.731,1.778,1.731,1.769,1.7050360488281793,1.6740573341158131,1.7315199835605752,1.6433239855061128,0,0,0,0,0,0,0.05028418494492254
1262269800,1.761,1.828999,1.761,1.828999,1.7275747672230557,1.6888136832476404,1.7640129890403835,1.65060535862352,0,0,0,0,0,0,0.05154952887742808
1262615400,1.83,1.889999,1.800999,1.886,1.7563793550006819,1.7075933324621508,1.8046753260269224,1.6598365210304409,0,0,0,0,0,0,0.05422456252904036
1262701800,1.895,1.924001,1.810001,1.9,1.7824921995460123,1.725917776989565,1.8364502173512816,1.669254696676306,0,0,0,0,0,0,0.05849423663410891
1262788200,1.895,1.93,1.859,1.914999,1.806584345083101,1.7439255125143684,1.8626331449008544,1.678891728179196,0,0,0,0,0,0,0.05938750544595827
1262874600,1.903999,1.917,1.864999,1.903,1.8241144641589009,1.7590754637034762,1.8760887632672363,1.6876802878584432,0,0,0,0,0,0,0.058859897914104106
1262961000,1.889999,1.93,1.88501,1.917,1.8410027434027372,1.7741158957317167,1.8897258421781575,1.6966732177463473,0,0,0,0,0,0,0.05786919092023952
1263220200,1.92,1.955,1.9028,1.928999,1.8570020627840578,1.7888666675667912,1.9028168947854383,1.7057840327366867,1,0,0,0,0,0,0.05746424871165098
1263306600,1.914,1.914,1.874001,1.9,1.8648198695505926,1.799450794465192,1.9018779298569588,1.7134003451783852,0,0,0,0,0,0,0.057288088089390184
1263393000,1.896001,1.896001,1.825,1.842,1.8606708023595757,1.8035030997542214,1.8819186199046392,1.71844346889688,0,0,0,0,0,0,0.05855322465443374
1263479400,1.848,1.887,1.814999,1.842999,1.8574577473851075,1.8072646140633433,1.8689454132697594,1.7233279995283748,0,0,0,0,0,0,0.0595137800362599
1263565800,1.856,1.856,1.814999,1.824001,1.851374702405997,1.80885855558112,1.8539639421798395,1.7272759603311836,0,0,0,0,0,0,0.05819143860509849
1263911400,1.789999,1.814999,1.73,1.781,1.838579301968543,1.8062053598114896,1.829642628119893,1.7293827854162351,0,1,0,0,0,0,0.060749264419020024
1263997800,1.771001,1.800999,1.744,1.796001,1.830837792519717,1.805233516019919,1.8184287520799287,1.73199526441952,0,0,0,0,0,0,0.06048138838909002
1264084200,1.787,1.849001,1.778999,1.7985,1.8249581938797685,1.8045922287799268,1.8117858347199525,1.7346032932658133,1,0,0,0,0,0,0.06116143207558359
1264170600,1.788,1.806,1.738,1.756,1.8124203404470833,1.7999643974675528,1.7931905564799684,1.735442379804409,0,0,0,0,0,0,0.06164990121304191
1264429800,1.767,1.78,1.746001,1.764999,1.8037982785476137,1.7966343596135002,1.7837933709866456,1.736601462949334,0,0,0,0,0,0,0.059674836840681776
1264516200,1.703,1.8,1.6842,1.775999,1.7987438642662295,1.7946690872693574,1.7811952473244304,1.7381464644023013,0,1,0,0,0,0,0.06368377706634737
1264602600,1.764,1.795,1.725,1.741,1.7882449798541877,1.7895577456246567,1.7677968315496202,1.7382583677590737,0,0,0,0,0,0,0.06413493584732255
1264689000,1.755,1.774001,1.725,1.772,1.7852913471534264,1.7878855793746895,1.7691978876997467,1.7395815690234238,0,0,0,0,0,0,0.06305394042965665
1264775400,1.772,1.786,1.725,1.738,1.776692920398258,1.7831345718151952,1.7587985917998312,1.7395195467087796,0,0,0,0,0,0,0.06290723039896688
1265034600,1.738,1.769,1.728999,1.75,1.7718396621440293,1.7799788983089861,1.7558657278665541,1.7399305448770628,0,0,0,0,0,0,0.061271071084754956
1265121000,1.750999,1.78,1.735001,1.77,1.7715051781178421,1.7790285270414636,1.760577151911036,1.7411097391956094,0,0,0,0,0,0,0.06010878029298674
1265207400,1.753999,1.769,1.748,1.762,1.7697769639145982,1.7774067625613243,1.7610514346073574,1.7419289651095071,0,0,0,0,0,0,0.0573867245577734
1265293800,1.738,1.758,1.706,1.722,1.761090243202853,1.7721299280316745,1.7480342897382382,1.741147437065997,0,0,0,0,0,0,0.05728767280364673
1265380200,1.725,1.732001,1.660001,1.72,1.7536192898932434,1.7671651729810387,1.7386895264921587,1.740318125808507,0,1,0,0,0,0,0.05833855331767195
1265639400,1.708,1.728999,1.687,1.700999,1.7440519644581083,1.7608636326971303,1.726126017661439,1.7387761993062125,0,0,0,0,0,0,0.05717144236640966
1265725800,1.703999,1.738,1.682001,1.699001,1.7358608800111794,1.7549719533926418,1.717084345107626,1.7372163875687139,1,0,0,0,0,0,0.05708769648309468
1265812200,1.686,1.694,1.650999,1.68,1.7257043563727832,1.7478317673552473,1.7047228967384174,1.7349726076640584,0,0,0,0,0,0,0.05643871816287362
1265898600,1.675999,1.725,1.65,1.713,1.7233944733959135,1.744514456178557,1.7074819311589449,1.7341109367752718,0,1,0,0,0,0,0.05776452400838266
1265985000,1.698,1.739,1.678999,1.736,1.7256863873239292,1.743703555590123,1.7169879541059632,1.7341850176860454,0,0,0,0,0,0,0.057924272293498204
1266330600,1.739999,1.750999,1.72701,1.748,1.7297434078104876,1.744112740772016,1.7273253027373088,1.7347267816983574,0,0,0,0,0,0,0.05550032427253405
1266417000,1.760001,1.760001,1.717,1.741,1.7317900609358536,1.7438162892699194,1.7318835351582058,1.734972790259206,0,0,0,0,0,0,0.05460751539592446
1266503400,1.747,1.75,1.73,1.745,1.7341918680384256,1.7439290236251652,1.7362556901054707,1.7353660141706098,0,0,0,0,0,0,0.05213555001050129
1266589800,1.75,1.762,1.736,1.753,1.7376115283950755,1.7447929261370543,1.7418371267369803,1.7360575430266643,1,0,0,0,0,0,0.0502687250097512
1266849000,1.75,1.759,1.723,1.735001,1.737136886868698,1.743860361743049,1.7395584178246535,1.736016109966795,0,0,0,0,0,0,0.04924953036619752
1266935400,1.735001,1.749001,1.713,1.738,1.7372938165289347,1.7433022320532348,1.7390389452164356,1.7360939095759402,0,1,0,0,0,0,0.04830320676861198
1267021800,1.75,1.787,1.741,1.774001,1.7439678498873101,1.7462259242386409,1.7506929634776238,1.7375804621415896,0,0,0,0,0,0,0.048352977713711116
1267108200,1.8,1.839,1.769,1.809,1.7557918771805265,1.7522044076444845,1.770128642318416,1.7403812283321154,0,0,0,0,0,0,0.04989919359130318
1267194600,1.805,1.819,1.796001,1.814999,1.766556808602249,1.7581848450116764,1.7850854282122772,1.7433074154563462,0,0,0,0,0,0,0.04797775119192438
1267453800,1.87,1.88,1.812,1.83,1.778091934310931,1.765024383581993,1.8000569521415182,1.7467071246541366,0,0,0,0,0,0,0.049407911821072625
1267540200,1.819,1.874001,1.819,1.872,1.79516612807258,1.775212537526565,1.8240379680943455,1.7516205707461312,0,0,0,0,0,0,0.049807418119567445
1267626600,1.875,1.994,1.875,1.891,1.8125904684230199,1.7862399149049875,1.8463586453962304,1.7570864307168712,1,0,0,0,0,0,0.0549640311110269
1267713000,1.900999,1.924001,1.850191,1.906,1.8295740196188344,1.7976456372949887,1.8662390969308202,1.762926178531896,0,0,0,0,0,0,0.056310171745953555
1267799400,1.905,1.966,1.905,1.936,1.8489241978699553,1.8108222432668946,1.8894927312872134,1.7697133872169195,0,0,0,0,0,0,0.05664515947838544
1268058600,1.948,1.952,1.909,1.931,1.863847070984509,1.8222677439081427,1.9033284875248089,1.7760383524240992,0,0,0,0,0,0,0.055670505229929335
1268145000,1.944,2,1.914999,1.935001,1.8767841489873256,1.8330042444883197,1.9138859916832058,1.7822721817408012,1,0,0,0,0,0,0.05776554057064868
1268231400,1.946001,1.998,1.936,1.974001,1.894459940080539,1.8464325069180034,1.9339243277888039,1.7897909589274363,0,0,0,0,0,0,0.05813935910131663
1268317800,1.978999,1.9974,1.978999,1.986,1.9111035873386228,1.8597246491162889,1.951282885192536,1.7974854311263604,0,0,0,0,0,0,0.05565790487979403
1268404200,1.989999,2,1.944,1.964999,1.920902753277055,1.8697507777718805,1.9558549234616907,1.8040545906900325,1,0,0,0,0,0,0.055682340245523036
1268659800,1.956,1.956,1.903,1.942,1.9247386163175906,1.8766316560793204,1.9512366156411272,1.809464214584541,0,1,0,0,0,0,0.05613353022798567
1268746200,1.942,1.967999,1.916,1.95,1.9293315951689378,1.8836191174050994,1.9508244104274182,1.8149754218557355,0,0,0,0,0,0,0.05583820664027243
1268832600,1.959,1.999001,1.956,1.989,1.9401803960473127,1.893655391937947,1.963549606951612,1.821799915116295,0,0,0,0,0,0,0.05534983473739583
1268919000,1.994,2,1.948,1.998,1.9506930513114378,1.9035929736581425,1.9750330713010746,1.8287097223666362,0,0,0,0,0,0,0.05511056082758185
1269005400,2,2.028,1.969,2.011,1.9616579510729946,1.9138222142621288,1.9870220475340499,1.8358583607051995,0,0,0,0,0,0,0.055388377911326
1269264600,1.987,2.014999,1.97,1.994,1.9675383236051773,1.9214581938562119,1.9893480316893666,1.842059993618721,0,0,0,0,0,0,0.054646279489088435
1269351000,1.998,2.03,1.995,2.022,1.9774404465860542,1.9310336039651441,2.0002320211262443,1.8491164644572025,1,0,0,0,0,0,0.05331440238272496
1269437400,2.02,2.02,1.957001,1.962,1.9746330926613171,1.9339827845398923,1.9874880140841629,1.8535432697726062,0,0,0,0,0,0,0.05414901649824459
1269523800,1.975,1.975,1.931,1.964999,1.9728814394501686,1.9369367098218073,1.9799916760561085,1.8579140827227,0,1,0,0,0,0,0.05342408674836998
1269610200,1.966,2.02,1.966,1.991,1.9761757231865016,1.9420855946006828,1.983661117370739,1.863133138302202,0,0,0,0,0,0,0.053536723409200696
1269869400,2.009,2.039999,1.994,2.022,1.984507409879865,1.9496964903529987,1.996440744913826,1.8693632113099587,0,0,0,0,0,0,0.05321260030854349
1269955800,2.028,2.050999,1.996001,2.038,1.9942333353562531,1.958106348414618,2.0102938299425506,1.8759764187095682,0,0,0,0,0,0,0.053340128857933246
1270042200,2.039,2.067999,2.017,2.05625,2.005509092564207,1.9674533628513209,2.0256125532950335,1.8830459709170362,0,0,0,0,0,0,0.05317290536808088
1270128600,2.069,2.08,2.009,2.05,2.013598348461624,1.9753149473416713,2.033741702196689,1.889593187743819,0,0,0,0,0,0,0.05444626927036083
1270474200,2.069,2.07,1.978999,2.025999,2.0158530123776925,1.9801419999757979,2.031160801464459,1.894942435283277,0,1,0,0,0,0,0.05705732146533505
1270560600,2.005,2.083,2,2.067999,2.025334101036294,1.988509333311436,2.043440200976306,1.9017289672329525,1,0,0,0,0,0,0.05891036993209685
1270647000,2.058,2.0743,2.039999,2.048,2.02945517357515,1.9941751110912993,2.0449601339842043,1.9074650861649936,0,0,0,0,0,0,0.05715255779408994
1270733400,2.048,2.048,2.008,2.010001,2.025918051106941,1.9956823386064138,2.0333070893228027,1.9114861023938172,0,0,0,0,0,0,0.05592737509451209
1270819800,2.010001,2.014,1.983,2.000999,2.0213873145420425,1.9961886873105648,2.022537726215202,1.9149964121038636,0,0,0,0,0,0,0.05414684830204691
1271079000,1.992,2.014999,1.967,2.002,2.017862348261671,1.9967421456619394,2.0156918174768013,1.9184083175115552,0,1,0,0,0,0,0.05370771628047212
1271165400,1.986,2.024001,1.975,2.014999,2.0173417394868216,1.9984808936941356,2.0154608783178674,1.9221961874130629,0,0,0,0,0,0,0.053371522260438405
1271251800,2.063,2.156,2.05,2.155,2.0423705141255812,2.0133874752470753,2.061973918878578,1.931325748690982,0,0,0,0,0,0,0.059630770670407104
1271338200,2.160001,2.2,2.160001,2.196001,2.070303329739112,2.0307792395092585,2.1066496125857186,1.9417051703109436,0,0,0,0,0,0,0.058585715622520906
1271424600,2.197,2.198,2.167,2.188,2.0917027243320008,2.0457526452702814,2.1337664083904793,1.9513637910830635,0,0,0,0,0,0,0.05661530736376942
1271683800,2.167999,2.203999,2.13,2.189999,2.109574774453455,2.0594903933397783,2.152510605593653,1.960722034570002,0,1,0,0,0,0,0.05785699969492876
1271770200,2.247,2.288,2.217999,2.237,2.1327429972800998,2.076396070164561,2.180673737062435,1.9715564645868646,1,0,0,0,0,0,0.060724428288148134
1271856600,2.25,2.2825,2.146001,2.184,2.1420624523200815,2.086644063482222,2.181782491374957,1.979887583622674,0,0,0,0,0,0,0.06613689769613756
1271943000,2.184,2.186,2.097,2.153,2.144051097352794,2.0929636764839152,2.1721883275833047,1.9866763058335495,0,1,0,0,0,0,0.06776997643212775
1272029400,2.142999,2.162,2.108,2.149001,2.144951079652286,2.098300564437828,2.16445921838887,1.9930419801145867,0,0,0,0,0,0,0.06678640668697575
1272288600,2.135001,2.202499,2.13,2.178999,2.1511416106245975,2.1059861297294633,2.1693058122592466,2.0003344122669557,1,0,0,0,0,0,0.0671944490664775
1272375000,2.186,2.186,2.082001,2.1,2.14184313596558,2.1054160221361813,2.1462038748394976,2.0042428666878593,0,0,0,0,0,0,0.0698233455617291
1272461400,2.117999,2.128999,2.067999,2.100999,2.1344169294263833,2.104995353361307,2.1311355832263317,2.0080372248569627,0,0,0,0,0,0,0.06919310659303417
1272547800,2.133,2.18,2.133,2.139999,2.135431851348859,2.1083290339935634,2.1340900554842213,2.0132121964311995,0,0,0,0,0,0,0.06989367040781747
1272634200,2.157001,2.169,2.049001,2.050999,2.120080423830885,2.1028690307560813,2.106393036989481,2.01469403186527,0,0,0,0,0,0,0.07347262252154478
1272893400,2.064999,2.147,2.039,2.112,2.1186112558616332,2.10373864687455,2.108262024659654,2.018509952184279,0,0,0,0,0,0,0.07593886377000583
1272979800,2.097,2.097,1.9924,2.005,2.097954663886791,2.0943349662198307,2.0738413497731027,2.0179801501378365,0,0,0,0,0,0,0.07905751635786255
1273066200,1.994,2.006,1.9201,1.959,2.0726901795437382,2.081445921817942,2.0355608998487353,2.015667203073608,0,0,0,0,0,0,0.07954626518944378
1273152600,1.957001,1.958,1.855,1.92,2.044928328717604,2.0660701197400426,1.997040599899157,2.0119155480511135,0,0,0,0,0,0,0.08129296053305494
1273239000,1.924001,1.95,1.83812,1.928999,2.023850268950767,2.053015727383848,1.9743600665994379,2.0086639187157758,0,1,0,0,0,0,0.08347774906640816
1273498200,2,2.091,2,2.074001,2.032968583686991,2.0550143247758625,2.007573711066292,2.01122615719751,0,0,0,0,0,0,0.08908655270452188
1273584600,2.033,2.08,2.017,2.066,2.038974295743902,2.0560605795591136,2.027049140710861,2.0133741510329015,0,0,0,0,0,0,0.08722322751134177
1273671000,2.056,2.092,2.05,2.072,2.0449789692450104,2.0575786196011028,2.0420327604739072,2.015673203933572,1,0,0,0,0,0,0.0839929969748174
1273757400,2.083,2.083,2.032001,2.046001,2.0451647930186447,2.0564759891629025,2.043355506982605,2.01686252926951,0,0,0,0,0,0,0.08163628290518758
1273843800,2.041,2.048599,1.972,2.023,2.0411348306516186,2.0532877997188166,2.0365703379884033,2.017103214396196,0,1,0,0,0,0,0.08127647698338845
1274103000,2.025,2.052,1.992,2.052,2.043110315987688,2.053165152126548,2.0417135586589357,2.0184717157924235,0,0,0,0,0,0,0.07975672862743213
1274189400,2.060001,2.088,1.994,2.008,2.0367266221717446,2.048863709066877,2.030475705772624,2.018061060271152,1,0,0,0,0,0,0.08077410515404414
1274275800,1.984,2.028,1.892999,2.002,2.030412690867791,2.0444004986795554,2.020983803848416,2.0174312147703226,0,1,0,0,0,0,0.08464745478589812
1274362200,1.977,2.03,1.944,2.010001,2.0267014743463747,2.041124355948169,2.0173228692322773,2.0171398337989372,0,0,0,0,0,0,0.08474406515833396
1274448600,1.989999,2.025,1.953999,1.981,2.0183921153743065,2.035398226810248,2.005215246154852,2.015722585414665,0,0,0,0,0,0,0.08376241764702438
1274707800,1.975,2,1.931,1.939,2.003957185306251,2.0262174433045104,1.9831434974365678,2.0127138565748743,0,0,0,0,0,0,0.08270795924366549
1274794200,1.9,1.934,1.852,1.923,1.9892376970687509,2.0163872106088427,1.9630956649577118,2.0091956661209576,0,1,0,0,0,0,0.08301453358340367
1274880600,1.956,2.042,1.948,2.002,1.9915581157835234,2.015017000074667,1.9760637766384745,2.008913483135822,0,0,0,0,0,0,0.08558492404173197
1274967000,2.037,2.155,2.028999,2.134,2.017456640186519,2.0263487143532704,2.0287091844256495,2.013818836738339,1,0,0,0,0,0,0.0904002866101797
1275053400,2.142999,2.149001,2.03,2.064999,2.026100705607152,2.030029693938673,2.0408057896170995,2.015825901964287,0,0,0,0,0,0,0.0924431947094526
1275399000,2.066,2.099001,2.034,2.039,2.028446031860397,2.0308840088016566,2.040203859744733,2.0167346901225502,0,0,0,0,0,0,0.09048303794449171
1275485400,2.034,2.111,2.034,2.111,2.043455844249416,2.038514103201499,2.0638025731631555,2.020431368941274,0,0,0,0,0,0,0.08951996380559947
1275571800,2.106,2.2,2.106,2.166,2.0657365998404313,2.0506556171823087,2.0978683821087705,2.0261399427082827,1,0,0,0,0,0,0.08983996639091382
1275658200,2.139999,2.144,2.058,2.081,2.0685117635058075,2.0535455584030413,2.0922455880725135,2.0282913175040362,0,0,0,0,0,0,0.09113711164870571
1275917400,2.088,2.110001,2.05519,2.077,2.0700550792320245,2.055779314745609,2.0871637253816755,2.0302014619156425,0,1,0,0,0,0,0.08854238938808387
1276003800,2.094,2.110001,2.062,2.109,2.077135973917111,2.0608479514365032,2.0944424835877835,2.033291600664049,0,0,0,0,0,0,0.0856465758603636
1276090200,2.125,2.189999,2.096001,2.107001,2.0825659786594546,2.065243479871122,2.098628655725189,2.0361821653438903,0,0,0,0,0,0,0.08624310615605192
1276176600,2.15,2.197,2.148801,2.18,2.1002812552668266,2.0761726722643488,2.125752437150126,2.0418220804284437,0,0,0,0,0,0,0.0865113842877625
1276263000,2.15,2.198,2.142999,2.192999,2.1171390270364947,2.0872989891915537,2.148167958100084,2.047750587078309,0,0,0,0,0,0,0.08426064255292232
1276522200,2.214999,2.216,2.131,2.150999,2.123295385757132,2.0933656568875962,2.1491116387333893,2.051799544447787,0,1,0,0,0,0,0.0843134537991422
1276608600,2.175,2.27,2.157001,2.225,2.14178713380129,2.1059022609935396,2.174407759155593,2.0585917191753245,0,0,0,0,0,0,0.08679113567063203
1276695000,2.222,2.349001,2.205,2.288,2.1683712912919644,2.1232449028036786,2.212271839437062,2.0675881223449197,0,0,0,0,0,0,0.09087755455130116
1276781400,2.328999,2.3694,2.303,2.335001,2.198667601966153,2.1434121501557093,2.253181559624708,2.078074901860805,1,0,0,0,0,0,0.09020058636906539
1276867800,2.328999,2.353,2.281,2.303999,2.2178187652450343,2.1587061358551654,2.270120706416472,2.0869346704152836,0,0,0,0,0,0,0.08890054448556073
1277127000,2.339,2.339999,2.238,2.299001,2.232579171564119,2.1720675514880066,2.2797474709443146,2.0952509970656648,0,0,0,0,0,0,0.08983614845087784
1277213400,2.289,2.303999,2.210001,2.225999,2.231382776734279,2.17720387991772,2.2618313139628765,2.1003783697297562,0,0,0,0,0,0,0.09013342356152942
1277299800,2.25,2.27,2.150999,2.253999,2.2354948173280467,2.184517700877937,2.2592205426419176,2.1064027081717267,0,0,0,0,0,0,0.09219539330713446
1277386200,2.264999,2.267999,2.073,2.124001,2.2152232141774926,2.1787542055562286,2.2141473617612784,2.1070928372630315,0,0,0,0,0,0,0.09953850807091058
1277472600,2.144,2.207001,2.1125,2.147,2.2028189934179485,2.1757299955032545,2.1917649078408523,2.10865782403703,0,0,0,0,0,0,0.09917868606584555
1277731800,2.153999,2.186,2.052,2.175,2.197760994614685,2.1756604721219923,2.1861766052272347,2.1112594779963625,0,0,0,0,0,0,0.101665922775428
1277818200,2.128,2.128999,2.036,2.097,2.1794408137756514,2.1681689985865646,2.1564510701514896,2.110700282780819,0,1,0,0,0,0,0.10433264257718312
1277904600,2.089,2.131,2.067,2.106,2.166087938543715,2.1622481415783206,2.1396340467676596,2.1105159579658848,0,0,0,0,0,0,0.10145173953595574
1277991000,2.132001,2.155,2.067999,2.141,2.1615264951721302,2.160224509047052,2.140089364511773,2.1117114105946735,0,0,0,0,0,0,0.10041954385481602
1278077400,2.148,2.169,2.127,2.157001,2.160703677868107,2.159917508185428,2.145726576341182,2.113487472924294,0,0,0,0,0,0,0.09624671929375775
1278423000,2.181,2.221001,2.075,2.087,2.1473030091648146,2.1529729835963396,2.1261510508941215,2.1124487484958903,1,0,0,0,0,0,0.09980059648706074
1278509400,2.075,2.169,2.05,2.167,2.1508842802257573,2.1543088899204976,2.1397673672627477,2.1145880132607573,0,1,0,0,0,0,0.1011719824522707
1278595800,2.175999,2.2,2.135001,2.178999,2.155996047457438,2.1566603289756885,2.152844578175165,2.117113934309355,0,0,0,0,0,0,0.09858819799139425
1278682200,2.174001,2.200999,2.15,2.200999,2.1641784024651765,2.1608830595494326,2.168896052116777,2.120403544728596,0,0,0,0,0,0,0.09518896956343752
1278941400,2.185001,2.238,2.145,2.210001,2.1725097838351446,2.1655609586399627,2.1825977014111846,2.1239171704255138,0,0,0,0,0,0,0.09503261459462055
1279027800,2.231,2.25,2.214,2.248,2.1862352776833003,2.1734122959123474,2.2043984676074566,2.12878316374216,0,0,0,0,0,0,0.09110164212357622
1279114200,2.25,2.2862,2.222,2.228999,2.1940104999227,2.178706267730219,2.2125986450716377,2.132713196536585,0,0,0,0,0,0,0.08918009625760649
1279200600,2.225,2.3,2.191,2.291,2.211644954482209,2.1894009088987696,2.2387324300477585,2.1389205221626013,1,0,0,0,0,0,0.09059580366777745
1279287000,2.269,2.295,2.198,2.199001,2.2093460536672618,2.190315203289363,2.225488620031839,2.1412766193326953,0,0,0,0,0,0,0.0910532462629362
1279546200,2.205,2.237,2.178,2.227,2.212555862091396,2.193808993452281,2.225992413354559,2.1446383205353348,0,0,0,0,0,0,0.0887637286727265
1279632600,2.203,2.209,2.160001,2.2,2.2102729780747787,2.1943986131234925,2.2173282755697064,2.146809366788851,0,1,0,0,0,0,0.08720910519610317
1279719000,2.217,2.236,2.172,2.177,2.2042233456975464,2.1927416023498267,2.203885517046471,2.1479933131892883,0,0,0,0,0,0,0.08555131196781009
1279805400,2.203,2.2935,2.189,2.285001,2.218910191934356,2.201528211649843,2.230924011364314,2.1533661636524535,0,0,0,0,0,0,0.08776193254153793
1279891800,2.289999,2.313,2.25,2.288,2.2314719752190184,2.2097636200641437,2.2499493409095424,2.1586459219405927,1,0,0,0,0,0,0.08599322307428524
1280151000,2.289,2.295,2.191,2.28,2.240295252451924,2.216452799105654,2.2599662272730283,2.163404905393903,0,0,0,0,0,0,0.08727942142612201
1280237400,2.285001,2.306,2.223,2.242,2.240605206551574,2.2188858658574966,2.2539774848486855,2.166487065966691,0,0,0,0,0,0,0.0869737484671133
1280323800,2.238,2.255,2.177,2.18,2.2295860780876513,2.2151824500615445,2.229318323232457,2.1670169849483893,0,0,0,0,0,0,0.08633276643374806
1280410200,2.191,2.199001,2.136,2.177,2.2200249729808057,2.2115460262461593,2.2118788821549713,2.167408475734727,0,0,0,0,0,0,0.08466621168848033
1280496600,2.158,2.191,2.109,2.175999,2.212020250620659,2.2081605951750967,2.1999189214366477,2.1677453590392477,0,1,0,0,0,0,0.084475767996446
1280755800,2.198,2.28,2.160001,2.183,2.206743841416903,2.2057643480155638,2.194279280957765,2.168343580253395,1,0,0,0,0,0,0.08701314171098558
1280842200,2.172,2.189999,2.137,2.160001,2.1982451429774663,2.2014059339188434,2.1828531873051764,2.1680164202434575,0,0,0,0,0,0,0.08458356016020088
1280928600,2.169,2.245,2.125101,2.234,2.2047460260724723,2.2045101306884773,2.1999021248701176,2.1706040116064593,0,1,0,0,0,0,0.0871060915773294
1281015000,2.211,2.275,2.211,2.274001,2.217337839513841,2.211128308718146,2.2246017499134116,2.1746587954650294,0,0,0,0,0,0,0.08545565646466302
1281101400,2.256,2.273,2.239,2.259,2.2249127777840516,2.215687517411656,2.236067833275608,2.177966293682087,0,0,0,0,0,0,0.08185175243147283
1281360600,2.267999,2.292999,2.248,2.289999,2.2367466363687694,2.222764801467689,2.254044888850405,2.182359733145535,1,0,0,0,0,0,0.0792194129720819
1281447000,2.258,2.282001,2.22,2.23,2.2355199752108112,2.2234538679945755,2.2460299259002703,2.1842279789045334,0,0,0,0,0,0,0.07856081204550461
1281533400,2.053999,2.075,1.928101,2.023,2.1968799797179366,2.2043630234236633,2.1716866172668468,2.17790531306514,0,1,0,0,0,0,0.09451353975653999
1281619800,2.045,2.089,2.02,2.041,2.168538165223766,2.1888046402404573,2.128124411511231,2.1725364772586637,0,0,0,0,0,0,0.09269114405964428
1281706200,2.038,2.055,1.995,1.999001,2.1377132260921723,2.1707281030746994,2.0850832743408207,2.1657311644249906,0,0,0,0,0,0,0.09035606234109826
1281965400,1.999001,2.030431,1.971001,2.027,2.117583548620868,2.1570397123056804,2.0657221828938805,2.1602907266044027,0,1,0,0,0,0,0.08814705788816268
1282051800,2.039,2.071001,2.028999,2.037,2.102931994326165,2.145607358752758,2.0561481219292537,2.155455796149328,0,0,0,0,0,0,0.08499376803900818
1282138200,2.032001,2.082001,2.009,2.075,2.097853449903226,2.138882848395353,2.062432081286169,2.15230066688857,0,0,0,0,0,0,0.0841371417505076
1282224600,2.067,2.085001,2.038,2.050999,2.0893344590117304,2.1305129580719857,2.0586210541907795,2.148328052500783,1,0,0,0,0,0,0.08148456019689994
1282311000,2.028999,2.055,2.028999,2.042999,2.0809098301005067,2.1221782953984634,2.053413702793853,2.144197501422321,0,0,0,0,0,0,0.07752144875426423
1282570200,2.044,2.057001,2.022,2.039999,2.07347149735496,2.114351695836705,2.048942135195902,2.1401112856802693,0,0,0,0,0,0,0.07448427384324538
1282656600,2,2.048,1.995,2.024001,2.06447686147224,2.1057468676617805,2.0406284234639345,2.135557941143788,0,0,0,0,0,0,0.07294968285444213
1282743000,2.025,2.042,1.971001,2.028999,2.05802634120456,2.0984375469320873,2.0367519489759562,2.1313791591381492,0,1,0,0,0,0,0.07281034836483911
1282829400,2.052,2.102,2.025999,2.060001,2.0583853700764583,2.0947769234147455,2.0445016326506376,2.1285800156425356,1,0,0,0,0,0,0.07303825205306487
1282915800,2.062,2.0647,2.000999,2.031,2.0534062118807386,2.088702930708579,2.0400010884337583,2.1247533483624363,0,0,0,0,0,0,0.07237130547784595
1283175000,2.021001,2.036,1.992999,2,2.0436959915387862,2.0802550325458573,2.026667392289172,2.1198610601913606,0,0,0,0,0,0,0.07027342651514268
1283261400,1.98,2.025,1.97,2.014999,2.0384783567135525,2.0740401723033948,2.0227779281927813,2.1157488225367973,0,1,0,0,0,0,0.06918246747834676
1283347800,2.03,2.136,2.016,2.1,2.049664110038361,2.0765125368459287,2.0485186187951876,2.115131221653001,1,0,0,0,0,0,0.07288379122989343
1283434200,2.121001,2.124001,2.083,2.105,2.059725180940477,2.079225628574888,2.0673457458634585,2.1147339188430796,0,0,0,0,0,0,0.07060644899918674
1283520600,2.117,2.1205,2.073,2.098,2.0666842389512996,2.081013663948708,2.077563830575639,2.1140776867315862,0,0,0,0,0,0,0.06895598835638768
1283866200,2.078999,2.099001,2.0465,2.058,2.0651052864146995,2.0788218864297834,2.0710425537170924,2.11187856176172,0,0,0,0,0,0,0.06778063204521713
1283952600,2.056,2.069,1.978999,2.008,2.0547225070665722,2.0720769448650422,2.0500283691447283,2.107804892673025,0,0,0,0,0,0,0.06936780118484448
1284039000,2.013,2.03,1.949001,1.967,2.0387729603271953,2.062069616782657,2.0223522460964856,2.102283132176044,0,0,0,0,0,0,0.07019860110021271
1284125400,1.953999,1.964999,1.841,1.864999,2.00717769481316,2.04330098661288,1.9699011640643238,2.092977872090709,0,1,0,0,0,0,0.07418441530734039
1284384600,1.877,1.907001,1.875999,1.895,1.9867817503016763,2.0291770831259393,1.9449341093762158,2.0852140339695047,0,0,0,0,0,0,0.07188567135681607
1284471000,1.883,2.017999,1.861,1.989999,1.9873667047922805,2.025445837113945,1.9599557395841438,2.08148011106874,1,0,0,0,0,0,0.07796519483132923
1284557400,1.98,2.011,1.891,1.911,1.9734818493755022,2.0145462335792836,1.9436371597227626,2.074794616517025,0,0,0,0,0,0,0.08096768091480573
1284643800,1.900999,1.964999,1.9,1.925,1.9646669676708655,2.006018020857447,1.9374247731485084,2.0689203178300826,0,0,0,0,0,0,0.07982706084946246
1284730200,1.939999,2.032001,1.93,2.003999,1.9718182462761626,2.0058257331567377,1.9596161820990055,2.0663743837975304,0,0,0,0,0,0,0.0817680565030723
1284989400,2.014,2.098,1.978999,2.063,1.988396746953224,2.0112709014275247,1.9940774547326703,2.0662420550211564,0,0,0,0,0,0,0.08442755246713855
1285075800,2.075,2.192,2.042999,2.077,2.004506429325365,2.017530815577284,2.0217183031551134,2.0666639352164053,1,0,0,0,0,0,0.08903994157662866
1285162200,2.08,2.145,2.069501,2.075999,2.0175050785389352,2.023099214093733,2.0398118687700757,2.067030016188311,0,0,0,0,0,0,0.08807273146401233
1285248600,2.064999,2.164999,2.022,2.133,2.0385041551682197,2.0335659556086156,2.0708745791800505,2.0696170743770046,0,1,0,0,0,0,0.09199603635944002
1285335000,2.138,2.178,2.132001,2.158,2.0602306724103614,2.0454168169792237,2.0999163861200336,2.0730830714602595,0,0,0,0,0,0,0.08871053376233717
1285594200,2.198,2.211,2.173,2.195,2.0847341865175686,2.059662834409774,2.1316109240800225,2.077864127481426,0,0,0,0,0,0,0.08615978135074166
1285680600,2.210001,2.242,2.181,2.23,2.1111461526052833,2.0758854216088434,2.164407282720015,2.083830240129213,0,0,0,0,0,0,0.08436265411140297
1285767000,2.23,2.25,2.21196,2.233,2.133301397586141,2.0908487147889536,2.1872715218133436,2.0896800346339495,0,0,0,0,0,0,0.08105389310344562
1285853400,2.238,2.3,2.234,2.250999,2.154700961661388,2.1061011229042914,2.2085140145422293,2.096006268569873,1,0,0,0,0,0,0.08005004359605662
1285939800,2.262,2.266,2.235001,2.263,2.174391695904772,2.1210438731038828,2.2266760096948195,2.1025550423514465,0,0,0,0,0,0,0.07654639762490971
1286199000,2.260001,2.263,2.192,2.231,2.184684114831177,2.131515885189227,2.228117339796546,2.107592099514135,0,0,0,0,0,0,0.07615022636598757
1286285400,2.244,2.262,2.225,2.245,2.1956506394073267,2.142323896123586,2.2337448931976973,2.112980644631228,0,0,0,0,0,0,0.0733537816255599
1286371800,2.242,2.269,2.184,2.228,2.2015323413332673,2.150483525064197,2.231829928798465,2.117491207586866,0,1,0,0,0,0,0.07418565436659133
1286458200,2.234,2.297,2.225999,2.288,2.2172537338181275,2.16358033220094,2.250553285865643,2.124177826897185,1,0,0,0,0,0,0.07395817905469196
1286544600,2.264999,2.271001,2.205,2.22,2.2177530549421043,2.1689536338960886,2.2403688572437623,2.1279355591757265,0,0,0,0,0,0,0.07460402340792822
1286803800,2.225999,2.246001,2.207001,2.234,2.220707044952631,2.175148525905985,2.2382459048291747,2.1320949490119725,0,0,0,0,0,0,0.07206087887879051
1286890200,2.239,2.239,2.174001,2.202,2.2173057640521527,2.177705809153034,2.226163936552783,2.1348363235605228,0,0,0,0,0,0,0.07155645895887688
1286976600,2.221001,2.22399,2.153999,2.2,2.214159261497216,2.1798290654241734,2.217442624368522,2.137391761852267,0,1,0,0,0,0,0.07144464046181424
1287063000,2.203,2.25,2.178999,2.242,2.2192212139522676,2.1857501068123475,2.2256284162456814,2.1414940457011977,0,0,0,0,0,0,0.07141295185739893
1287149400,2.255,2.272,2.191,2.269,2.2282719023245825,2.1936786680683142,2.2400856108304543,2.1464942792031114,0,0,0,0,0,0,0.07209774101044186
1287408600,2.275999,2.278,2.241,2.274001,2.236586283720113,2.20132841396657,2.2513907405536364,2.151494542763774,1,0,0,0,0,0,0.06959075950969601
1287495000,2.237,2.272,2.210001,2.239,2.2370251412255473,2.204916184064992,2.247260493702424,2.154926129322057,0,0,0,0,0,0,0.06919141954471773
1287581400,2.253999,2.264999,2.208,2.210001,2.2321116610027207,2.2054004522492785,2.2348406624682826,2.1570859281721724,0,0,0,0,0,0,0.06832053243438073
1287667800,2.22,2.22101,2.189999,2.195,2.2253640862749533,2.2044099329874425,2.2215604416455217,2.1585727545183615,0,1,0,0,0,0,0.06565556583192499
1287754200,2.2,2.249001,2.195,2.247749,2.229434070588598,2.208537463179115,2.2302899610970144,2.162069862184308,0,0,0,0,0,0,0.06482309684393034
1288013400,2.25,2.312,2.241,2.286,2.239718785027035,2.215914847638247,2.2488599740646764,2.1669298675888453,0,0,0,0,0,0,0.065264304212221
1288099800,2.28,2.348,2.264,2.342,2.258315369567574,2.227922957386985,2.279906649376451,2.173795362977518,0,0,0,0,0,0,0.06660256819706237
1288186200,2.341,2.375,2.319,2.37,2.2786216660098333,2.2414541043025102,2.3099377662509673,2.1814896624685955,0,0,0,0,0,0,0.0658452418972722
1288272600,2.396001,2.405,2.309,2.342999,2.290326635826227,2.2511250467498902,2.320958177500645,2.187823361979631,0,0,0,0,0,0,0.06799915319032415
1288359000,2.350999,2.495,2.336,2.467999,2.3226307020396404,2.2717797089641865,2.36997178500043,2.1988106419019986,1,0,0,0,0,0,0.07449921367672958
1288618200,2.45,2.473,2.377,2.383,2.333606938032433,2.2823721176342637,2.37431452333362,2.2060337539842734,0,0,0,0,0,0,0.07603498412839176
1288704600,2.410001,2.444,2.387,2.408,2.3471329492992634,2.294336677859572,2.3855430155557467,2.2139539989260664,0,0,0,0,0,0,0.07496105669064948
1288791000,2.412,2.477,2.396001,2.467999,2.3691085948812156,2.3108759466348507,2.413028343703831,2.2239165479877894,0,0,0,0,0,0,0.07539233835560308
1288877400,2.496001,2.537,2.467,2.528999,2.3981795776300854,2.331649570764865,2.4516852291358875,2.2358805657137584,0,0,0,0,0,0,0.07500717133020285
1288963800,2.536,2.57,2.51501,2.537,2.4234196544246154,2.3512067545015443,2.4801234860905916,2.2476891709798856,1,0,0,0,0,0,0.07357737337804547
1289226600,2.514999,2.558,2.492999,2.525,2.4418888081655945,2.367758492168064,2.4950823240603945,2.2585641054512626,0,0,0,0,0,0,0.07296477527961362
1289313000,2.533,2.545,2.478,2.483,2.4493635703173045,2.3787338738663437,2.49105488270693,2.267365513080625,0,0,0,0,0,0,0.07253871990249834
1289399400,2.485001,2.492999,2.438,2.461,2.451479284805067,2.3865687430219302,2.4810365884712864,2.274959022371581,0,0,0,0,0,0,0.07128588276660561
1289485800,2.439999,2.510001,2.385001,2.485001,2.457574142113237,2.3959432436865082,2.4823580589808576,2.2831959626707348,0,1,0,0,0,0,0.07512260542613378
1289572200,2.481,2.581,2.456,2.572,2.4783788435471936,2.4127105538116025,2.5122387059872384,2.294521611193451,0,0,0,0,0,0,0.07868527646712423
1289831400,2.595,2.596001,2.508,2.517,2.4854008719931584,2.422642882020021,2.5138258039914922,2.303246253891747,1,0,0,0,0,0,0.07935068529090106
1289917800,2.502,2.507001,2.442,2.489999,2.4862368952671297,2.4290577503990667,2.5058835359943283,2.310569890994031,0,1,0,0,0,0,0.07903992205583668
1290004200,2.487,2.52,2.45,2.460001,2.481466732491288,2.4320047265515363,2.490589357329552,2.316429934484461,0,0,0,0,0,0,0.07839421333756262
1290090600,2.477,2.516,2.467999,2.507001,2.486109326583781,2.4391472287847233,2.496059904886368,2.3239033096027177,0,0,0,0,0,0,0.07679455524202242
1290177000,2.492999,2.533,2.484,2.527,2.4935439944776387,2.4475141593766545,2.506373269924245,2.3318678856967288,0,0,0,0,0,0,0.07480922986759223
1290436200,2.533,2.600999,2.533,2.600999,2.513081268208977,2.4621317632455444,2.5379151799494966,2.3424220470419552,0,0,0,0,0,0,0.07475135630562134
1290522600,2.589999,2.605991,2.566,2.598,2.5285210376255267,2.4750715953173974,2.5579434532996643,2.352444711863839,0,0,0,0,0,0,0.07226847371236267
1290609000,2.612,2.639999,2.607001,2.63,2.546971758057249,2.4898266814776453,2.581962302199776,2.363329232967218,0,0,0,0,0,0,0.07010636844719391
1290781800,2.625,2.705,2.617,2.703999,2.575522165683204,2.510224045146441,2.6226412014665175,2.376688831674386,0,0,0,0,0,0,0.07138448498668007
1291041000,2.707001,2.710001,2.636,2.692,2.5966999537408033,2.5275360408467797,2.6457608009776785,2.389053975530292,0,0,0,0,0,0,0.07157137891620291
1291127400,2.692,2.725,2.60912,2.611,2.5992999621515662,2.535484989337563,2.6341738673184523,2.397757741195771,0,1,0,0,0,0,0.07473628042218843
1291213800,2.648,2.7,2.628999,2.686,2.615063605396736,2.549819752257795,2.651449244878968,2.4090613591880934,0,0,0,0,0,0,0.07575511753488925
1291300200,2.696001,2.848,2.683,2.841,2.656142949870057,2.5775512044237194,2.7146328299193123,2.4260001294160114,1,0,0,0,0,0,0.08212975199668289
1291386600,2.8,2.8,2.645,2.655,2.655935140802774,2.584927280192889,2.694755219946208,2.4349805164977365,0,0,0,0,0,0,0.09026334113977698
1291645800,2.685001,2.689,2.629401,2.685001,2.661219842474997,2.594458110650709,2.691503813297472,2.4447852413409623,0,0,0,0,0,0,0.08807303105836432
1291732200,2.475999,2.528999,2.448,2.486,2.629361689297725,2.5841287667792128,2.6230025421983147,2.446401506386415,0,1,0,0,0,0,0.09871074312562403
1291818600,2.499001,2.574001,2.486,2.539999,2.6131139276072295,2.579925931847859,2.5953346947988765,2.4500719963320456,0,0,0,0,0,0,0.09794576147379373
1291905000,2.574001,2.650999,2.557001,2.641,2.618184122587733,2.5857425097671105,2.610556463199251,2.4575593690249065,0,0,0,0,0,0,0.09887820708280848
1291991400,2.67,2.67,2.616,2.639999,2.622150463935418,2.5909097945511954,2.620370642132834,2.4647138643572633,0,0,0,0,0,0,0.09567262086260786
1292250600,2.660001,2.67001,2.635001,2.658,2.628668561401706,2.597299337927272,2.6329137614218894,2.4722937128138414,0,0,0,0,0,0,0.09133950508670731
1292337000,2.664999,2.675,2.597,2.628999,2.62872864114685,2.60031835336277,2.6316088409479264,2.478439018193691,0,0,0,0,0,0,0.09038668329479962
1292423400,2.63,2.687,2.591,2.639999,2.630777797301968,2.6040974625663154,2.6344055606319507,2.4847747037547228,0,1,0,0,0,0,0.0907876344880282
1292509800,2.660001,2.764999,2.642,2.764,2.6550000159743377,2.619326275655238,2.6776037070879672,2.4957247153721847,0,0,0,0,0,0,0.09323137488174046
1292596200,2.772,2.839999,2.753,2.817,2.684454558524458,2.6381523446404533,2.724069138058645,2.508323746141903,0,0,0,0,0,0,0.09278620524733043
1292855400,2.789,2.844009,2.77,2.781,2.7020082751563748,2.6517568832461245,2.743046092039097,2.5190169325677103,1,0,0,0,0,0,0.09144497630109252
1292941800,2.795,2.809,2.767,2.788,2.717643134218852,2.664732418175065,2.7580307280260645,2.5295652881532904,0,0,0,0,0,0,0.08791319227958594
1293028200,2.795,2.819,2.739,2.814,2.735162564360879,2.6789483783488683,2.7766871520173764,2.5407195905786515,0,1,0,0,0,0,0.08734796425961552
1293114600,2.813,2.846001,2.791,2.813,2.7493148253861737,2.6917151994585,2.788791434678251,2.551397253693214,0,0,0,0,0,0,0.08503746681250011
1293460200,2.810001,2.894,2.782001,2.875999,2.772348311679597,2.7092660376053095,2.817860623118834,2.564126733940539,1,0,0,0,0,0,0.08696329061160725
1293546600,2.877,2.88,2.822,2.83,2.782830436828761,2.7207645102143276,2.8219070820792225,2.574553136531106,0,0,0,0,0,0,0.08489448413934957
1293633000,2.845,2.867,2.814999,2.863,2.7974067210417135,2.7343107473367727,2.835604721386148,2.585864778235768,0,0,0,0,0,0,0.08254494955796746
1293719400,2.864,2.892999,2.835001,2.888,2.8138782263068567,2.748947819018985,2.8530698142574322,2.597713218304954,1,0,0,0,0,0,0.08079159601811263
1293805800,2.889999,2.889999,2.828999,2.841251,2.8188550942510644,2.7577385981600337,2.849130209504955,2.607263719547897,0,0,0,0,0,0,0.07937791058824743
1294065000,2.87,2.87,2.767999,2.78,2.8117905316599616,2.759858731668602,2.8260868063366367,2.6140376913303323,0,0,0,0,0,0,0.08099384554622976
1294151400,2.78,2.83,2.697,2.8,2.8096467986308777,2.7636817096049255,2.8173912042244242,2.6213303308860056,0,1,0,0,0,0,0.08470857086435621
1294237800,2.785001,2.817,2.775,2.799001,2.807711198879809,2.7670454515473137,2.811261136149616,2.6282978081061623,0,0,0,0,0,0,0.08165795865975935
1294324200,2.803999,2.853,2.777,2.852,2.815763708174389,2.77513636092376,2.824840757433077,2.6370704430823912,0,0,0,0,0,0,0.08125381875549083
1294410600,2.847,2.850999,2.778,2.827499,2.8178973975972275,2.780123278931021,2.825726838288718,2.64453822962818,0,0,0,0,0,0,0.08073568884438433
1294669800,2.825999,2.910001,2.792999,2.889999,2.831006779852277,2.790587633318543,2.8471508921924786,2.6541641421917808,0,0,0,0,0,0,0.083326139641214
1294756200,2.914,2.925999,2.884,2.924001,2.8479148198791355,2.8032936682405865,2.872767594794986,2.664745979752887,0,0,0,0,0,0,0.08037420109541302
1294842600,2.928,2.933,2.802,2.817,2.8422939435374746,2.8045990331700543,2.8541783965299907,2.670716725644931,1,0,0,0,0,0,0.08399032958859778
1294929000,2.839999,2.866,2.802,2.835001,2.8409679538033883,2.80749445858243,2.847785931019994,2.6771592462078746,0,0,0,0,0,0,0.08256244890369795
1295015400,2.834,2.9058,2.8,2.900999,2.8518826894754996,2.8163996530031508,2.865523620679996,2.68593727576835,0,0,0,0,0,0,0.08422227398200526
1295361000,2.76501,2.789,2.723,2.775,2.8379040186617726,2.8124568289076124,2.8353490804533306,2.6894299316205714,0,1,0,0,0,0,0.09092061155471919
1295447400,2.8,2.85,2.750999,2.775999,2.8266485607232683,2.808984654725935,2.8155657203022204,2.6928247970472157,0,0,0,0,0,0,0.09149778215795352
1295533800,2.769,2.782001,2.728,2.77,2.816348822409947,2.8052718304663222,2.800377146868147,2.6958512755943835,0,0,0,0,0,0,0.08881944057524256
1295620200,2.799001,2.817,2.766,2.777,2.809194491062684,2.8025792751838154,2.792584764578765,2.699033578512251,0,0,0,0,0,0,0.08611805196272525
1295879400,2.822,2.822,2.758,2.809,2.809159129051287,2.803190772785357,2.7980565097191765,2.703345987198045,0,0,0,0,0,0,0.08453819110824488
1295965800,2.814999,2.814999,2.739999,2.8015,2.807766560132871,2.803029746805799,2.799204339812784,2.707195164170671,0,1,0,0,0,0,0.08385689174337023
1296052200,2.813,2.838,2.78,2.825,2.8108999128359855,2.805122151871913,2.807802893208523,2.711814961654174,0,0,0,0,0,0,0.08200997090455808
1296138600,2.842,2.944,2.842,2.922,2.831099928683988,2.8162533755031594,2.8458685954723486,2.7200575121775397,1,0,0,0,0,0,0.08465211583994678
1296225000,2.93,2.936,2.787,2.805,2.826354487105081,2.8151816254552395,2.832245730314899,2.7233885901313615,0,0,0,0,0,0,0.08924839327995059
1296484200,2.803999,2.888,2.795,2.871001,2.8344720349041572,2.820497756364264,2.845164153543266,2.7291773120869944,0,0,0,0,0,0,0.08951636518852554
1296570600,2.892,2.95,2.875999,2.907001,2.8476591194670378,2.8287361605200485,2.8657764356955107,2.736150790044367,0,0,0,0,0,0,0.08876512481791657
1296657000,2.902,2.939999,2.87,2.88,2.85353927956394,2.8336184309467107,2.870517623797007,2.7417919355328233,0,0,0,0,0,0,0.0874246873309225
1296743400,2.878,2.958,2.860001,2.941,2.8694412287341327,2.843845247047024,2.8940117491980044,2.7496040164923206,0,1,0,0,0,0,0.08817999537871377
1296829800,2.978999,3.122,2.972,3.12,2.9149973689642903,2.8701456997092123,2.969341166132003,2.764129349178896,0,0,0,0,0,0,0.09480999570880565
1297089000,3.117,3.148,3.056,3.078999,2.9448158473344193,2.890036490213097,3.0058937774213352,2.776477178622861,0,0,0,0,0,0,0.09460928172960525
1297175400,3.139999,3.225,3.1,3.191,2.989576602364525,2.9186996816213737,3.0675958516142234,2.7927329755396113,0,0,0,0,0,0,0.09828011874891916
1297261800,3.192999,3.295,3.175,3.277,3.041835401934611,2.952823521466957,3.1373972344094825,2.8117238392439403,0,0,0,0,0,0,0.0998315388382821
1297348200,3.299001,3.3,3.2145,3.248,3.0793198743101367,2.9809355670415325,3.174264822939655,2.8288327082931977,0,0,0,0,0,0,0.0988078574926905
1297434600,3.253,3.335001,3.232001,3.328999,3.124716078981021,3.0140844654185295,3.22584288195977,2.8484470726738564,0,0,0,0,0,0,0.09910729624321261
1297693800,3.358,3.435001,3.358,3.403999,3.1754947918935628,3.051219182997717,3.285228254639847,2.870233422765078,0,0,0,0,0,0,0.09959977508298315
1297780200,3.389,3.425999,3.342,3.371001,3.2110413751856424,3.0816745941407917,3.313819169759898,2.889871366970369,0,0,0,0,0,0,0.09848543400562722
1297866600,3.391,3.460001,3.381,3.438,3.252306579697344,3.115610347079764,3.355212779839932,2.911366607481335,1,0,0,0,0,0,0.09780790300522527
1297953000,3.433,3.442,3.331,3.363,3.2724326561160084,3.1391712664055005,3.357808519893288,2.9290777209134395,0,0,0,0,0,0,0.09875019564770919
1298039400,3.377,3.407001,3.363,3.385001,3.2928996277312796,3.162583621985929,3.3668726799288584,2.9469570651913437,0,0,0,0,0,0,0.09483953881572997
1298385000,3.324001,3.324001,3.213251,3.260001,3.2869180590528653,3.1718614675110786,3.331248786619239,2.959233297928938,0,0,0,0,0,0,0.10033314318603495
1298471400,3.298,3.3,3.091499,3.134,3.2591147755887078,3.1682556134624043,3.265499191079493,2.966086894088588,0,1,0,0,0,0,0.10805941867274671
1298557800,3.185001,3.412,3.166,3.398,3.2843666345725793,3.1901360312278895,3.3096661273863286,2.9830246629478587,0,0,0,0,0,0,0.12019803162469336
1298644200,3.424001,3.459,3.38,3.436,3.3119363373775648,3.213551647301424,3.3517774182575524,3.000788401655786,1,0,0,0,0,0,0.11725531508007243
1298903400,3.434,3.453,3.3495,3.399001,3.3277662760361895,3.231213490415574,3.367518612171702,3.01640458198301,0,0,0,0,0,0,0.11627279257435297
1298989800,3.225,3.247,3.1841,3.207001,3.305808953120519,3.228907538947424,3.3140127414478013,3.0238789513170095,0,1,0,0,0,0,0.12331766453332778
1299076200,3.211,3.253999,3.203999,3.246001,3.294934779825879,3.2305354876190977,3.291342160965201,3.032589619892813,0,0,0,0,0,0,0.11808068849523293
1299162600,3.278999,3.308,3.235001,3.3,3.2958557289484465,3.2371511554648977,3.294228107310134,3.0430763014656437,0,0,0,0,0,0,0.11486056788843056
1299249000,3.306,3.314951,3.250999,3.278999,3.292790869139638,3.241136664468241,3.289151738206756,3.0523281719964026,1,0,0,0,0,0,0.11122424161068553
1299508200,3.3,3.3,3.157001,3.198,3.275556165659704,3.2370284107093608,3.2587678254711707,3.058040792702426,0,0,0,0,0,0,0.11349386720992226
1299594600,3.192,3.255,3.159,3.239,3.2689095900852125,3.237216181117993,3.2521785503141136,3.065137232204292,0,0,0,0,0,0,0.1122443052663564
1299681000,3.174001,3.189,3.094,3.1,3.2381987555242646,3.22414797339247,3.201452366876076,3.0665043995688293,0,0,0,0,0,0,0.11458399774733094
1299767400,3.081,3.112,3.014999,3.100751,3.213208254519853,3.212395880688425,3.1678852445840504,3.0678474035073067,0,1,0,0,0,0,0.11332806933680731
1299853800,3.098,3.152,3.071001,3.123,3.1968067536980618,3.2038819872895274,3.152923496389367,3.070010250428589,0,0,0,0,0,0,0.11101885009846395
1300109400,3.109,3.117,3.072,3.1,3.1792055257529594,3.1939884646905248,3.1352823309262448,3.0711863190392323,0,0,0,0,0,0,0.1067317893771451
1300195800,3.024001,3.128,2.985001,3.107001,3.166077430161512,3.185703944243808,3.1258552206174963,3.0725908163318114,0,0,0,0,0,0,0.10932230442163474
1300282200,3.095,3.109,2.9395,2.956,3.12788153376851,3.16382737812535,3.0692368137449977,3.068018627456054,0,0,0,0,0,0,0.11362071124866084
1300368600,3.027,3.031,2.827,2.932001,3.0922668912651448,3.1417486754467454,3.0234915424966653,3.0626846028499344,0,1,0,0,0,0,0.12007637473089937
1300455000,3.007001,3.049001,2.986,3.032001,3.081309456489664,3.131296515880389,3.0263280283311103,3.0614813243067998,0,0,0,0,0,0,0.11985663367869227
1300714200,3.08,3.114999,3.058,3.099001,3.0845261007642706,3.128220752463209,3.0505523522207403,3.0629526841379056,0,0,0,0,0,0,0.11722387413021425
1300800600,3.114999,3.13,3.045,3.071001,3.082066991534403,3.1227712522286177,3.0573685681471603,3.0632683043677917,0,0,0,0,0,0,0.11492216883519894
1300887000,3.072,3.102,3.035001,3.100999,3.0855091748917842,3.1206977043973207,3.07191204543144,3.0647479394906236,0,1,0,0,0,0,0.11149908534697044
1300973400,3.127,3.133,3.06003,3.107001,3.0894167794569145,3.119393256359481,3.08360836362096,3.066404922255697,0,0,0,0,0,0,0.10874700782218684
1301059800,3.114999,3.119,3.077,3.085001,3.088613910464748,3.116117803372864,3.0840725757473066,3.067134180206454,0,0,0,0,0,0,0.10397936440631637
1301319000,3.087,3.15,3.074001,3.099001,3.0905024721984304,3.114487631623067,3.089048717164871,3.0683838594140442,0,0,0,0,0,0,0.10198076694872235
1301405400,3.106,3.111,3.061,3.097,3.091683840889625,3.112822142897061,3.0916991447765807,3.0695060610056504,0,0,0,0,0,0,0.09826785502381363
1301491800,3.15,3.158501,3.061,3.149001,3.1021051425460566,3.116267748335436,3.1107997631843873,3.0726235095936643,0,0,0,0,0,0,0.0982130796649698
1301578200,3.153,3.18,3.081,3.110001,3.1035407529922283,3.1156709151606323,3.1105335087895916,3.0740892935311677,0,0,0,0,0,0,0.09826928826032912
1301664600,3.15,3.18951,3.106,3.152,3.1123515251754594,3.119130828002477,3.1243556725263946,3.077144615353475,0,0,0,0,0,0,0.09721505338459133
1301923800,3.159,3.159,2.996001,3.060001,3.1028332478708305,3.113499415811765,3.1029041150175964,3.076472316712162,0,1,0,0,0,0,0.10191390671426336
1302010200,3.075,3.239999,3.061,3.167,3.114499930076134,3.1185947095439777,3.1242694100117308,3.080022421939136,0,0,0,0,0,0,0.10749134194895882
1302096600,3.214,3.286,3.174429,3.277,3.1440453973350184,3.1336809276826463,3.175179606674487,3.0877470328434837,0,0,0,0,0,0,0.10831338895260464
1302183000,3.287,3.297,3.231,3.247,3.162764416001379,3.144473220284299,3.199119737782991,3.0939922472417787,0,0,0,0,0,0,0.10529100402741862
1302269400,3.286,3.314,3.2271,3.257001,3.1798983403647645,3.1551901516857943,3.2184134918553275,3.100384747349944,1,0,0,0,0,0,0.103977360882603
1302528600,3.23,3.263,3.174001,3.223,3.187735005752989,3.1616482324776234,3.2199423279035515,3.1051931886303383,0,0,0,0,0,0,0.10290747796241706
1302615000,3.202,3.216,3.0884,3.137,3.1785104592524456,3.159300781765469,3.1922948852690345,3.1064405145664034,0,0,0,0,0,0,0.10517122953653012
1302701400,3.187,3.228999,3.131,3.18,3.17878128484291,3.1612721358830433,3.1881965901793565,3.109325200269682,0,0,0,0,0,0,0.10465892742677797
1302787800,3.153,3.178999,3.07,3.107001,3.165730323962381,3.1561034562751344,3.161131393452904,3.1092340551610667,0,0,0,0,0,0,0.10504043261057958
1302874200,3.1,3.184,3.05802,3.174001,3.167234083241948,3.1578079842489313,3.165421262301936,3.1117739353508287,0,0,0,0,0,0,0.10653611599553818
1303133400,3.139,3.17,3.053,3.160001,3.1659189771979577,3.15801684289189,3.1636145082012908,3.113665192788051,0,1,0,0,0,0,0.10756932199585689
1303219800,3.156,3.199001,3.144,3.177,3.167933708616511,3.1598247626164717,3.1680763388008604,3.116148910717931,0,0,0,0,0,0,0.10381444185329568
1303306200,3.217999,3.262,3.194,3.256,3.1839457615953273,3.1689843090339505,3.19738422586724,3.1216332671603655,0,0,0,0,0,0,0.10247055314948884
1303392600,3.288,3.306,3.252,3.260001,3.197773986759813,3.177652565316431,3.2182564839114933,3.12705945276192,1,0,0,0,0,0,0.09900837078166823
1303738200,3.253999,3.27,3.2,3.224001,3.2025425346216654,3.1820667019529614,3.220171322607662,3.130861082065374,0,0,0,0,0,0,0.09693634429726335
1303824600,3.258,3.258,3.185001,3.235001,3.2084440737813624,3.187108063671727,3.225114548405108,3.1349450004157515,0,1,0,0,0,0,0.09522653399031596
1303911000,3.225999,3.35,3.216,3.339,3.232181514912024,3.2015739623696575,3.263076365603405,3.1429471572621925,0,0,0,0,0,0,0.09799606727672196
1303997400,3.33,3.382001,3.286,3.289,3.242512148564383,3.2099002516677855,3.271717577068937,3.1486747197224987,1,0,0,0,0,0,0.0978535624712418
1304083800,3.294,3.35,3.272,3.346001,3.261328303370859,3.2228622276994248,3.296478718045958,3.1564130052235773,0,0,0,0,0,0,0.09643545086615313
1304343000,3.374001,3.374001,3.292,3.314999,3.2710866118488844,3.2316371583947174,3.3026521453639717,3.1626320638422607,0,0,0,0,0,0,0.0954044186614279
1304429400,3.328999,3.342999,3.213,3.216,3.261070864239996,3.230147905214268,3.2737680969093144,3.1647249240837407,0,0,0,0,0,0,0.09787546018561162
1304515800,3.225,3.261,3.192,3.253999,3.259785070741815,3.2324194380510045,3.267178397939543,3.1682258682373194,0,1,0,0,0,0,0.09581292731521078
1304602200,3.25,3.339999,3.208,3.324001,3.271460694243303,3.2411414915699566,3.2861192652930287,3.174334696933895,0,0,0,0,0,0,0.09839764679269572
1304688600,3.385001,3.5,3.362,3.491,3.3113769316536117,3.2649375399918656,3.354412843528686,3.186752944112958,0,0,0,0,0,0,0.10394060059321746
1304947800,3.5,3.564,3.464999,3.546001,3.354035853171137,3.291705488564069,3.4182755623524574,3.2008411031673516,0,0,0,0,0,0,0.1035877719794162
1305034200,3.575999,3.617999,3.561,3.581,3.395302061685476,3.3192573467960624,3.472517041568305,3.2157492952000046,1,0,0,0,0,0,0.1013313596951722
1305120600,3.581,3.607001,3.553,3.587,3.4301562322881165,3.3447566471011996,3.5106780277122036,3.230308146368632,0,0,0,0,0,0,0.0979506197169456
1305207000,3.596001,3.607001,3.483,3.506,3.4439460082357316,3.360113156901085,3.509118685141469,3.2411195916090776,0,0,0,0,0,0,0.09981136116573519
1305293400,3.506,3.541,3.488,3.489,3.4521376431019624,3.372388094339077,3.5024124567609793,3.2508403919381332,0,0,0,0,0,0,0.09646769251103982
1305552600,3.47,3.498,3.414,3.425999,3.447385162537969,3.3774938948782123,3.4769413045073194,3.2577093569601674,0,0,0,0,0,0,0.09557714304596554
1305639000,3.410001,3.444,3.382001,3.427,3.443678769349247,3.3822087620326684,3.4602942030048798,3.2643482057068276,0,0,0,0,0,0,0.09317870425696802
1305725400,3.439,3.475,3.366,3.463,3.4471917203766567,3.389903165648605,3.4611961353365865,3.272138472149697,0,1,0,0,0,0,0.09430879681004174
1305811800,3.47,3.506,3.4625,3.481,3.453338680308174,3.398579054634452,3.4677974235577245,3.2803291203006895,0,0,0,0,0,0,0.0906795970378959
1305898200,3.484,3.521001,3.43,3.439,3.4507316475248695,3.4024286684787897,3.4581982823718165,3.286551507739878,1,0,0,0,0,0,0.0907025543923319
1306157400,3.392,3.392999,3.177499,3.203,3.405689529793075,3.383435461957,3.3731321882478777,3.2832749780245885,0,0,0,0,0,0,0.10290244336430819
1306243800,3.213,3.231,3.148,3.171001,3.363018888012516,3.363203608437286,3.3057551254985853,3.278872076925585,0,1,0,0,0,0,0.10148084026685758
1306330200,3.28,3.467999,3.261,3.45,3.378833635646604,3.371469931443259,3.3538367503323903,3.2855829758696795,0,0,0,0,0,0,0.11544635167636774
1306416600,3.453999,3.485001,3.364999,3.471001,3.3955913382563123,3.380949080829615,3.3928915002215936,3.2928542709336135,0,0,0,0,0,0,0.11577175512805575
1306503000,3.48,3.512,3.417,3.500999,3.4147563676642556,3.3923824064648898,3.4289273334810626,3.301016809328374,1,0,0,0,0,0,0.11428805833319464
1306848600,3.386,3.407001,3.347,3.378999,3.4082550280889365,3.3911077963253766,3.4122845556540415,3.304074934452751,0,0,0,0,0,0,0.11712455416653789
1306935000,3.384,3.425,3.364999,3.377,3.40257229570913,3.389764196675341,3.4005230371026944,3.3069347409448,0,0,0,0,0,0,0.11304430029749946
1307021400,3.381,3.414999,3.298,3.352,3.3933773328529244,3.3861676065157846,3.3843486914017964,3.3087020060057886,0,1,0,0,0,0,0.11332677884767806
1307107800,3.372,3.414,3.3095,3.389,3.392581454152393,3.386437358276186,3.3858991276011974,3.311850946946738,0,0,0,0,0,0,0.11269629464427251
1307367000,3.400999,3.400999,3.325999,3.333,3.3817484624883214,3.3813480860594063,3.368266085067465,3.312680321576278,0,0,0,0,0,0,0.11000370216968162
1307453400,3.38,3.425,3.339999,3.405,3.385976014763172,3.383600649291844,3.38051072337831,3.316300701122306,0,0,0,0,0,0,0.10871772344327577
1307539800,3.38,3.417,3.325,3.341,3.377798557533504,3.3795434445973824,3.3673404822522066,3.317269301078294,0,1,0,0,0,0,0.10752360034018461
1307626200,3.43,3.464,3.375,3.423,3.3860170016183218,3.3836821641595365,3.3858936548348044,3.321415602996792,1,0,0,0,0,0,0.10862905745874284
1307712600,3.428,3.439,3.338,3.377,3.384377546778627,3.3830457675729138,3.3829291032232027,3.3235953832714276,0,0,0,0,0,0,0.10808412478311835
1307971800,3.377,3.431,3.298,3.347,3.377581629182513,3.3796128373278744,3.370952735482135,3.3245132113784304,0,1,0,0,0,0,0.10986383015575275
1308058200,3.375999,3.446001,3.375,3.422,3.3856576966038743,3.383649709963315,3.3879684903214233,3.3283362226969233,1,0,0,0,0,0,0.10908791371605611
1308144600,3.414,3.43,3.349001,3.356,3.3802653881304425,3.381016404252523,3.377312326880949,3.3294210767088086,0,0,0,0,0,0,0.10708156273633784
1308231000,3.341,3.347,3.266,3.337,3.3723989539249075,3.3768243657522827,3.3638748845872994,3.3297182893868946,0,0,0,0,0,0,0.10586145111231371
1308317400,3.367999,3.384,3.2185,3.25,3.3501445986658336,3.364745854728256,3.325916589724866,3.3265920819599577,0,1,0,0,0,0,0.11012134746143414
1308576600,3.246001,3.314999,3.219,3.275,3.3364819443629545,3.356198630468422,3.3089443931499107,3.324568863059567,0,0,0,0,0,0,0.10911260835704598
1308663000,3.296001,3.439999,3.285001,3.407001,3.3493035908424176,3.361036951376191,3.3416299287666074,3.3278014958807605,0,0,0,0,0,0,0.11310449347439984
1308749400,3.398,3.628999,3.355,3.6,3.3948847561437963,3.383795336959411,3.427753285844405,3.3384759470226912,1,0,0,0,0,0,0.12459695822622842
1308835800,3.548,3.607001,3.483,3.582001,3.4289058913903787,3.4026720667728005,3.4791691905629367,3.348025949100233,0,0,0,0,0,0,0.1245543897814978
1308922200,3.578,3.583,3.5,3.552,3.45128663841031,3.4168937746992003,3.5034461270419577,3.356024931488459,0,0,0,0,0,0,0.1215862190828194
1309181400,3.555,3.602,3.5,3.545,3.468325431426617,3.4290943675849905,3.517297418027972,3.3634357184889114,0,0,0,0,0,0,0.12018720343404657
1309267800,3.581,3.738,3.581,3.695,3.5095389893490503,3.454418713529277,3.576531612018648,3.3764382393324834,0,0,0,0,0,0,0.12538811747447182
1309354200,3.725999,3.778999,3.664,3.771001,3.557077536740132,3.48456940747887,3.6413547413457654,3.3919112887704252,0,0,0,0,0,0,0.12464603765486669
1309440600,3.78,3.87,3.714999,3.8,3.601245257332835,3.514610416290406,3.6942364942305104,3.4079147676421733,0,0,0,0,0,0,0.12681424925094764
1309527000,3.822,3.899001,3.82149,3.866,3.6493824832723196,3.548076090929415,3.7514909961536738,3.4258788944013037,0,0,0,0,0,0,0.1248275885901657
1309872600,3.875,3.908,3.850999,3.896001,3.6942222135864435,3.581211796555185,3.7996609974357827,3.4443150554051742,0,0,0,0,0,0,0.11998283226229674
1309959000,3.867,3.908,3.828999,3.908,3.733090902025272,3.6123344825975483,3.835773998290522,3.4624987787226185,0,0,0,0,0,0,0.11705555852927553
1310045400,3.913,3.945,3.853999,3.866,3.757256192566132,3.6364931033025436,3.8458493321936813,3.478322356027614,1,0,0,0,0,0,0.11519451863432727
1310131800,3.821001,3.821001,3.703,3.796001,3.7643007030086535,3.6516843315594443,3.829233221462454,3.490780342065747,0,0,0,0,0,0,0.11860919587473248
1310391000,3.741,3.812,3.710001,3.739,3.7597005751888983,3.660000109506164,3.7991554809749695,3.5005144462984625,0,0,0,0,0,0,0.11742275331225158
1310477400,3.719,3.724001,3.500999,3.541,3.719936834245462,3.648666765743672,3.713103653983313,3.502102115071072,0,1,0,0,0,0,0.1260354852185193
1310563800,3.575,3.627,3.505,3.538,3.6868574098371965,3.638127073768084,3.6547357693222087,3.5035098752643634,0,0,0,0,0,0,0.12574723627433934
1310650200,3.545,3.649001,3.5095,3.517999,3.656155880775888,3.6266863048377904,3.609156846214806,3.5040780762343884,0,0,0,0,0,0,0.12672964796902939
1310736600,3.537,3.595,3.495,3.550999,3.6370364479075445,3.619477990091334,3.589770897476537,3.505918112460491,0,0,0,0,0,0,0.12482038739981301
1310995800,3.528,3.571001,3.439999,3.5,3.612120730106173,3.6080991338921593,3.559847264984358,3.505686029618903,0,1,0,0,0,0,0.12526193115696924
1311082200,3.53,3.646001,3.514,3.62,3.6135533246323233,3.6092325497119537,3.5798981766562386,3.510168930418162,0,0,0,0,0,0,0.12674329321718572
1311168600,3.627,3.7,3.592,3.607001,3.6123619928809916,3.609020021167958,3.588932451104159,3.5139662664801947,0,0,0,0,0,0,0.12540448655881534
1311255000,3.589999,3.719,3.573,3.675999,3.62393235781172,3.6153989715329145,3.6179546340694393,3.520320491324109,0,0,0,0,0,0,0.1268755946617571
1311341400,3.672,3.739,3.628,3.707001,3.639035747300498,3.6241229742440653,3.647636756046293,3.5276412955859087,1,0,0,0,0,0,0.12574162361448873
1311600600,3.664,3.664,3.589,3.609,3.6335747023367713,3.622682690982726,3.6347578373641953,3.530831833013912,0,0,0,0,0,0,0.12518872192773953
1311687000,3.628999,3.695,3.621001,3.666,3.6394702110028128,3.626808148984371,3.64517189157613,3.536132545444739,0,0,0,0,0,0,0.12238952750432955
1311773400,3.645,3.664999,3.34305,3.363,3.5892028999113923,3.601683563366812,3.551114594384087,3.529343033858671,0,0,0,0,0,0,0.1367152755397346
1311859800,3.389,3.48,3.241,3.464,3.566438736291139,3.588570843046163,3.522076396256058,3.5267805619426444,0,1,0,0,0,0,0.1440213272868964
1311946200,3.362,3.43,3.283,3.363,3.5294498751472956,3.567087905613195,3.469050930837372,3.520357794807639,0,0,0,0,0,0,0.14666266105211806
1312205400,3.4,3.410001,3.294949,3.32,3.491368079665969,3.543555724126224,3.4193672872249143,3.51250062638381,0,0,0,0,0,0,0.14440475669125247
1312291800,3.285001,3.381,3.203999,3.205,3.4393011560903384,3.511312321828488,3.3479115248166096,3.500441778290327,0,0,0,0,0,0,0.14673305978473442
1312378200,3.208,3.284,3.132001,3.278,3.4099736731648225,3.4890921007019653,3.324607683211073,3.4917185712985495,0,0,0,0,0,0,0.1471091983715391
1312464600,3.221001,3.25,3.086,3.089999,3.3517964598621277,3.4510832339684447,3.246404788807382,3.475964862620175,0,0,0,0,0,0,0.15031568420214345
1312551000,3.127,3.249001,2.909,2.934,3.2758334671599227,3.4018372116857356,3.1422698592049216,3.4547113385958546,0,0,0,0,0,0,0.16386463533056178
1312810200,2.861,2.9,2.642,2.719,3.1745910185853914,3.3368050962870943,3.0011799061366142,3.42585991355288,0,1,0,0,0,0,0.17301716137837883
1312896600,2.772,2.969,2.742999,2.963,3.1361199242971383,3.3012046109264186,2.9884532707577427,3.4077085443939437,0,0,0,0,0,0,0.17851593556563747
1312983000,2.925999,3.037,2.858,2.925,3.0977344835158402,3.2653756003619976,2.9673021805051616,3.3887787975549655,0,0,0,0,0,0,0.17855051159666332
1313069400,2.960001,3.114999,2.960001,3.071001,3.092873850149324,3.246863733660855,3.0018684536701077,3.376316923141045,0,0,0,0,0,0,0.17936826076833023
1313155800,3.149001,3.2,3.089999,3.103999,3.0948966046676287,3.2332575685502976,3.035911969113405,3.36563778890022,0,0,0,0,0,0,0.17577045642773523
1313415000,3.119,3.239999,3.119,3.161,3.106915403818969,3.226375895355031,3.0776079794089366,3.3576127775707993,1,0,0,0,0,0,0.17292970954003986
1313501400,3.134,3.167999,3.066,3.097,3.105112603124611,3.2140543815116946,3.0840719862726242,3.3473926686464544,0,0,0,0,0,0,0.1678632302871799
1313587800,3.133,3.203,3.061,3.07,3.0987284934655905,3.200334916605819,3.0793813241817496,3.3365145247779657,0,0,0,0,0,0,0.16601585669523847
1313674200,2.981,2.989999,2.828,2.861,3.0555051310173016,3.168017305500503,3.0065875494545,3.3178668963553006,0,0,0,0,0,0,0.17144329550272144
1313760600,2.863,2.975,2.814999,2.828999,3.0143221981050647,3.1357298478337885,2.947391366303,3.2986956063021515,0,0,0,0,0,0,0.17062598868109852
1314019800,2.878999,2.889999,2.731,2.764,2.9688090711768713,3.1003270051829515,2.8862609108686668,3.2777271511530475,0,0,0,0,0,0,0.16979548948959147
1314106200,2.782001,2.93,2.725999,2.925999,2.9610254218719856,3.0837243380226704,2.899506940579111,3.263933890323516,0,1,0,0,0,0,0.17223874024033495
1314192600,3.202,3.346001,3.138,3.227,3.009384436077079,3.0973696391633685,3.0086712937194076,3.2624855024676918,1,0,0,0,0,0,0.18993611593745388
1314279000,3.211,3.227,3.080499,3.088,3.0236781749721557,3.096477292576381,3.0351141958129384,3.2556429337434687,0,0,0,0,0,0,0.18683360765620716
1314365400,3.058,3.153,2.97,3.152,3.0470094158863095,3.1017651694738686,3.074076130541959,3.251578504969215,0,1,0,0,0,0,0.18655977853790665
1314624600,3.197,3.289999,3.175,3.285001,3.0902806129978897,3.1192162009525477,3.144384420361306,3.2528891910488538,0,0,0,0,0,0,0.1830911514994847
1314711000,3.255,3.377,3.227,3.313,3.1307750469982736,3.137671800861829,3.200589613574204,3.255246477674389,0,0,0,0,0,0,0.18072749782095007
1314797400,3.33,3.45,3.274001,3.311,3.1635432202713147,3.1541792483987976,3.237393075716136,3.2574328903146093,1,0,0,0,0,0,0.18038974797659652
1314883800,3.300999,3.314999,3.148,3.156,3.1621717256765303,3.154352653313198,3.210262050477424,3.253455129910115,0,0,0,0,0,0,0.17943326597826817
1314970200,3.084,3.153999,3.050999,3.113,3.153231411917161,3.150414305378608,3.1778413669849495,3.247947085599914,0,0,0,0,0,0,0.17411667555124904
1315315800,3.049001,3.148,3.022099,3.146001,3.1519167915685866,3.1499939905806453,3.1672279113232995,3.2439491998901135,0,1,0,0,0,0,0.17067269872615984
1315402200,3.221001,3.3239,3.214,3.27,3.1733864658288438,3.1614231343348695,3.201485274215533,3.2449707998944226,0,0,0,0,0,0,0.1711888631028627
1315488600,3.217,3.335001,3.210001,3.309,3.1980434720417814,3.175478073922025,3.2373235161436886,3.2474817489181707,0,0,0,0,0,0,0.16788965859551536
1315575000,3.271001,3.325,3.2,3.23,3.2038537498523665,3.1806706383104038,3.2348823440957926,3.246796190137066,0,0,0,0,0,0,0.16482611155297855
1315834200,3.185001,3.3675,3.1797,3.353,3.230971249879209,3.197082958471318,3.2742548960638618,3.250961045425808,0,1,0,0,0,0,0.16646710358490865
1315920600,3.353,3.449001,3.310001,3.432001,3.267522113537535,3.2194561052835735,3.3268369307092414,3.258060651487541,0,0,0,0,0,0,0.164505167614558
1316007000,3.45,3.677,3.439999,3.656,3.3381544565307104,3.2610317143041856,3.436557953806161,3.2736661161350886,0,0,0,0,0,0,0.17025472707066097
1316093400,3.681,3.761,3.621001,3.674001,3.3992174644342175,3.3003621224656916,3.515705635870774,3.2893655233454773,0,0,0,0,0,0,0.1680936037084709
1316179800,3.657001,3.686,3.592,3.649001,3.444632652718905,3.333565825088007,3.5601374239138495,3.303468875371145,0,0,0,0,0,0,0.16280120344358012
1316439000,3.599001,3.799001,3.541,3.735001,3.4974268976791043,3.3717977465081965,3.618425282609233,3.320391703787963,0,1,0,0,0,0,0.16960118891189582
1316525400,3.75,3.777,3.627,3.632001,3.5218949162829034,3.396579008745511,3.622950521739489,3.332611676188435,0,0,0,0,0,0,0.16820110398961757
1316611800,3.655,3.799001,3.588,3.598,3.5357322042314663,3.4157619602935574,3.6146336811596593,3.3430190614359474,0,0,0,0,0,0,0.1712582394189306
1316698200,3.485001,3.500999,3.297,3.398,3.5106899852802904,3.4140703450275045,3.5424224541064397,3.345175176673753,0,1,0,0,0,0,0.18052550803186412
1316784600,3.387,3.505,3.339,3.48,3.5051099879566014,3.42034935978679,3.5216149694042933,3.3504624246473313,0,0,0,0,0,0,0.17948797174387382
1317043800,3.482001,3.508,3.356,3.410001,3.487817444691765,3.4193638017118575,3.4844103129361956,3.3527972707395928,0,0,0,0,0,0,0.17752454519073999
1317130200,3.467999,3.514999,3.436,3.449001,3.4807599092932624,3.4221863920250137,3.4726072086241304,3.356569966004707,1,0,0,0,0,0,0.1723440776771157
1317216600,3.302,3.359,3.289,3.300999,3.4480761076035784,3.410644735641679,3.415404472416087,3.3543907124358947,0,0,0,0,0,0,0.17146242927160743
1317303000,3.334,3.356,3.227,3.317,3.4242440880392913,3.4017261893900907,3.3826029816107246,3.3529244099874282,0,0,0,0,0,0,0.16842939860934975
1317389400,3.312,3.338,3.242999,3.277,3.397472435668511,3.3898475046862724,3.3474019877404833,3.349946982144784,0,0,0,0,0,0,0.1631845129943962
1317648600,3.278999,3.323,3.167,3.189,3.3595683564560543,3.3707191709066273,3.2946013251603223,3.343635335786165,0,0,0,0,0,0,0.16267133349479648
1317735000,3.192999,3.273,3.086,3.234,3.336737746191317,3.3576982974869485,3.2744008834402147,3.3393359108533742,0,1,0,0,0,0,0.1644090953880253
1317821400,3.227,3.27,3.160001,3.261,3.3229672468838047,3.348488935821525,3.2699339222934767,3.3362639143493205,0,0,0,0,0,0,0.16052266000316637
1317907800,3.275,3.314999,3.229289,3.295,3.317882292904931,3.34339475145757,3.2782892815289846,3.334645721629739,0,0,0,0,0,0,0.15517889857436876
1317994200,3.314999,3.342999,3.253,3.288,3.312449148740398,3.3381190608425633,3.28152618768599,3.332816477644259,0,0,0,0,0,0,0.1505231915333424
1318253400,3.3,3.406,3.3,3.366,3.322185667151235,3.3407743883813668,3.3096841251239932,3.334117792246445,1,0,0,0,0,0,0.14820010642381795
1318339800,3.362,3.391,3.3,3.333,3.324151909487374,3.340033970440284,3.3174560834159954,3.3340739572563884,0,0,0,0,0,0,0.1441143845364024
1318426200,3.353999,3.386,3.291,3.364999,3.3315786532169422,3.3424115923031144,3.3333037222773303,3.3352867040306475,0,1,0,0,0,0,0.14060621421237368
1318512600,3.339,3.492999,3.328,3.406,3.345109807177498,3.3484676311313892,3.3575358148515537,3.338059774460818,0,0,0,0,0,0,0.14234855605434701
1318599000,3.498,3.581,3.47823,3.57,3.385998933145226,3.3695659519760186,3.4283572099010358,3.3471554695800014,0,0,0,0,0,0,0.14468080205046507
1318858200,3.535001,3.56899,3.481,3.506,3.4078173089370027,3.3825596708354455,3.4542381399340236,3.353384666851374,0,0,0,0,0,0,0.14070360190400327
1318944600,3.492999,3.597,3.491,3.584,3.4398505254939113,3.4017444640892127,3.497492093289349,3.362428405406222,1,0,0,0,0,0,0.13822477319657447
1319031000,3.544,3.545,3.45,3.463,3.4440595208586546,3.4075783246521447,3.485994728859566,3.3663723895079385,0,0,0,0,0,0,0.13792300368253343
1319117400,3.453,3.482001,3.312,3.398,3.4356850625207174,3.4066661032567023,3.456663152573044,3.3676126879586077,0,1,0,0,0,0,0.14021428913378106
1319203800,3.432001,3.45,3.342,3.384,3.4262877784260413,3.404507426756064,3.4324421017153623,3.3682553276465055,0,0,0,0,0,0,0.13791326848136815
1319463000,3.408,3.561,3.4,3.535001,3.4460538187122154,3.4169353861126295,3.466628401143575,3.3747943736211523,1,0,0,0,0,0,0.14070517787555614
1319549400,3.484,3.536,3.436,3.444,3.4456803971281764,3.4195129683876173,3.4590856007623834,3.377508319753656,0,0,0,0,0,0,0.1377976651701593
1319635800,3.478999,3.513,3.36351,3.377,3.4331930521957807,3.4154641142554634,3.4317237338415887,3.3774883856456697,0,0,0,0,0,0,0.1386328319437193
1319722200,3.407001,3.475,3.347,3.375999,3.4227941336147296,3.4117055319454193,3.4131488225610593,3.377429978365447,0,0,0,0,0,0,0.13787334394773937
1319808600,3.371001,3.399001,3.109,3.359,3.4111952002302335,3.406685957474427,3.395099215040706,3.3767072341158215,0,1,0,0,0,0,0.14873960509432943
1320067800,3.302,3.419,3.298,3.377,3.4049778910974635,3.4038587234292432,3.3890661433604707,3.3767187151308873,0,0,0,0,0,0,0.14675820473044876
1320154200,3.269,3.342,3.228,3.3,3.3858910018070154,3.393967416435982,3.3593774289069804,3.3737101380669308,0,0,0,0,0,0,0.1469183329639881
1320240600,3.342999,3.35,3.239999,3.260001,3.363001910569376,3.3812087101087456,3.3262519526046535,3.3692509561819532,0,0,0,0,0,0,0.1442813806094175
1320327000,3.350999,3.45,3.281,3.433,3.3757288359203987,3.3861412139079126,3.3618346350697688,3.3717509186846217,0,0,0,0,0,0,0.14754692485160198
1320413400,3.362,3.47,3.362,3.438,3.3870508657530536,3.391080145916683,3.3872230900465126,3.37434892187346,0,0,0,0,0,0,0.144722144505059
1320676200,3.434,3.460001,3.361,3.458,3.3999507083434075,3.3974534653531894,3.410815393364342,3.377629356309795,0,0,0,0,0,0,0.14145634846898333
1320762600,3.473,3.486,3.387,3.473,3.413232397735515,3.4046483734147905,3.431543595576228,3.3813693815525485,1,0,0,0,0,0,0.13842375214977026
1320849000,3.405,3.453999,3.307001,3.323,3.3968265072381487,3.396872337851477,3.3953623970508184,3.3790803861975465,0,0,0,0,0,0,0.14039341271050093
1320935400,3.366,3.375999,3.289,3.311,3.3812216877403034,3.38869401996086,3.367241598033879,3.376410567130976,0,0,0,0,0,0,0.1365795260883223
1321021800,3.334,3.43893,3.324001,3.428999,3.389908471787521,3.3925325894883973,3.3878273986892524,3.3784728586160355,0,0,0,0,0,0,0.1359617027962993
1321281000,3.412,3.431,3.283,3.309,3.3751978405534264,3.3845771047752167,3.361551599126168,3.375748432787956,0,0,0,0,0,0,0.1368215811679922
1321367400,3.297,3.352,3.271001,3.299001,3.3613438695437123,3.376426999558529,3.3407013994174455,3.3727387295413696,0,0,0,0,0,0,0.13283425394170703
1321453800,3.277,3.33,3.187,3.210001,3.3338269841721284,3.3605769043624787,3.2971345996116304,3.366356857794649,0,0,0,0,0,0,0.13356037866015655
1321540200,3.203999,3.212,3.095,3.12,3.294949350686287,3.3376648182327187,3.2380897330744203,3.3566958045478,0,0,0,0,0,0,0.13237749447014538
1321626600,3.147,3.158,2.950999,2.986,3.2387767414705984,3.3041729307819834,3.1540598220496134,3.3421587141733764,0,0,0,0,0,0,0.13770774486513498
1321885800,2.937,2.974001,2.878999,2.945,3.185362788475944,3.269965984993223,3.0843732146997422,3.3265838626371655,0,0,0,0,0,0,0.1355144059461968
1321972200,2.961,3.022,2.910001,2.941,3.1409331905712268,3.2386358911843445,3.0365821431331614,3.3114629268474727,0,0,0,0,0,0,0.133834734092897
1322058600,2.9,2.938,2.867,2.897,3.0965817013764583,3.206099139642978,2.990054762088774,3.2952094787358073,0,0,0,0,0,0,0.12956082451483292
1322231400,2.896001,2.913,2.831,2.844,3.0506577556716477,3.1716135072960276,2.941369841392516,3.2775149893736186,0,0,0,0,0,0,0.1261636227637734
1322490600,2.933,2.953999,2.812,2.858,3.0156290728222572,3.1417455542202153,2.9135798942616775,3.2610634211628886,0,1,0,0,0,0,0.1272947211377896
1322577000,2.864999,2.936,2.852,2.887,2.9922419686727557,3.117484072865909,2.904719929507785,3.246394267391795,0,0,0,0,0,0,0.12420224105651892
1322663400,2.942999,3.011,2.898,2.992,2.9921979743686182,3.1055332087834415,2.9338132863385233,3.2364180216117244,0,0,0,0,0,0,0.12418779526676758
1322749800,2.982001,3.038,2.912,2.991,2.991980160847051,3.0946252841373996,2.952875524225682,3.2267937854700883,0,0,0,0,0,0,0.12431723846199846
1322836200,3.028,3.164,3.016,3.116,3.0145292225112237,3.096660971362409,3.007250349483788,3.222448931137928,0,0,0,0,0,0,0.12779457857185572
1323095400,3.152,3.194,3.078,3.103999,3.0307964547819104,3.097359831232656,3.039499899655859,3.217803835799186,1,0,0,0,0,0,0.12695210867386603
1323181800,3.092999,3.12,3.006,3.081,3.03992437209429,3.0958017520676413,3.0533332664372392,3.2124389794933355,0,1,0,0,0,0,0.1260269580543042
1323268200,3.064,3.139,3.044,3.122,3.054847213531692,3.0982968232992945,3.076222177624826,3.208892352846538,0,0,0,0,0,0,0.12381074676471103
1323354600,3.117999,3.164,3.059,3.067999,3.0572384474350205,3.095411316318409,3.0734811184165505,3.203367123323144,1,0,0,0,0,0,0.1224671219958031
1323441000,3.003,3.064999,2.978999,3.061,3.0579223660831985,3.0921340480976083,3.0693207456110336,3.1977840988790995,0,0,0,0,0,0,0.12007661328181717
1323700200,2.862,2.963,2.759,2.946001,3.0375730267953442,3.0782166149454553,3.028214163740689,3.187910251864233,0,1,0,0,0,0,0.1330711409045445
1323786600,2.953999,3.009,2.907001,2.924001,3.016923567378009,3.0635294135220787,2.993476442493793,3.1775608694381847,0,0,0,0,0,0,0.1308517022685056
1323873000,2.896001,2.936,2.827,2.871001,2.990392191491098,3.0451933741390236,2.952651294995862,3.165538913773942,0,0,0,0,0,0,0.12929086639218376
1323959400,2.887,2.925,2.859,2.864,2.967411793038171,3.0279368623162592,2.9231008633305744,3.1537138583318267,0,0,0,0,0,0,0.12477009022131348
1324045800,2.892,2.917,2.817,2.88,2.9515187397585034,3.0138476373337584,2.9087339088870494,3.1429799815345003,0,0,0,0,0,0,0.1230007980626482
1324305000,2.883,2.883,2.739,2.755,2.915788059802412,2.98919548139721,2.857489272591366,3.1277650802978534,0,1,0,0,0,0,0.12450074105817334
1324391400,2.792999,2.9,2.792,2.883,2.9098265943837918,2.9790816260260473,2.865992848394244,3.1181664496979375,0,0,0,0,0,0,0.1259649738397324
1324477800,2.883,2.906,2.755,2.791,2.888221759041284,2.961169090214043,2.8409952322628294,3.105336392847038,0,0,0,0,0,0,0.12775318999403726
1324564200,2.798,2.914,2.788,2.902,2.890726893761051,2.9555339387650865,2.861330154841886,3.0973624166569578,0,0,0,0,0,0,0.12762796213732033
1324650600,2.922,2.961,2.885001,2.939,2.8995038221681324,2.9539592779303163,2.887220103227924,3.0911521258076653,1,0,0,0,0,0,0.12394017912751173
1324996200,2.927,2.953,2.903,2.934,2.9057758545011994,2.952058394317905,2.9028134021519496,3.08498929734462,0,0,0,0,0,0,0.11865873776126089
1325082600,2.936,2.937,2.864999,2.874001,2.899998608228254,2.944624356763819,2.8932092681012995,3.07671524646836,0,1,0,0,0,0,0.1153260422068851
1325169000,2.875999,2.921001,2.875,2.912,2.9021806794594807,2.9415172751672647,2.8994728454008665,3.0702558250382284,0,0,0,0,0,0,0.11044561062067904
1325255400,2.896001,2.916,2.866,2.886,2.899238737739575,2.9362299156275253,2.894981896933911,3.063030106409278,0,0,0,0,0,0,0.10612806700491624
1325601000,2.948,3.017,2.889,2.894501,2.8983773308778344,2.9322557331868087,2.8948215979559406,3.0564211218442083,1,0,0,0,0,0,0.10790463364742221
1325687400,2.889,2.909,2.8095,2.845,2.8886723616273193,2.9239456633594934,2.8782143986372937,3.048130097458161,0,0,0,0,0,0,0.10730430267260634
1325773800,2.846001,2.875,2.817999,2.849001,2.8814593867859886,2.9168080763728748,2.868476599091529,3.0403211132441155,0,0,0,0,0,0,0.10371120962456304
1325860200,2.841,2.855,2.802,2.831,2.8722849528249,2.9086358786230773,2.8559843993943526,3.032112442136503,0,1,0,0,0,0,0.10008898036566569
1326119400,2.93,3.039,2.925,3.022,2.8995058704931,2.9194324616113554,2.9113229329295685,3.031715875778209,0,0,0,0,0,0,0.10779691033954672
1326205800,3.052,3.113,3.038,3.064999,2.929595530403445,2.9332959414578927,2.962548288619712,3.033021096335926,0,0,0,0,0,0,0.10659713102957911
1326292200,3.069,3.164999,3.059,3.12,2.964214524875546,2.9510772803666647,3.0150321924131416,3.0364320337345174,0,0,0,0,0,0,0.10655440738460917
1326378600,3.12,3.1931,3.082001,3.167999,3.0012662476254466,2.9717364917603155,3.0660211282754277,3.0415915226076735,0,0,0,0,0,0,0.10687902114285135
1326465000,3.152,3.2,3.121001,3.157001,3.0295816571480927,2.9893807306402853,3.0963477521836187,3.046117384466196,0,0,0,0,0,0,0.10488759106121912
1326810600,3.17,3.225999,3.147,3.164999,3.0542029922120757,3.0061062801031153,3.119231501455746,3.0507794086047766,0,0,0,0,0,0,0.10303840598541776
1326897000,3.3,3.5,3.278,3.394,3.1159842663553348,3.043048539140914,3.210821000970497,3.0642390396398835,1,0,0,0,0,0,0.11960716270074508
1326983400,3.388,3.435001,3.360001,3.362,3.160714399745274,3.073424868746541,3.2612140006469983,3.0759159400461624,0,0,0,0,0,0,0.11642093679354902
1327069800,3.350999,3.403999,3.334,3.381,3.200766327064315,3.1027177383897278,3.3011426670979986,3.0878800208286656,0,0,0,0,0,0,0.1131050841654384
1327329000,3.385001,3.389999,3.328,3.366,3.2308088130526214,3.127792239495468,3.3227617780653325,3.098786686678522,0,1,0,0,0,0,0.1094546495821928
1327415400,3.359,3.424001,3.359,3.387,3.2592072106794174,3.152478692876852,3.3441745187102216,3.1100891695538744,0,0,0,0,0,0,0.10627938889775046
1327501800,3.455,3.455,3.37,3.395,3.283896808737705,3.1755759602219134,3.3611163458068143,3.12126214329686,1,0,0,0,0,0,0.10475943254791113
1327588200,3.396001,3.442999,3.384,3.408,3.3064610253308495,3.1977115830579215,3.3767442305378763,3.1325067651283556,0,0,0,0,0,0,0.10149083022306034
1327674600,3.384,3.448,3.38,3.398,3.323104475270695,3.2167866703857384,3.3838294870252508,3.1429182645350866,0,0,0,0,0,0,0.09909862806427032
1327933800,3.360001,3.400999,3.335001,3.373,3.3321763888578415,3.2316641303490012,3.3802196580168338,3.1519410776905734,0,1,0,0,0,0,0.096734297488251
1328020200,3.4,3.408,3.337,3.394,3.343417045429143,3.2471246893633823,3.384813105344556,3.161433584447806,0,0,0,0,0,0,0.09489613338194734
1328106600,3.439,3.489999,3.414,3.462,3.3649775826238444,3.2675890046621077,3.4105420702297042,3.173220502704755,0,0,0,0,0,0,0.09497490956895109
1328193000,3.48,3.517999,3.475,3.5,3.389527113055873,3.2897233851704786,3.4403613801531363,3.1860353849516274,0,0,0,0,0,0,0.09219091602831173
1328279400,3.528,3.548,3.497,3.5125,3.411885819772987,3.310940205630433,3.4644075867687576,3.198837918875093,1,0,0,0,0,0,0.08924870774057518
1328538600,3.5,3.505,3.414,3.43,3.4151793070869894,3.32227923366563,3.452938391179172,3.20790309852705,0,0,0,0,0,0,0.0899095143305341
1328625000,3.434,3.464,3.395,3.458,3.4229648876166276,3.33520502093557,3.454625594119448,3.21771082015344,0,1,0,0,0,0,0.08841597759263879
1328711400,3.455,3.5,3.444,3.488499,3.434880180777241,3.3498044475131348,3.465916729412965,3.2283299644611483,0,0,0,0,0,0,0.08610055062173602
1328797800,3.500999,3.531,3.479089,3.513,3.449083784272288,3.3653468810833123,3.481611152941977,3.2394934952665935,0,0,0,0,0,0,0.08365843986304058
1328884200,3.458,3.539999,3.435001,3.449001,3.4490687325864173,3.3733139400277588,3.470741101961318,3.247709475844374,1,0,0,0,0,0,0.08518269415853766
1329143400,3.485001,3.517,3.4015,3.481,3.454874417570705,3.3835697552632102,3.4741607346408787,3.2568581238504772,0,1,0,0,0,0,0.0873482160043564
1329229800,3.457001,3.494,3.419,3.450999,3.454169796194213,3.3899915880952856,3.4664401564272525,3.2644714915426154,0,0,0,0,0,0,0.08646620057547381
1329316200,3.492,3.548,3.481,3.498,3.462138924158902,3.400278103514782,3.476960104284835,3.2736294722664345,0,0,0,0,0,0,0.08721868624865427
1329402600,3.503,3.594991,3.472,3.586,3.4846591197663743,3.417965903180041,3.51330673618989,3.285879296883437,1,0,0,0,0,0,0.08977385151660752
1329489000,3.567,3.578999,3.484,3.524001,3.4918121888997606,3.428064483829561,3.51687149079326,3.295217402888008,0,0,0,0,0,0,0.09064714783684982
1329834600,3.548,3.5875,3.5278,3.547,3.5018463363725316,3.439391675845793,3.526914327195507,3.305091230225733,0,0,0,0,0,0,0.08870799441993196
1329921000,3.534,3.632159,3.534,3.589999,3.5178740933957076,3.4537352305271463,3.547942551463671,3.316264083942371,0,0,0,0,0,0,0.0893830662470797
1330007400,3.58,3.725999,3.571001,3.719,3.5544424400510333,3.478998541905513,3.604961700975781,3.3320576492779646,0,0,0,0,0,0,0.09406984722943114
1330093800,3.735001,3.739999,3.617,3.632001,3.5685439964053907,3.4935702045811787,3.6139748006505203,3.3438201336200053,0,0,0,0,0,0,0.09613621528447178
1330353000,3.621001,3.719,3.553999,3.698,3.5920814516044106,3.513039708906781,3.64198320043368,3.357709540144711,0,1,0,0,0,0,0.10105512847843805
1330439400,3.683,3.742,3.656,3.700999,3.6118846422217903,3.530940593772802,3.661655133622453,3.371171871903742,0,0,0,0,0,0,0.0999797621585496
1330525800,3.694,3.77,3.671001,3.761,3.6389965254541923,3.552851013413487,3.6947700890816355,3.386459249476144,0,0,0,0,0,0,0.09990970771865322
1330612200,3.774001,3.78,3.716,3.732001,3.6559064299170663,3.569912916897917,3.7071803927210905,3.4000099063594327,1,0,0,0,0,0,0.09734472859589226
1330698600,3.725,3.73,3.633,3.660001,3.6566508972048726,3.5784927343362107,3.691453928480727,3.410205635521808,0,0,0,0,0,0,0.09746303369618567
1330957800,3.652,3.655,3.528999,3.545,3.636350734076714,3.5753029501137146,3.6426359523204845,3.4154916890307567,0,0,0,0,0,0,0.09985867414645809
1331044200,3.469,3.548,3.460001,3.531,3.617196055153675,3.571083621531456,3.6054239682136564,3.420021426715825,0,1,0,0,0,0,0.09901155456456823
1331130600,3.550999,3.597,3.525999,3.575,3.6095240451257338,3.5714566099570315,3.595282645475771,3.4260990178250084,0,0,0,0,0,0,0.09701080066709906
1331217000,3.63,3.682001,3.610001,3.642,3.615428764193782,3.578175028056362,3.6108550969838475,3.4345657230083413,0,0,0,0,0,0,0.09772438633373484
1331303400,3.652,3.682001,3.605,3.677,3.626623534340367,3.5875869301462324,3.6329033979892316,3.4440729495570337,0,0,0,0,0,0,0.09624414445275378
1331559000,3.673,3.686,3.610001,3.660001,3.6326921644603,3.5944835082275435,3.641935931992821,3.4525407162410717,0,0,0,0,0,0,0.09479806270612852
1331645400,3.695,3.767,3.6875,3.763,3.656384498194791,3.610532697920158,3.6822906213285473,3.464715590113971,0,0,0,0,0,0,0.09566955822711934
1331731800,3.760001,3.837,3.7,3.711,3.6663145894321016,3.6201010124039525,3.6918604142190317,3.4743738022663644,0,0,0,0,0,0,0.09862173263946795
1331818200,3.714,3.7765,3.689,3.775999,3.686257209535356,3.6349484397940524,3.7199066094793545,3.4862022413931735,0,0,0,0,0,0,0.09782732316522023
1331904600,3.784,3.88,3.767039,3.789999,3.7051193532562006,3.6497151598136663,3.743270739652903,3.4981158397699117,1,0,0,0,0,0,0.09890830008199021
1332163800,3.777,3.816,3.761501,3.806,3.7234612890278003,3.664599430307603,3.7641804931019354,3.510189728406386,0,0,0,0,0,0,0.0957362072189909
1332250200,3.77,3.8145,3.75,3.803,3.7379228728409273,3.677780436944974,3.7771203287346236,3.521672484155155,0,1,0,0,0,0,0.09350504956049153
1332336600,3.809,3.860001,3.785001,3.836,3.7557550777789404,3.692848966759738,3.796746885823082,3.5339990534039725,1,0,0,0,0,0,0.09218326030617073
1332423000,3.817999,3.834,3.786,3.795,3.762890518182769,3.702577636592144,3.7961645905487216,3.5442343846430324,0,0,0,0,0,0,0.08917017028430138
1332509400,3.781,3.817,3.752,3.810001,3.7714560603313565,3.712808433107178,3.8007767270324813,3.5546566048531094,0,1,0,0,0,0,0.08744372954970846
1332768600,3.846001,3.885001,3.797,3.884,3.7919185948165643,3.7291123918588753,3.828517818021654,3.567572032113772,0,0,0,0,0,0,0.08748353458187212
1332855000,3.869,3.902,3.838,3.878,3.807569759395371,3.743292164062792,3.845011878681103,3.5797456779132317,1,0,0,0,0,0,0.08580613925459554
1332941400,3.883,3.887,3.778999,3.797,3.8056479849598492,3.748407196056812,3.8290079191207353,3.5882654552499678,0,0,0,0,0,0,0.08739148645069585
1333027800,3.764999,3.837,3.75,3.834,3.810802896785331,3.756558891670449,3.83067194608049,3.5979021040636945,0,1,0,0,0,0,0.08736352313278901
1333114200,3.846001,3.922,3.814999,3.897,3.8264750973698165,3.7699342353208825,3.8527812973869935,3.609631433316099,1,0,0,0,0,0,0.08876620005187554
1333373400,3.889,3.900999,3.811,3.869,3.834206897848032,3.779369070052227,3.858187531591329,3.619802749656644,0,0,0,0,0,0,0.08885425719102728
1333459800,3.861,3.899001,3.813,3.837,3.8347147346029353,3.784857730047253,3.851125021060886,3.6283202888857953,0,0,0,0,0,0,0.0886504531059539
1333546200,3.805,3.813,3.709,3.741,3.8176756919478563,3.780680803376086,3.8144166807072573,3.632739101086352,0,0,0,0,0,0,0.0914611350269572
1333632600,3.747,3.799001,3.735001,3.761,3.80737102068461,3.778806441149792,3.7966111204715047,3.6377689402594364,0,0,0,0,0,0,0.08949962538217456
1333978200,3.724001,3.77,3.707001,3.758,3.7983944714692264,3.7768248753260023,3.783740746981003,3.642483883778674,0,0,0,0,0,0,0.08760672356916209
1334064600,3.739,3.774001,3.657001,3.68,3.776868203929367,3.7676034586282876,3.7491604979873356,3.643955104022648,0,1,0,0,0,0,0.08970624331422195
1334151000,3.705,3.821001,3.689999,3.748,3.771619439578573,3.7657364625684506,3.7487736653248906,3.6480352960217597,0,0,0,0,0,0,0.09337015450606322
1334237400,3.763,3.845,3.75,3.8145,3.7794159051097416,3.7703806089905028,3.770682443549927,3.6545633236287496,1,0,0,0,0,0,0.09362942918420156
1334323800,3.792,3.792999,3.721001,3.728,3.770067558726152,3.766344360515217,3.756454962366618,3.657443193290367,0,0,0,0,0,0,0.09362011281390145
1334583000,3.739,3.757001,3.7,3.705,3.758237093503215,3.7605020404661484,3.7393033082444123,3.6593081661025093,0,1,0,0,0,0,0.09100446189862275
1334669400,3.737,3.794501,3.722,3.774001,3.7611032583208126,3.7617876556598486,3.750869205496275,3.663805924294568,1,0,0,0,0,0,0.09089707176300683
1334755800,3.755,3.781,3.711,3.748,3.7587208477170284,3.760474545597006,3.7499128036641833,3.6671076527536046,0,0,0,0,0,0,0.08940442377993495
1334842200,3.698,3.719,3.561,3.571001,3.7245899663139324,3.742429446016339,3.6902755357761223,3.663338764410326,0,0,0,0,0,0,0.09637553636708247
1334928600,3.575,3.575,3.361,3.428,3.6706645178932176,3.7124837844909733,3.6028503571840815,3.65410979325698,0,0,0,0,0,0,0.10477728376943372
1335187800,3.377,3.383,3.314,3.323,3.607452787367178,3.675390090729928,3.509566904789388,3.6411250954821965,0,0,0,0,0,0,0.10543604921447416
1335274200,3.319,3.325999,3.238,3.267999,3.545733916936782,3.63659093923184,3.4290442698595918,3.626492699580934,0,1,0,0,0,0,0.10419054569915458
1335360600,3.453,3.527,3.416,3.498,3.5370550229482762,3.623391802162141,3.452029513239728,3.621453770185603,0,0,0,0,0,0,0.1152484352920721
1335447000,3.469,3.525,3.441,3.506,3.5314086551394985,3.6122116305276513,3.470019675493152,3.616926171354795,0,0,0,0,0,0,0.11301640419978123
1335533400,3.509,3.5315,3.45,3.460001,3.518425445114135,3.5977153800012083,3.4666801169954344,3.610772243066372,1,0,0,0,0,0,0.11076523247122541
1335792600,3.442,3.462,3.409,3.448,3.5056208187297466,3.5834567723820454,3.4604534113302896,3.604389017848083,0,0,0,0,0,0,0.10663914443756649
1335879000,3.453,3.495,3.417,3.446001,3.4947808516879744,3.570365746440898,3.4556359408868595,3.5981777230305108,0,0,0,0,0,0,0.10459349126345462
1335965400,3.413,3.486099,3.386,3.478,3.491729787744706,3.5615690086846223,3.4630906272579063,3.5934648711469612,0,0,0,0,0,0,0.10427245617320784
1336051800,3.471001,3.473,3.328999,3.336,3.463415280882032,3.5400862459527533,3.420727084838604,3.5833682095333548,0,0,0,0,0,0,0.10746735216083585
1336138200,3.292999,3.336,3.1565,3.163,3.408794320721663,3.5041732701477293,3.3348180565590693,3.5668831817085174,0,0,0,0,0,0,0.1126125412922047
1336397400,3.156,3.199001,3.121001,3.13,3.358104444226815,3.4685377206098504,3.2665453710393795,3.5497505079160265,0,0,0,0,0,0,0.11014021691419007
1336483800,3.109,3.167,3.089999,3.155,3.321176363458303,3.4386769853136743,3.2293635806929197,3.5342700958408884,0,0,0,0,0,0,0.1077731299917479
1336570200,3.117,3.124001,3.072,3.107001,3.282235388284066,3.4070887962361813,3.1885760537952796,3.5175144450235987,0,0,0,0,0,0,0.10600362070662303
1336656600,3.12,3.135001,3.063,3.088,3.2469198631415086,3.376699387070831,3.1550507025301866,3.500670741297183,0,0,0,0,0,0,0.10357486208472136
1336743000,3.069,3.114999,3.061,3.094,3.219116251661234,3.349775635921228,3.134700468353458,3.4847228690894503,0,0,0,0,0,0,0.10003372907866984
1337002200,3.067999,3.145,3.047,3.113,3.199822387722828,3.3272255753573012,3.127466978902305,3.470145501674178,0,1,0,0,0,0,0.09988846271590769
1337088600,3.119,3.166,3.091,3.105,3.1825819535914044,3.306061234847082,3.11997798593487,3.455826070235975,0,0,0,0,0,0,0.09811071537905712
1337175000,3.106,3.166,3.071001,3.077,3.1633852347566034,3.2842458791473597,3.105651990623247,3.4409701459129955,0,0,0,0,0,0,0.09788844999483877
1337261400,3.07,3.094,3.005,3.007001,3.13495173752813,3.257841604942849,3.0727683270821644,3.4239517480340544,0,0,0,0,0,0,0.09725356070949313
1337347800,3.023,3.025,2.971001,3.002,3.1107786943411972,3.233475737805435,3.0491788847214427,3.40740462066017,0,0,0,0,0,0,0.09416394923024363
1337607000,3,3.091,2.97,3.091,3.1071825680973433,3.219906619919203,3.0631192564809617,3.3949965963205555,0,1,0,0,0,0,0.09608080999951195
1337693400,3.094,3.142,3.083,3.127,3.11078573753419,3.2110583704030886,3.0844128376539746,3.384486925876612,0,0,0,0,0,0,0.09343218071383251
1337779800,3.169,3.359,3.15,3.352,3.1546428761643375,3.2244813827456515,3.173608558435983,3.383212928783412,1,0,0,0,0,0,0.10332988209141591
1337866200,3.346001,3.352,3.242999,3.250999,3.172162171407185,3.2270068701032084,3.1994053722906552,3.3780280688311213,0,0,0,0,0,0,0.10373496194202904
1337952600,3.260001,3.339999,3.257001,3.314999,3.1981325038786057,3.235387072950522,3.2379365815271033,3.3755563406416655,0,0,0,0,0,0,0.10268246466045552
1338298200,3.355,3.450999,3.321001,3.445,3.2430175031734048,3.255350208859996,3.306957721018069,3.3782796214008157,1,0,0,0,0,0,0.10506228861328014
1338384600,3.395,3.405,3.287,3.306,3.2544688662327856,3.260173998492377,3.306638480678713,3.375445126443921,0,0,0,0,0,0,0.10884355371233155
1338471000,3.328,3.338499,3.247,3.310001,3.2645656178268245,3.264919427207389,3.307759320452475,3.372878690112787,0,0,0,0,0,0,0.10760465701859359
1338557400,3.242999,3.267,3.086,3.098,3.234280960040129,3.2490223389019235,3.2378395469683166,3.3620991336377757,0,0,0,0,0,0,0.1159186815172655
1338816600,3.122,3.164999,3.0175,3.053,3.2013207854873786,3.230353544720788,3.176226364645544,3.3499775989853138,0,1,0,0,0,0,0.11817441855174653
1338903000,3.058,3.149001,3.038499,3.141,3.190353369944219,3.2218436833188084,3.1644842430970295,3.341782399025105,0,0,0,0,0,0,0.11762638865519323
1338989400,3.18,3.299001,3.158,3.297,3.2097436663179972,3.2290014277646364,3.2086561620646865,3.3400262265143166,0,0,0,0,0,0,0.12051028946553657
1339075800,3.342999,3.348,3.286,3.295,3.2252448178965434,3.2352870060727663,3.2374374413764575,3.338260492141206,0,0,0,0,0,0,0.1163309830751411
1339162200,3.283,3.403999,3.25,3.384,3.2541093964608083,3.2494501483515505,3.286291627584305,3.340054198331747,0,0,0,0,0,0,0.11902155571263104
1339421400,3.409,3.425999,3.314,3.324001,3.266816960740661,3.2565502294609265,3.2988614183895364,3.3394246611422664,0,0,0,0,0,0,0.11851994459030024
1339507800,3.331,3.417,3.331,3.392,3.2895775133332683,3.269450207607505,3.329907612259691,3.341486439136687,0,0,0,0,0,0,0.11669701997670735
1339594200,3.391,3.449001,3.364999,3.403999,3.310381419999947,3.282264378311552,3.354604741506461,3.343937912111719,1,0,0,0,0,0,0.11436166140694252
1339680600,3.378999,3.38,3.2655,3.331,3.3141302527272294,3.2869058660914043,3.3467364943376405,3.3434305430092985,0,1,0,0,0,0,0.11608575702073236
1339767000,3.336,3.434,3.334,3.407001,3.3310158431404604,3.298343497892223,3.3668246628917604,3.3459235021069733,0,0,0,0,0,0,0.11515106009068006
1340026200,3.395,3.5075,3.381,3.475999,3.357376417114922,3.315263069521535,3.4032161085945067,3.3510245020243468,0,0,0,0,0,0,0.11596169865563148
1340112600,3.492,3.5,3.439999,3.47,3.3778534321849363,3.3299999200432935,3.425477405729671,3.3556902078273136,0,0,0,0,0,0,0.11196450589451497
1340199000,3.48,3.553999,3.478999,3.527,3.4049709899694935,3.3487618324201227,3.4593182704864476,3.3624082388929093,1,0,0,0,0,0,0.10996696975919247
1340285400,3.525,3.539,3.439,3.448,3.4127944463386766,3.358213086475349,3.455545513657632,3.365764778544168,0,0,0,0,0,0,0.10925504334782159
1340371800,3.446001,3.505,3.438,3.48,3.425013637913463,3.3698118401443637,3.463697009105088,3.370244591150279,0,0,0,0,0,0,0.10623682596583431
1340631000,3.438,3.464,3.4045,3.421001,3.4242840673837422,3.3746869982258527,3.4494650060700587,3.3722350385561506,0,0,0,0,0,0,0.10404133839684614
1340717400,3.43,3.462,3.396001,3.439,3.426959691495789,3.3808120460138666,3.4459766707133723,3.3748532723382625,0,0,0,0,0,0,0.10132402851135713
1340803800,3.442,3.506,3.433,3.489999,3.4384213839511,3.3912108035363557,3.4606507804755817,3.379368791070095,0,0,0,0,0,0,0.09930088361768877
1340890200,3.450999,3.474001,3.392999,3.431,3.4370720414145364,3.3950002508186077,3.4507671869837213,3.381393544361464,0,1,0,0,0,0,0.09913653478785386
1340976600,3.502,3.594,3.5019,3.589999,3.46487694297553,3.4135715602644545,3.497177791322481,3.389574150464936,0,0,0,0,0,0,0.10369821087443572
1341235800,3.577,3.619,3.527,3.549001,3.4801722260708883,3.42646960214403,3.5144521942149876,3.3958261837800365,1,0,0,0,0,0,0.10286262438340461
1341322200,3.556,3.58,3.544,3.574001,3.4972320031489086,3.4405202114636464,3.534301796143325,3.402813431474937,0,0,0,0,0,0,0.09808672264173286
1341495000,3.574001,3.596001,3.547,3.558,3.508280729849107,3.451708762752823,3.5422011974288834,3.4088991792602337,0,0,0,0,0,0,0.09458059959589478
1341581400,3.55,3.552,3.407001,3.448,3.4973205971492694,3.4513555472525543,3.5108007982859224,3.4104325447794404,0,0,0,0,0,0,0.09861048533904514
1341840600,3.45,3.4599,3.312,3.328999,3.466716670394857,3.439702542752311,3.4502001988572815,3.4072390724351487,0,0,0,0,0,0,0.1021311649576848
1341927000,3.360001,3.407001,3.325,3.342999,3.4442225485048827,3.4304926815378054,3.4144664659048543,3.40471985390828,0,0,0,0,0,0,0.10069329603213588
1342013400,3.341,3.355,3.292999,3.310001,3.419818630594904,3.41901728329611,3.3796446439365697,3.401005389049132,0,0,0,0,0,0,0.09792956060126902
1342099800,3.292,3.299001,3.214,3.258,3.3903970613958307,3.4036823039345756,3.3390964292910463,3.395397334576617,0,1,0,0,0,0,0.09779180627260696
1342186200,3.255,3.325,3.248,3.314999,3.376688322960225,3.3952362749884255,3.3310639528606973,3.3922444587108673,0,0,0,0,0,0,0.09630667725313503
1342445400,3.297,3.309,3.238,3.274001,3.35801790060382,3.3836900583228613,3.3120429685737984,3.3876074603300492,0,0,0,0,0,0,0.09492755744933966
1342531800,3.310001,3.32186,3.257001,3.303999,3.3481962823122164,3.376100433720684,3.3093616457158657,3.384328697179851,0,0,0,0,0,0,0.09277980334581541
1342618200,3.299001,3.405,3.291,3.378999,3.353796776437268,3.3763764876520472,3.3325740971439104,3.384119689447308,0,0,0,0,0,0,0.09429553167825715
1342704600,3.453,3.639999,3.442,3.603999,3.39928808981231,3.398054822161376,3.423049064762607,3.3927424075081976,1,0,0,0,0,0,0.10620299370123878
1342791000,3.595,3.6,3.525,3.528,3.422690255300981,3.410430553384102,3.458032709841738,3.3980466268216016,0,0,0,0,0,0,0.10425985129400746
1343050200,3.464,3.48,3.373,3.449001,3.427474027064439,3.4141039292522826,3.455022139894492,3.40004483753448,0,1,0,0,0,0,0.10788414763014977
1343136600,3.467999,3.509,3.377,3.417999,3.4257512948709046,3.414474888371113,3.4426810932629945,3.400748922337049,0,0,0,0,0,0,0.1096067085137105
1343223000,3.413,3.475,3.382001,3.421001,3.4248876048943764,3.4150964228119594,3.435454395508663,3.4015431214610863,0,0,0,0,0,0,0.10842044361987405
1343309400,3.500999,3.573,3.5,3.544,3.4465444040044897,3.4273729539727253,3.4716362636724423,3.4071296657175143,0,0,0,0,0,0,0.11153319764702589
1343395800,3.578999,3.647,3.555,3.613,3.476809057821855,3.4450517202610373,3.5187575091149617,3.4152030121599646,0,0,0,0,0,0,0.11092368352938117
1343655000,3.632001,3.67,3.572,3.597,3.4986619563996997,3.4595229849980815,3.5448383394099743,3.4223323058007504,0,0,0,0,0,0,0.1100005632772825
1343741400,3.624001,3.764,3.622,3.689999,3.5334505097815723,3.481473081664931,3.593225226273316,3.432829038906603,1,0,0,0,0,0,0.11407195161461946
1343827800,3.711,3.712,3.641,3.669,3.5580958716394684,3.499332788173033,3.6184834841822107,3.4420906452239914,0,0,0,0,0,0,0.11099538364214666
1343914200,3.635001,3.714,3.610001,3.653999,3.575532804068656,3.514062903585125,3.6303219894548073,3.4504007767838347,0,1,0,0,0,0,0.11049564195342189
1344000600,3.714999,3.746001,3.667,3.711,3.6001632033289,3.5328188175293986,3.657214659636538,3.460620354164861,0,0,0,0,0,0,0.10917466752817746
1344259800,3.719,3.744,3.7,3.707001,3.6195882572691,3.549407596812313,3.6738101064243587,3.470282340276043,0,0,0,0,0,0,0.10451933413330765
1344346200,3.728,3.763,3.706,3.739999,3.6414811195838093,3.567559159020664,3.6958730709495726,3.4808594641867865,0,0,0,0,0,0,0.10112509598092853
1344432600,3.746001,3.77,3.725,3.748,3.6608481887503896,3.584744001018696,3.7132487139663817,3.4913355636304417,1,0,0,0,0,0,0.09711616055371934
1344519000,3.703999,3.757001,3.700999,3.732001,3.673785063523046,3.5987684771121535,3.719499475977588,3.5007734238802284,0,0,0,0,0,0,0.09417943479988224
1344605400,3.723,3.742999,3.677,3.714999,3.681278506518856,3.6098380507205197,3.717999317318392,3.5091744268653176,0,0,0,0,0,0,0.09216654659989065
1344864600,3.714999,3.714999,3.609,3.627,3.671409687151791,3.61147252208047,3.6876662115455945,3.5137950375764815,0,0,0,0,0,0,0.09315457898561276
1344951000,3.673,3.677,3.598,3.614999,3.6611531985787384,3.611808377120425,3.663443807697063,3.5177638204166195,0,1,0,0,0,0,0.09214353762949758
1345037400,3.605,3.663,3.6,3.658,3.6605798897462405,3.616207579299432,3.6616292051313755,3.5232632784394973,0,0,0,0,0,0,0.09006185637024773
1345123800,3.67,3.714,3.67,3.691,3.6661108188832876,3.6233306669852006,3.6714194700875837,3.5298411890889287,0,0,0,0,0,0,0.08762886662951576
1345210200,3.775,3.788,3.639999,3.684,3.6693633972681443,3.629108698700896,3.675612980058389,3.5358866326540688,1,0,0,0,0,0,0.09194116187026462
1345469400,3.695,3.695,3.541,3.596001,3.656024779583027,3.6259555845389055,3.6490756533722593,3.5382440588244974,0,1,0,0,0,0,0.09637393602238856
1345555800,3.6,3.656,3.57,3.638,3.6527475469315673,3.6271026717256762,3.6453837689148396,3.5421560565176544,0,0,0,0,0,0,0.09563294059221797
1345642200,3.625,3.667999,3.603999,3.649001,3.6520663565803733,3.6291882267994215,3.6465895126098933,3.5463460543012757,0,0,0,0,0,0,0.09337344483563097
1345728600,3.624001,3.63,3.572,3.602,3.642963382656669,3.6265988718661433,3.631726341739929,3.5485285619757354,0,0,0,0,0,0,0.09220398449022875
1345815000,3.602,3.634,3.584,3.605,3.6360609494463656,3.62454183645032,3.6228175611599527,3.5507431281727655,0,0,0,0,0,0,0.0891894141694981
1346074200,3.607001,3.613,3.564,3.577,3.6253225950015717,3.6200140425026706,3.6075450407733016,3.5517728094208922,0,1,0,0,0,0,0.08631874172881966
1346160600,3.583,3.642,3.567999,3.627,3.6256275777285585,3.6206793717881305,3.614030027182201,3.554722895325955,0,0,0,0,0,0,0.08543890303390397
1346247000,3.639,3.686,3.622,3.660001,3.6318772908688204,3.6244242887606894,3.629353684788134,3.5588514484504272,1,0,0,0,0,0,0.08390755281719654
1346333400,3.65,3.65,3.585001,3.602,3.6264450561653985,3.622288642212052,3.620235789858756,3.5605435485111947,0,0,0,0,0,0,0.08327129904453963
1346419800,3.628999,3.68,3.591,3.657001,3.6320006823171442,3.6255945810489996,3.6324908599058374,3.5643261936676183,0,0,0,0,0,0,0.08368049196992966
1346765400,3.637,3.659,3.533,3.589,3.6241823764412997,3.6221093828538566,3.6179939066038918,3.565293793915947,0,0,0,0,0,0,0.08670331397207753
1346851800,3.561,3.562,3.505,3.517999,3.604876307997427,3.6121941082963467,3.584662271069261,3.5634390961153213,0,1,0,0,0,0,0.08651022011692915
1346938200,3.564,3.681,3.519,3.661,3.6150806156342585,3.6168422884585993,3.6101081807128406,3.5672650139147204,0,0,0,0,0,0,0.0919738472514342
1347024600,3.671001,3.683,3.610001,3.62,3.6159750491553027,3.617143022891114,3.6134054538085603,3.5693330525847315,1,0,0,0,0,0,0.09061850101918889
1347283800,3.596001,3.619,3.495,3.5,3.5948886765816113,3.6059865445205315,3.5756036358723735,3.566614109346115,0,0,0,0,0,0,0.09307432237496112
1347370200,3.503999,3.557001,3.483,3.496001,3.5769090990213184,3.5955117307566713,3.549069423914916,3.56384496780313,0,0,0,0,0,0,0.09171194220532104
1347456600,3.522,3.549831,3.500999,3.523,3.567107444653806,3.5886058516369883,3.5403796159432774,3.56224320435987,0,0,0,0,0,0,0.08900608919065525
1347543000,3.528,3.539999,3.445,3.507001,3.5561790001712956,3.580833961004894,3.5292534106288516,3.560076843404581,0,1,0,0,0,0,0.0894341542484656
1347629400,3.509,3.55,3.47,3.506,3.5470555455946964,3.573706917099666,3.5215022737525676,3.557956182878911,1,0,0,0,0,0,0.08876028608786089
1347888600,3.519,3.539,3.488,3.528,3.543590900941115,3.5693538773758884,3.5236681825017118,3.5567814306091496,0,0,0,0,0,0,0.08606312279587083
1347975000,3.508,3.517,3.464999,3.516,3.538574373497276,3.564272555721042,3.521112121667808,3.5551821588205557,0,0,0,0,0,0,0.08441582831045148
1348061400,3.513,3.542,3.475,3.505,3.5324699419523165,3.558627550414276,3.515741414445205,3.553214231023671,0,0,0,0,0,0,0.08317184057399064
1348147800,3.458,3.491,3.322,3.375,3.5038390434155318,3.541139212279583,3.4688276096301367,3.5462254376501936,0,1,0,0,0,0,0.09030242339013415
1348234200,3.433,3.611501,3.433,3.550999,3.5124135809763444,3.5420782396815276,3.496218073086758,3.5464126361737156,1,0,0,0,0,0,0.10074517886226743
1348493400,3.5,3.514,3.423,3.460001,3.5028840207988274,3.5342613597118584,3.484145715391172,3.54302394455906,0,0,0,0,0,0,0.10269188037210546
1348579800,3.456,3.499001,3.292999,3.300999,3.466177653380859,3.5120458968821575,3.4230968102607813,3.5335327702626262,0,0,0,0,0,0,0.11007117463124076
1348666200,3.274001,3.353999,3.239,3.346001,3.444327352766157,3.496232097179095,3.3973982068405206,3.5261785831935035,0,1,0,0,0,0,0.11042316215758072
1348752600,3.317999,3.499001,3.2965,3.4895,3.4525405613541285,3.4955909450668003,3.428098804560347,3.524740207381994,0,0,0,0,0,0,0.11700015057489636
1348839000,3.445,3.502,3.410001,3.486501,3.458715186562469,3.4947252360128194,3.4475662030402314,3.5232406306219155,0,0,0,0,0,0,0.1152143541052609
1349098200,3.514,3.553999,3.455,3.46884,3.460556061732929,3.4922599754401698,3.4546574686934877,3.521107272558311,1,0,0,0,0,0,0.1140561145263137
1349184600,3.489999,3.489999,3.4095,3.442,3.457182232326942,3.4874733111125344,3.450438312462325,3.518005026575632,0,0,0,0,0,0,0.11165917777443415
1349271000,3.453,3.505,3.442999,3.457001,3.457149280994771,3.484571186244674,3.4526258749748835,3.51561271180796,0,0,0,0,0,0,0.10818352221911741
1349357400,3.457001,3.457001,3.4,3.442,3.4543948662684487,3.480516787554705,3.4490839166499225,3.5127259387958834,0,0,0,0,0,0,0.10452762777489474
1349443800,3.472,3.528,3.417,3.444,3.4525048905832763,3.477038998263781,3.447389277766615,3.510030803941143,1,0,0,0,0,0,0.10498994007668798
1349703000,3.4,3.423,3.371001,3.388,3.4407767286590443,3.4685590936672304,3.42759285184441,3.505245282217961,0,0,0,0,0,0,0.1027048729283531
1349789400,3.35,3.374001,3.303999,3.359,3.425908232539218,3.4581248942703513,3.404728567896273,3.499510173111374,0,0,0,0,0,0,0.10136888200489928
1349875800,3.367999,3.371001,3.255,3.259,3.395561281168451,3.439160618625556,3.3561523785975154,3.4900784016168105,0,0,0,0,0,0,0.10241403329026363
1349962200,3.300999,3.348,3.256,3.292999,3.376913593683278,3.425240464470741,3.3351012523983434,3.4823497976318376,0,0,0,0,0,0,0.10167017376953051
1350048600,3.273,3.300999,3.253999,3.29787,3.3625420311954093,3.4131099440449564,3.322690834932229,3.4751152957639224,0,1,0,0,0,0,0.0977651613574212
1350307800,3.310001,3.336,3.28,3.319,3.3546252982507894,3.404147092231151,3.321460556621486,3.4689931273025922,0,0,0,0,0,0,0.09478193554617682
1350394200,3.33,3.459,3.323,3.435001,3.3692390622051915,3.407085559637708,3.3593073710809906,3.4676601027024905,0,0,0,0,0,0,0.09801179729287848
1350480600,3.409,3.460001,3.388,3.411,3.376831959986066,3.407458363481736,3.376538247387327,3.465438137890628,1,0,0,0,0,0,0.09615388320053005
1350567000,3.407001,3.439999,3.381,3.405,3.3819534218067813,3.4072242336263323,3.386025498258218,3.4630680148360935,0,0,0,0,0,0,0.09349996297192076
1350653400,3.412,3.417999,3.289999,3.319,3.370507345114639,3.39882192566192,3.3636836655054787,3.4574182887640896,0,0,0,0,0,0,0.0959642513310693
1350912600,3.348,3.3685,3.3,3.339999,3.364960373275614,3.3932197422655466,3.3557887770036525,3.452813610773341,0,0,0,0,0,0,0.0940025190931358
1350999000,3.296001,3.335001,3.282001,3.324001,3.3575132144982294,3.386627481097399,3.3451928513357685,3.447762135841053,0,0,0,0,0,0,0.09143076772934038
1351085400,3.353,3.359,3.259,3.273,3.3421471754985514,3.3758058162309803,3.321128567557179,3.440908718749247,0,1,0,0,0,0,0.09204285574867321
1351171800,3.307001,3.374001,3.303999,3.37,3.3472113254079057,3.375252881351839,3.337419045038119,3.438127984680649,0,0,0,0,0,0,0.09268272319519653
1351258200,3.37,3.399001,3.339999,3.383,3.353718357151923,3.3759907021754736,3.3526126966920793,3.4359661029284667,0,0,0,0,0,0,0.09027695725268249
1351690200,3.362,3.37,3.2815,3.303,3.3444968376697553,3.36903920673019,3.336075131128053,3.4307517459508796,0,1,0,0,0,0,0.09107860316320518
1351776600,3.328999,3.456,3.305,3.45,3.363679230820709,3.3767497584701722,3.374050087418702,3.431506579443002,0,0,0,0,0,0,0.0955015600801191
1351863000,3.471001,3.485001,3.394,3.397,3.369737552489671,3.3786783529015842,3.381700058279135,3.430153380249159,0,0,0,0,0,0,0.09518009150296773
1352125800,3.3,3.442,3.299001,3.432001,3.381058179309731,3.3837567002442905,3.3984670388527567,3.4302258359256625,0,1,0,0,0,0,0.09859572782418433
1352212200,3.432001,3.528,3.421001,3.528,3.407774873980689,3.397494157363882,3.4416446925685045,3.4340601168697544,1,0,0,0,0,0,0.0991959615510283
1352298600,3.478,3.511,3.389,3.396001,3.405634169620564,3.397351951900655,3.426430128379003,3.432567602482705,0,0,0,0,0,0,0.10203910715452631
1352385000,3.499001,3.499001,3.383,3.384,3.401700684235007,3.396080337433926,3.4122867522526685,3.4306629906206383,0,0,0,0,0,0,0.10303638521491729
1352471400,3.4,3.4,3.342,3.348,3.3919369234650056,3.391501257678314,3.390857834835112,3.427421304713947,0,0,0,0,0,0,0.09981950055670889
1352730600,3.358,3.3845,3.3215,3.361,3.38631202828955,3.3885963759946653,3.380905223223408,3.424816547666341,0,0,0,0,0,0,0.0971895362312297
1352817000,3.325999,3.382001,3.31776,3.328,3.3757098413278137,3.382825292566602,3.363270148815605,3.4210198203068765,0,0,0,0,0,0,0.09483606935757043
1352903400,3.367999,3.389,3.287,3.303,3.3624898701773023,3.375222883750735,3.3431800992104033,3.416391592059548,1,0,0,0,0,0,0.09534777868917253
1352989800,3.314,3.322,3.208501,3.225,3.3374917119632475,3.3609159424411414,3.3037867328069357,3.408886039429762,0,0,0,0,0,0,0.09664429449708878
1353076200,3.221001,3.238,3.167999,3.194,3.3114023097881113,3.3450191860181757,3.2671911552046238,3.4004591359227123,0,1,0,0,0,0,0.09474120203301102
1353335400,3.228,3.2825,3.200999,3.275,3.3047837080084546,3.338350692111683,3.2697941034697493,3.3955391698080963,0,0,0,0,0,0,0.09429540188779596
1353421800,3.332001,3.348,3.25,3.281,3.300459397461463,3.33288872143438,3.2735294023131662,3.3910474376587594,0,0,0,0,0,0,0.09456001603866768
1353508200,3.278,3.29577,3.252,3.282001,3.2971033251957422,3.328042271773963,3.2763532682087777,3.3867711067701807,0,0,0,0,0,0,0.09093215775019144
1353681000,3.3,3.374001,3.285001,3.355,3.307629993341971,3.3306096744621567,3.3025688454725186,3.3855251810144873,0,0,0,0,0,0,0.0910084321966063
1353940200,3.375,3.424001,3.341,3.403999,3.325151630916158,3.3375991340371893,3.336378896981679,3.3862496445041153,0,0,0,0,0,0,0.09043647275399155
1354026600,3.386,3.453,3.360001,3.412,3.3409422434768565,3.344684930795552,3.361585931321119,3.387259462366699,0,0,0,0,0,0,0.09061951041442072
1354113000,3.362,3.464999,3.361,3.456,3.3618618355719736,3.3552863659578804,3.3930572875474128,3.3899551697248675,0,0,0,0,0,0,0.09157518824196209
1354199400,3.488,3.542999,3.472,3.510001,3.388796229104342,3.3700210930095107,3.4320385250316083,3.3946628493435003,0,0,0,0,0,0,0.09124831765325052
1354285800,3.459,3.542599,3.389999,3.510001,3.4108334601762795,3.3833525127228907,3.458026016687739,3.3991859140751277,0,0,0,0,0,0,0.09563058067801834
1354545000,3.539,3.558,3.463,3.481,3.4235910128715012,3.3926522734159485,3.4656840111251594,3.4023943096015934,1,0,0,0,0,0,0.095585539201017
1354631400,3.478999,3.516,3.469,3.492,3.4360290105312283,3.4021139616620486,3.474456007416773,3.405908258244668,0,0,0,0,0,0,0.09211514354380153
1354717800,3.503,3.516,3.45,3.45303,3.4391200995255504,3.406963108170425,3.4673140049445155,3.4077561696860537,0,0,0,0,0,0,0.0902497761478157
1354804200,3.453999,3.514999,3.446001,3.512,3.452370990520905,3.4169666216780032,3.482209336629677,3.4118441630316987,0,0,0,0,0,0,0.08873179213725745
1354890600,3.423,3.456,3.395,3.425,3.4473944467898314,3.4177317053277174,3.463139557753118,3.4123600782069263,0,1,0,0,0,0,0.09075094984173905
1355149800,3.438,3.452,3.410001,3.445,3.446959092828044,3.420328685772697,3.4570930385020784,3.413640075139988,0,0,0,0,0,0,0.08726866771018627
1355236200,3.466,3.488,3.433,3.456,3.448602894132036,3.423725953794345,3.456728692334719,3.4153012486639103,0,0,0,0,0,0,0.0849637628737444
1355322600,3.478999,3.488,3.445,3.457001,3.450129822471666,3.426895005813931,3.456819461556479,3.4169365330300314,0,0,0,0,0,0,0.08196635123990552
1355409000,3.5,3.500999,3.359,3.37,3.4355607638404537,3.421476433831652,3.4278796410376526,3.4150958846759125,1,0,0,0,0,0,0.08625439757991228
1355495400,3.316,3.327,3.05,3.113969,3.3770895340512803,3.3921900115619708,3.3232427606917683,3.4032869872376414,0,1,0,0,0,0,0.10295051203849
1355754600,3.139,3.2,3.102,3.199001,3.344709800587411,3.3737910580798784,3.281828840461179,3.3952757720518516,0,0,0,0,0,0,0.10259690403574073
1355841000,3.223,3.25,3.169,3.227029,3.3233132913896997,3.3598137192151283,3.2635622269741194,3.3886778594223674,0,0,0,0,0,0,0.10105426803318782
1355927400,3.228999,3.25,3.194,3.199001,3.3007110565915725,3.344498222147021,3.2420418179827464,3.3812395512097257,0,0,0,0,0,0,0.09783610603081726
1356013800,3.205,3.224001,3.142,3.189999,3.280581591756741,3.3297840105139715,3.2246942119884974,3.373739921750521,0,0,0,0,0,0,0.09670502702861603
1356100200,3.114,3.157001,3.100999,3.136,3.254294029619152,3.3113283904650217,3.1951294746589984,3.364416787564226,0,0,0,0,0,0,0.09615466795514345
1356359400,3.128999,3.133,3.098,3.114999,3.2289676605974877,3.2926303532778767,3.168419316439332,3.354635697855825,0,0,0,0,0,0,0.09200076310120466
1356532200,3.122,3.1565,3.077,3.088,3.20333717685249,3.273141748203793,3.1416128776262213,3.344179395979126,0,0,0,0,0,0,0.09110785145111859
1356618600,3.108,3.149001,3.069,3.137,3.191275871970219,3.2601758674224794,3.1400752517508144,3.336054713783866,0,1,0,0,0,0,0.09031450491889584
1356705000,3.106,3.147,3.096001,3.115109,3.1774273497938155,3.2463599752870054,3.1317531678338764,3.3273901759884206,0,0,0,0,0,0,0.08750625456754614
1356964200,3.133,3.178,3.097,3.16508,3.175182377104031,3.2386190252596716,3.142862111889251,3.321025071047698,0,0,0,0,0,0,0.0870415220984357
1357137000,3.242999,3.306,3.224001,3.253999,3.189512672176025,3.2400837847587507,3.1799077412595005,3.3183965976732783,1,0,0,0,0,0,0.0908899848056903
1357223400,3.234,3.298,3.234,3.271001,3.204328731780384,3.2430282814483933,3.210272160839667,3.31653794678413,0,0,0,0,0,0,0.08896927160528385
1357309800,3.27,3.277,3.219,3.25,3.2126325987294053,3.2436922546437845,3.2235147738931116,3.3139286155376935,0,0,0,0,0,0,0.08675718077633503
1357569000,3.237,3.249001,3.210001,3.232001,3.2161541262331497,3.242578801820567,3.226343515928741,3.3107157678695485,0,0,0,0,0,0,0.08341731072088251
1357655400,3.245,3.27,3.209,3.210001,3.2150353760089407,3.239476154028132,3.220896010619161,3.306766169129566,0,1,0,0,0,0,0.08181607424081948
1357741800,3.25,3.296001,3.236,3.281,3.227028944007315,3.2434308060254526,3.2409306737461074,3.305755731124485,0,0,0,0,0,0,0.08211492608076094
1357828200,3.346001,3.359,3.302,3.352,3.249750954187803,3.2537707292611238,3.2779537824974048,3.307569231864701,0,0,0,0,0,0,0.08182100278927802
1357914600,3.353999,3.436501,3.349001,3.434,3.283250780699112,3.270935421712445,3.3299691883316034,3.3125273012033403,0,0,0,0,0,0,0.08222664544718673
1358173800,3.384,3.462,3.364,3.457001,3.3148417296629096,3.2886559529779267,3.372313125554402,3.3181929364502682,1,0,0,0,0,0,0.08335331362953056
1358260200,3.43,3.444,3.382001,3.387,3.327961415178744,3.2980220526943147,3.3772087503696016,3.320891252667905,0,0,0,0,0,0,0.0827566483702784
1358346600,3.381,3.461,3.377,3.456,3.3512411578735177,3.313067571485332,3.403472500246401,3.326189634916222,0,0,0,0,0,0,0.08284545920097279
1358433000,3.478,3.497,3.459,3.481,3.3748336746237872,3.3290611361057767,3.429315000164267,3.33226062962539,1,0,0,0,0,0,0.07985649782947472
1358519400,3.453999,3.475,3.431,3.444,3.387409370146735,3.3400076945718933,3.4342100001095113,3.336642565718512,0,0,0,0,0,0,0.07772389084165508
1358865000,3.445,3.4608,3.433,3.444,3.3976985755746014,3.3499117236602842,3.437473333406341,3.340852661180531,0,0,0,0,0,0,0.07415789863867972
1358951400,3.485001,3.5,3.417,3.442,3.405753380015583,3.358682035692638,3.438982222270894,3.344819223487177,1,0,0,0,0,0,0.07478947730734546
1359037800,3.371001,3.431,3.359,3.392999,3.4034344018309315,3.361950318007625,3.423654481513929,3.34670862648768,0,1,0,0,0,0,0.07537594321396367
1359124200,3.383,3.4285,3.382001,3.416,3.4057190560434893,3.3670979067688034,3.421102987675953,3.349425935252869,0,0,0,0,0,0,0.07331330441296628
1359383400,3.439999,3.453,3.411,3.448,3.4134065003992187,3.3748028680289175,3.4300686584506352,3.353291584850796,0,0,0,0,0,0,0.07107663981204011
1359469800,3.43,3.471001,3.417999,3.457001,3.4213327730539063,3.382631261549973,3.4390461056337567,3.357358620739,0,0,0,0,0,0,0.06978559411118009
1359556200,3.449001,3.533,3.4485,3.505,3.436544996135014,3.3942854271166425,3.461030737089171,3.363148478749235,0,0,0,0,0,0,0.07083662310323864
1359642600,3.552,3.609,3.525,3.577,3.4620822695650113,3.4116868150102957,3.4996871580594475,3.371534812915932,0,0,0,0,0,0,0.07320543573872161
1359729000,3.592,3.63,3.582001,3.625999,3.491885311462282,3.4320974992950295,3.541791105372965,3.381513800644719,1,0,0,0,0,0,0.07176219032881291
1359988200,3.575,3.621001,3.514,3.517999,3.4966332548327763,3.4402785946002647,3.5338604035819765,3.3868661614037494,0,0,0,0,0,0,0.07463624816246917
1360074600,3.508,3.557001,3.506,3.541,3.5046999357722717,3.4498711094002394,3.536240269054651,3.392910625662426,0,0,0,0,0,0,0.07294801615086424
1360161000,3.523,3.578999,3.509399,3.564,3.5154817656318587,3.4607405275525975,3.5454935127031004,3.3996200128913503,0,0,0,0,0,0,0.07270887214008821
1360247400,3.564,3.564,3.4535,3.496001,3.511939808244248,3.4640986677856835,3.5289960084687335,3.4033996594446307,0,1,0,0,0,0,0.0754082384157962
1360333800,3.528,3.553,3.505,3.532001,3.5155872976543847,3.4705655565679994,3.529997672312489,3.4084428492703314,0,0,0,0,0,0,0.0740932928146679
1360593000,3.538,3.569,3.5,3.539999,3.520025788989951,3.4771782654662853,3.533331448208326,3.413601914004828,1,0,0,0,0,0,0.07372948618504875
1360679400,3.52,3.535001,3.478,3.514,3.518930190991778,3.480685097326639,3.526887632138884,3.417539093847776,0,1,0,0,0,0,0.0728915943146881
1360765800,3.536,3.549001,3.489,3.517,3.518579247175091,3.4841436594860067,3.5235917547592557,3.42143952154002,0,0,0,0,0,0,0.07197083757792468
1360852200,3.509,3.567,3.499001,3.564,3.526837565870529,3.491749025249244,3.537061169839504,3.4270301285384503,0,0,0,0,0,0,0.07168713489378722
1360938600,3.558,3.578,3.498,3.514,3.5245034629849785,3.493868165701697,3.5293741132263357,3.430440711733021,1,0,0,0,0,0,0.0722809109728024
1361284200,3.5,3.555,3.48,3.5545,3.5299573788058916,3.499642626111059,3.537749408817557,3.4353057818611377,0,0,0,0,0,0,0.07247513161760225
1361370600,3.548,3.573,3.467,3.467,3.5185105826593657,3.4965338045766727,3.514166272545038,3.436548692376387,0,0,0,0,0,0,0.07486976507348778
1361457000,3.447,3.4675,3.296001,3.367,3.4909632039940264,3.4841972517598467,3.465110848363359,3.4338212926753524,0,0,0,0,0,0,0.08177185328252436
1361543400,3.397,3.447,3.371001,3.409,3.4760608032678397,3.4770356087350995,3.446407232242239,3.432847908648868,0,0,0,0,0,0,0.08164529233377261
1361802600,3.413,3.422501,3.294,3.295,3.4431406572191414,3.4596988840936613,3.3959381548281593,3.4274421083096964,0,0,0,0,0,0,0.08499212859564599
1361889000,3.313,3.339999,3.266,3.313,3.419478719542934,3.445727561799027,3.368292103218773,3.42295418249363,0,1,0,0,0,0,0.08420690512452843
1361975400,3.38,3.437,3.363,3.369,3.4103007705351276,3.4384201749610246,3.368528068812515,3.420838332199762,1,0,0,0,0,0,0.08704926904420494
1362061800,3.369,3.431,3.333,3.422,3.4124279031651046,3.4368563487742603,3.38635204587501,3.4208838877997714,0,0,0,0,0,0,0.08783146411247601
1362148200,3.392,3.409,3.3261,3.37,3.4047137389532676,3.430489077462426,3.3809013639166734,3.418888441219388,0,0,0,0,0,0,0.08840778810444204
1362407400,3.356,3.37,3.300999,3.353999,3.3954928773254007,3.4232043081802903,3.3719339092777822,3.4163437572500004,0,1,0,0,0,0,0.08702158895412475
1362493800,3.37,3.436,3.367999,3.433,3.402312354175328,3.424137231210739,3.3922892728518548,3.4169969432401963,0,0,0,0,0,0,0.08666297545740155
1362580200,3.431,3.477,3.421001,3.471001,3.4148011988707228,3.428600447285907,3.4185265152345696,3.4191147493876395,0,0,0,0,0,0,0.08447269149615858
1362666600,3.469,3.513,3.439999,3.497,3.4297464354396823,3.4351146904015346,3.444684343489713,3.4221690729410654,0,0,0,0,0,0,0.08365328496071868
1362753000,3.505,3.541,3.498,3.527,3.4474289017233763,3.443865672268055,3.4721228956598087,3.4262800896884746,0,0,0,0,0,0,0.08082090746352448
1363008600,3.508,3.566,3.497,3.525999,3.461714374137308,3.451687893956812,3.4900815971065393,3.4301906351908875,0,0,0,0,0,0,0.07997655693041558
1363095000,3.522,3.5535,3.5,3.545,3.476857215203252,3.46057476119902,3.5083877314043597,3.4346929632226173,0,0,0,0,0,0,0.07808537429252875
1363181400,3.55,3.6105,3.525999,3.599001,3.499065176075388,3.473758212513399,3.538592154269573,3.4411364156452597,0,0,0,0,0,0,0.07854363327163383
1363267800,3.605,3.698,3.603,3.666,3.529416962243499,3.4920669541787897,3.5810614361797155,3.449954595423877,1,0,0,0,0,0,0.08000473089508855
1363354200,3.67,3.678,3.581,3.6,3.54225024183559,3.502346291876048,3.587374290786477,3.455838728936666,0,0,0,0,0,0,0.0812186786882965
1363613400,3.558,3.59008,3.505,3.525999,3.5392954705927555,3.504598930744996,3.5669158605243183,3.4585901121156204,0,0,0,0,0,0,0.08220305878198962
1363699800,3.539,3.582001,3.503999,3.53,3.537605385030436,3.507018080197853,3.554610573682879,3.461390499875792,0,1,0,0,0,0,0.08190298315470466
1363786200,3.567999,3.608,3.535001,3.592999,3.5476769513885387,3.5152067392266293,3.567406715788586,3.466551617527722,1,0,0,0,0,0,0.08162419864365435
1363872600,3.541,3.5755,3.513,3.556,3.549190232954259,3.519091811681236,3.5636044771923907,3.470059397232517,0,0,0,0,0,0,0.08150811302625047
1363959000,3.577,3.603999,3.538,3.58,3.5547920087807574,3.5248925915211182,3.569069651461594,3.474370793419477,0,0,0,0,0,0,0.08040031923866116
1364218200,3.587,3.589,3.525,3.552,3.5542843708206195,3.527474249471488,3.5633797676410626,3.477415076030478,0,0,0,0,0,0,0.07922886786447107
1364304600,3.567,3.598,3.556,3.578999,3.558777939762325,3.5323813685694416,3.568586178427375,3.4813987593234006,0,0,0,0,0,0,0.07685537730272311
1364391000,3.547,3.573,3.525,3.564,3.5597274052600842,3.5353926668009232,3.5670574522849168,3.4846380236636594,0,0,0,0,0,0,0.07522277892395719
1364477400,3.58,3.592999,3.548,3.589999,3.565231331576433,3.54059326996274,3.5747046348566114,3.4887698266572413,0,0,0,0,0,0,0.07306393757224594
1364823000,3.582001,3.6,3.519,3.534,3.559552907653445,3.5399653394900983,3.5611364232377407,3.4905435589451925,1,0,0,0,0,0,0.07363079917422836
1364909400,3.557001,3.561,3.477,3.488,3.546543288080091,3.5350162595386605,3.536757615491827,3.490443811535577,0,0,0,0,0,0,0.0743714563760692
1364995800,3.488,3.5075,3.410001,3.431,3.5255354175200746,3.5251099491064073,3.5015050769945515,3.4881126816714367,0,0,0,0,0,0,0.07602342377777856
1365082200,3.424001,3.467999,3.396001,3.460001,3.513620068880061,3.518909096810559,3.4876703846630344,3.487010262782361,0,0,0,0,0,0,0.0757358935079372
1365168600,3.400999,3.442,3.333,3.433,3.498961874538232,3.510727278066696,3.4694469231086895,3.484892213261484,0,1,0,0,0,0,0.07939768682879882
1365427800,3.425,3.467,3.397,3.466,3.4929688064403717,3.5064675372984393,3.4682979487391266,3.4841513421531904,0,0,0,0,0,0,0.07872642348388463
1365514200,3.471001,3.513,3.422,3.478,3.490247205269395,3.5037563432700165,3.4715319658260846,3.4839101130491437,0,0,0,0,0,0,0.07960310752074999
1365600600,3.481,3.55,3.478999,3.538,3.4989295315840505,3.5070176439109675,3.4936879772173897,3.4860312850864323,0,0,0,0,0,0,0.07906002841212496
1365687000,3.524001,3.592,3.500999,3.563,3.5105787076596777,3.512349296871828,3.516791984811593,3.489049666063435,1,0,0,0,0,0,0.07991295495411603
1365773400,3.55,3.553,3.4565,3.491,3.5070189426306455,3.5103160305030823,3.508194656541062,3.489126149747222,0,0,0,0,0,0,0.0818120296002506
1366032600,3.467999,3.473,3.372501,3.378,3.483560953061437,3.497714503788503,3.464796437694041,3.4847682615218405,0,0,0,0,0,0,0.08443252748594697
1366119000,3.408,3.460001,3.3856,3.458,3.4789135070502666,3.49393217009436,3.462530958462694,3.483718525775886,0,0,0,0,0,0,0.08425884695123646
1366205400,3.375,3.377,3.228,3.2405,3.435565596677491,3.469795772942516,3.3885206389751295,3.47418054437291,0,0,0,0,0,0,0.09466892931186242
1366291800,3.310001,3.328,3.1245,3.137,3.381280942736129,3.4381009374241813,3.3046804259834195,3.4609577779269136,0,0,0,0,0,0,0.10244257721815797
1366378200,3.125,3.188,3.083,3.125999,3.3348660440568327,3.408376943383783,3.245119950655613,3.4478221395768385,0,0,0,0,0,0,0.10262525027400383
1366637400,3.136,3.184,3.057001,3.158,3.302708581501045,3.384531520204375,3.216079967103742,3.436456565475786,0,1,0,0,0,0,0.10436623239728927
1366723800,3.186,3.242,3.172,3.237,3.290761566682673,3.37048089923253,3.2230533114024946,3.4286347393786962,0,0,0,0,0,0,0.10291150151176862
1366810200,3.237,3.284,3.2045,3.262,3.285532190922187,3.3601493850199082,3.2360355409349966,3.4221000437167866,0,0,0,0,0,0,0.10123925140378513
1366896600,3.281,3.319,3.253,3.263,3.2814354289363346,3.3508970626370598,3.2450236939566643,3.4158608263161283,1,0,0,0,0,0,0.09872216201780047
1366983000,3.259,3.259,3.196001,3.211,3.2686289873115464,3.337573532862102,3.233682462637776,3.407827068421378,0,0,0,0,0,0,0.09645622187367187
1367242200,3.235001,3.278999,3.22,3.253,3.2657873532549018,3.329518910684759,3.2401216417585172,3.4017554186793633,0,0,0,0,0,0,0.09442356316840961
1367328600,3.247,3.247,3.155,3.196001,3.253098925390374,3.3168029191909723,3.225414761172345,3.3936866179468392,0,0,0,0,0,0,0.09467902294209465
1367415000,3.206,3.20732,3.125,3.132001,3.2310811207739425,3.2992027364108796,3.1942768407815634,3.3834244368508846,0,1,0,0,0,0,0.09379623558908791
1367501400,3.155,3.223,3.131,3.209,3.2270663715423167,3.2906119996098435,3.1991845605210423,3.376584262856732,0,0,0,0,0,0,0.0936679330470102
1367587800,3.216,3.239,3.1851,3.188,3.2199633948982593,3.28083942821843,3.195456373680695,3.369188801568233,0,0,0,0,0,0,0.09082736640079518
1367847000,3.205,3.289999,3.196001,3.28,3.230879141280394,3.2807594826738176,3.2236375824537964,3.3656912015067335,0,0,0,0,0,0,0.09162534022930979
1367933400,3.292,3.295,3.247,3.253999,3.235082751956686,3.278210865276311,3.2337580549691975,3.361311115173136,0,0,0,0,0,0,0.0885092444986448
1368019800,3.263,3.352,3.2575,3.35,3.2559767970554705,3.2850479257261864,3.272505369979465,3.3608675420290917,0,0,0,0,0,0,0.08918722703445589
1368106200,3.348,3.408,3.34008,3.387,3.2797991975908394,3.2947576470855973,3.3106702466529767,3.3618923443024604,0,0,0,0,0,0,0.08766813938913762
1368192600,3.396001,3.414,3.3825,3.406,3.3027447980288684,3.305352156886969,3.3424468311019844,3.363622056290599,1,0,0,0,0,0,0.08365612943277066
1368451800,3.383,3.413,3.359,3.362,3.313518471114529,3.3107471895644003,3.3489645540679898,3.3635584462399875,0,0,0,0,0,0,0.08153783447328702
1368538200,3.358,3.382001,3.333,3.37,3.3237878400027965,3.3163903143677906,3.3559763693786597,3.3638110561913606,0,1,0,0,0,0,0.07921377486805221
1368624600,3.366,3.419,3.353999,3.417999,3.3409171418204697,3.3260673320470486,3.3766505795857733,3.3659360735956207,0,0,0,0,0,0,0.07819857666319134
1368711000,3.417,3.452,3.389999,3.4205,3.3553867523985663,3.335060919471139,3.3912670530571822,3.3680758354154,0,0,0,0,0,0,0.07704160690153482
1368797400,3.449001,3.478,3.436,3.442999,3.3713162519624635,3.345340736664364,3.408511035371455,3.3710139987324435,0,0,0,0,0,0,0.07564577783713948
1369056600,3.424001,3.455231,3.424001,3.444,3.384531478878379,3.3547368569820435,3.4203406902476368,3.373876194860583,0,0,0,0,0,0,0.07247322227734379
1369143000,3.461,3.5125,3.444,3.509,3.4071621190823103,3.3694285848885155,3.4498937934984246,3.379175167611148,0,0,0,0,0,0,0.07218942068610497
1369229400,3.498,3.524001,3.423,3.456,3.4160417337946174,3.3776734815658,3.4519291956656164,3.3821879061362012,1,0,0,0,0,0,0.07424739063709748
1369315800,3.424001,3.435001,3.384,3.397,3.412579600377414,3.379514102369057,3.4336194637770774,3.3827687725622324,0,0,0,0,0,0,0.07408686273444766
1369402200,3.386,3.410001,3.3675,3.410001,3.412110763945157,3.382417616429147,3.4257466425180514,3.383836703049988,0,1,0,0,0,0,0.07183072968198709
1369747800,3.453,3.461,3.400999,3.444,3.4179088068642196,3.388282605340657,3.431831095012034,3.38619604802842,0,0,0,0,0,0,0.07098574899041657
1369834200,3.437,3.47,3.414999,3.442999,3.4224706601616344,3.3934936905463084,3.4355537300080226,3.3884236147724036,0,0,0,0,0,0,0.06984398120538683
1369920600,3.62,3.823,3.610001,3.782001,3.487839812859519,3.4304943866847553,3.5510361533386816,3.403858022036231,0,0,0,0,0,0,0.09199805397643064
1370007000,3.733,3.826601,3.711,3.773,3.5396871196123336,3.4631139689052546,3.6250241022257876,3.41833417803481,1,0,0,0,0,0,0.0936839786923999
1370266200,3.767999,3.773,3.659,3.73,3.5742894615010004,3.488531686152373,3.660016068150525,3.4305563671314845,0,0,0,0,0,0,0.09513512307151421
1370352600,3.739999,3.819,3.739,3.78,3.6116913775917276,3.5162905731854806,3.70001071210035,3.444260039008681,0,0,0,0,0,0,0.09469689999497748
1370439000,3.774001,3.777,3.682001,3.7,3.6277474907568683,3.5337867090725776,3.7000071414002336,3.454289057086772,0,0,0,0,0,0,0.09493276428105049
1370525400,3.719,3.722,3.644209,3.675,3.6363388560738015,3.5472355939228084,3.6916714276001557,3.462944388181408,0,0,0,0,0,0,0.09370835254668974
1370611800,3.675999,3.7325,3.614999,3.728999,3.653186154969474,3.5645463945015887,3.704113951733437,3.4733779023703724,0,1,0,0,0,0,0.09540782736478333
1370871000,3.75,3.75099,3.678999,3.683,3.6586068540659333,3.5758276902633424,3.697075967822291,3.4815983767872205,1,0,0,0,0,0,0.09373519683872736
1370957400,3.642999,3.675999,3.625999,3.628999,3.6532236078721274,3.5808916245239764,3.674383645214861,3.4873787933838,0,0,0,0,0,0,0.0911113256359611
1371043800,3.666,3.667999,3.572,3.598,3.643182951895377,3.582520993616931,3.6489224301432404,3.4917168799177687,0,0,0,0,0,0,0.09146044523339245
1371130200,3.574001,3.716,3.562,3.711,3.655513324278036,3.5947570894629375,3.6696149534288267,3.500316217960209,0,1,0,0,0,0,0.09592755628815015
1371216600,3.714,3.78,3.705,3.759,3.6743290835002114,3.610399271418848,3.6994099689525513,3.5104606800009854,0,0,0,0,0,0,0.09443273083899655
1371475800,3.78,3.834,3.773,3.809,3.698814704681991,3.6293136265218147,3.7359399793017007,3.522168104314672,0,0,0,0,0,0,0.09304467863621109
1371562200,3.803999,3.88,3.79825,3.875,3.730848394739811,3.6527123287578322,3.782293319534467,3.5360046492435084,0,0,0,0,0,0,0.09223791587648174
1371648600,3.869,3.887,3.807001,3.807001,3.7446943229689365,3.667406487923753,3.790529213022978,3.546631957116312,1,0,0,0,0,0,0.09136370759959019
1371735000,3.771001,3.794,3.692,3.706,3.737658991520039,3.6710820605024432,3.7623528086819853,3.5528816842882214,0,0,0,0,0,0,0.09305208562819088
1371821400,3.703999,3.748,3.661501,3.738,3.73772099306185,3.6774551975974488,3.75423520578799,3.56014122608084,0,0,0,0,0,0,0.09258400808332012
1372080600,3.698,3.699001,3.610001,3.669,3.7252262670506044,3.676649940683406,3.725823470525327,3.5644101976070814,0,1,0,0,0,0,0.09511365036308297
1372167000,3.713,3.759,3.681,3.710001,3.722458036677767,3.6798262320468913,3.7205493136835512,3.5701196408381763,0,0,0,0,0,0,0.09474838962286276
1372253400,3.739,3.772,3.699001,3.725,3.722920211827264,3.684128495661473,3.722032875789034,3.57619338041315,0,0,0,0,0,0,0.09319486179265826
1372339800,3.748,3.784,3.728999,3.732001,3.7245712642223068,3.6886877817889516,3.725355583859356,3.582303483142046,0,0,0,0,0,0,0.09075237166461123
1372426200,3.7,3.762,3.675999,3.738,3.7270128525455237,3.693384183523337,3.7295703892395706,3.5884092289011815,0,1,0,0,0,0,0.09041298797428185
1372685400,3.785001,3.787,3.734,3.761,3.7331923339008832,3.699823785092543,3.740046926159714,3.5951774944344685,0,0,0,0,0,0,0.08774063169040457
1372771800,3.795,3.898,3.782001,3.848,3.7540664550098137,3.71393580555992,3.776031284106476,3.605092102495862,0,0,0,0,0,0,0.09125915799823281
1372858200,3.839,3.887,3.813,3.859,3.773145281371666,3.727751443125642,3.8036875227376505,3.6150492749470047,0,0,0,0,0,0,0.09002636099835902
1373031000,3.862,3.917999,3.816,3.881,3.792755230213181,3.742346543780343,3.829458348491767,3.6254787151451615,1,0,0,0,0,0,0.09088154949847625
1373290200,3.892999,3.903,3.719,3.727,3.7807997338107846,3.740884968182215,3.795305565661178,3.629459942002214,0,1,0,0,0,0,0.09753286739144225
1373376600,3.772,3.796989,3.738,3.758,3.776654327663369,3.7425149712124806,3.782870377107452,3.6345007285903623,0,0,0,0,0,0,0.09556544829205352
1373463000,3.758,3.8345,3.744,3.833,3.7868989953609384,3.7511325930017683,3.799580251404968,3.6422850137436815,0,0,0,0,0,0,0.09520363055690681
1373549400,3.753,3.860001,3.748,3.859,3.800008268931677,3.7614056793825523,3.8193868342699786,3.650783640655694,0,0,0,0,0,0,0.09640344265998488
1373635800,3.869,3.898,3.867999,3.895,3.8172794927622813,3.7741289480127853,3.8445912228466526,3.6603607527868434,0,0,0,0,0,0,0.09230319675570024
1373895000,3.898,3.908,3.796001,3.800999,3.814319403169139,3.7766880005829964,3.8300604818977684,3.6658759781677515,0,0,0,0,0,0,0.09371003984457879
1373981400,3.816,3.914,3.816,3.887,3.8275340571383865,3.7871939052893775,3.849040321265179,3.674547508435683,0,0,0,0,0,0,0.09508796556996603
1374067800,3.900999,3.974001,3.886,3.892,3.8392551376586797,3.7971754381189604,3.8633602141767858,3.6830750571244795,1,0,0,0,0,0,0.09458175374353986
1374154200,3.875,3.888,3.745,3.760001,3.8248452944480107,3.793635015440964,3.828907142784524,3.6860917607666566,0,1,0,0,0,0,0.09832591419042987
1374240600,3.775,3.814999,3.7505,3.785001,3.817600877275645,3.7928127282561106,3.8142717618563493,3.6899705544620818,0,0,0,0,0,0,0.09590970603397056
1374499800,3.823,3.823,3.753999,3.778999,3.8105823541346187,3.791497135088862,3.8025141745708995,3.693461866051804,0,0,0,0,0,0,0.09398765560297266
1374586200,3.808,3.816,3.750999,3.761,3.801567380655597,3.78859264603278,3.7886761163805995,3.6961104203242825,0,0,0,0,0,0,0.0919171802027603
1374672600,3.727,3.799001,3.686,3.689,3.781100584172761,3.779107632124896,3.755450744253733,3.6958315803115656,0,0,0,0,0,0,0.09342316733113457
1374759000,3.65,3.698,3.63,3.689999,3.7645366597777135,3.7706210957320487,3.7336334961691553,3.695602851671896,0,1,0,0,0,0,0.09160722680748211
1374845400,3.653,3.685001,3.635001,3.678,3.748802721636311,3.761800038995663,3.7150889974461037,3.6949125437631944,0,0,0,0,0,0,0.0889922820355191
1375104600,3.662,3.689999,3.638,3.659,3.7324749540660727,3.7520095590913143,3.696392664964069,3.6935042087136574,0,0,0,0,0,0,0.08634990474726771
1375191000,3.675,3.7,3.634,3.685001,3.7238433260540593,3.745627791558808,3.6925954433093793,3.693170749548416,0,1,0,0,0,0,0.0848963401224629
1375277400,3.700999,3.706,3.656,3.667999,3.7136898122260487,3.738234573315112,3.6843966288729195,3.6921836221151447,0,0,0,0,0,0,0.08240374439942984
1375363800,3.703,3.752,3.683,3.739999,3.7184733009122217,3.7384026139517683,3.7029307525819464,3.6940587349733742,1,0,0,0,0,0,0.08251783408518484
1375450200,3.728999,3.749001,3.692999,3.749001,3.724023791655454,3.7394119840516,3.7182875017212975,3.6962133336018694,0,0,0,0,0,0,0.08062384593624305
1375709400,3.722,3.739999,3.696001,3.702,3.720019465899917,3.7358489379514475,3.712858334480865,3.6964402616959138,0,0,0,0,0,0,0.07865071408365425
1375795800,3.692999,3.695,3.67,3.686,3.7138341084635687,3.7311014200513095,3.7039055563205765,3.696030839668623,0,0,0,0,0,0,0.07531852022053609
1375882200,3.697,3.731,3.667999,3.728999,3.7165913614701926,3.730901189570232,3.712270037547051,3.697323708701226,0,1,0,0,0,0,0.07443869734764065
1375968600,3.760001,3.760001,3.728,3.732001,3.7193931139301575,3.731005933420686,3.7188470250313674,3.6986836024776486,0,0,0,0,0,0,0.07140743325138059
1376055000,3.717999,3.724001,3.674001,3.683,3.7127761841246745,3.726433939761573,3.7068980166875782,3.698068559243231,0,0,0,0,0,0,0.07044975944771054
1376314200,3.684,3.78,3.6745,3.77,3.7231805142838246,3.730583088355709,3.727932011125052,3.700889400057222,0,0,0,0,0,0,0.07295334805858833
1376400600,3.784,3.812,3.732001,3.802,3.7375113298685836,3.7373846989884987,3.752621340750035,3.7048545216236057,1,0,0,0,0,0,0.07345660891154629
1376487000,3.789999,3.794,3.714999,3.722,3.7346910880742956,3.735919489561023,3.74241422716669,3.705526893324641,0,0,0,0,0,0,0.07442406541786441
1376573400,3.614,3.694,3.575,3.602,3.710565435697151,3.723165252459973,3.695609484777793,3.701467015155047,0,1,0,0,0,0,0.07960806074515979
1376659800,3.597,3.6355,3.589,3.625,3.6950080837522146,3.7138161807971186,3.6720729898518623,3.6984683086783785,0,0,0,0,0,0,0.07724319926336266
1376919000,3.632001,3.641,3.608,3.625,3.682279341251812,3.7053574969116787,3.6563819932345747,3.6955871985341284,0,0,0,0,0,0,0.07408297074455104
1377005400,3.634,3.710001,3.628,3.678999,3.6816829155696644,3.7028471638724714,3.6639209954897165,3.6949366809445547,0,0,0,0,0,0,0.07486282997708311
1377091800,3.664,3.699001,3.63799,3.659,3.677558749102453,3.6986712435036644,3.662280663659811,3.693527399338886,0,0,0,0,0,0,0.07387341355014862
1377178200,3.622,3.713,3.608,3.661,3.6745480674474615,3.695083506027125,3.6618537757732073,3.6922518150510863,0,1,0,0,0,0,0.07609674115370943
1377264600,3.678999,3.7045,3.6485,3.674001,3.6744486006388324,3.693075648310256,3.6659028505154714,3.6915360968137887,0,0,0,0,0,0,0.0746612596427302
1377523800,3.695,3.7715,3.685001,3.748,3.687821582340863,3.6983065389473744,3.6932685670103145,3.6937503675269734,0,0,0,0,0,0,0.07629252681110661
1377610200,3.784,3.784,3.6355,3.655499,3.681944749187979,3.6942296304761957,3.6806787113402097,3.6922503138984646,0,1,0,0,0,0,0.08145020346745613
1377696600,3.892999,3.945,3.789999,3.828,3.708500249335619,3.706969665668939,3.7297858075601398,3.6975738310004855,1,0,0,0,0,0,0.09631097464835212
1377783000,3.839999,3.9,3.813,3.895,3.7424092949109613,3.7248773165576115,3.784857205040093,3.7053160337063487,0,0,0,0,0,0,0.09564590503061265
1377869400,3.896001,3.899001,3.828999,3.850999,3.762152877654423,3.7368889054568863,3.8069044700267285,3.7110290912080606,0,0,0,0,0,0,0.09381419752842604
1378215000,3.882001,3.913499,3.803999,3.835001,3.7753979908081643,3.7462329144609923,3.816269980017819,3.7158907346900976,0,1,0,0,0,0,0.0949346119906813
1378301400,3.858,3.913,3.816,3.898,3.79768926520668,3.7606869226075643,3.8435133200118794,3.7230322745061724,0,0,0,0,0,0,0.09508213970563263
1378387800,3.914999,3.92,3.8715,3.878999,3.81247285335092,3.771954739502082,3.8553418800079196,3.729148616682401,1,0,0,0,0,0,0.09175484401237313
1378474200,3.917999,3.917999,3.823,3.856,3.820386880014389,3.779959050025693,3.855561253338613,3.7341231807340716,0,0,0,0,0,0,0.09198656944006077
1378733400,3.887,3.9,3.863,3.877,3.8306801745572274,3.7892010452613416,3.8627075022257418,3.739726193254304,0,0,0,0,0,0,0.08855895733719929
1378819800,3.9,3.967,3.895,3.966,3.855283779183186,3.8060390409507376,3.897138334817161,3.7485996758717826,1,0,0,0,0,0,0.0886618889559708
1378906200,3.923,3.9465,3.867999,3.925,3.867959455695334,3.8173686560982865,3.906425556544774,3.7555173356415166,0,0,0,0,0,0,0.0893289683162586
1378992600,3.933,3.9455,3.861,3.903,3.8743304637507276,3.825524022184164,3.9052837043631827,3.7613009695379276,0,1,0,0,0,0,0.0889840420079544
1379079000,3.916,3.928,3.87,3.899001,3.87881601579605,3.832521829595196,3.903189469575455,3.7667009707325185,0,0,0,0,0,0,0.08677089615024336
1379338200,3.937,3.967999,3.903999,3.928,3.8877585583785863,3.8416149886813677,3.9114596463836366,3.773026422860655,0,0,0,0,0,0,0.0855014035680831
1379424600,3.975,4.036,3.95,4.012,3.9103479114006614,3.8578421326164754,3.944973097589091,3.782397935689649,0,0,0,0,0,0,0.08710844617036285
1379511000,4.022,4.067999,3.984,4.067,3.9388301093278137,3.8777619295101444,3.985648731726061,3.7935588009567214,0,0,0,0,0,0,0.08688634287247983
1379597400,4.075,4.08,4.014999,4.075,3.963588271268211,3.8965465076520354,4.015432487817374,3.8045957107231243,0,0,0,0,0,0,0.0853231040958741
1379683800,4.1155,4.258,4.083,4.162,3.9996631310376274,3.921827792637556,4.0642883252115825,3.8186115652045705,0,0,0,0,0,0,0.09230002523188308
1379943000,4.258,4.269,4.14875,4.187,4.033724379939877,3.947082288576836,4.105192216807722,3.833058170490666,1,0,0,0,0,0,0.09429645200103431
1380029400,4.185001,4.258501,4.164,4.241,4.071410856314445,3.9750744515695184,4.150461477871814,3.8490558892949536,0,0,0,0,0,0,0.09431106257238901
1380115800,4.252,4.260001,4.142,4.221001,4.098609064257274,3.998496027610517,4.173974651914543,3.8636419720677004,0,1,0,0,0,0,0.09600320096007549
1380202200,4.247,4.266,4.203999,4.227,4.121952870755951,4.02025831069523,4.191649767943029,3.877891306496418,0,0,0,0,0,0,0.09357447232007013
1380288600,4.211,4.277,4.1845,4.27,4.148870530618505,4.0440432334861605,4.21776651196202,3.8932681180063624,0,0,0,0,0,0,0.093497724297208
1380547800,4.210001,4.328999,4.197,4.308,4.177803161415141,4.069181973154145,4.247844341308013,3.909532113378662,0,0,0,0,0,0,0.09624781541883597
1380634200,4.314,4.363499,4.297501,4.342,4.207657132066934,4.09516464237756,4.279229560872008,3.9264916383442046,1,0,0,0,0,0,0.09408711431749057
1380720600,4.307001,4.345,4.294,4.341,4.231901289872946,4.118577533579697,4.299819707248005,3.9427468682130593,0,0,0,0,0,0,0.0910094632948127
1380807000,4.339,4.359,4.2826,4.33,4.249737418986956,4.1387130065721065,4.309879804832003,3.9579332655380375,0,1,0,0,0,0,0.08996593020232604
1380893400,4.342,4.372501,4.328999,4.35,4.267966979171145,4.158835577374763,4.323253203221335,3.9733084315953695,1,0,0,0,0,0,0.08664707804501705
1381152600,4.35,4.35,4.288,4.3,4.273791164776392,4.172279808100976,4.31550213548089,3.986119865650453,0,0,0,0,0,0,0.08488657247037293
1381239000,4.311,4.347,4.236,4.260001,4.271283862089775,4.1806342073294545,4.29700175698726,3.9968603022916116,0,0,0,0,0,0,0.08675181729391777
1381325400,4.297,4.306,4.183,4.22,4.261959523527998,4.184383330440935,4.271334504658173,4.005610878672333,0,1,0,0,0,0,0.0893409732014951
1381411800,4.331,4.367,4.2575,4.350999,4.2781485192501805,4.2002514894465595,4.297889336438782,4.019155510881261,0,0,0,0,0,0,0.09345947511567405
1381498200,4.325,4.35,4.277499,4.328999,4.287394061204693,4.212513157118316,4.308259224292521,4.031306235944741,0,0,0,0,0,0,0.09203379832169735
1381757400,4.313,4.431,4.300999,4.423,4.312049686440203,4.232559523107048,4.346506149528348,4.046666775711614,0,0,0,0,0,0,0.09474574129871896
1381843800,4.427,4.444,4.358,4.374001,4.323313561632894,4.246030139953995,4.355671099685565,4.059503411958217,0,0,0,0,0,0,0.09412104549166764
1381930200,4.408,4.460001,4.387,4.45,4.346347459517822,4.265455840910757,4.387114066457043,4.07481700364613,0,0,0,0,0,0,0.0935409708136914
1382016600,4.409,4.513,4.4,4.510001,4.376102648696399,4.288745856062114,4.428076377638028,4.09188304271883,0,0,0,0,0,0,0.09493090146985626
1382103000,4.628,4.628,4.505,4.606,4.417902167115236,4.318960536437151,4.4873842517586855,4.1120444920239745,0,0,0,0,0,0,0.09693583707915225
1382362200,4.614999,4.721001,4.605,4.705,4.470101773094284,4.355726199633613,4.55992283450579,4.135297649199505,1,0,0,0,0,0,0.09829763443064135
1382448600,4.706,4.706,4.646021,4.687,4.509537814349869,4.387276085382793,4.602281889670527,4.156933035505407,0,0,0,0,0,0,0.09556058911416698
1382535000,4.650999,4.657249,4.471001,4.539,4.514894575377165,4.401725982013003,4.581187926447018,4.1719160537208815,0,1,0,0,0,0,0.10416333274886935
1382621400,4.528,4.57,4.496001,4.549001,4.521095743490408,4.415752174202241,4.570458950964678,4.1867036986730035,0,0,0,0,0,0,0.10200873755252159
1382707800,4.517999,4.589999,4.5175,4.563,4.5287146992194245,4.429775776659171,4.567972633976452,4.201460416372101,0,0,0,0,0,0,0.09990089915591287
1382967000,4.535,4.575,4.522,4.551,4.53276657208862,4.441320940786869,4.562315089317635,4.215167851024176,0,0,0,0,0,0,0.09655083493049052
1383053400,4.587,4.628,4.558,4.58,4.541354468072507,4.454528470235739,4.56821005954509,4.229474994121267,1,0,0,0,0,0,0.09515434672116976
1383139800,4.606,4.606,4.44,4.485,4.531108201150233,4.457430520689479,4.540473373030061,4.239495582587099,0,1,0,0,0,0,0.10021475052680047
1383226200,4.5,4.561,4.49975,4.543,4.533270346395645,4.465579994909528,4.54131558202004,4.251397716603291,0,0,0,0,0,0,0.09848512548917185
1383312600,4.579,4.5885,4.457,4.472,4.522130283414619,4.466191423965763,4.51821038801336,4.260048786540417,0,0,0,0,0,0,0.10084333081137385
1383575400,4.509,4.53,4.46,4.504,4.518833868248325,4.4697922407309285,4.513473592008906,4.269615500793734,0,0,0,0,0,0,0.0986402357534186
1383661800,4.504,4.52,4.459,4.503,4.515954983112266,4.47295488447084,4.509982394672604,4.278767834095941,0,0,0,0,0,0,0.09595164748531726
1383748200,4.518,4.5489,4.497,4.537,4.519781349819127,4.479054419283141,4.5189882631150695,4.288894585700022,0,0,0,0,0,0,0.09280510123636601
1383834600,4.536,4.55,4.358,4.366,4.491821104397467,4.468287331732366,4.467992175410046,4.291918327437275,1,0,0,0,0,0,0.09989045114805417
1383921000,4.373,4.439,4.31,4.435,4.481489994507019,4.465117109662617,4.456994783606698,4.297529373420128,0,1,0,0,0,0,0.10196970463747891
1384180200,4.444,4.4575,4.389,4.421,4.470491813687561,4.460915480170939,4.444996522404465,4.302371358776201,0,0,0,0,0,0,0.09957901144908751
1384266600,4.456,4.518,4.431,4.513,4.4782205748352775,4.46587591063085,4.467664348269643,4.310631305490859,0,0,0,0,0,0,0.09939479634558122
1384353000,4.435,4.538,4.435,4.538,4.489089561228863,4.47274487152315,4.491109565513096,4.319547724883375,1,0,0,0,0,0,0.09965231089232547
1384439400,4.49,4.509,4.258,4.295,4.453800550096343,4.455816788520945,4.4257397103420635,4.318585069005596,0,1,0,0,0,0,0.11253428868573082
1384525800,4.298,4.481,4.289,4.461,4.455109540987917,4.456310427709426,4.437493140228042,4.3241699682602786,0,0,0,0,0,0,0.11821041092246434
1384785000,4.461,4.472,4.3855,4.396,4.444362351717387,4.450566577451386,4.423662093485362,4.326986832250071,0,0,0,0,0,0,0.11594538157085975
1384871400,4.384,4.425,4.2925,4.295,4.417205560496043,4.435750712932206,4.380774728990241,4.325732446671637,0,0,0,0,0,0,0.1171278543157983
1384957800,4.325,4.326,4.245,4.27,4.390440913133126,4.419964930748186,4.343849819326827,4.323546860527651,0,1,0,0,0,0,0.11454729329324123
1385044200,4.293,4.322,4.272,4.305,4.374906201654376,4.409015889724549,4.330899879551218,4.3228195326638215,0,0,0,0,0,0,0.11007962948658119
1385130600,4.306,4.352,4.295,4.33,4.3667414377172165,4.4014905668936395,4.330599919700812,4.323101119618181,0,0,0,0,0,0,0.10628822738039685
1385389800,4.393,4.4,4.34,4.371,4.367515721768632,4.3985867033799595,4.344066613133875,4.3249795070841355,0,0,0,0,0,0,0.10369621113893997
1385476200,4.379,4.486,4.355,4.475,4.387058317810698,4.405864160200916,4.387711075422583,4.3308626636690715,0,0,0,0,0,0,0.10564648177187277
1385562600,4.45,4.481,4.373,4.467,4.401593169117844,4.411686621134162,4.414140716948388,4.336201382740873,0,0,0,0,0,0,0.10581459021673899
1385735400,4.499,4.509,4.466,4.473,4.414576229278236,4.417525990549956,4.433760477965592,4.3415660343980935,0,0,0,0,0,0,0.10132783377268621
1385994600,4.549,4.621,4.494,4.5,4.43010782395492,4.425380658116627,4.455840318643728,4.347779131088364,1,0,0,0,0,0,0.10466155993178008
1386081000,4.493,4.497,4.461,4.478,4.438815492326753,4.430392024010281,4.463226879095818,4.3528858318299966,0,0,0,0,0,0,0.09997144850808148
1386167400,4.448,4.49,4.442,4.45,4.440849039176434,4.432259450295017,4.458817919397212,4.356694230581762,0,1,0,0,0,0,0.09625920218607566
1386253800,4.553,4.768,4.506,4.759,4.498694668417082,4.463377597885968,4.558878612931475,4.372470927421693,0,0,0,0,0,0,0.11209783060135593
1386340200,4.831,4.831,4.695,4.696,4.534568365068521,4.4855321123730185,4.604585741954317,4.385158342032607,1,0,0,0,0,0,0.1138051284155448
1386599400,4.709,4.754,4.655,4.737,4.571374116874245,4.50948143500416,4.648723827969545,4.39895605410976,0,0,0,0,0,0,0.11274761924300583
1386685800,4.737,4.741,4.648,4.66,4.587487913806201,4.523816536432335,4.652482551979697,4.409193071595652,0,0,0,0,0,0,0.11133707501136256
1386772200,4.676,4.699,4.606,4.611,4.59176283856871,4.532119723438779,4.638655034653131,4.417107068787979,0,0,0,0,0,0,0.11002728393912238
1386858600,4.645,4.649,4.573,4.575,4.588715049738036,4.536203559301752,4.617436689768754,4.423298948443353,0,0,0,0,0,0,0.10759676365775647
1386945000,4.603,4.615,4.5605,4.565,4.584403222512938,4.53894607746349,4.599957793179169,4.428855852425967,0,1,0,0,0,0,0.10380413768220244
1387204200,4.971,5.055,4.836,5.01,4.661784454783313,4.583808355800301,4.736638528786113,4.4516458189974975,0,0,0,0,0,0,0.13138955641918793
1387290600,5.035,5.454,5.03,5.356,4.788005463004529,4.657350417152653,4.943092352524075,4.487110688840733,1,0,0,0,0,0,0.15371887381781738
1387377000,5.345,5.345,5.201,5.315,4.88382265154916,4.7199837107571625,5.067061568349383,4.519576936337175,0,0,0,0,0,0,0.15381038283083043
1387463400,5.295,5.301,5.131,5.144,4.931127623994767,4.760366214494575,5.092707712232922,4.544064115304344,0,0,0,0,0,0,0.1559667840571997
1387549800,5.143,5.2015,5.133,5.165,4.973649874177537,4.798902765495092,5.116805141488615,4.568414542155154,0,0,0,0,0,0,0.14971915662454258
1387809000,5.228,5.228,5.18,5.206,5.015895351599803,4.8376739306860355,5.14653676099241,4.5934178934431875,0,0,0,0,0,0,0.14352493115136092
1387895400,5.231,5.279,5.2235,5.262,5.06064165130893,4.8780859372873655,5.185024507328273,4.61963679958267,0,0,0,0,0,0,0.1384874360691208
1388068200,5.283,5.295,5.246,5.272,5.099070441980033,4.915601562307616,5.2140163382188485,4.645219670187271,0,0,0,0,0,0,0.13209547634989785
1388154600,5.289,5.306,5.261,5.278,5.131603088892755,4.9501156992307,5.235344225479232,4.670034585081888,0,0,0,0,0,0,0.12587437089633371
1388413800,5.279,5.285,5.219,5.27,5.156766163639526,4.980580870732538,5.246896150319488,4.693562640568873,0,0,0,0,0,0,0.12159763011802416
1388500200,5.287,5.33,5.254,5.2879,5.1806086793414305,5.0098493592342015,5.260564100212992,4.716869987997544,1,0,0,0,0,0,0.11834065653816532
1388673000,5.285,5.288,5.189,5.265,5.195952555824807,5.034149420259515,5.262042733475328,4.7383652825858755,0,1,0,0,0,0,0.11695918107115352
1388759400,5.245,5.296,5.196,5.285,5.212143000220297,5.058039951663371,5.2696951556502185,4.759801938170743,0,0,0,0,0,0,0.1157478109946426
1389018600,5.28,5.34,5.243,5.249,5.218844272907516,5.076226622933526,5.262796770433479,4.778986175889537,0,0,0,0,0,0,0.11440868163788238
1389105000,5.282,5.306,5.249,5.2994,5.233490768742513,5.09748123027319,5.274997846955652,4.799394561148771,0,0,0,0,0,0,0.11030806152089082
1389191400,5.311,5.392,5.286,5.378,5.259765174425692,5.124197303580505,5.309331897970435,4.822084970515486,0,0,0,0,0,0,0.11000034284082724
1389277800,5.4,5.417,5.276,5.323,5.271262415439203,5.143130893715695,5.3138879319802905,4.841728697161938,1,0,0,0,0,0,0.11221460406648244
1389364200,5.394,5.402,5.287,5.33,5.281941976268439,5.160927951457058,5.319258621320194,4.860876591390881,0,0,0,0,0,0,0.11241356091887657
1389623400,5.362,5.3775,5.239,5.264,5.278679798765086,5.170744337032576,5.300839080880129,4.8766853525128075,0,1,0,0,0,0,0.11427687799609972
1389709800,5.332,5.584,5.274,5.527,5.323828926262343,5.204673447791379,5.376226053920086,4.902187887708384,0,0,0,0,0,0,0.12897138671066397
1389796200,5.568,5.7175,5.552,5.697,5.391678212396463,5.251561690858867,5.483150702613391,4.933356990151192,1,0,0,0,0,0,0.13336628765990227
1389882600,5.676,5.696,5.515,5.543,5.419191264688015,5.279317720300879,5.5031004684089275,4.957264559164871,0,0,0,0,0,0,0.13684012425562356
1389969000,5.526,5.642,5.523,5.614,5.454611034744739,5.311192223129367,5.540066978939285,4.9830188901780135,0,0,0,0,0,0,0.1355658296659362
1390314600,5.661,5.68199,5.588,5.611,5.483045392063878,5.339745344736094,5.563711319292857,5.007645600367111,0,0,0,0,0,0,0.13259612754694075
1390401000,5.62,5.718,5.585,5.715,5.5252189571431725,5.375483883332656,5.614140879528571,5.035384988588008,1,0,0,0,0,0,0.13262497557930214
1390487400,5.673,5.715,5.574,5.605,5.53972460129896,5.397342561110499,5.611093919685714,5.057722832172792,0,0,0,0,0,0,0.13322319160935198
1390573800,5.57,5.599,5.415,5.449,5.5232292192446035,5.402262317195213,5.557062613123809,5.0730670348326825,0,0,0,0,0,0,0.13727867792296972
1390833000,5.462,5.525,5.374,5.445,5.509005724836494,5.40633257270043,5.519708408749206,5.087652641309832,0,0,0,0,0,0,0.13825877235704337
1390919400,5.44,5.48,5.296,5.472,5.5022774112298585,5.412586613395627,5.503805605832804,5.102725086748662,0,1,0,0,0,0,0.14152600290296885
1391005800,5.394,5.594,5.337,5.407,5.484954245551703,5.412054554976995,5.471537070555203,5.1146574362879305,1,0,0,0,0,0,0.1497741455527568
1391092200,5.482,5.527,5.409,5.505,5.488598928178666,5.420906502122043,5.482691380370135,5.1299649878060505,0,0,0,0,0,0,0.14764742087041705
1391178600,5.383,5.529,5.383,5.46375,5.484080941237091,5.424986835253277,5.476377586913424,5.1430545961273815,0,0,0,0,0,0,0.14752974795110152
1391437800,5.48,5.517,5.296,5.326,5.455338951921256,5.415559517610108,5.4262517246089494,5.150228925691014,0,1,0,0,0,0,0.1527776230974514
1391524200,5.351,5.416,5.31,5.401,5.4454591424810275,5.4141728968853355,5.417834483072633,5.160063085467836,0,0,0,0,0,0,0.1494363643047764
1391610600,5.372,5.473,5.319,5.398,5.436830207484477,5.412632620991494,5.411222988715088,5.1693939448612545,0,0,0,0,0,0,0.14976233828300664
1391697000,5.399,5.587,5.362,5.52,5.451951987941845,5.422858085658971,5.4474819924767255,5.183143201925519,0,0,0,0,0,0,0.15513645697707754
1391783400,5.547,5.684,5.513,5.657,5.489233444679692,5.445157315596212,5.517321328317817,5.201725821457852,0,0,0,0,0,0,0.15626956719300059
1392042600,5.619,5.64791,5.557,5.631,5.515009182010657,5.462856618872763,5.555214218878545,5.218560102969309,0,0,0,0,0,0,0.15225031239350054
1392129000,5.62,5.816,5.619,5.807,5.568098421645083,5.495632178980119,5.639142812585697,5.241636177362669,0,0,0,0,0,0,0.15544671865110765
1392215400,5.82,5.98,5.82,5.894,5.62735325407325,5.533571971458203,5.724095208390465,5.2672190723680545,1,0,0,0,0,0,0.15670052446174282
1392301800,5.743,5.951,5.738,5.908,5.678379935150841,5.569231783700279,5.785396805593644,5.292347736196758,0,0,0,0,0,0,0.16072191557161827
1392388200,5.75,5.838,5.744,5.808,5.701947219668869,5.591971613824062,5.792931203729096,5.312569393600807,0,0,0,0,0,0,0.16095606445935987
1392733800,5.851,5.851,5.773,5.837,5.726502270638166,5.615307650602722,5.807620802486064,5.333135299734109,0,0,0,0,0,0,0.15503063128369132
1392820200,5.819,5.842,5.749,5.77,5.734410948703954,5.630040255307225,5.795080534990709,5.350267248764144,0,0,0,0,0,0,0.1505998719062848
1392906600,5.804,5.903,5.77,5.9,5.764518048939599,5.655750707182728,5.8300536899938065,5.371825395871433,0,0,0,0,0,0,0.149342738198693
1392993000,5.943,5.95,5.84,5.855,5.780969312768763,5.674726830308182,5.8383691266625375,5.390773419562749,0,0,0,0,0,0,0.1465325426130721
1393252200,5.851,5.999,5.851,5.957,5.812974892265351,5.7016099893264505,5.877912751108358,5.412978383501465,0,0,0,0,0,0,0.14663736099785263
1393338600,6,6,5.839,5.9,5.828797639126196,5.720504276057265,5.885275167405572,5.432077270422976,0,1,0,0,0,0,0.14766326378372027
1393425000,6,6.349,5.997,6.19,5.894470795648706,5.765218154528002,5.986850111603715,5.461799730406389,1,0,0,0,0,0,0.1691873163705974
1393511400,6.119,6.222,6.078,6.138,5.938748832803487,5.800721187430097,6.03723340773581,5.488317388037511,0,0,0,0,0,0,0.16738822234412615
1393597800,6.115,6.19691,6.079,6.17,5.980794499566489,5.83589059815104,6.08148893849054,5.51505003948702,0,0,0,0,0,0,0.16385406360526003
1393857000,6.115,6.2472,6.0851,6.174,6.015922772372582,5.868091493565227,6.112325958993694,5.540891214409098,0,0,0,0,0,0,0.1637287733477415
1393943400,6.25,6.41,6.228,6.335,6.073936813759385,5.912558970368538,6.186550639329129,5.572032735412662,0,0,0,0,0,0,0.16889100382290279
1394029800,6.316,6.423,6.294,6.308,6.116493756712224,5.950220020809629,6.227033759552753,5.600894196769029,1,0,0,0,0,0,0.16604164640698119
1394116200,6.329,6.391,6.305,6.364,6.1614948918554555,5.989627637875379,6.272689173035168,5.630819914542792,0,0,0,0,0,0,0.1603243859493397
1394202600,6.395,6.395,6.245,6.275,6.182132184245373,6.016805958077724,6.2734594486901125,5.6560818786783695,0,0,0,0,0,0,0.1595869298101011
1394458200,6.293,6.342,6.247,6.28,6.199926332564396,6.041872057308416,6.275639632460075,5.6805492559851,0,0,0,0,0,0,0.15497357768080816
1394544600,6.298,6.365,6.1805,6.202,6.200303363007233,6.057122337564758,6.251093088306717,5.700998304769998,0,0,0,0,0,0,0.15708260784646472
1394631000,6.177,6.3305,6.045,6.318,6.221702751551373,6.081967829225257,6.273395392204478,5.725194449680979,0,1,0,0,0,0,0.16625527871457438
1394717400,6.34,6.45,6.204,6.268,6.230120433087487,6.099685178822852,6.271596928136319,5.746480941850352,1,0,0,0,0,0,0.17195133023496195
1394803800,6.277,6.325,6.221,6.268,6.237007627071581,6.115715161792104,6.270397952090879,5.766932669620926,0,0,0,0,0,0,0.16709766378960753
1395063000,6.303,6.399,6.276,6.341,6.255915331240384,6.1371708606690465,6.293931968060586,5.789445113949518,0,0,0,0,0,0,0.164519259233207
1395149400,6.325,6.401,6.279,6.382,6.2788398164694055,6.160487921557709,6.323287978707057,5.812682560461302,0,0,0,0,0,0,0.16148216928797793
1395235800,6.401,6.488,6.379,6.441,6.308323486202241,6.187203357599832,6.362525319138038,5.8373224600510545,0,0,0,0,0,0,0.15773344291026528
1395322200,6.432,6.539,6.43,6.531,6.348810125074561,6.219945894971277,6.4186835460920255,5.864525500833366,0,0,0,0,0,0,0.1542524827023892
1395408600,6.564,6.583,6.364,6.39,6.3562991932428226,6.236141524021631,6.40912236406135,5.88513234393794,1,0,0,0,0,0,0.15887730536650427
1395667800,6.403,6.436,6.235,6.316,6.348972067198673,6.243747093162428,6.3780815760409,5.902029114763903,0,0,0,0,0,0,0.1618860692688968
1395754200,6.369,6.498,6.328,6.4,6.358249873162551,6.258628322385054,6.3853877173606,5.921557384773162,0,0,0,0,0,0,0.16332277860683275
1395840600,6.439,6.488,6.212,6.281,6.344204441678451,6.260758958348382,6.350591811573733,5.935653173605587,0,0,0,0,0,0,0.17137115156348762
1395927000,6.277,6.3105,6.184,6.278,6.332167270464187,6.262400962315203,6.326394541049155,5.949078539346544,0,1,0,0,0,0,0.1681660693089528
1396013400,6.299,6.468,6.287,6.411,6.346500494016153,6.276553251618517,6.3545963606994365,5.967193106430994,0,0,0,0,0,0,0.1697256357868848
1396272600,6.45,6.533,6.424,6.441,6.363682222376853,6.292214846702468,6.383397573799624,5.985773768923896,1,0,0,0,0,0,0.16631666180210739
1396359000,6.455,6.5255,6.422,6.505,6.38937636376288,6.312480099397471,6.423931715866416,6.006135581907273,0,0,0,0,0,0,0.1618297573876712
1396445400,6.474,6.531,6.384,6.464,6.402944297624175,6.326910566121521,6.437287810577611,6.0240910492834585,0,0,0,0,0,0,0.16077048900283747
1396531800,6.474,6.558,6.347,6.393,6.401136243510688,6.333204797919471,6.4225252070517405,6.038558066958617,1,0,0,0,0,0,0.16435831121692046
1396618200,6.456,6.474,6.004,6.18,6.360929653781472,6.318613864784283,6.341683471367827,6.044104809430828,0,0,0,0,0,0,0.18618986041571192
1396877400,6.1,6.194,5.883,6.036,6.301851534912114,6.2916982586143515,6.239788980911885,6.043786973766874,0,1,0,0,0,0,0.19510487038601823
1396963800,6.062,6.098,6.005,6.017,6.250060346746275,6.265536519698699,6.16552598727459,6.042736504207389,0,0,0,0,0,0,0.18781166535844548
1397050200,6.104,6.256,6.104,6.247,6.249503920065134,6.263771136870251,6.192683991516393,6.050746837375727,1,0,0,0,0,0,0.19146797497569937
1397136600,6.255,6.255,5.962,5.986,6.201594116416928,6.237316742882609,6.123789327677596,6.048207745713934,0,0,0,0,0,0,0.19872026247743513
1397223000,5.927,5.996,5.846,5.853,6.138213367977486,6.20071514832236,6.033526218451731,6.040552539999662,0,0,0,0,0,0,0.19524024372904694
1397482200,5.845,5.957,5.811,5.882,6.091629119254307,6.170361324672612,5.98301747896782,6.0343347933330085,0,0,0,0,0,0,0.19172308346268643
1397568600,5.906,5.93599,5.727,5.894,6.05569655211716,6.144041198513316,5.953344985978547,6.028831468104263,0,1,0,0,0,0,0.19295643464392312
1397655000,5.946,5.946,5.811,5.931,6.033024451732222,6.123751560559667,5.9458966573190315,6.024994939943312,0,0,0,0,0,0,0.18881668931221432
1397741400,5.934,6.166,5.892,6.089,6.043201824144545,6.120441888125413,5.993597771546021,6.027504942298476,0,0,0,0,0,0,0.194901211504199
1398087000,6.097,6.2181,6.082,6.189,6.069710583390991,6.126971232113469,6.058731847697348,6.0338380818161825,0,0,0,0,0,0,0.19070112496818478
1398173400,6.161,6.379,6.161,6.344,6.119581386410811,6.147640638578853,6.153821231798232,6.046001294293979,0,0,0,0,0,0,0.19265104461331445
1398259800,6.398,6.461,6.378,6.46,6.181475679790664,6.1773891491903905,6.255880821198821,6.062236537654999,0,0,0,0,0,0,0.18724739856950626
1398346200,6.543,6.548,6.354,6.538,6.246298283465088,6.211733039743686,6.349920547465881,6.080893928335195,1,0,0,0,0,0,0.18772972724311293
1398432600,6.485,6.503,6.219,6.234,6.244062231925981,6.21385370262524,6.311280364977254,6.086898088008325,0,0,0,0,0,0,0.1971061752971763
1398691800,6.291,6.292,6.032,6.078,6.21386909884853,6.200915254756169,6.23352024331817,6.086549143380547,0,0,0,0,0,0,0.20159859134737798
1398778200,6.098,6.155,6.0005,6.092,6.19171108087607,6.190542373350819,6.186346828878779,6.086762902463663,0,1,0,0,0,0,0.19823440625113672
1398864600,6.11,6.367,6.037,6.35,6.220490884353148,6.2057288139840745,6.240897885919186,6.097085925896461,0,0,0,0,0,0,0.20764623437605553
1398951000,6.292,6.49,6.258,6.349,6.243856178107121,6.219373688842734,6.276931923946124,6.106964909194638,0,0,0,0,0,0,0.20938578906348013
1399037400,6.472,6.4989,6.318,6.427,6.2771550548149175,6.239147623238664,6.326954615964083,6.119515304912496,0,0,0,0,0,0,0.20735108984466014
1399296600,6.387,6.445,6.302,6.425,6.304035953939478,6.256847849596887,6.359636410642722,6.131495096876712,0,0,0,0,0,0,0.20275458342718447
1399383000,6.793,6.808,6.625,6.734,6.3822112350413915,6.30229091154004,6.484424273761815,6.1551227401364486,0,0,0,0,0,0,0.21562925603952846
1399469400,6.775,6.861,6.635,6.681,6.436536465033866,6.338358443774322,6.5499495158412095,6.175745377778156,0,0,0,0,0,0,0.21637002346527642
1399555800,6.681,6.893,6.671,6.795,6.501711653209527,6.3818481157958145,6.631633010560806,6.2000298727672485,0,0,0,0,0,0,0.21677216464632806
1399642200,6.792,6.856,6.668,6.741,6.545218625353249,6.416053057148594,6.668088673707204,6.22124438756069,0,0,0,0,0,0,0.2147170100287332
1399901400,6.793,6.918,6.741,6.913,6.612087966198113,6.463381337420157,6.74972578247147,6.2483720586367415,0,0,0,0,0,0,0.2120229378838237
1399987800,6.927,6.934,6.856,6.876,6.660071972343911,6.502678352903952,6.7918171883143135,6.27298491908236,0,0,0,0,0,0,0.20244987089212205
1400074200,6.854,6.96,6.755,6.851,6.694786159190472,6.5358518431035755,6.811544792209542,6.295652177157561,1,0,0,0,0,0,0.20263202297125618
1400160600,6.867,6.895,6.711,6.793,6.712643221155841,6.560342143760378,6.805363194806361,6.315156013347461,0,1,0,0,0,0,0.20130116418759497
1400247000,6.809,6.893,6.732,6.848,6.737253544582051,6.587738130068914,6.819575463204241,6.336051855961286,0,0,0,0,0,0,0.19842250960276672
1400506200,6.91,6.941,6.814,6.832,6.75448017283986,6.611001165300446,6.823716975469494,6.355500802786334,1,0,0,0,0,0,0.19332090177399766
1400592600,6.836,6.838,6.692,6.752,6.754029232323521,6.624429625748022,6.799811316979662,6.37104979091236,0,1,0,0,0,0,0.18994083736156925
1400679000,6.752,6.844,6.737,6.841,6.769842099173791,6.645055375676782,6.8135408779864415,6.389479210876581,0,0,0,0,0,0,0.1840164918357429
1400765400,6.843,6.922,6.788,6.868,6.787688990233102,6.666288197040898,6.831693918657628,6.408244732018676,0,0,0,0,0,0,0.18044388527604696
1400851800,6.912,7.061,6.873,7.055,6.836290992008902,6.703308368751289,6.906129279105085,6.433607683704218,0,0,0,0,0,0,0.18134075061347216
1401197400,7.103,7.128,7.032,7.093,6.882965357098192,6.740421857441643,6.9684195194033896,6.4594662059118955,1,0,0,0,0,0,0.17524498271250985
1401283800,7.055,7.075,6.984,7.01,6.906062564898521,6.766095966256724,6.98227967960226,6.48105576646437,0,0,0,0,0,0,0.17051319823304484
1401370200,7.048,7.08499,6.981,7.079,6.9375057349169715,6.79589635042275,7.0145197864015065,6.504504559936355,0,0,0,0,0,0,0.16576154121639883
1401456600,7.185,7.2,6.941,7.067,6.9610501467502495,6.821715745620583,7.032013190934338,6.5265632046447335,0,1,0,0,0,0,0.17242143112951322
1401715800,7.121,7.2,7.06,7.164,6.997950120068386,6.854314246037671,7.076008793956225,6.551560726031214,0,0,0,0,0,0,0.17010561462026233
1401802200,7.133,7.2085,7.084,7.145,7.024686461874134,6.881998603557893,7.099005862637483,6.574832854422147,1,0,0,0,0,0,0.16684807071881505
1401888600,7.126,7.186,7.114,7.161,7.049470741533382,6.908570165123808,7.119670575091655,6.597819801307553,0,0,0,0,0,0,0.16007320852461399
1401975000,7.151,7.2,7.123,7.187,7.074476061254585,6.935087292254874,7.142113716727771,6.62092490713863,0,0,0,0,0,0,0.15413940791571298
1402061400,7.228,7.235,7.124,7.163,7.090571322844661,6.956793264421076,7.149075811151847,6.642182753917507,0,0,0,0,0,0,0.15105802163601925
1402320600,7.188,7.25,7.147,7.179,7.106649264145632,6.977955810666688,7.159050540767898,6.663234410626624,1,0,0,0,0,0,0.147625305804875
1402407000,7.175,7.225,7.15,7.186,7.121076670664608,6.997769542984146,7.168033693845265,6.6837350219745995,0,0,0,0,0,0,0.1424377839616696
1402493400,7.167,7.23851,7.135,7.175,7.130880912361952,7.0146486341285135,7.170355795896843,6.703000315230497,0,0,0,0,0,0,0.13965722796440747
1402579800,7.134,7.204,7.12,7.176,7.139084382841597,7.030015430878179,7.172237197264562,6.72154932247636,0,0,0,0,0,0,0.13568171168123547
1402666200,7.218,7.245,7.091,7.142,7.139614495052216,7.0406806279374,7.162158131509708,6.738037584340032,1,0,0,0,0,0,0.1369901608468615
1402925400,7.147,7.194,7.06,7.088,7.130230041406358,7.045187234800505,7.137438754339805,6.751761600640423,0,0,0,0,0,0,0.13677657792922857
1403011800,7.059,7.162,7.059,7.148,7.1334609429688385,7.054978926724266,7.14095916955987,6.767300361399622,0,0,0,0,0,0,0.13436396521999794
1403098200,7.158,7.188,7.05501,7.122,7.131377135156322,7.06136188608386,7.134639446373247,6.781210151148656,0,0,0,0,0,0,0.13426582484714092
1403184600,7.113,7.132,7.034,7.093,7.1243994742188095,7.06437503979016,7.120759630915498,6.793437204044787,0,1,0,0,0,0,0.13167540878663084
1403271000,7.116,7.195,7.087,7.157,7.1303268425426625,7.0731964645720495,7.132839753943665,6.8076945685920505,0,0,0,0,0,0,0.12998430815901438
1403530200,7.161,7.196,7.079,7.124,7.129176507534906,7.078034896517568,7.1298931692957765,6.820098703157068,0,0,0,0,0,0,0.12905685757622762
1403616600,7.178,7.23,7.063,7.067,7.117871687983105,7.076983953992086,7.108928779530518,6.82978110695483,1,0,0,0,0,0,0.13176708203506854
1403703000,7.058,7.17,7.006,7.163,7.12607683562254,7.085175958373791,7.126952519687012,6.84284851452523,0,1,0,0,0,0,0.1340694333182779
1403789400,7.172,7.18699,7.038,7.096,7.120608320054806,7.086206819481049,7.116635013124674,6.852776023759534,0,0,0,0,0,0,0.135135188081258
1403875800,7.074,7.117,7.025,7.094,7.115770443681205,7.086949027149521,7.109090008749783,6.86223578753367,0,0,0,0,0,0,0.13205410321831096
1404135000,7.092,7.207,7.092,7.207,7.132357635739168,7.09838245313528,7.141726672499855,6.875755952728428,0,0,0,0,0,0,0.13083595298843162
1404221400,7.248,7.413,7.235,7.403,7.181565338332046,7.1273936480747775,7.22881778166657,6.896432189876333,0,0,0,0,0,0,0.13620481348925798
1404307800,7.358,7.46,7.358,7.432,7.227098913180765,7.156403776829561,7.296545187777713,6.917434849096869,0,0,0,0,0,0,0.13376161252573956
1404394200,7.467,7.537,7.44101,7.518,7.279990019875171,7.190841512369603,7.370363458518476,6.94098642364209,0,0,0,0,0,0,0.13170721163104385
1404739800,7.543,7.555,7.443,7.453,7.311446379897867,7.2158089873820215,7.39790897234565,6.961065387420832,1,0,0,0,0,0,0.13029955365739787
1404826200,7.433,7.45,7.21,7.339,7.316456129007346,7.22754146477421,7.378272648230434,6.975886352620015,0,0,0,0,0,0,0.13834958553901233
1404912600,7.366,7.423,7.309,7.423,7.335827741915101,7.246156563367142,7.393181765486956,6.993420221144721,0,0,0,0,0,0,0.13661032942908286
1404999000,7.207,7.354,7.205,7.315,7.332040879748719,7.2527130811417,7.367121176991304,7.006031192864536,0,1,0,0,0,0,0.1424238773270055
1405085400,7.327,7.348,7.267,7.32,7.329851628885316,7.259121359128205,7.351414117994203,7.018343695105142,0,0,0,0,0,0,0.13803645751793364
1405344600,7.457,7.48995,7.341,7.404,7.343333150906168,7.272919324925518,7.368942745329469,7.033467471767685,1,0,0,0,0,0,0.14031599626665267
1405431000,7.401,7.438,7.269,7.342,7.343090759832319,7.279498436837374,7.359961830219646,7.045566786600325,0,0,0,0,0,0,0.14236485367617743
1405517400,7.311,7.438,7.275,7.365,7.347074258044625,7.287641442852862,7.3616412201464305,7.058093579282666,0,0,0,0,0,0,0.14383879269930758
1405603800,7.326,7.367,7.166,7.19,7.318515302036511,7.278342257819256,7.304427480097621,7.0632663800951105,0,1,0,0,0,0,0.14792173607792844
1405690200,7.274,7.526,7.26101,7.5,7.351512519848055,7.299452518979327,7.36961832006508,7.080393188718832,0,0,0,0,0,0,0.1613558977866478
1405949400,7.452,7.55,7.449,7.542,7.386146607148408,7.322552279076533,7.4270788800433865,7.098495416612211,0,0,0,0,0,0,0.15704476223045868
1406035800,7.558,7.644,7.53,7.539,7.413938133121425,7.343166347735911,7.464385920028924,7.11577010615683,1,0,0,0,0,0,0.15397013635685447
1406122200,7.57,7.571,7.359,7.363,7.404676654372075,7.345055266999158,7.430590613352616,7.125465396111465,0,0,0,0,0,0,0.15811512661707913
1406208600,7.37,7.389,7.227,7.251,7.376735444486243,7.336097622523048,7.370727075568411,7.130388321754152,0,0,0,0,0,0,0.15839261757300202
1406295000,7.228,7.23,6.971,6.992,7.306783545488744,7.303326420377996,7.244484717045607,7.1249613287441855,0,0,0,0,0,0,0.16707885917493046
1406554200,7.002,7.075,6.914,7.051,7.260277446308972,7.279295332722948,7.179989811363738,7.1220608844797075,0,1,0,0,0,0,0.16664465494814973
1406640600,7.04,7.1172,6.984,6.988,7.210772456070978,7.251552920082667,7.115993207575825,7.116803594892268,0,0,0,0,0,0,0.1642557510232819
1406727000,7.095,7.104,6.972,7.051,7.181722918603527,7.232452641979556,7.094328805050551,7.114223061759238,0,0,0,0,0,0,0.16195176880733317
1406813400,7.001,7.03,6.88,6.938,7.137409660675613,7.204409533219598,7.042219203367034,7.107312353454954,0,0,0,0,0,0,0.1625980710353808
1406899800,6.992,7.071,6.871,7.044,7.12042608600732,7.189132434817732,7.042812802244689,7.104829516064563,0,1,0,0,0,0,0.1652696373899964
1407159000,7.032,7.16,6.993,7.134,7.122894070369625,7.183881726739853,7.073208534829793,7.105973456611051,1,0,0,0,0,0,0.16539323471928236
1407245400,7.082,7.14174,6.984,7.012,7.102731512120602,7.167512038478915,7.052805689886529,7.10228822301846,0,0,0,0,0,0,0.1648465750964765
1407331800,6.98,7.097,6.976,7.0292,7.089362146280493,7.154339463385685,7.0449371265910194,7.099422018194207,0,0,0,0,0,0,0.16171467687529964
1407418200,7.089,7.089,6.945,6.963,7.06638721059313,7.1361166573489525,7.01762475106068,7.094072135127767,0,0,0,0,0,0,0.16044934281277826
1407504600,6.973,7.0495,6.932,7.043,7.062134990485289,7.1272484042681,7.026083167373787,7.092069306299227,0,1,0,0,0,0,0.1573815326118655
1407763800,7.051,7.145,7.051,7.082,7.065746810397054,7.122939032433043,7.044722111582525,7.091674431542395,0,0,0,0,0,0,0.15342570885387508
1407850200,7.089,7.139,7.046,7.115,7.074701935779408,7.122182934106086,7.06814807438835,7.092589159717203,0,0,0,0,0,0,0.149109586792884
1407936600,7.163,7.213,7.108,7.197,7.09693794745588,7.129308368953126,7.111098716258899,7.096683702473391,0,0,0,0,0,0,0.14595890202196374
1408023000,7.268,7.423,7.268,7.384,7.149131047918447,7.153564714767114,7.202065810839266,7.107951008258748,0,0,0,0,0,0,0.1516761233061092
1408109400,7.454,7.489,7.342,7.479,7.209107221024183,7.184558551455961,7.294377207226177,7.122501949111347,0,0,0,0,0,0,0.15134211449853
1408368600,7.531,7.54,7.435,7.537,7.268724089928877,7.21812440369825,7.375251471484118,7.138756774636392,0,0,0,0,0,0,0.14803196346292075
1408455000,7.558,7.662,7.543,7.562,7.3220469826690815,7.250874460488893,7.437500980989412,7.155354548180063,0,0,0,0,0,0,0.14638682321556926
1408541400,7.567,7.65,7.564,7.638,7.379492985820158,7.28774355948995,7.504333987326275,7.174281820800453,0,0,0,0,0,0,0.1422163358430286
1408627800,7.613,7.664,7.575,7.627,7.4244942611255835,7.320053696681383,7.545222658217517,7.19203547488671,0,0,0,0,0,0,0.13841516899709794
1408714200,7.651,7.651,7.551,7.621,7.4602225772845685,7.348715249378395,7.570481772145011,7.208857613126447,0,0,0,0,0,0,0.13567122835444806
1408973400,7.7,7.721,7.542,7.577,7.481454835960101,7.3704566541995,7.57265451476334,7.2232945694744295,1,0,0,0,0,0,0.13876614061484466
1409059800,7.586,7.615,7.52701,7.5955,7.5021903203309925,7.391889353799548,7.580269676508894,7.237890860867589,0,0,0,0,0,0,0.13513927342807006
1409146200,7.6,7.651,7.551,7.616,7.5228829893617215,7.413233224866257,7.592179784339263,7.25271867024533,0,0,0,0,0,0,0.13262932532606503
1409232600,7.554,7.649,7.495,7.636,7.543449718568681,7.434449108212328,7.6067865228928415,7.267749310627866,0,1,0,0,0,0,0.13415580208848896
1409319000,8.182,8.48,7.65013,8.209,7.664458860647103,7.508215859811154,7.807524348595227,7.30466110236795,0,0,0,0,0,0,0.18485895908216834
1409664600,8.297,8.514,8.23956,8.502,7.816739067802175,7.602861968400568,8.039016232396818,7.351615568941756,0,0,0,0,0,0,0.19344046200487058
1409751000,8.527,8.619,8.45,8.539,7.948059237292688,7.692017971410038,8.205677488264545,7.398179664277373,0,0,0,0,0,0,0.19169471471880842
1409837400,8.553,8.72499,8.547,8.609,8.068230285057654,7.77934959318051,8.340118325509696,7.445662814697869,0,0,0,0,0,0,0.1912872350960364
1409923800,8.636,8.8059,8.625,8.788,8.199097505956262,7.875411536687128,8.489412217006464,7.498303488631286,0,0,0,0,0,0,0.1916881468748909
1410183000,8.807,8.967,8.752,8.8185,8.311716141236941,7.965229485574069,8.599108144670977,7.550075900841823,1,0,0,0,0,0,0.19335327924097015
1410269400,8.83775,8.911,8.79601,8.8405,8.407858661012042,8.048588582186062,8.679572096447318,7.600680767475477,0,0,0,0,0,0,0.18775590215232935
1410355800,8.828,8.91,8.772,8.9,8.497338904464398,8.129675383882628,8.753048064298213,7.6516344628685955,0,0,0,0,0,0,0.18420190914144866
1410442200,8.891,8.911,8.782,8.907,8.571822740016325,8.20370629970333,8.804365376198808,7.700864483932572,0,0,0,0,0,0,0.18025891563134516
1410528600,8.901,8.907,8.74,8.785,8.610582241831539,8.259067604493488,8.797910250799205,7.7433796022097265,0,0,0,0,0,0,0.1793118502291062
1410787800,8.814,8.824,8.627,8.671,8.621567288771258,8.298299261208394,8.755606833866137,7.779756872711306,0,0,0,0,0,0,0.18057528949845572
1410874200,8.637,8.827,8.567,8.792,8.652555054449211,8.345318379188546,8.767737889244092,7.819452681624588,0,1,0,0,0,0,0.18624848310570888
1410960600,8.797,8.8427,8.737,8.774,8.674635953640264,8.386145200218209,8.769825259496061,7.856885909796173,0,0,0,0,0,0,0.1804950200267297
1411047000,8.818,8.953,8.803,8.952,8.725065780251125,8.44003613353076,8.830550172997373,7.899831560392402,0,0,0,0,0,0,0.18038823288196332
1411133400,9.013,9.088,8.89,8.91,8.75869018384183,8.484794597004022,8.857033448664916,7.939446009004464,1,0,0,0,0,0,0.18164621624753727
1411392600,8.864,8.917,8.642,8.718,8.751291968597862,8.507004635384591,8.810688965776611,7.969977538063112,0,0,0,0,0,0,0.1883143436584275
1411479000,8.701,8.795,8.638,8.756,8.752147974307341,8.530718479633679,8.79245931051774,8.000801948335146,0,0,0,0,0,0,0.1860776048256827
1411565400,8.769,8.905,8.735,8.902,8.779393797160552,8.566078624430471,8.828972873678493,8.036143048400435,0,0,0,0,0,0,0.1849292044809911
1411651800,8.884,8.884,8.577,8.646,8.755140379494996,8.573690184008521,8.767981915785663,8.060059007286693,0,1,0,0,0,0,0.1949342613037774
1411738200,8.655,8.766,8.646,8.75,8.75420576504136,8.590481595055328,8.76198794385711,8.087115516804861,0,0,0,0,0,0,0.18958181406779323
1411997400,8.641,8.731,8.607,8.711,8.746350171397477,8.601959538383392,8.744991962571406,8.111581574969376,0,0,0,0,0,0,0.1862545416343795
1412083800,8.761,8.79199,8.62,8.7,8.737922867507027,8.61129672520402,8.72999464171427,8.134656807323518,1,0,0,0,0,0,0.18523564580335244
1412170200,8.712,8.712,8.484,8.554,8.704482346142113,8.60583989423221,8.671329761142847,8.15110163840887,0,0,0,0,0,0,0.1882902425316844
1412256600,8.508,8.54,8.084,8.321,8.634758283207184,8.578712285257714,8.554553174095231,8.15776431925558,0,1,0,0,0,0,0.20841236806513555
1412343000,8.362,8.445,8.305,8.347,8.582438595351332,8.556644448566503,8.485368782730154,8.165185326343597,0,0,0,0,0,0,0.20352577034619732
1412602200,8.407,8.451,8.25401,8.288,8.528904305287455,8.531059262988741,8.41957918848677,8.170001588055612,0,0,0,0,0,0,0.20305892960718333
1412688600,8.242,8.268,8.097,8.103,8.451467158871553,8.49029171413267,8.314052792324514,8.167374074798529,0,0,0,0,0,0,0.20219757749238457
1412775000,8.1,8.376,7.93,8.33,8.429382220894908,8.475025836596226,8.319368528216343,8.173751562061332,0,0,0,0,0,0,0.21961203624292852
1412861400,8.292,8.33,8.058,8.06,8.362221817095834,8.435499566444204,8.23291235214423,8.1692907164903,0,0,0,0,0,0,0.22335403365414794
1412947800,7.775,7.778,6.87501,7.136,8.139272395805683,8.311737702973327,7.867274901429486,8.128769511922053,0,1,0,0,0,0,0.292042316964566
1413207000,7.08,7.213,6.88,6.904,7.914677414750105,8.177667445547295,7.546183267619657,8.080739334983933,0,0,0,0,0,0,0.2949678657528113
1413293400,7.206,7.291,6.906,7.202,7.785099702977359,8.084746736447553,7.431455511746438,8.046278968906131,0,0,0,0,0,0,0.3015415896276105
1413379800,7.026,7.345,6.986,7.255,7.688717938799657,8.005723237738263,7.372637007830958,8.015248421105891,0,0,0,0,0,0,0.3056457617970669
1413466200,7.067,7.60906,7.05005,7.56,7.66531467719972,7.963273405572714,7.435091338553972,7.997395541846837,0,0,0,0,0,0,0.3237432073829907
1413552600,7.742,7.97,7.683,7.715,7.674348372254316,7.939628319327694,7.528394225702648,7.986321206872451,0,0,0,0,0,0,0.3299044068556342
1413811800,7.667,7.80599,7.58,7.799,7.697012304571714,7.9262351460583895,7.6185961504684325,7.978975277191179,0,0,0,0,0,0,0.3224819492230889
1413898200,7.899,8.2459,7.896,8.238,7.795373703740493,7.955927036909971,7.8250641003122885,7.989133109458191,0,0,0,0,0,0,0.33136895285001117
1413984600,8.248,8.299,8.073,8.086,7.8482148485149485,7.968314938156641,7.912042733541526,7.992931811048066,1,0,0,0,0,0,0.32384259907501034
1414071000,8.214,8.29,8.112,8.138,7.900903057875867,7.9844754202369606,7.987361822361017,7.998620759634416,0,0,0,0,0,0,0.31528241342679525
1414157400,8.17,8.241,8.0769,8.185,7.9525570473529825,8.003572999262012,8.053241214907345,8.005929749452674,0,0,0,0,0,0,0.3044836696105956
1414416600,8.151,8.19599,8.0121,8.157,7.989728493288804,8.018185094570391,8.087827476604897,8.01185407300355,0,1,0,0,0,0,0.2958698360669816
1414503000,8.216,8.424,8.158,8.42,8.067959676327202,8.056453180801782,8.19855165106993,8.027859795630862,0,0,0,0,0,0,0.29380770491934
1414589400,8.457,8.514,8.356,8.488,8.144330644267711,8.097552877868278,8.29503443404662,8.045904509527691,0,0,0,0,0,0,0.28410715456795854
1414675800,8.384,8.457,8.118,8.239,8.161543254400854,8.111024032357014,8.276356289364413,8.053476881703077,0,1,0,0,0,0,0.2902423578131043
1414762200,8.511,8.792,8.45,8.625,8.245808117237063,8.159974124513488,8.392570859576276,8.075889553008839,1,0,0,0,0,0,0.30901076082645396
1415025000,8.644,8.788,8.609,8.634,8.316388459557597,8.205119445988393,8.473047239717518,8.09777623720457,0,0,0,0,0,0,0.29972427791027867
1415111400,8.59,8.656,8.486,8.536,8.356317830547125,8.236631879703785,8.494031493145012,8.114961482804391,0,0,0,0,0,0,0.2904582580595445
1415197800,8.579,8.679,8.4812,8.671,8.413532770447647,8.278000272112948,8.553020995430009,8.136766914851277,0,0,0,0,0,0,0.2838398110552914
1415284200,8.644,8.789,8.634,8.763,8.477072266729893,8.324190722387906,8.62301399695334,8.161325075053188,0,0,0,0,0,0,0.2746369674084848
1415370600,8.784,8.793,8.474,8.504,8.481968218233549,8.341315415493819,8.583342664635559,8.174763307404044,1,0,0,0,0,0,0.2778057554507358
1415629800,8.492,8.608,8.35,8.591,8.501792178554721,8.365094899732503,8.58589510975704,8.191086314956827,0,1,0,0,0,0,0.27639105863282615
1415716200,8.584,8.6286,8.538,8.616,8.522557236999317,8.388990623567503,8.59593007317136,8.207749596723225,0,0,0,0,0,0,0.26312026873048144
1415802600,8.591,8.7285,8.561,8.705,8.555728648453986,8.419086754656313,8.632286715447574,8.227249612538001,0,0,0,0,0,0,0.25629024953544705
1415889000,8.707,8.837,8.653,8.7445,8.590050712371443,8.450078492308092,8.669691143631717,8.24753394145808,0,0,0,0,0,0,0.2511266602829151
1415975400,8.756,8.905,8.631,8.9015,8.646677855576636,8.493071016850179,8.746960762421145,8.273179669244039,0,0,0,0,0,0,0.2527604702627068
1416234600,8.878,8.905,8.759,8.852,8.684009154562702,8.527254729531114,8.781973841614096,8.295878505744273,0,0,0,0,0,0,0.2451347223867991
1416321000,8.835,9.177,8.834,9.141,8.767098399187665,8.58570666005196,8.90164922774273,8.32902052512685,0,0,0,0,0,0,0.25212509935917055
1416407400,9.151,9.2,8.91,8.925,8.795807781153544,8.618020311475583,8.909432818495153,8.352392269239523,1,0,0,0,0,0,0.254830449404944
1416493800,8.884,9.092,8.802,8.993,8.8316609118529,8.653732662763623,8.937288545663435,8.377514141034052,0,1,0,0,0,0,0.25734256016173374
1416580200,9.17,9.173,8.945,9.021,8.866086200606919,8.688710504405183,8.965192363775623,8.402748880601344,0,0,0,0,0,0,0.2552466630073242
1416839400,9.055,9.135,9.038,9.114,8.911161436860207,8.729214265890404,9.014794909183749,8.430641081362076,0,0,0,0,0,0,0.24515761564965807
1416925800,9.184,9.256,9.107,9.115,8.948222993794715,8.765955764377033,9.048196606122499,8.457478686014543,0,0,0,0,0,0,0.23828921453182542
1417012200,9.158,9.386,9.158,9.378,9.026364267650221,8.82424569157922,9.158131070748333,8.493577561072795,0,0,0,0,0,0,0.24062569920812352
1417185000,9.413,9.44334,9.267,9.34,9.083388946259271,8.873365149524057,9.218754047165556,8.52677059789347,1,0,0,0,0,0,0.2360338635504004
1417444200,9.305,9.336,9.002,9.095,9.085500046939403,8.894473230521767,9.17750269811037,8.549054103858433,0,0,0,0,0,0,0.24331715901108603
1417530600,9.069,9.241,8.972,9.22,9.109954583859512,8.925475779995883,9.191668465406913,8.575365707628691,0,1,0,0,0,0,0.2451516476531513
1417617000,9.303,9.551,9.303,9.513,9.183235568612329,8.981430467615324,9.298778976937943,8.612135679878547,0,0,0,0,0,0,0.25128367282078334
1417703400,10.155,10.378,9.951,10.307,9.387556374319178,9.107675184985293,9.634852651291961,8.67860094733429,0,0,0,0,0,0,0.29512055333358456
1417789800,10.384,10.5,10.173,10.399,9.571455215352055,9.23065850070098,9.88956843419464,8.746067576850592,1,0,0,0,0,0,0.29739765666689993
1418049000,10.4,10.417,9.96556,10.071,9.662281539833499,9.310691024443743,9.950045622796427,8.798025711091745,0,0,0,0,0,0,0.3084006811906928
1418135400,9.989,10.303,9.725,10.264,9.771684896227407,9.401482355449101,10.054697081864285,8.855514898892068,0,1,0,0,0,0,0.3276577753913577
1418221800,10.2,10.35,9.917,9.925,9.799560369640606,9.451341178739662,10.011464721242858,8.897455491092378,0,0,0,0,0,0,0.33518222000626074
1418308200,10.008,10.28,9.985,10.055,9.846003938796859,9.508832495050171,10.025976480828572,8.942849393402481,0,0,0,0,0,0,0.33659777572009913
1418394600,9.898,10.118,9.883,9.92,9.859457768106521,9.547991305045393,9.990650987219048,8.981169025033756,0,0,0,0,0,0,0.3293407917400922
1418653800,9.997,10.085,9.724,9.821,9.852465446632609,9.573992133136308,9.934100658146033,9.014103573071647,0,0,0,0,0,0,0.3316021637586571
1418740200,9.775,9.968,9.60101,9.733,9.83074445633577,9.589135739504279,9.867067105430689,9.042295589813936,0,0,0,0,0,0,0.3341298663473244
1418826600,9.733,9.985,9.55,9.899,9.843154555183812,9.618646621456252,9.87771140362046,9.075891841193782,0,1,0,0,0,0,0.34133487589394396
1418913000,10.09,10.2,10,10.165,9.901671908786755,9.670680276555656,9.973474269080306,9.118601965068535,0,0,0,0,0,0,0.33845381333009084
1418999400,10.174,10.235,9.945,10.015,9.922277016280072,9.703472631169403,9.987316179386871,9.153754829183494,0,0,0,0,0,0,0.33499282666365576
1419258600,10.1,10.16,10,10.141,9.962044831501878,9.745141904391364,10.038544119591247,9.19247032607826,0,0,0,0,0,0,0.3224933390448232
1419345000,10.234,10.25,10.057,10.078,9.983127589410627,9.77684267540171,10.051696079727497,9.227196979957544,1,0,0,0,0,0,0.31324381482733576
1419431400,10.092,10.123,10.028,10.072,9.999286209517786,9.804952896792024,10.058464053151665,9.260326510155288,0,0,0,0,0,0,0.29765497091109744
1419604200,10.097,10.133,10.0205,10.062,10.010688716878189,9.829433573288021,10.05964270210111,9.29176468622763,0,0,0,0,0,0,0.284429615846019
1419863400,10.062,10.139,9.91901,10.129,10.032199859263972,9.857963709165352,10.08276180140074,9.324597443630468,0,1,0,0,0,0,0.2798267861427319
1419949800,10.107,10.194,10.06,10.085,10.041799884852342,9.879586213054367,10.083507867600494,9.354417151723391,0,0,0,0,0,0,0.2694105871325368
1420036200,10.11,10.303,10.043,10.059,10.044927178515552,9.896673240382523,10.075338578400329,9.382047851655807,1,0,0,0,0,0,0.2687384023373557
1420209000,10.093,10.22081,9.913,10.009,10.038394964239997,9.907371027012758,10.053225718933552,9.406634210414403,0,0,0,0,0,0,0.2715292307418303
1420468200,10.007,10.082,9.84,9.849,10.00395951619636,9.90181188158297,9.985150479289034,9.423981888437368,0,0,0,0,0,0,0.26941999997455673
1420554600,9.895,9.908,9.518,9.625,9.93505778597884,9.875448845241735,9.865100319526023,9.431864951635902,0,1,0,0,0,0,0.27803285711923115
1420641000,9.705,9.939,9.653,9.885,9.925956370346324,9.876358479028235,9.871733546350683,9.449634953532533,0,0,0,0,0,0,0.28060193875357176
1420727400,10.053,10.43,10.036,10.379,10.008327939374265,9.924229100073166,10.040822364233788,9.486080641629297,0,0,0,0,0,0,0.2994875145568881
1420813800,10.447,10.58,10.258,10.4895,10.095813768578944,9.978064423875722,10.19038157615586,9.525430420388933,0,0,0,0,0,0,0.30109554923139614
1421073000,10.507,10.564,10.2716,10.316,10.135847628837318,10.010248764458986,10.232254384103907,9.556433149001132,0,0,0,0,0,0,0.3004744385720107
1421159400,10.378,10.738,10.1732,10.258,10.158057150866897,10.033844120224796,10.24083625606927,9.5839455745305,1,0,0,0,0,0,0.3193548358168671
1421245800,10.111,10.349,10.001,10.339,10.19095585070928,10.062906584965292,10.273557504046181,9.613555551999891,0,1,0,0,0,0,0.3214009189728052
1421332200,10.356,10.554,10.105,10.132,10.180236605125774,10.069486910206694,10.22637166936412,9.633886706823425,0,0,0,0,0,0,0.3305151390461763
1421418600,10.069,10.391,10.031,10.382,10.21692085873927,10.09925006161558,10.27824777957608,9.663224483026427,0,0,0,0,0,0,0.33262120054287797
1421764200,10.369,10.52399,10.258,10.487,10.266026157150312,10.136178627176001,10.347831853050721,9.695529405260686,0,0,0,0,0,0,0.3278618290755296
1421850600,10.433,10.688,10.411,10.538,10.315475946759346,10.174447329349714,10.411221235367147,9.728567467799483,0,0,0,0,0,0,0.3242288412844204
1421937000,10.598,10.649,10.152,10.52,10.352662138257646,10.207357107506885,10.447480823578099,9.7596040376897,0,1,0,0,0,0,0.3365696383355332
1422023400,10.503,10.75,10.42501,10.698,10.41545084039262,10.254085002030038,10.530987215718733,9.796403879348928,1,0,0,0,0,0,0.3357425213115665
1422282600,10.674,10.706,10.462,10.673,10.462277960321234,10.293981668503369,10.578324810479156,9.830780197805833,0,0,0,0,0,0,0.3291894840750261
1422369000,10.507,10.598,10.28201,10.479,10.465318331171918,10.311602461979238,10.545216540319437,9.856200582205604,0,0,0,0,0,0,0.3336038066410957
1422455400,10.712,10.834,10.486,10.5,10.47162408914066,10.329545084647881,10.530144360212958,9.88144761819754,1,0,0,0,0,0,0.3351321061667317
1422541800,10.463,10.66,10.227,10.653,10.504601527478721,10.360350314681416,10.571096240141973,9.911704574346658,0,0,0,0,0,0,0.34212267001196517
1422628200,10.529,10.673,10.262,10.288,10.4652194315735,10.353459808521281,10.476730826761315,9.926461257705613,0,0,0,0,0,0,0.3470424792968248
1422887400,10.325,10.349,9.916,10.242,10.424634080378318,10.342844588662112,10.398487217840877,9.938835326030883,0,1,0,0,0,0,0.35318230220419444
1422973800,10.25,10.37199,10.136,10.32,10.405609702127714,10.340668913551434,10.372324811893918,9.953782960304181,0,0,0,0,0,0,0.3448114234753235
1423060200,10.293,10.528,10.245,10.48,10.419135210831767,10.35393854083225,10.408216541262613,9.974418922645194,0,0,0,0,0,0,0.34039632179851476
1423146600,10.474,10.622,10.375,10.62,10.455656081589627,10.379277727419653,10.478811027508408,9.9997358276395,0,0,0,0,0,0,0.3337251559557637
1423233000,10.627,10.711,10.426,10.474,10.458991339482422,10.38829889623683,10.477207351672272,10.018334422634029,0,0,0,0,0,0,0.33024478767320914
1423492200,10.395,10.435,10.182,10.224,10.416265641394709,10.372651382309513,10.392804901114848,10.026399739393478,0,1,0,0,0,0,0.32751301712512276
1423578600,10.304,10.746,10.28876,10.704,10.468580979322944,10.40420839351813,10.496536600743232,10.05297229863295,0,0,0,0,0,0,0.3414049444733283
1423665000,10.679,10.83,10.633,10.794,10.5277480739915,10.44133140365926,10.595691067162155,10.082032208490482,0,0,0,0,0,0,0.33109030558237634
1423751400,10.88,11.004,10.846,10.97,10.608157515083954,10.49168079378695,10.720460711441437,10.116854474824189,0,0,0,0,0,0,0.32244099804077797
1423837800,11,11.02,10.809,11.015,10.682128875977781,10.541520718188192,10.818640474294291,10.152075867968339,0,0,0,0,0,0,0.314480926752151
1424183400,11.02,11.1345,10.909,11.087,10.755741807618184,10.593471125979793,10.908093649529528,10.188739559420561,1,0,0,0,0,0,0.3081251462698544
1424269800,11.032,11.059,10.929,11,10.800152388051242,10.632188161600766,10.938729099686352,10.220553694345245,0,0,0,0,0,0,0.2974019215362933
1424356200,11,11.11,10.9645,11.09,10.852851953860107,10.67578928906736,10.989152733124234,10.254649627900333,0,0,0,0,0,0,0.2865517842837009
1424442600,11.143,11.216,11.046,11.206,10.917060689521906,10.726285547251422,11.061435155416156,10.291957485629732,0,0,0,0,0,0,0.27822665683486514
1424701800,11.3,11.323,11.196,11.285,10.983958745972469,10.779496447513191,11.135956770277437,10.330900329330527,0,0,0,0,0,0,0.267424752775232
1424788200,11.35,11.36,11.161,11.318,11.04469351943202,10.830782500130983,11.196637846851624,10.369610120337173,0,0,0,0,0,0,0.26253727043414393
1424874600,11.329,11.39,11.231,11.268,11.085294697717107,10.872422262023271,11.220425231234417,10.404841096010225,0,0,0,0,0,0,0.2551417511174194
1424961000,12.324,12.989,12.305,12.925,11.41978657085945,11.067905856116292,11.788616820822945,10.503670856951,0,0,0,0,0,0,0.35984591175188946
1425047400,12.87,12.87,12.614,12.762,11.663825376157732,11.229248155533789,12.11307788054863,10.592232784129392,0,0,0,0,0,0,0.35635691805532593
1425306600,12.721,13.087,12.721,12.902,11.888948035038144,11.388557855006761,12.376051920365754,10.682811890634122,1,0,0,0,0,0,0.35704570962280263
1425393000,12.824,12.894,12.757,12.822,12.05859384684939,11.525076154529927,12.524701280243836,10.766701620413176,0,0,0,0,0,0,0.34189958750688815
1425479400,12.769,12.988,12.437,12.94,12.218849511058592,11.659830806479457,12.663134186829224,10.851929007847954,0,1,0,0,0,0,0.35683533125639616
1425565800,12.936,13.154,12.878,13.057,12.371240509047938,11.792894539195698,12.794422791219482,10.93840238008921,1,0,0,0,0,0,0.3510613790237964
1425652200,13,13.049,12.75,12.789,12.447196780130131,11.887761725938965,12.792615194146322,11.010974835771986,0,0,0,0,0,0,0.3479141376649539
1425907800,12.779,12.859,12.693,12.712,12.49534282010647,11.966260609182873,12.765743462764215,11.077681704957397,0,0,0,0,0,0,0.3349202706888858
1425994200,12.572,12.693,12.451,12.512,12.498371398268931,12.018235789260695,12.681162308509476,11.133929481233578,0,0,0,0,0,0,0.3296402513539653
1426080600,12.53,12.647,12.452,12.466,12.492485689492762,12.060879999807295,12.609441539006317,11.186167540793045,0,0,0,0,0,0,0.3200230905429678
1426167000,12.288,12.621,12.155,12.612,12.514215564130442,12.113367618873266,12.610294359337544,11.242082539193317,0,1,0,0,0,0,0.3304500126470416
1426253400,12.571,12.675,12.394,12.5,12.511630916106725,12.150189750409146,12.573529572891696,11.29141263569554,0,0,0,0,0,0,0.3269178688865387
1426512600,12.687,13.045,12.67,12.9865,12.597970749541865,12.229838345608275,12.711186381927797,11.357886649981989,0,0,0,0,0,0,0.34249516396607166
1426599000,12.881,12.96,12.75,12.91,12.654703340534253,12.294615646026536,12.777457587951865,11.418753840178773,0,0,0,0,0,0,0.3349240808256379
1426685400,12.866,13.128,12.769,13.044,12.725484551346208,12.3659855845002,12.866305058634577,11.482488983701174,0,0,0,0,0,0,0.3366437893380923
1426771800,13.05,13.29495,13.002,13.204,12.812487360192351,12.445796481214467,12.978870039089719,11.549999219634461,0,0,0,0,0,0,0.3335228043853714
1426858200,13.343,13.418,13.22,13.329,12.906398749248288,12.529911102051184,13.095580026059812,11.619763956119385,0,0,0,0,0,0,0.32498546121498767
1427117400,13.5,13.628,13.389,13.444,13.004144431203144,12.616967187570118,13.211720017373208,11.69130262450686,1,0,0,0,0,0,0.32312935684248856
1427203800,13.497,13.53673,13.288,13.312,13.06011817098439,12.683160788753916,13.245146678248805,11.754859384330121,0,0,0,0,0,0,0.31781511706802507
1427290200,13.262,13.333,12.44,12.443,12.947914867169047,12.660288332682114,12.97776445216587,11.781845290826979,0,0,0,0,0,0,0.35889975156316617
1427376600,12.026,12.514,11.696,12.471,12.861203073138311,12.642260872426675,12.80884296811058,11.80887096569651,0,1,0,0,0,0,0.3916926264515114
1427463000,12.499,12.9,12.485,12.821,12.8538934234768,12.659283646481278,12.81289531207372,11.848562300375079,0,0,0,0,0,0,0.3943574388478321
1427722200,12.983,13.09,12.83,13.055,12.890458255571927,12.696970918244965,12.893596874715813,11.89587358271331,1,0,0,0,0,0,0.38540333607298694
1427808600,12.931,12.95,12.673,12.698,12.85546584546794,12.697068926031159,12.82839791647721,11.927329520646122,0,0,0,0,0,0,0.3851602406392021
1427895000,12.666,12.696,12.361,12.563,12.802290237201042,12.684300456885335,12.73993194431814,11.952257774738431,0,0,0,0,0,0,0.3817202234506877
1427981400,12.611,12.691,12.463,12.502,12.747692012255397,12.666938508610542,12.660621296212094,11.97381629337614,0,0,0,0,0,0,0.37074020748992437
1428327000,12.337,12.673,12.25,12.5825,12.717657100936234,12.658896745885729,12.634580864141396,11.997686242655508,0,1,0,0,0,0,0.37447304981207263
1428413400,12.651,12.717,12.53957,12.565,12.689901264402373,12.649954198658516,12.61138724276093,12.019933840982743,0,0,0,0,0,0,0.3603985462540675
1428499800,12.547,12.74699,12.53,12.679,12.687919216329215,12.652720465452944,12.633924828507286,12.04577957270891,0,0,0,0,0,0,0.3501550786644913
1428586200,12.584,12.794,12.565,12.722,12.694115722451176,12.659318516362188,12.663283219004857,12.072298020837971,0,0,0,0,0,0,0.34150114447417057
1428672600,12.756,12.797,12.607,12.682,12.69191286382369,12.661478657661027,12.669522146003239,12.096207902373736,1,0,0,0,0,0,0.33067963415458707
1428931800,12.725,12.74664,12.51,12.5345,12.663292343128473,12.6493854521695,12.624514764002159,12.113395827770844,0,0,0,0,0,0,0.32396251742925936
1429018200,12.506,12.534,12.214,12.398,12.615057371650568,12.62544398053431,12.549009842668106,12.1245567757014,0,1,0,0,0,0,0.3237151947557408
1429104600,12.477,12.63,12.465,12.59,12.61050148589592,12.622068363340567,12.562673228445403,12.14280945116409,0,0,0,0,0,0,0.3171641094160451
1429191000,12.507,12.61599,12.48,12.533,12.596410306642117,12.613585662070037,12.552782152296935,12.158111041314518,0,0,0,0,0,0,0.3042231016006133
1429277400,12.369,12.428,12.094,12.185,12.521608432707186,12.572767979968129,12.43018810153129,12.159165510282577,0,1,0,0,0,0,0.3138500229148552
1429536600,12.25,12.382,12.22,12.3025,12.481770535851334,12.547028172352116,12.387625401020859,12.164786470663651,0,0,0,0,0,0,0.3055035927066512
1429623000,12.432,12.505,12.294,12.31,12.450539529332909,12.524454060699533,12.36175026734724,12.170481118872921,0,0,0,0,0,0,0.2987533360847476
1429709400,12.391,12.8,12.275,12.7895,12.512168705817835,12.5496965311091,12.504333511564827,12.194756369113199,1,0,0,0,0,0,0.31491381207869423
1429795800,12.522,12.546,12.255,12.407,12.493047122941865,12.536106385289186,12.471889007709885,12.203079648755818,0,0,0,0,0,0,0.3305985397873589
1429882200,12.373,12.373,11.587,11.95,12.394311282406981,12.480286729547359,12.297926005139923,12.193154956647746,0,0,0,0,0,0,0.36555578694540475
1430141400,12,12.194,11.872,12.015,12.325345594696621,12.435973707685706,12.20361733675995,12.186168487759598,0,0,0,0,0,0,0.3624446593064473
1430227800,12.038,12.1,11.456,11.745,12.21982821384269,12.370166687906115,12.050744891173299,12.168867762749418,0,1,0,0,0,0,0.3825557550702725
1430314200,11.602,11.752,11.4751,11.703,12.125859447689475,12.306627003343628,11.934829927448865,12.15059843872003,0,0,0,0,0,0,0.375008915422396
1430400600,11.669,11.894,11.626,11.688,12.046248639018662,12.24771014588233,11.85255328496591,12.132457323476107,0,0,0,0,0,0,0.36736542146365353
1430487000,11.792,12.343,11.788,12.28,12.088748886469814,12.250785370084012,11.995035523310607,12.13824331079077,0,0,0,0,0,0,0.387910748501964
1430746200,12.283,12.38468,12.086,12.116,12.093703634384394,12.23794866817125,12.035357015540404,12.137371024093094,1,0,0,0,0,0,0.3815371236089665
1430832600,12.01,12.067,11.663,11.6785,12.018212064496321,12.18466784263113,11.916404677026936,12.119376081971796,0,0,0,0,0,0,0.3866416147797546
1430919000,11.784,11.837,11.539,11.6775,11.95626441640608,12.136366143332927,11.836769784684623,12.10204760816898,0,1,0,0,0,0,0.38031007086691504
1431005400,12,12.364,12,12.248,12.009307249786794,12.146997939205981,11.973846523123083,12.10777123137804,0,0,0,0,0,0,0.40218078009070685
1431091800,12.32,12.493,12.273,12.333,12.068160477098285,12.164712421186364,12.093564348748721,12.116603732108313,1,0,0,0,0,0,0.3909535815127993
1431351000,12.357,12.386,12.25975,12.281,12.106858572171324,12.175787428692425,12.156042899165815,12.123050644574654,0,0,0,0,0,0,0.37204618283331353
1431437400,12.202,12.358,12.13,12.295,12.14106610450381,12.187141006912194,12.20236193277721,12.129793756552118,0,1,0,0,0,0,0.3617571697737911
1431523800,12.363,12.484,12.231,12.313,12.172326812775845,12.19912757768246,12.23924128851814,12.136978315118702,0,0,0,0,0,0,0.3539888005042346
1431610200,12.414,12.868,12.36401,12.694,12.267176483180236,12.246258284569846,12.39082752567876,12.158822302761106,0,0,0,0,0,0,0.36834674332536066
1431696600,12.779,12.95,12.657,12.787,12.36168984987474,12.297757495563195,12.522885017119174,12.18345672226067,0,0,0,0,0,0,0.3629648330878349
1431955800,12.795,13.04,12.728,13.018,12.481018968079333,12.366352019795272,12.687923344746116,12.216183909622996,0,0,0,0,0,0,0.35932448786727517
1432042200,13.086,13.185,12.925,12.947,12.565742792064908,12.421651827433818,12.774282229830744,12.244843364147584,1,0,0,0,0,0,0.35222988159104124
1432128600,12.994,13.1075,12.811,12.911,12.628516829871288,12.468256415297263,12.819854819887162,12.270967153788856,0,0,0,0,0,0,0.34824917576310976
1432215000,12.951,13.003,12.784,12.959,12.688604678985598,12.514993899554668,12.866236546591441,12.29794883403243,0,1,0,0,0,0,0.3390170917800304
1432301400,12.982,13.38299,12.982,13.264,12.793222010079125,12.586327813882795,12.998824364394293,12.33583319348214,0,0,0,0,0,0,0.34508658522431396
1432647000,13.436,13.453,13.064,13.13,12.854454371882921,12.638106117322529,13.042549576262862,12.366976989816173,0,0,0,0,0,0,0.3482232577082915
1432733400,13.209,14.4823,13.16201,14.149,13.089826304267845,12.782000772815621,13.411366384175242,12.436860245117499,0,0,0,0,0,0,0.4199430250148421
1432819800,14.501,14.54725,13.6,14.238,13.298585158037328,12.9206673658808,13.686910922783495,12.50749317668152,0,0,0,0,0,0,0.4576078089423534
1432906200,14.412,14.924,14.411,14.807,13.572842402030542,13.100318092939771,14.06027394852233,12.597669914850872,0,0,0,0,0,0,0.47392153687504246
1433165400,14.824,15.05,14.515,14.662,13.770871056206808,13.249049703135983,14.260849299014886,12.678624035837112,1,0,0,0,0,0,0.4782842842411109
1433251800,14.641,14.667,14.31401,14.416,13.88816722780557,13.360187826646841,14.312566199343257,12.746756426588599,0,0,0,0,0,0,0.46933469250960297
1433338200,14.6,14.6,14.281,14.306,13.96413682275001,13.45026517649,14.310377466228838,12.807903233389046,0,0,0,0,0,0,0.4585965001874884
1433424600,14.249,14.3435,14.048,14.12,13.992475582250009,13.514049445395713,14.246918310819225,12.85935800855026,0,0,0,0,0,0,0.44694675017409635
1433511000,14.097,14.404,13.931,14.381,14.06311638547728,13.596616164881835,14.291612207212816,12.919030243509074,0,0,0,0,0,0,0.4488076965902324
1433770200,14.357,14.377,13.753,13.863,14.026731588117775,13.621986053940708,14.14874147147521,12.956048665332247,0,0,0,0,0,0,0.46160714683378723
1433856600,13.895,14.073,13.65101,14.021,14.025689481187271,13.659987382136832,14.106160980983473,12.997811462770198,0,1,0,0,0,0,0.45877735063137387
1433943000,13.993,14.398,13.984,14.286,14.073018666425948,13.719607631457134,14.166107320655648,13.048328660308622,1,0,0,0,0,0,0.45557896844341855
1434029400,14.218,14.326,14.102,14.199,14.095924363439412,13.765264047508834,14.177071547103765,13.093453026571028,0,0,0,0,0,0,0.43903761355460297
1434115800,14.129,14.148,13.98801,14.047,14.087029024632246,13.792096042984184,14.133714364735843,13.130847025529027,0,0,0,0,0,0,0.4227484983007028
1434375000,13.916,14.402,13.901,14.312,14.127932838335473,13.84161070555712,14.193142909823894,13.177166750018085,1,1,0,0,0,0,0.428337891279224
1434461400,14.27,14.349,14.138,14.199,14.140854140456296,13.875647781218346,14.19509527321593,13.217238642174237,0,0,0,0,0,0,0.4128137561878509
1434547800,14.15,14.25,13.94565,14.0685,14.127698842191515,13.89401465919755,14.15289684881062,13.250621440520346,0,0,0,0,0,0,0.4050663450315758
1434634200,14.073,14.375,14.073,14.3,14.159026325429421,13.932679929750165,14.201931232540414,13.291773540892097,0,0,0,0,0,0,0.39802589181503467
1434720600,14.301,14.391,14.16,14.289,14.182657902624072,13.966615174535864,14.230954155026943,13.330880460857113,0,0,0,0,0,0,0.3860954709711036
1434979800,14.416,14.514,14.2,14.3275,14.208992829419696,14.000985157913401,14.263136103351295,13.369963580039187,1,0,0,0,0,0,0.3809457944731676
1435066200,14.396,14.396,14.086,14.164,14.200812314979752,14.016510380969269,14.23009073556753,13.401102263174906,0,0,0,0,0,0,0.3758782377250843
1435152600,14.206,14.222,13.983,13.997,14.163755530437978,14.014652249448385,14.152393823711686,13.424470801873928,0,0,0,0,0,0,0.36610122074472107
1435239000,14.013,14.105,13.883,13.923,14.119981797631073,14.005923463786635,14.07592921580779,13.444020966506324,0,0,0,0,0,0,0.35580827640581253
1435325400,13.885,13.904,13.475,13.515,14.009985107152696,13.959168848187907,13.888952810538527,13.44680445801588,0,0,0,0,0,0,0.3623933995196831
1435584600,13.285,13.521,13.104,13.201,13.862896905852207,13.88696229121763,13.659635207025685,13.437165067505452,0,1,0,0,0,0,0.366293870982563
1435671000,13.38,13.438,13.212,13.293,13.75927928660635,13.830394453958808,13.537423471350456,13.431511535446415,0,0,0,0,0,0,0.35705859448380856
1435757400,13.441,13.77,13.4315,13.55,13.721228507223378,13.803690220248447,13.541615647566971,13.436158141899497,0,0,0,0,0,0,0.3656258377349651
1435843800,13.56,13.775,13.535,13.764,13.729005142273673,13.799910199272404,13.615743765044646,13.449014685354419,1,0,0,0,0,0,0.35665256361103903
1436189400,13.616,13.761,13.387,13.42,13.672822389133005,13.763728275532175,13.550495843363098,13.447876854556206,0,0,0,0,0,0,0.35810595192453615
1436275800,13.395,13.445,12.616,13.284,13.60212740929064,13.718039868338634,13.461663895575398,13.441450311240276,0,0,0,0,0,0,0.39174124107278363
1436362200,13.01,13.134,12.686,12.805,13.457195153055977,13.63108369040162,13.2427759303836,13.416491475505364,0,0,0,0,0,0,0.40647400956758484
1436448600,13.018,13.136,12.372,12.468,13.277341488863982,13.520313815125276,12.984517286922399,13.379295731367899,0,1,0,0,0,0,0.43201158031275727
1436535000,12.661,13.082,12.65,12.984,13.224006672706894,13.469236308922868,12.984344857948265,13.363793937980923,0,0,0,0,0,0,0.44501075314756033
1436794200,13.138,13.138,12.846,12.918,13.168369095851094,13.416737612834975,12.962229905298843,13.346311822765985,0,0,0,0,0,0,0.4340814136370203
1436880600,12.935,13.248,12.851,13.23,13.17957471478726,13.398953078279263,13.051486603532561,13.341750574814379,0,0,0,0,0,0,0.43143274123437586
1436967000,13.167,13.349,13.082,13.172,13.178197493916848,13.377338499395524,13.091657735688374,13.33509368952754,0,0,0,0,0,0,0.4196875454319204
1437053400,13.363,13.477,13.089,13.47,13.231252495022876,13.386163404214997,13.21777182379225,13.34038413307548,0,0,0,0,0,0,0.41742414932964034
1437139800,13.496,13.5,13.196,13.366,13.255752041382353,13.384243080004046,13.2671812158615,13.341388676876441,0,0,0,0,0,0,0.4093224243775232
1437399000,13.455,13.562,13.375,13.464,13.293615306585561,13.391838977146518,13.332787477241,13.346196964057757,0,0,0,0,0,0,0.39408510835055727
1437485400,13.51,13.638,13.414,13.451,13.322230705388186,13.397473360275422,13.372191651494001,13.350306887035885,1,0,0,0,0,0,0.38193617203980323
1437571800,12.704,12.9998,12.538,12.959,13.25618875895397,13.355713992630143,13.234461100996,13.33496151891683,0,1,0,0,0,0,0.41986930260838873
1437658200,13.118,13.5,13.05,13.197,13.245427166416885,13.340598374284415,13.221974067330667,13.329551263273032,0,0,0,0,0,0,0.4285214952792181
1437744600,13.351,13.385,12.834,12.848,13.173167681613815,13.293684243400184,13.097316044887112,13.310666900007423,0,0,0,0,0,0,0.43726995990213113
1438003800,12.735,12.75,12.41,12.465,13.044409921320394,13.214761934504928,12.88654402992474,13.277503492163994,0,0,0,0,0,0,0.4373221056234075
1438090200,12.558,12.955,12.352,12.842,13.00760811744396,13.17926079788541,12.871696019949827,13.260424923843837,0,1,0,0,0,0,0.44915624093602124
1438176600,12.837,12.912,12.545,12.858,12.980406641545057,13.148664531420133,12.867130679966552,13.244643554281334,0,0,0,0,0,0,0.4432879380120198
1438263000,12.574,12.8795,12.507,12.765,12.941241797627775,13.112125052237262,12.833087119977701,13.225834003133047,0,0,0,0,0,0,0.438231656725447
1438349400,12.834,12.834,12.496,12.514,12.863561470786362,13.055160761547999,12.7267247466518,13.197918944186652,0,0,0,0,0,0,0.4310722526736293
1438608600,12.642,12.749,12.424,12.58,12.812004839734296,13.009907355686284,12.677816497767868,13.173686828728352,0,0,0,0,0,0,0.4234956631969416
1438695000,12.555,12.555,11.876,12.347,12.727458505237152,12.9467733218114,12.567544331845244,13.141267737405672,0,1,0,0,0,0,0.443531687254303
1438781400,12.3,12.569,12.1,12.475,12.681556958830397,12.901842529257932,12.536696221230162,13.115139590840743,0,0,0,0,0,0,0.4453508524504243
1438867800,12.504,12.54,12.06,12.327,12.61709205722487,12.847095621709558,12.466797480820109,13.084232155905811,0,0,0,0,0,0,0.44782579156110813
1438954200,12.102,12.39799,12.082,12.255,12.551257137729438,12.790705562499124,12.39619832054674,13.051713247831074,0,0,0,0,0,0,0.43840894930674323
1439213400,12.349,12.74,12.3002,12.728,12.583392203596812,12.784733604165874,12.506798880364492,13.039018610661229,1,0,0,0,0,0,0.44173688149911866
1439299800,12.564,12.623,12.292,12.421,12.553866348397392,12.750092308531029,12.478199253576328,13.01478258671373,0,0,0,0,0,0,0.4413271042491816
1439386200,12.159,12.668,12.062,12.573,12.557345194143322,12.733226374385216,12.509799502384219,12.997457779391624,0,1,0,0,0,0,0.4530894539456686
1439472600,12.562,12.682,12.4011,12.419,12.5321915224809,12.703300053015196,12.479533001589479,12.974773160591953,1,0,0,0,0,0,0.44079020723526374
1439559000,12.4,12.45,12.117,12.196,12.471065791120736,12.654985762251844,12.385022001059653,12.944233036647171,0,0,0,0,0,0,0.43309090671845907
1439818200,12.132,12.552,12.08,12.552,12.485781101826056,12.645177594418335,12.440681334039768,12.928851348935517,0,0,0,0,0,0,0.4358701276671405
1439904600,12.577,12.577,12.178,12.224,12.438184537857682,12.60506544256897,12.36845422269318,12.901210119565496,1,0,0,0,0,0,0.43323654711948756
1439991000,12.158,12.278,11.9303,12.145,12.384878258247195,12.561249686133829,12.293969481795452,12.871554820759005,0,0,0,0,0,0,0.42712679375380985
1440077400,12.008,12.064,11.503,11.503,12.224536756747705,12.460464001740132,12.030312987863635,12.817886004258652,0,0,0,0,0,0,0.44247487991425194
1440163800,11.275,11.5494,11.133,11.145,12.02825734642994,12.335181715860118,11.735208658575756,12.752282631542625,0,0,0,0,0,0,0.4406123884918055
1440423000,10.109,11.501,10,10.994,11.840210556169952,12.207450123873441,11.48813910571717,12.68333037148213,0,1,0,0,0,0,0.5163543607423907
1440509400,11.413,11.5,10.82,10.851,11.66035409141178,12.078264397790257,11.275759403811447,12.61147427848283,0,0,0,0,0,0,0.528043334975077
1440595800,11.26,11.674,11.118,11.62,11.653016983882365,12.03462016942928,11.39050626920763,12.572592934228602,0,0,0,0,0,0,0.5491116681911429
1440682200,12.05,12.7,12.038,12.626,11.829922986812845,12.090942058055063,11.802337512805087,12.574687328964735,0,0,0,0,0,0,0.587032263320347
1440768600,12.553,12.772,12.469,12.762,11.999391534665055,12.154852338240294,12.122225008536725,12.582032923907295,0,0,0,0,0,0,0.5667442445117509
1441027800,12.664,12.804,12.5,12.597,12.108047619271408,12.196961639360266,12.280483339024483,12.582619868067793,1,0,0,0,0,0,0.5479767984751972
1441114200,12.152,12.502,11.81,11.937,12.076948052131153,12.17220338799262,12.16598889268299,12.557301441869056,0,1,0,0,0,0,0.5650498842983973
1441200600,12.215,12.407,12.016,12.404,12.136412042652761,12.194279255802847,12.245325928455326,12.551289620619288,0,0,0,0,0,0,0.5582606068485119
1441287000,12.54,12.69,12.321,12.377,12.180155307624986,12.211681231440672,12.289217285636884,12.54445473353618,0,0,0,0,0,0,0.5447419920736182
1441373400,12.124,12.381,12.065,12.115,12.168308888056806,12.202473495112988,12.231144857091255,12.527613371436722,0,0,0,0,0,0,0.5284032783540741
1441719000,12.54,12.933,12.482,12.916,12.304252726591933,12.270428400340323,12.459429904727504,12.542844219615674,0,0,0,0,0,0,0.5490887584716402
1441805400,13.018,13.179,12.63,12.717,12.3792976853934,12.312959028879341,12.54528660315167,12.549673858062118,1,0,0,0,0,0,0.5490824185808088
1441891800,12.854,12.91588,12.48,12.872,12.468879924412782,12.366201026128927,12.65419106876778,12.562314098922426,0,1,0,0,0,0,0.5409965315393224
1441978200,12.816,13.122,12.69347,13.108,12.58508357451955,12.436848547449982,12.805460712511854,12.583713546023509,0,0,0,0,0,0,0.5329632078579423
1442237400,13.25,13.373,13.06,13.119,12.682159288243268,12.501815352454745,12.909973808341237,12.604705171669645,0,0,0,0,0,0,0.5172515501538034
1442323800,13.213,13.495,13.1,13.438,12.819584872199037,12.590975795078103,13.085982538894157,12.63738340023162,1,0,0,0,0,0,0.5085192965713888
1442410200,13.389,13.389,13.026,13.149,12.879478531799212,12.644120957451618,13.106988359262772,12.657446796300968,0,0,0,0,0,0,0.501625061102004
1442496600,13.151,13.306,13.02,13.061,12.912482435108446,12.683823723408606,13.091658906175182,12.673272412132302,0,0,0,0,0,0,0.4862232710232894
1442583000,12.854,12.94887,12.66,12.759,12.884576537816,12.690983368798262,12.980772604116789,12.676634278323192,0,0,0,0,0,0,0.48013589452162586
1442842200,12.837,12.938,12.622,12.726,12.855744440031273,12.694318286055571,12.895848402744527,12.678570188977185,0,0,0,0,0,0,0.46841190205579547
1442928600,12.499,12.584,12.37,12.47,12.785609087298315,12.672954639764564,12.753898935163019,12.67039096588004,0,0,0,0,0,0,0.46038248048038166
1443015000,12.482,12.77999,12.381,12.554,12.743498344153167,12.661625626453652,12.687265956775345,12.665826614276902,0,0,0,0,0,0,0.4559973033032115
1443101400,12.41,12.535,11.945,12.41,12.682862281579864,12.637661281077115,12.594843971183563,12.65579419803075,0,1,0,0,0,0,0.4669260673529821
1443187800,12.596,12.893,12.52,12.674,12.681250957656252,12.641122111450724,12.621229314122376,12.65650815104915,1,0,0,0,0,0,0.4680742053991977
1443447000,12.596,12.817,12.081,12.085,12.572841692627842,12.588158100836369,12.442486209414918,12.634096066694282,0,0,0,0,0,0,0.4872117621563979
1443533400,12.191,12.248,11.80571,11.967,12.462688657604598,12.529000186471,12.283990806276613,12.607935436627839,0,1,0,0,0,0,0.48400306485951233
1443619800,12.179,12.523,12.1,12.501,12.469654356221945,12.52633350204519,12.356327204184408,12.603741890093414,0,0,0,0,0,0,0.4891457030838328
1443706200,12.311,12.49,11.95,12.214,12.423171745999772,12.496587454231364,12.308884802789606,12.588457894403476,0,0,0,0,0,0,0.4935638671492733
1443792600,11.999,12.336,11.821,12.333,12.406776883090723,12.48100769668552,12.316923201859737,12.578439937760201,0,0,0,0,0,0,0.49509501949575385
1444051800,12.396,12.487,12.096,12.122,12.354999267983318,12.446816487477376,12.251948801239825,12.56054033235784,0,0,0,0,0,0,0.48765966096034286
1444138200,12.076,12.101,11.153,11.711,12.237908491986351,12.376738726765245,12.071632534159884,12.527225025206553,0,1,0,0,0,0,0.5220411137488897
1444224600,11.865,11.954,11.582,11.864,12.169925129807014,12.327906467073317,12.002421689439922,12.50121620068865,0,0,0,0,0,0,0.5113238913382547
1444311000,11.752,11.796,11.379,11.669,12.078847833478466,12.265153470209192,11.891281126293281,12.468580271249879,0,0,0,0,0,0,0.5094436133855224
1444397400,11.656,11.808,11.554,11.691,12.00833004557329,12.210472187332126,11.824520750862188,12.438086927279295,0,0,0,0,0,0,0.4911976410008422
1444656600,11.759,11.798,11.576,11.768,11.964633673650873,12.16833197901478,11.805680500574793,12.41180900856246,0,0,0,0,0,0,0.47196923807221053
1444743000,11.634,11.667,11.321,11.342,11.851427551168896,12.089633695299087,11.651120333716529,12.36985571410903,0,0,0,0,0,0,0.4701857210670527
1444829400,11.3,11.7755,11.238,11.746,11.832258905501824,12.056906676699175,11.682746889144353,12.345390784143971,0,1,0,0,0,0,0.47499388384797747
1444915800,11.8,12.199,11.769,12.187,11.896757286319675,12.06929651701354,11.850831259429569,12.339179380844207,1,0,0,0,0,0,0.47342289214455047
1445002200,12.19,12.198,11.99,12.107,11.934983234261551,12.072887324917012,11.936220839619713,12.330074307085612,0,0,0,0,0,0,0.45446411413422544
1445261400,12.1,12.126,11.737,11.896,11.927895373486724,12.056040913020153,11.922813893079809,12.313051785239118,0,1,0,0,0,0,0.4497881059817807
1445347800,11.847,12.007,11.76,11.989,11.939005305580046,12.049656064161091,11.944875928719872,12.300343872092485,0,0,0,0,0,0,0.4353032412687963
1445434200,12.176,12.268,12.011,12.05,11.959186159110947,12.049688819955273,11.979917285813249,12.29052646534376,0,0,0,0,0,0,0.4241387240353109
1445520600,12.162,12.562,12.121,12.534,12.063697766545321,12.095813694245248,12.1646115238755,12.300074447094985,0,0,0,0,0,0,0.43041452946136
1445607000,12.747,12.984,12.406,12.958,12.22629817262799,12.1779266757457,12.429074349250333,12.325875449169692,1,0,0,0,0,0,0.4409563487855485
1445866200,12.806,12.806,12.274,12.361,12.250789413968356,12.195362230436587,12.406382899500223,12.327252882535586,0,0,0,0,0,0,0.4583166095865808
1445952600,12.309,12.515,12.094,12.149,12.232282247792291,12.190946779918816,12.320588599666815,12.320262573416542,0,0,0,0,0,0,0.4556511374732537
1446039000,12.479,12.785,12.37,12.709,12.318958202739147,12.24028518183131,12.450059066444544,12.335507178380599,0,0,0,0,0,0,0.46853319908230706
1446125400,12.1,12.416,11.872,12.009,12.262602165877484,12.218258021656899,12.303039377629696,12.32270297530685,0,1,0,0,0,0,0.4948522562907137
1446211800,12.085,12.402,12.017,12.313,12.271765408445214,12.227281067213385,12.306359585086465,12.322322466471288,0,0,0,0,0,0,0.4875770951270912
1446474600,12.366,12.5205,12.246,12.38,12.29144442509154,12.241825727478776,12.330906390057644,12.324584330531238,1,0,0,0,0,0,0.4723573026180132
1446561000,12.148,12.495,12.148,12.214,12.27736362052944,12.239175658195084,12.291937593371763,12.320247690118247,0,0,0,0,0,0,0.4634032095738693
1446647400,12.25,12.486,12.006,12.411,12.301661144069541,12.255539881224124,12.331625062247841,12.323806604231256,0,1,0,0,0,0,0.4645886946043073
1446733800,12.491,12.5,12.06,12.106,12.266086390602352,12.241297987774207,12.256416708165228,12.315265168771207,0,0,0,0,0,0,0.46283235927542815
1446820200,12.325,12.979,12.323,12.967,12.393525228674651,12.310412465129044,12.493277805443485,12.340823397446846,1,0,0,0,0,0,0.4921300478986118
1447079400,12.837,12.894,12.571,12.65,12.44015700527926,12.342754135116754,12.545518536962323,12.35294797009599,0,0,0,0,0,0,0.48526361590585393
1447165800,12.311,12.408,11.977,11.986,12.357583004319395,12.30877755081992,12.359012357974882,12.338557853621637,0,0,0,0,0,0,0.4986733576268644
1447252200,12.021,12.27,11.982,11.995,12.291658821715869,12.278893974551357,12.237674905316588,12.325084996616868,0,0,0,0,0,0,0.48362526065351696
1447338600,12.021,12.141,11.892,11.985,12.235902672312983,12.250904072213132,12.153449936877726,12.311748330082873,0,0,0,0,0,0,0.46686631346398005
1447425000,11.9,11.989,11.521,11.754,12.148284004619713,12.2035798748595,12.020299957918484,12.289875846550212,0,1,0,0,0,0,0.46694729107369576
1447684200,11.747,12.177,11.708,12.147,12.148050549234311,12.19819131534907,12.06253330527899,12.284272872175693,0,0,0,0,0,0,0.4670939131398603
1447770600,12.146,12.368,12.1,12.206,12.15858681300989,12.19893499960154,12.11035553685266,12.281203347776646,0,0,0,0,0,0,0.4528729193441561
1447857000,12.192,12.61,12.16,12.592,12.237389210644455,12.236369761544251,12.270903691235107,12.293391451785405,0,0,0,0,0,0,0.4526677108195734
1447943400,12.61,12.613,12.301,12.521,12.2889548087091,12.263477403301941,12.354269127490072,12.302317277205585,0,0,0,0,0,0,0.4426200171896038
1448029800,12.621,12.667,12.373,12.64,12.352781207125627,12.299336698225567,12.449512751660048,12.315559736923014,0,0,0,0,0,0,0.4320043016760607
1448289000,12.675,12.675,12.421,12.441,12.36882098764824,12.312828441251703,12.446675167773366,12.320478962926034,0,0,0,0,0,0,0.4192897086991993
1448375400,12.341,12.859,12.341,12.834,12.453398989894014,12.36246382779916,12.575783445182244,12.340617042811287,0,1,0,0,0,0,0.4263404437921137
1448461800,12.9,12.917,12.766,12.839,12.523508264458739,12.407848225151621,12.663522296788162,12.360161472504961,0,0,0,0,0,0,0.4066732692355342
1448634600,12.863,13.045,12.786,13.004,12.610870398193514,12.46462458466099,12.77701486452544,12.38541004221065,0,0,0,0,0,0,0.3961251785758532
1448893800,12.943,13.07,12.712,13.045,12.68980305306742,12.519898433740897,12.86634324301696,12.411276315065134,0,1,0,0,0,0,0.39340195153472085
1448980200,13.117,13.377,13.091,13.289,12.798747952509707,12.59314620195605,13.007228828677974,12.445696851729247,0,0,0,0,0,0,0.3890160978536694
1449066600,13.307,13.5,13.154,13.221,12.875521052053397,12.652941801769758,13.078485885785316,12.476100896759473,0,0,0,0,0,0,0.3859435194355502
1449153000,14.486,14.686,14.288,14.478,13.166880860770961,12.826756868267877,13.544990590523543,12.554606743945376,0,0,0,0,0,0,0.4630189823330109
1449239400,14.48,14.789,14.324,14.756,13.455811613358058,13.010494309385221,13.948660393682362,12.640935891241636,0,0,0,0,0,0,0.46316048359493867
1449498600,14.669,14.972,14.555,14.883,13.71530041092932,13.188828184681867,14.260106929121575,12.728859973938043,1,0,0,0,0,0,0.4598633061953002
1449585000,14.684,14.859,14.577,14.778,13.90851851803308,13.340177881378832,14.432737952747717,12.80921840633263,0,0,0,0,0,0,0.44887307003849297
1449671400,14.714,14.8,14.442,14.565,14.027878787481612,13.4568276069618,14.476825301831811,12.878072586476447,0,0,0,0,0,0,0.4423821364643149
1449757800,14.611,14.944,14.519,14.733,14.156082644303137,13.5783678348702,14.562216867887875,12.950814837987174,1,0,0,0,0,0,0.4411405552882925
1449844200,14.462,14.772,14.43,14.442,14.208067618066202,13.660618517263513,14.522144578591917,13.009292687477874,0,0,0,0,0,0,0.4340590870534145
1450103400,14.414,14.53599,14.124,14.251,14.21587350569053,13.71684532514318,14.431763052394611,13.057987091890507,0,0,0,0,0,0,0.43248272369245633
1450189800,14.268,14.423,14.131,14.327,14.236078322837706,13.774955294177163,14.39684203492974,13.107752303973232,0,0,0,0,0,0,0.4224482434287094
1450276200,14.317,14.42799,14.04,14.388,14.263700445958124,13.833340504255528,14.39389468995316,13.157958095974282,0,0,0,0,0,0,0.4199869403266588
1450362600,14.493,14.55,14.041,14.048,14.224482183056647,13.853784265755001,14.278596459968774,13.192861700053722,0,0,0,0,0,0,0.42634501601761177
1450449000,14.023,14.1905,13.855,14.02,14.187303604319075,13.869614335683096,14.192397639979182,13.225298496130048,0,1,0,0,0,0,0.41985608630206805
1450708200,14.31,14.6,14.186,14.58,14.258702948988335,13.937270113237087,14.321598426652788,13.278424045301419,0,0,0,0,0,0,0.4312949372804918
1450794600,14.723,14.723,14.276,14.51,14.304393321899546,13.991815816738317,14.384398951101858,13.326721141564109,0,0,0,0,0,0,0.43241672747474247
1450881000,14.602,14.666,14.439,14.651,14.36741271791781,14.05459526276324,14.473265967401238,13.378653645816497,0,0,0,0,0,0,0.41774410408368945
1450967400,14.641,14.7285,14.572,14.632,14.415519496478208,14.10958619011912,14.526177311600826,13.427804483235459,0,0,0,0,0,0,0.39908381093485457
1451313000,14.59,14.64,14.393,14.635,14.45542504257308,14.159625600583967,14.562451541067217,13.475145483892891,0,1,0,0,0,0,0.38822068158236495
1451399400,14.7,14.878,14.501,14.794,14.51698412574161,14.22004221005216,14.639634360711478,13.526865268838268,0,0,0,0,0,0,0.3874192043264818
1451485800,14.751,14.889,14.712,14.737,14.556987011970408,14.269276285285288,14.672089573807652,13.574321532805394,1,0,0,0,0,0,0.3723892611603045
1451572200,14.658,14.75,14.512,14.515,14.54935300979397,14.292678543829547,14.619726382538435,13.611210884460084,0,0,0,0,0,0,0.3627900282202828
1451917800,14.207,14.235,13.988,14.228,14.49092518983143,14.286518682512447,14.48915092169229,13.635398692912629,0,0,0,0,0,0,0.3745193119188341
1452004200,14.314,14.33,13.721,13.752,14.356575155316625,14.235612141320786,14.243433947794859,13.639971293190564,0,0,0,0,0,0,0.39126793249606023
1452090600,13.457,13.606,13.228,13.329,14.16974330889542,14.149268127861664,13.93862263186324,13.627776340516425,0,0,0,0,0,0,0.40074879446062744
1452177000,13.131,13.377,12.819,12.905,13.939789980005344,14.030766401398648,13.594081754575493,13.599432170300094,0,0,0,0,0,0,0.41198102342772547
1452263400,13.003,13.346,12.806,12.82,13.736191801822555,13.915455315551156,13.33605450305033,13.568866202837345,0,0,0,0,0,0,0.4211252360400309
1452522600,12.95,12.997,12.542,12.804,13.566702383309362,13.809602428355808,13.158703002033553,13.5388714497849,0,0,0,0,0,0,0.42354486203717157
1452609000,12.986,13.167,12.6855,12.992,13.462211040889478,13.73173553041716,13.103135334689036,13.517425510577649,0,0,0,0,0,0,0.42768451474880226
1452695400,12.775,12.998,12.308,12.331,13.2565363061823,13.598332146567905,12.84575688979269,13.47089901996676,0,0,0,0,0,0,0.44642133512388776
1452781800,12.419,12.66799,12.029,12.519,13.122438795967335,13.495538608799533,12.73683792652846,13.43356964663473,0,0,0,0,0,0,0.4601762397578958
1452868200,12.021,12.379,11.93,11.997,12.91781356033691,13.35282064605672,12.490225284352308,13.37723358206082,0,0,0,0,0,0,0.4693779369180461
1453213800,12.276,12.48,11.901,12.007,12.752211094821108,13.224647251194176,12.329150189568205,13.323498931783925,0,0,0,0,0,0,0.47720808428104283
1453300200,11.783,12.558,11.717,12.383,12.685081804853635,13.144490370128064,12.347100126378804,13.286616620733575,0,1,0,0,0,0,0.5031932211181112
1453386600,12.48,12.6,12.335,12.453,12.642885113062064,13.078634144401581,12.382400084252536,13.25392577286167,0,0,0,0,0,0,0.48617941960967453
1453473000,12.648,12.648,12.423,12.451,12.607996910687143,13.018859463982384,12.405266722835025,13.22243848765141,0,0,0,0,0,0,0.46752374678041203
1453732200,12.443,12.498,12.4,12.449,12.5790883814713,12.9645871340793,12.419844481890017,13.19210756656704,0,0,0,0,0,0,0.44112919343895396
1453818600,12.5,12.65075,12.4,12.439,12.553617766658336,12.914531216547939,12.426229654593344,13.162573936505588,0,0,0,0,0,0,0.42753067962188585
1453905000,12.365,12.541,12.009,12.235,12.495687263629547,12.849813957829088,12.362486436395562,13.126198488015172,0,1,0,0,0,0,0.4349927739346083
1453991400,12.294,12.655,12.2,12.637,12.521380488424175,12.829545961845366,12.453990957597041,13.107014233583204,0,0,0,0,0,0,0.4364218615107077
1454077800,12.944,13.434,12.811,13.371,12.675856763256142,12.881113013098188,12.759660638398028,13.117366616579941,0,0,0,0,0,0,0.46217744283137135
1454337000,13.334,13.869,13.296,13.768,12.874428260845935,12.96557844042217,13.095773758932019,13.142881651223865,1,0,0,0,0,0,0.4700933397719877
1454423400,13.501,13.759,13.17,13.324,12.956168577055765,12.99971382704863,13.171849172621346,13.149984331568028,0,0,0,0,0,0,0.4792295297882743
1454509800,13.725,13.761,13.029,13.136,12.988865199409261,13.012693462567809,13.159899448414231,13.149435926408497,0,0,0,0,0,0,0.49728456337482607
1454596200,13.14,13.727,13.05,13.612,13.102162435880304,13.06977027565659,13.310599632276155,13.167575694000321,0,0,0,0,0,0,0.5101213802766241
1454682600,13.7,13.7,12.698,12.836,13.053769265720248,13.047506439879772,13.15239975485077,13.154572725608151,0,0,0,0,0,0,0.5452555673997223
1454941800,12.699,12.699,11.922,12.186,12.895993035589294,12.96545820751027,12.830266503233846,13.116589481466654,0,0,0,0,0,0,0.5715944554425992
1455028200,11.983,12.572,11.877,11.971,12.727812483663968,12.870747902033102,12.543844335489231,13.07166440376208,0,0,0,0,0,0,0.5804091371966992
1455114600,12.249,12.367,11.865,11.92,12.580937486634156,12.780200482791855,12.335896223659487,13.026501093810626,0,0,0,0,0,0,0.5748084845397922
1455201000,11.65,11.764,11.425,11.631,12.4082215799734,12.67075281776406,12.100930815772992,12.971775560720014,0,1,0,0,0,0,0.5691078785012355
1455287400,11.776,12.233,11.573,12.166,12.36418129270551,12.62268112083415,12.122620543848662,12.94017651912315,0,0,0,0,0,0,0.5756001728940043
1455633000,12.327,12.679,12.295,12.624,12.411421057668145,12.622806728373755,12.28974702923244,12.92777743994185,0,0,0,0,0,0,0.5711287319730041
1455719400,12.7,13.082,12.673,13.068,12.530799047183027,12.665206087576255,12.54916468615496,12.9332763638657,0,0,0,0,0,0,0.5630481082606467
1455805800,13.176,13.1991,12.608,12.707,12.56283558405884,12.66918646018804,12.60177645743664,12.924402780969006,0,0,0,0,0,0,0.5650518148134576
1455892200,12.705,12.879,12.5,12.867,12.61813820513905,12.688025844932037,12.69018430495776,12.922151691519241,0,1,0,0,0,0,0.5517623994696391
1456151400,13,13.243,12.949,13.064,12.69920398602286,12.723832907319462,12.814789536638507,12.927714370283192,1,0,0,0,0,0,0.5392079423646648
1456237800,13.016,13.05,12.806,12.816,12.720439624927796,12.73261072566999,12.815193024425671,12.923333414585812,0,0,0,0,0,0,0.5191216607671889
1456324200,12.651,13.125,12.541,13.034,12.777450602213651,12.761314466082371,12.888128682950448,12.927673280680485,0,1,0,0,0,0,0.5237558278552468
1456410600,13.078,13.249,12.869,13.247,12.862823219992988,12.807570231217383,13.007752455300299,12.940195897124388,0,0,0,0,0,0,0.5134875544370149
1456497000,13.42,13.497,13.225,13.311,12.944309907266991,12.855515923482395,13.1088349702002,12.95473723449206,0,0,0,0,0,0,0.49623844340579953
1456756200,13.334,13.792,13.29,13.397,13.026617196854811,12.90708583553169,13.204889980133466,12.972080872355116,0,0,0,0,0,0,0.49664998316252823
1456842600,13.537,13.864,13.462,13.843,13.1750504337903,12.996220517862005,13.417593320088978,13.006234563635308,0,0,0,0,0,0,0.4945321272223477
1456929000,13.785,13.824,13.505,13.697,13.269950354919336,13.062961420922766,13.510728880059318,13.033323404277061,0,0,0,0,0,0,0.4833512609921799
1457015400,13.775,13.885,13.43,13.733,13.354141199479457,13.126774618930122,13.58481925337288,13.060761702148548,0,1,0,0,0,0,0.48132617092130986
1457101800,14.6,14.786,14.172,14.606,13.581751890483192,13.267653226651063,13.92521283558192,13.12135928245645,1,0,0,0,0,0,0.522160015855502
1457361000,14.476,14.623,14.057,14.351,13.721615183122612,13.370829109827152,14.067141890387948,13.169580487066,0,0,0,0,0,0,0.5252914432943946
1457447400,14.229,14.282,13.941,13.963,13.765503331645773,13.427226337462661,14.032427926925298,13.200694977769293,0,1,0,0,0,0,0.5170563402019378
1457533800,14.075,14.253,14.0471,14.196,13.843775453164723,13.500442876751931,14.086951951283531,13.239726547268537,0,0,0,0,0,0,0.5008380301875137
1457620200,14.346,14.58,14.2,14.442,13.952543552589319,13.590114983727938,14.205301300855687,13.286874525807026,0,0,0,0,0,0,0.4924924566026913
1457706600,14.599,15.002,14.575,14.882,14.121535633936714,13.713151651944324,14.430867533903792,13.349428465971457,1,0,0,0,0,0,0.49731442398821335
1457962200,14.711,14.919,14.7,14.814,14.24743824594822,13.81799435175915,14.558578355935861,13.406862643776497,0,0,0,0,0,0,0.47743482227476963
1458048600,14.85,14.998,14.608,14.847,14.356449473957635,13.91599488968685,14.65471890395724,13.46333861853036,0,0,0,0,0,0,0.47118947782657167
1458135000,14.746,14.927,14.685,14.863,14.4485495696017,14.006185852573816,14.724145935971494,13.51822730015662,0,0,0,0,0,0,0.45481880083895937
1458221400,14.737,15.172,14.737,15.155,14.57699510240139,14.115596723757262,14.86776395731433,13.582414464856361,0,0,0,0,0,0,0.4534031722076052
1458307800,15.194,15.3,15.087,15.249,14.699177811055684,14.223539892923236,14.994842638209553,13.64777076035219,0,0,0,0,0,0,0.43623151704991914
1458567000,15.259,15.3,15.083,15.289,14.806418209045558,14.325012284073404,15.092895092139702,13.71213269131877,0,0,0,0,0,0,0.4205721229749249
1458653400,15.24,15.561,15.155,15.476,14.928160352855457,14.4346301617807,15.220596728093135,13.781303958325877,1,0,0,0,0,0,0.4195312570481446
1458739800,15.482,15.532,15.234,15.299,14.995585743245373,14.516951098753966,15.24673115206209,13.840821450156234,0,0,0,0,0,0,0.4108504529732771
1458826200,15.176,15.329,15.112,15.3,15.050933789928033,14.591527184586921,15.26448743470806,13.898044138385401,0,1,0,0,0,0,0.39700399204661446
1459171800,15.328,15.35,15.207,15.31,15.098036737213846,14.659953167007215,15.279658289805374,13.953414956487935,0,0,0,0,0,0,0.3788608497575705
1459258200,15.327,15.493,15.218,15.413,15.155302784993147,14.731671913006528,15.324105526536917,14.01065358564527,0,0,0,0,0,0,0.3714422176320298
1459344600,15.5,15.728,15.454,15.693,15.253065914994393,14.823226968910667,15.44707035102461,14.076627954835653,0,0,0,0,0,0,0.3674106306583133
1459431000,15.702,15.737,15.445,15.45,15.28887211226814,14.882919638538223,15.448046900683073,14.130485682097,0,0,0,0,0,0,0.36202415703986235
1459517400,15.404,15.792,15.116,15.78,15.37816809185575,14.968355863439344,15.558697933788714,14.195172518093196,0,1,0,0,0,0,0.38445100296558643
1459776600,15.8,15.8328,15.566,15.601,15.418682984245613,15.02860768596893,15.57279862252581,14.250303007579738,1,0,0,0,0,0,0.376047359896616
1459863000,15.445,15.705,15.445,15.503,15.434013350746412,15.073787906352843,15.549532415017206,14.299428379831513,0,0,0,0,0,0,0.3677582627611434
1459949400,15.47,15.777,15.371,15.754,15.49219274151979,15.138570010509715,15.617688276678138,14.356470404151846,0,1,0,0,0,0,0.3704898154210616
1460035800,15.748,15.795,15.469,15.497,15.493066788516192,15.172706199984981,15.577458851118758,14.40119705496942,1,0,0,0,0,0,0.36731197146241434
1460122200,15.628,15.69,15.464,15.615,15.51523646333143,15.21482941903403,15.589972567412506,14.448797170460816,0,0,0,0,0,0,0.3572182592150989
1460381400,15.743,15.78,15.56,15.561,15.523557106362079,15.247798045792694,15.58031504494167,14.492412967697646,0,0,0,0,0,0,0.3474169549854489
1460467800,15.601,15.637,15.3,15.543,15.527092177932609,15.275912517621961,15.56787669662778,14.533612459160484,0,1,0,0,0,0,0.34667288677220254
1460554200,15.647,15.965,15.56101,15.948,15.603620872853952,15.339920849277012,15.69458446441852,14.589078637232621,1,0,0,0,0,0,0.3520533948599024
1460640600,15.729,15.911,15.6,15.882,15.654235259607779,15.391547435060154,15.757056309612347,14.639781435772518,0,0,0,0,0,0,0.3517638666556237
1460727000,15.813,15.834,15.452,15.549,15.635101576042729,15.406542917435377,15.687704206408231,14.675437065742223,0,0,0,0,0,0,0.3573521618945077
1460986200,15.535,15.64,15.381,15.59,15.626901289489505,15.42401502053677,15.655136137605487,14.71130227885037,0,0,0,0,0,0,0.3503270074734714
1461072600,15.645,15.67658,15.07894,15.107,15.532373782309595,15.393823113818982,15.472424091736992,14.726819836542512,0,0,0,0,0,0,0.3679922212253663
1461159000,15.146,15.40999,15.04007,15.323,15.494305821889668,15.387078055360032,15.422616061157994,14.750199450795748,0,0,0,0,0,0,0.3681299197092687
1461245400,15.29,15.328,15.04458,15.135,15.428977490637001,15.363070621516218,15.326744040771995,14.7652896684116,0,0,0,0,0,0,0.36207921115860664
1461331800,15.04,15.294,14.873,15.033,15.356981583248455,15.331635324228959,15.228829360514663,14.775788112787616,0,1,0,0,0,0,0.36628783893299194
1461591000,15.025,15.086,14.877,14.91,15.275712204476008,15.291479579064296,15.122552907009775,14.781051324050846,0,0,0,0,0,0,0.35505299329492107
1461677400,15.149,15.411,15.004,15.076,15.239400894571279,15.270957714391505,15.10703527133985,14.792617938793951,1,0,0,0,0,0,0.365477779488141
1461763800,14.721,15.336,14.65,15.153,15.223691641012865,15.25972364635422,15.1223568475599,14.80675056864517,0,0,0,0,0,0,0.38837222381041664
1461850200,15.039,15.402,14.733,14.799,15.146474979010526,15.215845203844294,15.014571231706599,14.806446624776731,0,0,0,0,0,0,0.4084170649668154
1461936600,14.631,14.779,14.325,14.575,15.042570437372248,15.154812327287695,14.868047487804398,14.797370286550192,0,0,0,0,0,0,0.4131015603263286
1462195800,14.616,14.683,14.4495,14.608,14.963557630577293,15.102734962784105,14.7813649918696,14.789944000803127,0,0,0,0,0,0,0.40027287744587653
1462282200,14.51,14.599,14.233,14.32,14.846547152290512,15.028188775852286,14.6275766612464,14.771514824301043,0,0,0,0,0,0,0.3984676719140282
1462368600,14.251,14.442,14.127,14.207,14.730265851874055,14.94998032100921,14.487384440830933,14.749376988053944,0,0,0,0,0,0,0.3925056953487404
1462455000,14.382,14.49,14.209,14.258,14.6443993333515,14.884077433294047,14.410922960553956,14.730107302247907,0,0,0,0,0,0,0.38468385996668747
1462541400,14.176,14.25005,13.918,14.189,14.561599454560318,14.817879582504139,14.336948640369304,14.708887408042107,0,1,0,0,0,0,0.38149215568335265
1462800600,14.2,14.392,14.126,14.24,14.503126826458441,14.76284343178946,14.30463242691287,14.69049966655026,0,0,0,0,0,0,0.37324271599168457
1462887000,14.25,14.514,14.15,14.461,14.495467403465998,14.734096438285702,14.356754951275246,14.68149967962672,0,0,0,0,0,0,0.3725825219922784
1462973400,14.409,14.622,14.351,14.385,14.475382421017635,14.70084915844897,14.36616996751683,14.669872241209985,1,0,0,0,0,0,0.36532662756425843
1463059800,14.407,14.473,13.952,14.104,14.407858344468973,14.64400638145383,14.278779978344554,14.647681172927241,0,1,0,0,0,0,0.37644615416681143
1463146200,14.094,14.313,13.962,14.005,14.334611372747341,14.58314863083918,14.187519985563036,14.622477989675192,0,0,0,0,0,0,0.37462857172632497
1463405400,14.087,14.362,14.069,14.265,14.321954759520551,14.552848761235449,14.213346657042024,14.608459244982047,0,0,0,0,0,0,0.3733693880315874
1463491800,14.251,14.299,13.988,14.117,14.284690257789542,14.511339355403502,14.181231104694684,14.589186333414123,0,0,0,0,0,0,0.36891443174361693
1463578200,14.053,14.505,14.033,14.388,14.303473847282353,14.499592750126977,14.250154069796455,14.581296673280235,0,0,0,0,0,0,0.37627768661907296
1463664600,14.303,14.466,14.112,14.274,14.29811496595829,14.47810772630536,14.258102713197637,14.569245823347677,0,0,0,0,0,0,0.3746864232891391
1463751000,14.413,14.767,14.371,14.673,14.3662758812386,14.496668895228659,14.396401808798425,14.573314614588945,0,0,0,0,0,0,0.38313739305420064
1464010200,14.819,15.0335,14.788,14.81,14.446952993740673,14.52650995282593,14.534267872532283,14.582596394408986,0,0,0,0,0,0,0.381520436407472
1464096600,14.86,15.168,14.835,15.142,14.573325176696914,14.585128052556794,14.736845248354856,14.604533790706673,0,0,0,0,0,0,0.37984040523550966
1464183000,15.184,15.4,15.049,15.357,14.715811508206565,14.658639666599004,14.943563498903236,14.63404226950249,0,0,0,0,0,0,0.3777803762901161
1464269400,15.377,15.425,15.182,15.302,14.82239123398719,14.71991207930386,15.063042332602157,14.660236690306315,0,0,0,0,0,0,0.3681532065551078
1464355800,15.3,15.393,15.246,15.33,14.91468373689861,14.77801569079873,15.15202822173477,14.68650191813744,0,0,0,0,0,0,0.3523565489440287
1464701400,15.4,15.495,15.33,15.436,15.009468512007954,14.840680863103612,15.246685481156513,14.715893999779109,0,0,0,0,0,0,0.3389739383051694
1464787800,15.341,15.532,15.334,15.477,15.094474237097417,14.901282685665173,15.323456987437675,14.745741293905418,0,0,0,0,0,0,0.32890437128337163
1464874200,15.521,15.552,15.3387,15.491,15.166569830352433,14.957446239411347,15.379304658291783,14.77496712551697,0,0,0,0,0,0,0.3206469161917022
1464960600,16.577,16.6,16.12,16.256,15.364648043015627,15.081118026134076,15.671536438861189,14.833046846084931,1,0,0,0,0,0,0.3769578507494379
1465219800,16.34,16.394,16.102,16.284,15.531802944285513,15.195678214121306,15.875690959240792,14.889946969767875,0,0,0,0,0,0,0.3708894328387636
1465306200,16.334,16.595,16.281,16.484,15.704929681688148,15.318375527062134,16.078460639493862,14.95245885330639,0,0,0,0,0,0,0.366825901921709
1465392600,16.409,16.462,16.334,16.37,15.825851557744848,15.418530238770503,16.17564042632924,15.008048702196335,0,0,0,0,0,0,0.35133833749872995
1465479000,16.214,16.505,16.212,16.414,15.932787638154876,15.513336882697121,16.255093617552827,15.063184047208244,0,0,0,0,0,0,0.3471713133916778
1465565400,16.217,16.298,16,16.082,15.959917158490352,15.567495274821205,16.19739574503522,15.10313761398439,0,0,0,0,0,0,0.35194479100655807
1465824600,16.014,16.225,15.9635,16.001,15.967386766037562,15.608781439123948,16.131930496690146,15.138347903632061,0,0,0,0,0,0,0.345484448791804
1465911000,15.927,16.05299,15.813,15.899,15.954952808576186,15.636421302064525,16.05428699779343,15.168177397607275,0,0,0,0,0,0,0.3379491310209609
1465997400,15.882,16.012,15.818,15.84,15.93405229792597,15.65580974948695,15.982857998528953,15.194523382014832,0,0,0,0,0,0,0.3276670502337495
1466083800,15.705,15.884,15.56,15.863,15.921133698303066,15.675542154297718,15.942905332352636,15.220738151347584,0,0,0,0,0,0,0.3274051180741959
1466170200,15.897,15.975,15.493,15.6,15.862745753157053,15.66834766341222,15.828603554901758,15.235611165020227,0,1,0,0,0,0,0.3384476096403248
1466429400,15.84,15.96,15.669,15.693,15.83188288894668,15.67069550499201,15.783402369934505,15.253547982078258,0,0,0,0,0,0,0.3399870660945874
1466515800,15.761,15.84,15.561,15.581,15.786267818229101,15.66215307594515,15.71593491328967,15.266389237683033,0,0,0,0,0,0,0.33563084708783114
1466602200,15.573,15.717,15.48,15.514,15.736764578551082,15.64804325918847,15.648623275526447,15.276099463656246,0,0,0,0,0,0,0.3285857865815575
1466688600,15.735,15.863,15.597,15.862,15.759534655178157,15.668420091646711,15.719748850350964,15.29907595527757,1,0,0,0,0,0,0.33004394468287485
1466775000,15.2,15.487,14.84,14.872,15.598164717873038,15.592570559108928,15.437165900233977,15.282327878600018,0,0,0,0,0,0,0.37946937720552665
1467034200,14.65,14.725,14.227,14.363,15.373589314623395,15.475468601098553,15.079110600155984,15.246275804929429,0,1,0,0,0,0,0.39843585026227474
1467120600,14.67,14.993,14.658,14.977,15.30148216651005,15.427995400993929,15.045073733437322,15.235715969442,0,0,0,0,0,0,0.41497614667211236
1467207000,15.201,15.565,15.078,15.5,15.337576318053678,15.43485298185165,15.196715822291548,15.246080049071725,0,0,0,0,0,0,0.42733499333839
1467293400,15.5,15.7239,15.417,15.54,15.3743806238621,15.444866983580065,15.311143881527698,15.257606321657148,1,0,0,0,0,0,0.4187324938142193
1467379800,15.447,15.587,15.362,15.422,15.383038692250809,15.442689175620059,15.348095921018466,15.264053132572554,0,0,0,0,0,0,0.404894458541775
1467725400,15.158,15.171,14.953,15.076,15.327213475477935,15.407766396989578,15.257397280678978,15.25667849992265,0,0,0,0,0,0,0.40947342578879115
1467811800,14.936,15.127,14.716,15.063,15.279174661754674,15.374931502038189,15.19259818711932,15.249083264631565,0,1,0,0,0,0,0.4095824668038776
1467898200,15.014,15.3,15.014,15.099,15.246415632344734,15.348652311367886,15.16139879141288,15.243197646410719,0,0,0,0,0,0,0.4007551477464579
1467984600,15.265,15.5251,15.1935,15.514,15.295067335554782,15.36439971028523,15.278932527608587,15.253817346551475,0,0,0,0,0,0,0.4025654943359966
1468243800,15.71,15.847,15.628,15.736,15.375236910908457,15.39979021406759,15.431288351739058,15.272726470216123,0,0,0,0,0,0,0.397596530454854
1468330200,15.858,16.091,15.825,15.859,15.463193836197828,15.443524479394487,15.573858901159372,15.295717589031177,0,0,0,0,0,0,0.39455392113665017
1468416600,15.891,16.038,15.734,15.741,15.513704047798223,15.471855481356917,15.629572600772915,15.313179644363288,0,0,0,0,0,0,0.3880857839126038
1468503000,15.955,16.106,15.886,16.079,15.616485130016727,15.529678768846734,15.779381733848611,15.343211815172571,0,0,0,0,0,0,0.3864367993474179
1468589400,16.111,16.157,15.966,16.116,15.707306015468232,15.585518886099427,15.891587822565741,15.373517234185412,0,0,0,0,0,0,0.37247702796545956
1468848600,16.242,16.3695,16.195,16.233,15.802886739928553,15.647183754089959,16.005391881710494,15.407222440687946,0,0,0,0,0,0,0.3639786688250695
1468935000,16.147,16.2,15.979,16.053,15.848361878123361,15.685832920367105,16.021261254473664,15.432547050857046,0,0,0,0,0,0,0.35612304962327895
1469021400,16.16,16.377,16.0916,16.267,15.92447790028275,15.741182166046428,16.103174169649108,15.465270695921475,1,0,0,0,0,0,0.35382854607875885
1469107800,16.301,16.348,15.982,16.041,15.945663736594977,15.769736245470579,16.08244944643274,15.487848315689261,0,0,0,0,0,0,0.35469793564456176
1469194200,15.959,16.03,15.669,15.967,15.949543057214072,15.788523269711476,16.04396629762183,15.506638577819094,0,1,0,0,0,0,0.3559337973842359
1469453400,15.964,16.07,15.927,15.978,15.954717046811513,15.806568672596097,16.021977531747886,15.525123339473248,0,0,0,0,0,0,0.3407242404282191
1469539800,16.141,16.35,16.037,16.344,16.025495765573055,15.857752608539325,16.12931835449859,15.557236149689984,0,0,0,0,0,0,0.342958223254775
1469626200,16.594,16.76,16.271,16.566,16.12376926274159,15.925204741059389,16.27487890299906,15.59679551636881,1,0,0,0,0,0,0.35338977873657684
1469712600,16.5,16.6965,16.3917,16.423,16.178174851334028,15.972613813339446,16.324252601999373,15.629195692197483,0,0,0,0,0,0,0.3499190802553928
1469799000,16.393,16.465,16.11,16.198,16.18177942381875,15.994079164449975,16.282168401332914,15.651501743483855,0,1,0,0,0,0,0.35028200309429336
1470058200,16.278,16.388,16.19,16.351,16.21254680130625,16.028071624978548,16.305112267555277,15.678933047660959,0,0,0,0,0,0,0.33940471715898674
1470144600,16.31,16.3988,16.227,16.289,16.22644738288693,16.052921946409164,16.29974151170352,15.702857241870333,0,0,0,0,0,0,0.3274329516476306
1470231000,16.188,16.415,16.12803,16.411,16.260002404180216,16.08702461817972,16.336827674469014,15.730627546110712,0,1,0,0,0,0,0.324542740815657
1470317400,16.427,16.7,16.42001,16.699,16.339820148874722,16.145307987876887,16.457551782979344,15.768602936459311,0,0,0,0,0,0,0.3220039736145385
1470403800,16.795,17.02,16.723,17.012,16.462034667261136,16.227850084269566,16.642367855319563,15.81736360561777,0,0,0,0,0,0,0.3219322612134999
1470663000,17,17.123,16.7855,16.835,16.52984654594093,16.285673885767704,16.706578570213043,15.857270915201386,0,0,0,0,0,0,0.32304424255539294
1470749400,16.894,17.217,16.87,17.117,16.636601719406215,16.364847801408875,16.843385713475364,15.906672055781724,0,0,0,0,0,0,0.32725536808715044
1470835800,17.122,17.218,16.984,17.185,16.736310497695992,16.44295753460803,16.95725714231691,15.956802563398128,0,0,0,0,0,0,0.32059427036663957
1470922200,17.207,17.3155,17.09,17.209,16.822254043569448,16.515913959883456,17.04117142821127,16.005908345225652,0,0,0,0,0,0,0.3138018224833082
1471008600,17.213,17.262,17.1375,17.247,16.899480581102274,16.585541201799316,17.10978095214085,16.054578606197197,0,0,0,0,0,0,0.3002802637345005
1471267800,17.337,17.581,17.25,17.554,17.018484111810952,16.677775373056523,17.257853968093897,16.113379445169855,1,0,0,0,0,0,0.3026888163248933
1471354200,17.481,17.499,17.21,17.24,17.058759727845324,16.73132057562257,17.25190264539593,16.157560643398487,0,0,0,0,0,0,0.30563961515882937
1471440600,17.225,17.328,17.176,17.303,17.103167050055266,16.785766235087085,17.26893509693062,16.20247983385345,0,1,0,0,0,0,0.29466535693319873
1471527000,17.282,17.418,17.264,17.393,17.155863950045216,16.84359802222165,17.310290064620414,16.24916689919253,0,0,0,0,0,0,0.28461783143797026
1471613400,17.418,17.5055,17.343,17.493,17.21716141367336,16.90544582962911,17.371193376413608,16.29794466785165,0,0,0,0,0,0,0.27589512919240106
1471872600,17.5,17.631,17.406,17.593,17.285495702096384,16.97092717918824,17.445128917609072,16.34873115146531,0,0,0,0,0,0,0.27225976282151537
1471959000,17.672,17.747,17.612,17.734,17.36704193807886,17.043600781170312,17.54141927840605,16.403055420035297,0,0,0,0,0,0,0.26381263690569284
1472045400,17.757,17.769,17.4365,17.53,17.396670676609975,17.08992451629695,17.5376128522707,16.447249325131953,0,0,0,0,0,0,0.2687188771267148
1472131800,17.552,17.714,17.469,17.604,17.434366917226342,17.13888408617343,17.5597419015138,16.492612096695407,0,0,0,0,0,0,0.2670246716176635
1472218200,17.683,17.865,17.513,17.716,17.4855729322761,17.193847506537864,17.611827934342532,16.54058809290343,0,0,0,0,0,0,0.2730943379306873
1472477400,17.73,17.868,17.69,17.74,17.53183239913499,17.245862029724734,17.654551956228353,16.58762385396604,0,0,0,0,0,0,0.2663018852213523
1472563800,17.816,17.942,17.594,17.7,17.56240832656499,17.289113264989044,17.669701304152234,16.631246447928156,1,0,0,0,0,0,0.27213746484839846
1472650200,17.71,17.832,17.535,17.642,17.57687953991681,17.322721525466278,17.66046753610149,16.67088384212705,0,0,0,0,0,0,0.27391336021637
1472736600,17.688,17.767,17.482,17.709,17.600901441750118,17.359509951612345,17.67664502406766,16.711594279690697,0,0,0,0,0,0,0.27470526305805787
1472823000,17.7,17.734,16.88,17.311,17.548192088704642,17.354889956220692,17.55476334937844,16.735100386369492,0,0,0,0,0,0,0.31608345855391107
1473168600,17.362,17.4,16.964,17.11,17.46852079984925,17.33156710324729,17.406508899585628,16.749802332002062,0,0,0,0,0,0,0.3246489258000603
1473255000,17.142,17.2,16.771,16.89,17.363335199876662,17.289513093414214,17.234339266390418,16.755300279766686,0,0,0,0,0,0,0.3321025739571987
1473341400,16.839,16.883,16.656,16.838,17.267819708989997,17.246511846422386,17.10222617759361,16.758543406050347,0,0,0,0,0,0,0.3250952472459704
1473427800,16.633,16.705,16.067,16.078,17.051488852809996,17.13522500390597,16.760817451729075,16.731855429342488,0,0,0,0,0,0,0.3569455867284011
1473687000,15.913,16.475,15.87501,16.448,16.941763606844543,17.069775003533973,16.656544967819382,16.720723843878076,0,1,0,0,0,0,0.37430590196208685
1473773400,16.448,16.736,16.43,16.524,16.865806587418263,17.017796431768833,16.612363311879587,16.71300918333384,0,0,0,0,0,0,0.36942690896479496
1473859800,16.523,16.9929,16.505,16.961,16.883114480614942,17.012387247790848,16.728575541253058,16.72273431339918,0,0,0,0,0,0,0.3778892726101667
1473946200,16.933,17.3,16.82,17.272,16.953820938684952,17.037112271810766,16.909717027502037,16.74427414424627,0,0,0,0,0,0,0.3851828959951548
1474032600,17.242,17.299,16.985,17.124,16.98476258619678,17.045387293543076,16.981144685001357,16.759165354275826,0,0,0,0,0,0,0.3800984034240723
1474291800,17.155,17.358,16.94,17.073,17.00080575234282,17.0480170751104,17.011763123334237,16.771472595284617,1,0,0,0,0,0,0.3828056603223528
1474378200,17.221,17.221,16.817,16.823,16.968477433735035,17.026586877480838,16.948842082222825,16.773493277822475,0,0,0,0,0,0,0.384319541727899
1474464600,16.839,17.002,16.761,16.983,16.971117900328665,17.02243574629219,16.960228054815218,16.78170922771179,0,0,0,0,0,0,0.3740824316044776
1474551000,17.097,17.125,16.807,16.884,16.95527828208709,17.009251389502456,16.934818703210144,16.78572063054662,0,0,0,0,0,0,0.3700765436327293
1474637400,16.87,16.903,16.551,16.665,16.90250041261671,16.976465542883176,16.84487913547343,16.780986488172243,0,0,0,0,0,0,0.3687853619446772
1474896600,16.51,16.723,16.276,16.669,16.860045792140944,16.947183110227634,16.786252756982286,16.776594861185096,0,1,0,0,0,0,0.3743721218057717
1474983000,16.689,17.088,16.6015,17.086,16.901128375388044,16.960403766396432,16.886168504654858,16.788728396040582,0,0,0,0,0,0,0.3823812559625023
1475069400,17.178,17.271,16.978,17.07,16.93183230713567,16.970841502930107,16.947445669769905,16.79975865501938,0,0,0,0,0,0,0.3759968805366092
1475155800,17,17.399,16.949,17.246,16.988953705838277,16.99704707407962,17.046963779846603,16.817258315606857,0,0,0,0,0,0,0.3812828176411371
1475242200,17.3,17.465,17.244,17.252,17.036780304776773,17.021328305119656,17.115309186564403,16.83430700911247,1,0,0,0,0,0,0.36983404495248445
1475501400,17.301,17.38875,16.972,17.007,17.031365703908268,17.01996370463207,17.07920612437627,16.841079283264925,0,0,0,0,0,0,0.3731851845987356
1475587800,17.061,17.09,16.808,16.905,17.00839012137949,17.009014780381396,17.02113741625085,16.84358597803885,0,1,0,0,0,0,0.36667195712739736
1475674200,17.15,17.411,17.068,17.348,17.070137372037767,17.04129908701174,17.130091610833897,16.86336692007654,0,0,0,0,0,0,0.37662396018972616
1475760600,17.33,17.465,17.126,17.419,17.133566940758172,17.077270602534433,17.2263944072226,16.88515645262256,0,0,0,0,0,0,0.3739365344618885
1475847000,17.488,17.495,17.239,17.421,17.185827496983958,17.110006735626392,17.2912629381484,16.906169925068735,0,0,0,0,0,0,0.3655124962860393
1476106200,17.473,17.59,17.3755,17.477,17.238767952077783,17.144958475090544,17.353175292098932,16.928555418203295,1,0,0,0,0,0,0.35472588940846517
1476192600,17.529,17.5495,16.953,17.117,17.216628324427276,17.14229576317716,17.274450194732623,16.935945401803167,0,0,0,0,0,0,0.37199546873643186
1476279000,17.075,17.106,16.84,17.047,17.185786810895046,17.133219976207908,17.198633463155083,16.940300484085395,0,0,0,0,0,0,0.3652100781124011
1476365400,16.877,16.99,16.68,16.894,17.132734663459583,17.110437121330964,17.097088975436723,16.938484778827142,0,1,0,0,0,0,0.3653379296758011
1476451800,16.998,17.264,16.934,17.009,17.110237451921478,17.100776443108966,17.06772598362448,16.941250081618236,0,0,0,0,0,0,0.3656709346989582
1476711000,16.97,17.095,16.873,16.888,17.06983064248121,17.08051201995573,17.007817322416322,16.939161843123404,0,0,0,0,0,0,0.3554087250776039
1476797400,17.065,17.287,17.054,17.217,17.096588707484628,17.093510875198042,17.07754488161088,16.950057457118564,0,0,0,0,0,0,0.35852238757206056
1476883800,17.117,17.228,17.01107,17.187,17.113027124305606,17.102414601369656,17.11402992107392,16.959349321545286,0,0,0,0,0,0,0.3484086456026278
1476970200,17.166,17.458,17.102,17.341,17.154476738068222,17.125137020286832,17.189686614049283,16.97431601481802,0,0,0,0,0,0,0.34895088520244
1477056600,17.229,17.34,17.07,17.292,17.179480967510365,17.141028732640468,17.223791076032857,16.986774210315353,0,0,0,0,0,0,0.3433829648308372
1477315800,17.416,17.7,17.35568,17.655,17.265938973417573,17.1899783771509,17.367527384021905,17.012979143244163,1,0,0,0,0,0,0.34799846734292006
1477402200,17.603,17.64999,17.351,17.365,17.283950069159832,17.20664710313653,17.36668492268127,17.026783882724782,0,0,0,0,0,0,0.3448557196755688
1477488600,17.215,17.478,17.11,17.3,17.2868682384035,17.215537855218763,17.344456615120848,17.037498240264988,0,0,0,0,0,0,0.3465088825558854
1477575000,17.431,17.525,17.178,17.224,17.275437649602864,17.216343773769356,17.304304410080565,17.0448120347644,0,0,0,0,0,0,0.346543962373322
1477661400,17.249,17.287,16.904,16.935,17.213539895129617,17.189549128648466,17.18120294005371,17.040505680459916,0,0,0,0,0,0,0.3491479650609418
1477920600,17,17.166,16.869,17.028,17.179805368742414,17.174163497348612,17.13013529336914,17.04001526161835,0,0,0,0,0,0,0.34542311041373175
1478007000,17.072,17.155,16.583,16.88,17.12529530169834,17.146147926172553,17.04675686224609,17.03374015331959,0,1,0,0,0,0,0.36160717395560826
1478093400,17.291,17.415,16.981,17.256,17.149059792298644,17.156610028441833,17.116504574830728,17.04245622573843,0,0,0,0,0,0,0.37399237581592193
1478179800,17.245,17.534,17.215,17.299,17.176321648244343,17.17017097811404,17.177336383220485,17.05251676590555,0,0,0,0,0,0,0.37006434897192747
1478266200,17.04,17.453,17.023,17.217,17.18371771219992,17.174630884960322,17.190557588813657,17.058967088811215,0,0,0,0,0,0,0.3743454669025041
1478529000,17.439,17.788,17.411,17.696,17.27685994634539,17.224285086392673,17.359038392542438,17.083948771602934,0,0,0,0,0,0,0.38839221926661105
1478615400,17.707,17.802,17.511,17.7,17.353794501555317,17.26959126864099,17.47269226169496,17.10810764330478,1,0,0,0,0,0,0.38143563217613885
1478701800,17.147,17.6499,17.116,17.342,17.351650046727077,17.276487338294228,17.429128174463305,17.117279892586946,0,0,0,0,0,0,0.3959045155921289
1478788200,17.372,17.45,16.33001,16.794,17.250259129140336,17.230536163218588,17.217418782975535,17.1046022497404,0,0,0,0,0,0,0.44762490733554816
1478874600,16.735,17,16.573,16.754,17.160030196569366,17.185151766721578,17.062945855317025,17.09085314190744,0,0,0,0,0,0,0.44615169966872326
1479133800,16.647,16.777,16.302,16.378,17.01784288810221,17.10828016989095,16.83463057021135,17.0628981167346,0,1,0,0,0,0,0.4482122925495288
1479220200,16.483,16.75,16.361,16.645,16.950053272083625,17.064158248948953,16.7714203801409,17.046509955294027,0,0,0,0,0,0,0.4439828430817053
1479306600,16.63,16.817,16.575,16.783,16.919679949886604,17.03738127285858,16.775280253427265,17.036176231557008,0,0,0,0,0,0,0.42955549714729785
1479393000,16.735,16.902,16.602,16.704,16.880465413543586,17.005630675443477,16.75152016895151,17.02314971267242,0,0,0,0,0,0,0.42030153306534807
1479479400,16.675,16.916,16.675,16.816,16.868744429262932,16.987570611115526,16.773013445967674,17.015026194528403,0,0,0,0,0,0,0.4074942807035375
1479738600,16.913,17.276,16.913,17.258,16.939518169396944,17.013325791009287,16.934675630645117,17.0245545790567,0,0,0,0,0,0,0.4112446892247134
1479825000,17.372,17.742,17.331,17.702,17.07815122950659,17.078913810913164,17.19045042043008,17.05112106615252,0,0,0,0,0,0,0.416441497137234
1479911400,17.636,17.776,17.52401,17.708,17.19266918777812,17.138826781302388,17.362966946953385,17.076881024342615,1,0,0,0,0,0,0.4046949616274315
1480084200,17.678,17.702,17.557,17.675,17.28036569909119,17.189890897368826,17.46697796463559,17.100336670446826,0,0,0,0,0,0,0.38657389293975786
1480343400,17.606,17.707,17.454,17.465,17.3139355719837,17.21609176428608,17.466318643090393,17.114637193174403,0,0,0,0,0,0,0.377032900586918
1480429800,17.386,17.698,17.343,17.545,17.35594728616848,17.247416358163598,17.492545762060264,17.131514165991092,0,0,0,0,0,0,0.37545912197356673
1480516200,17.512,17.59,17.044,17.049,17.3001386886833,17.228519562148016,17.34469717470684,17.12827831634438,0,0,0,0,0,0,0.38764061326116905
1480602600,17.001,17.049,16.121,16.279,17.1144771089227,17.13808912765773,16.989464783137894,17.094973284330877,0,0,0,0,0,0,0.42623771231394275
1480689000,16.357,16.492,16.062,16.422,16.988572180027663,17.0698901631189,16.80030985542526,17.06858217514143,0,1,0,0,0,0,0.4265064471486611
1480948200,16.601,16.661,16.24,16.613,16.920286329113544,17.026376814250433,16.737873236950175,17.050716207488826,0,0,0,0,0,0,0.42611312949518554
1481034600,16.681,16.797,16.345,16.476,16.839506996547446,16.97395997479801,16.650582157966785,17.028178316999067,0,0,0,0,0,0,0.427962191674101
1481121000,16.476,16.855,16.367,16.855,16.842323906266092,16.962630453388677,16.718721438644522,17.021387010450084,0,0,0,0,0,0,0.43225060655452235
1481207400,16.955,17.138,16.751,17.071,16.883901377854077,16.972951362589754,16.836147625763015,17.023332617883415,0,0,0,0,0,0,0.4290184203720565
1481293800,18.095,18.19,17.69,17.909,17.070282945516972,17.06209885186692,17.19376508384201,17.058064672084065,0,0,0,0,0,0,0.4783028189169096
1481553000,17.805,18.077,17.656,17.816,17.205867864513888,17.133898961212928,17.40117672256134,17.087787626119983,0,0,0,0,0,0,0.47420976042284485
1481639400,17.874,18.194,17.8,17.944,17.340073707329545,17.21105144109741,17.582117815040892,17.121364581958414,1,0,0,0,0,0,0.468480491821213
1481725800,17.875,17.922,17.623,17.762,17.416787578724172,17.263522732421468,17.642078543360594,17.14648753952867,0,1,0,0,0,0,0.4579461709768405
1481812200,17.831,18.12,17.657,18.001,17.52300801895614,17.33375866266704,17.761719028907063,17.179997832096173,0,0,0,0,0,0,0.4583071587642091
1481898600,18.075,18.109,17.748,17.842,17.581006560964116,17.382162599555894,17.788479352604707,17.205958701425736,0,0,0,0,0,0,0.45135664742390846
1482157800,17.907,18.141,17.812,18.046,17.665550822607003,17.445385209121998,17.874319568403138,17.238901497448257,0,0,0,0,0,0,0.44261688689362905
1482244200,18.1,18.328,18.014,18.207,17.763996127587546,17.51791995111038,17.98521304560209,17.276866144607148,0,0,0,0,0,0,0.43342996640122694
1482330600,18.373,18.399,18.178,18.229,17.84854228620799,17.585641860528437,18.066475363734728,17.314204727171575,1,0,0,0,0,0,0.41825639737256787
1482417000,18.285,18.3,17.938,18.06,17.886989143261083,17.630818826192396,18.064316909156485,17.343451600615825,0,1,0,0,0,0,0.41423808327452744
1482503400,18.005,18.198,17.966,18.194,17.942809299031794,17.68445512845979,18.107544606104323,17.37680643980736,0,0,0,0,0,0,0.4012210773263468
1482849000,18.211,18.37,18.205,18.231,17.99520760829874,17.73650702098743,18.14869640406955,17.410304226481582,1,0,0,0,0,0,0.3851338575173222
1482935400,18.264,18.3,17.984,18.019,17.99953349769897,17.76341111422672,18.1054642693797,17.4341746489725,0,0,0,0,0,0,0.38019572483751346
1483021800,17.97,18.067,17.863,17.987,17.99725467993552,17.784705293824175,18.065976179586464,17.45585407450299,0,0,0,0,0,0,0.36761031592054827
1483108200,18.037,18.09,17.602,17.677,17.93902655631088,17.774447646793302,17.936317453057644,17.464526463738167,0,1,0,0,0,0,0.3762095790690805
1483453800,17.829,18.09,17.654,17.834,17.91993081879981,17.780119299479654,17.902211635371764,17.479015622022946,0,0,0,0,0,0,0.38048032342128896
1483540200,17.826,17.9,17.668,17.707,17.881216124472573,17.77315555667207,17.837141090247844,17.487956185865183,0,0,0,0,0,0,0.369874586034054
1483626600,17.633,17.7,17.388,17.428,17.798813192750288,17.74028359889378,17.700760726831895,17.48560496289008,0,0,0,0,0,0,0.36624068703162155
1483713000,17.421,17.69,17.331,17.659,17.773392612250234,17.732542303761036,17.686840484554597,17.49240476826694,0,1,0,0,0,0,0.36572349510079155
1483972200,17.665,17.83,17.664,17.697,17.759503046386556,17.72915732245046,17.690226989703064,17.500428110687846,0,0,0,0,0,0,0.35181467402216354
1484058600,17.749,18.074,17.69,18.057,17.813593401589,17.760380434598037,17.812484659802042,17.522254459288323,1,0,0,0,0,0,0.3541136258777233
1484145000,18.005,18.047,17.776,17.942,17.836940055845545,17.77767753606489,17.855656439868028,17.538715068727996,0,0,0,0,0,0,0.3488912240293144
1484231400,17.809,17.91,17.54,17.886,17.84586004569181,17.787993961201565,17.86577095991202,17.552334085640624,0,1,0,0,0,0,0.3526847080272206
1484317800,17.89,18.078,17.839,18.045,17.88206731011148,17.812470726801415,17.92551397327468,17.571654317576286,0,0,0,0,0,0,0.344564371739562
1484663400,17.948,17.963,17.756,17.911,17.88732779918212,17.821854467106043,17.92067598218312,17.584961991396824,0,0,0,0,0,0,0.3405954880438791
1484749800,18.036,18.507,18,18.502,17.999086381149006,17.886630232143563,18.114450654788747,17.620924266244007,0,0,0,0,0,0,0.3588386674693163
1484836200,18.51,18.688,18.468,18.556,18.100343402758277,17.950379733844176,18.261633769859166,17.65759390286189,0,0,0,0,0,0,0.34892161979293645
1484922600,18.86,19.1535,18.81,19.108,18.283553693165864,18.060629283001873,18.54375584657278,17.714472573337893,0,0,0,0,0,0,0.3666772183791553
1485181800,19.101,19.153,18.842,19.1,18.431998476226617,18.15961697033503,18.729170564381853,17.768806982226604,0,0,0,0,0,0,0.36270027420921563
1485268200,19.272,19.964,19.228,19.775,18.67618057145814,18.313462973160267,19.07778037625457,17.847481218217716,0,0,0,0,0,0,0.39850739747998576
1485354600,19.992,20.259,19.803,20.248,18.961965922102113,18.497704594764052,19.467853584169713,17.941619209660157,0,0,0,0,0,0,0.4046140119457012
1485441000,20.444,20.527,20.113,20.417,19.226517572629003,18.680494633357952,19.78423572277981,18.038692966144072,0,0,0,0,0,0,0.40528443966386546
1485527400,20.538,20.579,20.354,20.571,19.470968923060095,18.86054276351434,20.046490481853205,18.137999124334502,1,0,0,0,0,0,0.39240697968787513
1485786600,20.445,20.487,20.061,20.322,19.62570184614008,18.999729166989162,20.138326987902136,18.223646217497855,0,0,0,0,0,0,0.40080648113874134
1485873000,20.247,20.247,19.886,19.95,19.684665146841883,19.090231151085433,20.07555132526809,18.291346365831274,0,1,0,0,0,0,0.40332030391454554
1485959400,20.225,20.448,20.021,20.369,19.809089665597906,19.21201866050587,20.173367550178728,18.37282297893593,0,0,0,0,0,0,0.4100831393492209
1486045800,20.197,20.503,20.1,20.405,19.91743699912556,19.32563593093388,20.25057836678582,18.452516195448247,0,0,0,0,0,0,0.40957720082427646
1486132200,20.495,20.66,20.303,20.616,20.044448453830004,19.448527747035417,20.372385577857212,18.537358697587532,0,0,0,0,0,0,0.4058216864796852
1486391400,20.615,20.666,20.43,20.656,20.15563964404273,19.563525104460616,20.466923718571476,18.620442670231157,0,0,0,0,0,0,0.3936915660168506
1486477800,20.721,20.74,20.493,20.591,20.2347960723986,19.661379856416747,20.50828247904765,18.69771942826131,0,0,0,0,0,0,0.383213597015647
1486564200,20.597,20.875,20.516,20.689,20.31737860468976,19.759248441519915,20.568521652698433,18.77580886244714,1,0,0,0,0,0,0.3814840543716724
1486650600,20.733,20.769,20.363,20.534,20.356764312927986,19.833034304232303,20.557014435132288,18.844757534508034,0,1,0,0,0,0,0.3832351933451243
1486737000,20.6,20.65,20.385,20.552,20.392261710577444,19.90150722763875,20.55534295675486,18.911708219429286,0,0,0,0,0,0,0.37478982239190095
1486996200,20.678,20.711,20.517,20.671,20.442941399563363,19.974792253577917,20.59389530450324,18.98070005396147,0,0,0,0,0,0,0.3618762636496222
1487082600,20.699,20.7,20.48,20.533,20.459315690551843,20.027954896094307,20.573596869668826,19.041574561649256,0,0,0,0,0,0,0.3517422448175062
1487169000,20.582,20.6935,20.48,20.599,20.484712837724235,20.082340144085325,20.582064579779217,19.10265006903556,0,0,0,0,0,0,0.3418677987591129
1487255400,20.646,20.822,20.5175,20.818,20.545310503592557,20.15240298750577,20.66070971985281,19.169918693779262,0,0,0,0,0,0,0.33919867027631917
1487341800,20.9,21.041,20.68201,21.041,20.63543586657573,20.237031274409983,20.78747314656854,19.243294431278116,0,0,0,0,0,0,0.34061233668515367
1487687400,21.1,21.362,21.091,21.275,20.751720254471053,20.335885438751887,20.94998209771236,19.322969159463288,0,0,0,0,0,0,0.33921145549335685
1487773800,21.3,21.493,21.15,21.416,20.87249839002177,20.43875349220409,21.105321398474906,19.40504880026865,0,0,0,0,0,0,0.3394820658152599
1487860200,21.508,21.5955,20.964,21.058,20.906225955472358,20.497729350089415,21.08954759898327,19.46987041594439,1,0,0,0,0,0,0.3603404896855987
1487946600,20.838,21.0645,20.261,21.037,20.930003054477385,20.549088459604707,21.072031732655514,19.531326478064216,0,1,0,0,0,0,0.3919947404223416
1488205800,21.067,21.345,21.019,21.328,21.0023661354815,20.623270511070924,21.157354488437008,19.60178426323817,0,0,0,0,0,0,0.38728083039217437
1488292200,21.414,21.434,21.03,21.093,21.01884501993941,20.668006652873693,21.13590299229134,19.660263311738632,0,0,0,0,0,0,0.3884750567927333
1488378600,21.307,21.539,21.056,21.514,21.108873198132244,20.7485774478381,21.261935328194227,19.73295886814104,0,0,0,0,0,0,0.3952268384503953
1488465000,22.411,22.498,21.602,21.729,21.221623525744562,20.841951024234472,21.417623552129484,19.81123499095904,1,0,0,0,0,0,0.43728206427536714
1488551400,21.8,22,21.77,21.832,21.33260106651828,20.936241402878807,21.55574903475299,19.890480677588098,0,0,0,0,0,0,0.42540477396998383
1488810600,21.637,21.853,21.517,21.794,21.416491781696774,21.01793269784273,21.635166023168658,19.96512849415327,0,1,0,0,0,0,0.4190187186864137
1488897000,21.734,22.137,21.709,21.925,21.50894782138827,21.104320059952947,21.731777348779104,20.041986200264905,0,0,0,0,0,0,0.41966023878024133
1488983400,21.922,22.124,21.855,21.963,21.59150276295404,21.18609910186219,21.808851565852738,20.11732007476432,0,0,0,0,0,0,0.40889879315308114
1489069800,21.878,22.286,21.812,22.201,21.70232044241694,21.282756330256266,21.939567710568493,20.199033013008854,0,0,0,0,0,0,0.41354887935643253
1489156200,22.273,22.641,22.273,22.635,21.87189854379568,21.411541441660432,22.17137847371233,20.294561130145762,0,0,0,0,0,0,0.4154382451166872
1489411800,22.586,22.775,22.536,22.645,22.012462444923738,21.52901368531182,22.32925231580822,20.38673520347338,1,0,0,0,0,0,0.4028355133226379
1489498200,22.476,22.628,22.351,22.435,22.089287454937605,21.615298096234504,22.364501543872144,20.46705931314109,0,0,0,0,0,0,0.39506154808530664
1489584600,22.433,22.665,22.324,22.593,22.180871554039857,21.708412563259788,22.44066769591476,20.550429536155164,0,0,0,0,0,0,0.391200008936356
1489671000,22.548,22.582,22.157,22.236,22.190894907850794,21.758658985806473,22.37244513060984,20.616530338658883,0,0,0,0,0,0,0.39440000829804484
1489757400,22.352,22.371,22.085,22.118,22.17764128824156,21.79288193953919,22.287630087073225,20.675411501848732,0,0,0,0,0,0,0.3866571505624701
1490016600,22.118,22.264,22.078,22.124,22.167888326743093,21.824416992916408,22.233086724715484,20.732218893933094,0,0,0,0,0,0,0.3723244969508651
1490103000,22.224,22.298,21.552,21.602,22.06499954006253,21.803234422162465,22.022724483143655,20.76632795691611,0,0,0,0,0,0,0.3990156043115175
1490189400,21.602,21.837,21.539,21.742,22.006272350960252,21.797402572432706,21.929149655429104,20.8045896056645,0,1,0,0,0,0,0.3918002040035518
1490275800,21.726,21.846,21.6425,21.686,21.948041014422024,21.78679280362959,21.84809977028607,20.83915471916785,0,0,0,0,0,0,0.37835018943186965
1490362200,21.801,22.14,21.774,21.897,21.938760829981657,21.79728872709344,21.864399846857378,20.880638847827935,0,0,0,0,0,0,0.3837537473295933
1490621400,21.683,22.018,21.597,21.905,21.932622497257718,21.807546943560734,21.877933231238252,20.92080987340331,0,1,0,0,0,0,0.38641419394890797
1490707800,21.851,22.178,21.835,22.095,21.962145679574498,21.834923425126377,21.950288820825502,20.966856545034553,0,0,0,0,0,0,0.38331318009541454
1490794200,22.08,22.135,21.968,22.131,21.992846465106407,21.86312119416196,22.010525880550336,21.012509229543003,0,0,0,0,0,0,0.3678622386600279
1490880600,22.19,22.445,21.886,22.004,21.994874380541606,21.87653822328939,22.008350587033558,21.051391220541316,1,0,0,0,0,0,0.38151493589859736
1490967000,21.999,22.099,21.803,21.896,21.97689722044313,21.878391725833257,21.970900391355705,21.084513133461265,0,0,0,0,0,0,0.3754067261915547
1491226200,21.9,21.999,21.66623,21.88,21.959279543998925,21.878544894801518,21.940600260903803,21.11570869685494,0,1,0,0,0,0,0.37236124574930074
1491312600,21.817,22.041,21.788,21.896,21.947774172362756,21.8802072857728,21.925733507269204,21.146308355801807,0,0,0,0,0,0,0.3638354424814936
1491399000,21.954,22.05,21.68,21.713,21.90508795920589,21.86428278236587,21.85482233817947,21.16853155753507,1,0,0,0,0,0,0.3642757680185298
1491485400,21.67,21.8465,21.559,21.75,21.876890148441184,21.853398707854833,21.819881558786314,21.1913342415533,0,1,0,0,0,0,0.35879178458863464
1491571800,21.75,21.984,21.704,21.825,21.867455575997333,21.850694069011514,21.821587705857542,21.216183879139443,0,0,0,0,0,0,0.3531637999751608
1491831000,21.707,21.905,21.626,21.802,21.855554562179638,21.846056538629465,21.815058470571696,21.239157060349662,0,0,0,0,0,0,0.3478663856912207
1491917400,21.656,21.8395,21.403,21.755,21.837271914510612,21.83738448733142,21.79503898038113,21.25938619523791,0,0,0,0,0,0,0.35419735814184794
1492003800,21.567,21.6135,20.844,20.92,21.67049520278141,21.750014536157,21.503359320254088,21.24607693267956,0,1,0,0,0,0,0.3939689754174301
1492090200,20.921,21.397,20.9,21.132,21.57258698409388,21.691156008903953,21.37957288016939,21.24160332747644,0,0,0,0,0,0,0.40132833431618503
1492435800,21.238,21.436,21.219,21.387,21.538843896076813,21.662188769960718,21.382048586779593,21.247305157771482,0,0,0,0,0,0,0.3943763104364574
1492522200,21.306,21.371,21.206,21.31,21.497235914971938,21.628646982345412,21.358032391186395,21.249763779035344,0,0,0,0,0,0,0.3791351454052819
1492608600,21.378,21.483,21.326,21.363,21.47282938497704,21.603347269741086,21.35968826079093,21.254204415151605,0,0,0,0,0,0,0.3644112064477619
1492695000,21.5,21.912,21.422,21.821,21.536133133163034,21.624076101194316,21.513458840527285,21.276431692988798,0,0,0,0,0,0,0.3775961202729218
1492781400,21.742,21.833,21.61608,21.766,21.577927108951574,21.637592662985334,21.59763922701819,21.29563045012649,0,0,0,0,0,0,0.3661192545391415
1493040600,22.069,22.19,21.968,22.124,21.677213089142196,21.683917171272444,21.773092818012124,21.32811553051369,0,0,0,0,0,0,0.37025359350063164
1493127000,22.202,22.4,22.195,22.32,21.794083436570887,21.744496488294118,21.95539521200808,21.36701296068962,0,0,0,0,0,0,0.3635211939648722
1493213400,22.349,22.393,22.087,22.168,21.86206826628527,21.784830156075632,22.026263474672053,21.398424217133165,0,0,0,0,0,0,0.3594125372530957
1493299800,22.289,22.409,22.206,22.309,21.94332858150613,21.83475109359224,22.120508983114703,21.434133071363238,1,0,0,0,0,0,0.3509544988778745
1493386200,22.283,22.3135,21.977,22.081,21.968359748505016,21.858203370392978,22.10733932207647,21.459500401898012,0,1,0,0,0,0,0.3499220346723121
1493645400,22.209,22.226,21.991,22.132,21.998112521504105,21.884279239879362,22.11555954805098,21.485872935156912,0,0,0,0,0,0,0.34171331791000403
1493731800,22.346,22.55,22.15,22.545,22.097546608503357,21.94720502655752,22.25870636536732,21.52740732985664,0,0,0,0,0,0,0.34716236663071803
1493818200,22.451,22.619,22.3545,22.49,22.168901770593656,21.998899785932995,22.335804243578213,21.565156062019124,0,0,0,0,0,0,0.3412579118713809
1493904600,22.526,22.586,22.186,22.34,22.200010539576628,22.031385520606044,22.337202829052142,21.59554209880269,0,0,0,0,0,0,0.3454537753091393
1493991000,22.496,22.649,22.4045,22.645,22.28091771419906,22.08982499483404,22.43980188603476,21.63669731061435,0,0,0,0,0,0,0.3428499342156294
1494250200,22.652,22.71003,22.386,22.508,22.322205402526503,22.129651185802224,22.46253459068984,21.670866043531433,0,0,0,0,0,0,0.34150565320022735
1494336600,22.562,22.94,22.4705,22.846,22.417440783885322,22.19787488239249,22.59035639379323,21.71694972809883,0,0,0,0,0,0,0.35064810654306827
1494423000,22.949,23.342,22.869,23.133,22.547542459542537,22.28693441740273,22.771237595862154,21.77248111131064,0,0,0,0,0,0,0.3610303846471347
1494509400,23.068,23.185,22.824,23.109,22.649625648716622,22.36522637765009,22.883825063908102,21.82489361674944,0,0,0,0,0,0,0.3610282143151963
1494595800,23.148,23.605,23.084,23.596,22.821693712586328,22.482442913111985,23.12121670927207,21.894348769033773,0,0,0,0,0,0,0.37245477043553954
1494855000,23.561,23.99,23.5,23.903,23.01829485575245,22.61773406424418,23.381811139514713,21.973119405542253,0,0,0,0,0,0,0.3808508582615723
1494941400,23.994,24.129,23.869,24.068,23.209150336524733,22.755854629554257,23.610540759676475,22.055271585717065,1,0,0,0,0,0,0.3722186541000315
1495027800,23.8,23.897,23.109,23.118,23.19257754806569,22.790344664834805,23.446360506450983,22.096947209806594,0,0,0,0,0,0,0.41413160737860066
1495114200,23.158,23.862,22.768,23.766,23.29683617569011,22.883264220564822,23.552907004300653,22.162400260402414,0,1,0,0,0,0,0.46269363542298614
1495200600,23.671,23.6985,23.205,23.41,23.31741141647373,22.93342953289198,23.505271336200437,22.211325740386634,0,0,0,0,0,0,0.46971551860705857
1495459800,23.553,23.898,23.42201,23.838,23.41206388620578,23.019579101187983,23.61618089080029,22.275116887822453,0,0,0,0,0,0,0.47102155299226867
1495546200,23.835,23.893,23.5842,23.654,23.456052270532002,23.080000139170078,23.628787260533528,22.32919073535883,0,0,0,0,0,0,0.4594342992071067
1495632600,23.846,24.001,23.697,23.96,23.547679130435274,23.16380964972531,23.73919150702235,22.393144039854562,0,0,0,0,0,0,0.4514032778351706
1495719000,24.111,24.156,23.873,24.086,23.645555652174316,23.251637302132423,23.8547943380149,22.45953054809556,0,0,0,0,0,0,0.4393744722755154
1495805400,24.09,24.16,23.832,24.121,23.732000079051712,23.33443374954838,23.9435295586766,22.524686212876126,0,0,0,0,0,0,0.43141915282726423
1496151000,24.05,24.139,23.9,23.982,23.77745461013322,23.39610672578187,23.956353039117733,22.581835773155493,0,0,0,0,0,0,0.4176749276253168
1496237400,24.252,24.289,23.756,23.948,23.80846286283627,23.44866798999312,23.953568692745154,22.635410840874886,0,0,0,0,0,0,0.4259124327949371
1496323800,24.16,24.187,23.381,23.459,23.7449241605024,23.449651990946155,23.7887124618301,22.667708454958223,0,1,0,0,0,0,0.45306154473815596
1496410200,24.854,25.582,24.415,25.453,24.05548340404742,23.640447039427475,24.343474974553402,22.776935574371628,0,0,0,0,0,0,0.572342862971145
1496669400,25.4,25.678,25.02,25.221,24.267395512402434,23.790975892815336,24.635983316368936,22.87278123812176,1,0,0,0,0,0,0.5784612299017776
1496755800,25.077,25.534,25.062,25.386,24.470778146511083,23.942882950642446,24.88598887757929,22.97133883662679,0,0,0,0,0,0,0.5708568563373648
1496842200,25.368,25.585,25.297,25.428,24.64481848350907,24.08432266962888,25.06665925171953,23.067678490092405,0,0,0,0,0,0,0.5506527951704102
1496928600,25.5,25.61,25.232,25.495,24.799396941052876,24.218672891568986,25.209439501146353,23.16286756891231,1,0,0,0,0,0,0.538320452658238
1497015000,25.551,25.6,24.145,24.334,24.714779315406897,24.229656425705272,24.91762633409757,23.20879433091575,0,0,0,0,0,0,0.6037975631826498
1497274200,24.03975,24.311,23.5751,24.267,24.633364894423824,24.233212956590485,24.70075088939838,23.250292592448467,0,1,0,0,0,0,0.6148763086696034
1497360600,24.496,24.79115,24.167,24.294,24.571662186346764,24.239002198819964,24.56516725959892,23.29122229470539,0,0,0,0,0,0,0.615538715193203
1497447000,24.357,24.495,23.7625,24.054,24.47754178882917,24.221382941789493,24.394778173065944,23.32113514589341,0,0,0,0,0,0,0.6238930926794028
1497533400,23.534,23.949,23.527,23.799,24.354170554496594,24.181155994952398,24.19618544871063,23.33987494409367,0,0,0,0,0,0,0.6169721574880168
1497619800,23.893,23.943,23.513,23.625,24.221594090042668,24.128188757337885,24.00579029914042,23.351056318835095,0,1,0,0,0,0,0.60361700338173
1497879000,24.481,24.481,24.035,24.115,24.202213346398548,24.126932685210466,24.04219353276028,23.381014894567052,0,0,0,0,0,0,0.621644360283035
1497965400,24.2,24.365,23.9845,23.999,24.165265465235176,24.114748619952326,24.027795688506853,23.40524960458403,0,0,0,0,0,0,0.6044197631199609
1498051800,24.358,24.5905,24.19201,24.512,24.22830810791969,24.152582084718773,24.189197125671235,23.448651580874852,0,0,0,0,0,0,0.6034969228971067
1498138200,24.551,24.641,24.308,24.404,24.26025208829793,24.17652664807889,24.260798083780823,23.486116224762114,0,0,0,0,0,0,0.5841757141187418
1498224600,24.354,24.687,24.27902,24.526,24.308569890425577,24.20980982445233,24.349198722520548,23.526895980653794,0,0,0,0,0,0,0.5715903059674032
1498483800,24.599,24.79,24.12,24.275,24.302466273984564,24.216018412599727,24.3244658150137,23.556233393177173,1,0,0,0,0,0,0.5786195698268742
1498570200,24.136,24.199,23.523,23.533,24.16256331507828,24.15096903997118,24.0606438766758,23.555322279719245,0,0,0,0,0,0,0.5910038862678118
1498656600,23.659,24.173,23.45,24.105,24.152097257791322,24.146591036164402,24.0754292511172,23.576878268749862,0,0,0,0,0,0,0.6004321801058251
1498743000,23.87,23.897,23.05701,23.404,24.016079574556535,24.07586808033922,23.8516195007448,23.570098728798886,0,0,0,0,0,0,0.632400595812552
1498829400,23.627,23.669,23.286,23.305,23.88679237918262,24.002452072687866,23.669413000496533,23.559702700218537,0,0,0,0,0,0,0.6145862675402268
1499088600,23.451,23.524,22.908,22.976,23.72119376478578,23.904694732431878,23.438275333664354,23.536812398249182,0,0,0,0,0,0,0.6146872484302106
1499261400,23.1,23.233,22.911,23.161,23.61934035300655,23.83386666267646,23.345850222442902,23.52207465714137,0,0,0,0,0,0,0.5937810163994813
1499347800,22.756,23.573,22.75,23.504,23.59836937973263,23.802450790040606,23.398566814961935,23.521365847057396,0,1,0,0,0,0,0.6101538009423756
1499434200,23.53,24.019,23.527,23.962,23.66448403796306,23.81764595289388,23.58637787664129,23.538645617761027,0,0,0,0,0,0,0.6033571008750628
1499693400,24.051,24.194,23.881,24.177,23.757668758333413,23.851870147856367,23.78325191776086,23.56367912294687,0,0,0,0,0,0,0.5826173079554154
1499779800,24.2,24.26,23.939,24.089,23.81791080227279,23.87445394329862,23.885167945173908,23.584279941654835,0,0,0,0,0,0,0.5639303573871716
1499866200,24.3,24.718,24.106,24.642,23.967745201859557,23.94755356774637,24.137445296782605,23.625759159629155,0,0,0,0,0,0,0.5685781890023737
1499952600,24.712,24.987,24.655,24.731,24.106518801521457,24.022167513675285,24.335296864521737,23.669101937682914,0,0,0,0,0,0,0.5526083183593469
1500039000,24.863,25.04,24.785,25.029,24.27424265579028,24.118056321896688,24.56653124301449,23.722431273460053,0,0,0,0,0,0,0.535207724190822
1500298200,25.079,25.236,24.886,24.902,24.388380354737503,24.192717624573195,24.67835416200966,23.76868887057927,0,0,0,0,0,0,0.5219786010343348
1500384600,24.726,25.093,24.606,25.088,24.515583926603412,24.27798261270908,24.814902774673108,23.8204265619291,0,1,0,0,0,0,0.5194801295318822
1500471000,25.2,25.454,25.055,25.44,24.683659576311882,24.388650935308217,25.023268516448738,23.883939245775018,0,0,0,0,0,0,0.5108744059938907
1500557400,25.45,25.5,25.235,25.343,24.803539653346085,24.47954132242172,25.129845677632492,23.941157314568155,1,0,0,0,0,0,0.49331194842289855
1500643800,25.153,25.352,25.046,25.311,24.895805170919523,24.55872786314346,25.190230451754996,23.994876635565483,0,0,0,0,0,0,0.47993252353554877
1500903000,25.329,25.368,25.169,25.303,24.9698405943887,24.629610923796463,25.22782030117,24.046175591033503,0,0,0,0,0,0,0.4598659147115809
1500989400,25.28,25.441,25.018,25.43,25.05350594086348,24.705838454863468,25.295213534113334,24.10044321491454,0,0,0,0,0,0,0.457232635089325
1501075800,25.469,25.819,25.462,25.701,25.171232133433758,24.80061574487647,25.43047568940889,24.16321014766299,0,0,0,0,0,0,0.4523588754400874
1501162200,25.821,25.849,24.895,25.095,25.15737174553671,24.82865234060252,25.318650459605927,24.19975092618601,1,0,0,0,0,0,0.48819038433722406
1501248600,24.892,25.1115,24.75,25.037,25.135485973620945,24.848494974830853,25.22476697307062,24.232584223198323,0,0,0,0,0,0,0.47914107117027943
1501507800,25.098,25.245,24.546,24.666,25.050124887508044,24.831114501037437,25.03851131538041,24.2495809203278,0,1,0,0,0,0,0.49484528037240244
1501594200,24.823,25,24.696,24.839,25.011738544324764,24.831865500938633,24.97200754358694,24.272695394040436,0,0,0,0,0,0,0.4833563317743737
1501680600,25.46,25.728,25.1055,25.336,25.070695172629353,24.879878310373048,25.093338362391293,24.31439361388199,1,0,0,0,0,0,0.5123308795047758
1501767000,25.281,25.3,24.723,25.029,25.06311423215129,24.894080376051804,25.071892241594195,24.342417393729754,0,0,0,0,0,0,0.5195215309687204
1501853400,25.0735,25.097,24.812,24.917,25.03654800812378,24.896263197380204,25.02026149439613,24.36495004495604,0,0,0,0,0,0,0.5027699930423833
1502112600,24.939,25.289,24.89,25.244,25.074266552101275,24.929380988105898,25.094840996264086,24.399422592212666,0,0,0,0,0,0,0.4953578506822132
1502199000,25.198,25.429,25.042,25.136,25.085490815355588,24.94905898923867,25.108560664176057,24.428307980753345,1,0,0,0,0,0,0.487618004204912
1502285400,24.953,25.036,24.752,24.917,25.054856121654574,24.94600575216832,25.044707109450705,24.44747237366498,0,0,0,0,0,0,0.4802167181902755
1502371800,24.666,24.7,24.046,24.071,24.87597319044465,24.862671871009432,24.72013807296714,24.432708751168313,0,0,0,0,0,0,0.5081298097481132
1502458200,24.005,24.524,23.87,24.417,24.792523519454715,24.820226930913297,24.61909204864476,24.43209272171073,0,1,0,0,0,0,0.5185491090518194
1502717400,24.686,25.125,24.6,25.091,24.84679197046295,24.84601484225489,24.776394699096507,24.457932222820116,0,0,0,0,0,0,0.5320813155481179
1502803800,25.22,25.406,25.127,25.369,24.94173888492423,24.895822952516326,24.97392979939767,24.493660370944816,0,0,0,0,0,0,0.5165755072946807
1502890200,25.432,25.474,25.181,25.342,25.014513633119826,24.93831600465763,25.09661986626511,24.52692859169208,1,0,0,0,0,0,0.5006058282022035
1502976600,25.3,25.425,24.665,24.695,24.95642024527986,24.915143051833095,24.962746577510075,24.533519627312,0,0,0,0,0,0,0.5191339833306177
1503063000,24.733,25.148,24.613,24.937,24.952889291592612,24.91722466594423,24.954164385006717,24.549342387025256,0,1,0,0,0,0,0.5202672702355736
1503322200,25.189,25.189,24.618,24.962,24.95454578403032,24.92148898347335,24.956776256671144,24.565525038514462,0,0,0,0,0,0,0.5238910366473185
1503408600,25.183,25.619,25.1,25.519,25.057173823297532,24.978394794571127,25.144184171114095,24.60291621347468,0,0,0,0,0,0,0.5333988197439387
1503495000,25.392,25.891,25.339,25.692,25.17259676451616,25.046357195088163,25.326789447409396,24.645625381573712,0,0,0,0,0,0,0.5347274754765144
1503581400,25.867,25.936,25.11,25.505,25.233033716422312,25.090037462222625,25.386192964939596,24.679326347002196,1,0,0,0,0,0,0.5555326557996206
1503667800,25.225,25.44,24.378,24.559,25.110482131618255,25.03946246582047,25.110461976626397,24.6746076667276,0,0,0,0,0,0,0.5963517518139333
1503927000,24.704,24.764,24.25003,24.325,24.967667198596754,24.971418421456615,24.848641317750932,24.660897562150048,0,0,0,0,0,0,0.5904673409700809
1504013400,24.129,24.458,24.003,24.173,24.823182253397345,24.89537857179408,24.62342754516729,24.641764324418673,0,1,0,0,0,0,0.5807911023293607
1504099800,24.156,24.634,24.0881,24.602,24.78296729823419,24.86743775543274,24.616285030111527,24.640204939147353,0,0,0,0,0,0,0.5782988807344064
1504186200,24.662,25.253,24.555,25.207,24.8600641531007,24.899777016820096,24.81319002007435,24.66243219643569,0,0,0,0,0,0,0.5868489606819488
1504272600,25.233,25.534,25.23,25.273,24.93514339799148,24.93532206283723,24.9664600133829,24.686376031869585,1,0,0,0,0,0,0.568288320633238
1504618200,25.012,25.273,24.702,24.905,24.929662780174848,24.93243424732892,24.945973342255268,24.694949520815875,0,0,0,0,0,0,0.568482012016578
1504704600,25.061,25.131,24.77,24.938,24.931178638324877,24.93296431901188,24.94331556150351,24.70448091215643,0,0,0,0,0,0,0.5536618683011082
1504791000,24.979,25,24.613,24.655,24.880964340447626,24.906491526725034,24.847210374335674,24.702540484228727,0,0,0,0,0,0,0.5417574491367433
1504877400,24.592,24.6397,24.31001,24.411,24.795516278548057,24.859301857513127,24.701806916223784,24.691107524062893,0,1,0,0,0,0,0.5277026313412618
1505136600,24.708,24.824,24.601,24.774,24.791604227902955,24.851177871083305,24.725871277482522,24.69435820939376,0,0,0,0,0,0,0.5195095862454574
1505223000,24.966,24.974,24.55,24.714,24.777494368284234,24.838113311932513,24.721914184988346,24.69512847569204,1,0,0,0,0,0,0.5126874729422104
1505309400,24.582,24.791,24.515,24.624,24.749586301323465,24.81772156793894,24.689276123325563,24.692339123704116,0,0,0,0,0,0,0.49578122487490967
1505395800,24.462,24.751,24.324,24.695,24.739661519264654,24.806033799563803,24.691184082217042,24.69244347179415,0,1,0,0,0,0,0.49086828024098755
1505482200,24.763,25.119,24.511,25.055,24.796995788489262,24.829744866272012,24.81245605481136,24.706661374861046,0,0,0,0,0,0,0.4992348316523456
1505741400,25.105,25.283,24.861,24.982,24.83063291785485,24.84424535519849,24.868970703207573,24.71745896800375,1,0,0,0,0,0,0.4937180579628924
1505827800,25.117,25.18499,24.833,24.976,24.857063296426695,24.856793416608156,24.904647135471716,24.727597832003603,0,0,0,0,0,0,0.48359462525125735
1505914200,24.974,24.988,23.786,24.291,24.754142697076386,24.802908329312142,24.700098090314476,24.71047634839562,0,1,0,0,0,0,0.5349092948761675
1506000600,24.246,24.27,23.818,24.038,24.62393493397159,24.7300599169967,24.47939872687632,24.68410472688991,0,0,0,0,0,0,0.5304872023850126
1506087000,23.834,24.0745,23.812,23.924,24.496674036885846,24.65329230585416,24.294265817917545,24.654296698384425,0,0,0,0,0,0,0.5113452593575116
1506346200,23.719,23.781,23.153,23.551,24.3247333029066,24.548312086249002,24.046510545278363,24.61103016119288,0,1,0,0,0,0,0.5298920265462609
1506432600,23.788,23.995,23.531,23.727,24.216054520559947,24.47009188755862,23.940007030185576,24.576362311734336,0,0,0,0,0,0,0.5251854532215281
1506519000,23.95,24.267,23.858,24.058,24.18731733500359,24.430845041124467,23.979338020123716,24.556034377940833,0,0,0,0,0,0,0.5262436351342761
1506605400,23.951,24.336,23.95,24.294,24.206714183184758,24.417812180064995,24.084225346749143,24.545758519982368,0,0,0,0,0,0,0.5162262326246848
1506691800,24.294,24.428,24.151,24.254,24.215311604423892,24.402211020058804,24.140816897832764,24.534317009394822,0,0,0,0,0,0,0.49913864458006457
1506951000,24.531,24.531,23.975,24.047,24.18470949452864,24.368381399100823,24.109544598555175,24.515206538438164,1,0,0,0,0,0,0.5032001699672026
1507037400,24.008,24.0945,23.789,23.95,24.142035040977976,24.328535551567413,24.05636306570345,24.49304157614647,0,0,0,0,0,0,0.48907872925525947
1507123800,23.878,24.233,23.751,24.2,24.152574124436526,24.316294070465755,24.1042420438023,24.481549749630922,0,1,0,0,0,0,0.48857310573702656
1507210200,24.327,24.574,24.237,24.367,24.19156064726625,24.321123206611873,24.191828029201535,24.477057602586573,0,0,0,0,0,0,0.48038931247009625
1507296600,24.03,24.575,24.03,24.574,24.261095075036025,24.345206710744076,24.319218686134356,24.480859265230237,0,0,0,0,0,0,0.48500436157937493
1507555800,24.6,24.725,24.539,24.642,24.330350515938566,24.37347273829226,24.426812457422905,24.487178509731013,0,0,0,0,0,0,0.4636469071808481
1507642200,24.753,24.816,24.304,24.599,24.37919587667701,24.39495152512157,24.484208304948602,24.49156366621215,0,0,0,0,0,0,0.46710069952507327
1507728600,24.521,25.117,24.514,25.04,24.499342080917554,24.45638471320523,24.66947220329907,24.513070973419516,0,0,0,0,0,0,0.4768077924161395
1507815000,25.042,25.128,24.828,24.874,24.567461702568906,24.496157597661878,24.737648135532712,24.52722505289326,1,0,0,0,0,0,0.4641786643864153
1507901400,25.015,25.084,24.747,24.796,24.60901412028365,24.524714016932176,24.757098757021808,24.537765246897447,0,0,0,0,0,0,0.4550944740730999
1508160600,24.858,24.947,24.562,24.667,24.619557007504806,24.538265062938635,24.72706583801454,24.54283327643088,0,0,0,0,0,0,0.4500877259250212
1508247000,24.584,24.594,24.234,24.262,24.554546642503933,24.511954104563525,24.57204389200969,24.531820206766923,0,0,0,0,0,0,0.44886717407323395
1508333400,24.333,24.461,23.98,24.4,24.526447252957762,24.50129180889081,24.51469592800646,24.52665078689371,0,0,0,0,0,0,0.4511623759251457
1508419800,24.082,24.437,23.83644,24.429,24.508729570601805,24.49440687471073,24.486130618670973,24.52282134427043,0,1,0,0,0,0,0.4618336347876354
1508506200,24.696,24.7,24.376,24.424,24.49332419412875,24.487701458071612,24.465420412447315,24.518945997436294,0,0,0,0,0,0,0.45198837515994705
1508765400,24.518,24.5645,24.271,24.427,24.481265249741703,24.481920366826696,24.45261360829821,24.515340272046636,0,0,0,0,0,0,0.4406677769342364
1508851800,24.507,24.814,24.411,24.768,24.533398840697757,24.509166046176535,24.557742405532142,24.52524849667226,0,0,0,0,0,0,0.43797722143893375
1508938200,24.588,24.8925,24.423,24.582,24.542235415116348,24.51610261320734,24.56582827035476,24.527474045822366,0,0,0,0,0,0,0.44022884847900995
1509024600,24.727,24.785,24.376,24.376,24.512010794186104,24.502759507187594,24.502552180236506,24.521533887162665,0,0,0,0,0,0,0.43799821644479486
1509111000,24.457,25.299,24.279,25.29,24.653463377061357,24.577734792217345,24.765034786824337,24.551669813156288,0,1,0,0,0,0,0.4795697724130238
1509370200,25.33,26.22,25.327,26.123,24.920651853959292,24.724902907244264,25.217689857882892,24.613290604797218,0,0,0,0,0,0,0.5117433600978077
1509456600,26.25,26.67,26.13,26.391,25.187987880512146,24.883578820840047,25.608793238588593,24.683004698726737,1,0,0,0,0,0,0.5142616915193929
1509543000,26.424,26.564,25.689,25.929,25.322717356782665,24.983142742664803,25.715528825725727,24.731867259560982,0,0,0,0,0,0,0.5400287135537221
1509629400,26.217,26.464,24.887,25.95,25.436768746458544,25.075224386220537,25.79368588381715,24.779637170950746,0,1,0,0,0,0,0.6140980911570276
1509715800,26.403,27.8,25.711,27.363,25.786992610738807,25.293107778009055,26.316790589211433,24.88094551718797,0,0,0,0,0,0,0.7194482275029543
1509978600,27.83,28.18,27.003,27.752,26.144266681513567,25.52728798962724,26.795193726140955,24.993535889062954,1,0,0,0,0,0,0.7521304969670289
1510065000,27.2535,27.45,26.754,27.132,26.32385455760201,25.680117704900837,26.90746248409397,25.07739722674676,0,0,0,0,0,0,0.7696926043265266
1510151400,26.933,27.382,26.724,27.24,26.490426456219826,25.82867792348171,27.01830832272931,25.162205178639045,0,0,0,0,0,0,0.7617145611603462
1510237800,26.864,27.04,26.25,26.564,26.503803464179857,25.89870859743583,26.866872215152874,25.21717752457477,0,0,0,0,0,0,0.7780206639346071
1510324200,26.579,26.664,26.36,26.496,26.50238465251079,25.955593492918133,26.74324814343525,25.267327425571835,0,0,0,0,0,0,0.7441620450821353
1510583400,26.25,26.598,26.155,26.501,26.50213289750883,26.00753696978307,26.662498762290166,25.315706742216076,0,0,0,0,0,0,0.7226504704334112
1510669800,26.33,26.558,26.126,26.326,26.470108734325407,26.037866782184683,26.550332508193446,25.355326085658582,0,0,0,0,0,0,0.7018897225453103
1510756200,26.23,26.7,25.80301,26.56,26.486452600811695,26.08759375530995,26.553555005462297,25.40256819994648,0,1,0,0,0,0,0.7158254566492167
1510842600,26.68,27.465,26.611,27.211,26.618188491573203,26.194584826232813,26.772703336974864,25.473487094066225,0,0,0,0,0,0,0.7293379240314156
1510929000,27.177,27.211,26.843,27.186,26.7214269476508,26.289005318972546,26.910468891316576,25.540644462926373,0,0,0,0,0,0,0.7035280723148859
1511188200,27.262,27.675,27.139,27.488,26.860803866259747,26.40319528859421,27.102979260877717,25.617011346733182,0,0,0,0,0,0,0.6915617814352514
1511274600,27.61,27.8205,27.491,27.659,27.005930436030702,26.52279573729952,27.28831950725181,25.697089333135803,0,0,0,0,0,0,0.6659145113327334
1511361000,27.702,27.771,27.41705,27.537,27.102488538570576,26.619386619461473,27.37121300483454,25.769242692620672,0,0,0,0,0,0,0.643631331951824
1511533800,27.667,28.299,27.651,28.238,27.30894516792138,26.773540274750857,27.660142003223026,25.866056704674765,0,0,0,0,0,0,0.652086236812408
1511793000,28.026,28.568,27.977,28.462,27.518591501026584,26.934345962869823,27.927428002148684,25.967858402530656,1,0,0,0,0,0,0.6477229341829503
1511879400,28.486,28.49,27.684,27.74,27.558847591749025,27.01107491878698,27.864952001432457,26.037354151451023,0,0,0,0,0,0,0.6590284388841681
1511965800,27.8,27.8135,26.487,27.15,27.484511665976473,27.024305878902506,27.626634667621637,26.080987321982356,0,0,0,0,0,0,0.7067049789638705
1512052200,27.178,27.83507,27.009,27.794,27.54078227216257,27.097610080911792,27.68242311174776,26.148164289747754,0,0,0,0,0,0,0.7152310518950227
1512138600,27.521,27.551,26.405,27.156,27.470821859042104,27.10317102558686,27.50694874116517,26.187687258777252,0,0,0,0,0,0,0.7633574053310924
1512397800,27.391,27.452,26.014,26.361,27.269036066488994,27.032488070769062,27.124965827443447,26.194483836864418,0,0,0,0,0,0,0.8115461620931574
1512484200,26.266,26.612,26.045,26.165,27.06830223621827,26.949870159267245,26.80497721829563,26.193327607967774,0,0,0,0,0,0,0.7940785790865031
1512570600,25.883,26.442,25.42,26.389,26.94479273872404,26.896453953622746,26.66631814553042,26.20100103510629,0,1,0,0,0,0,0.8103586805803242
1512657000,27.489,27.57,26.16728,26.389,26.843739513501486,26.848125005658677,26.573878763686945,26.208373543533494,1,0,0,0,0,0,0.8526702033960153
1512743400,26.577,26.694,25.93,25.991,26.688695965592125,26.766494052738803,26.379585842457963,26.199849090845905,0,0,0,0,0,0,0.846336617439157
1513002600,25.934,26.355,25.879,25.995,26.562569426393555,26.69301842866844,26.251390561638644,26.191815793165674,0,0,0,0,0,0,0.8198840019077885
1513089000,25.936,26.088,25.5715,25.87,26.436647712503817,26.61463572117621,26.124260374425763,26.179195565982706,0,1,0,0,0,0,0.7982137160572323
1513175400,26.041,26.329,26.018,26.203,26.394166310230396,26.57543231915943,26.15050691628384,26.18012907319907,0,0,0,0,0,0,0.7739841649102871
1513261800,26.234,26.3,25.67,25.934,26.310499708370326,26.514343526858532,26.07833794418923,26.170476952681458,0,0,0,0,0,0,0.7636995817024094
1513348200,26.165,26.6,25.82575,26.573,26.358227034121175,26.51992985763391,26.243225296126152,26.186262170223362,0,0,0,0,0,0,0.7644531830093804
1513607400,26.408,26.651,26.259,26.439,26.372913027917324,26.51222225214497,26.308483530750767,26.196173457665584,1,0,0,0,0,0,0.7378493842229961
1513693800,26.33,26.52863,26.12709,26.37,26.37238338647781,26.49867727575021,26.32898902050051,26.202990184815953,0,0,0,0,0,0,0.713827285349925
1513780200,26.614,26.635,26.278,26.564,26.407222770754572,26.504898487583525,26.407326013667006,26.217147432470227,0,0,0,0,0,0,0.6883396221106448
1513866600,26.595,26.625,26.107,26.153,26.361000448799196,26.471384345908902,26.322550675778004,26.214631846883158,0,0,0,0,0,0,0.6761725062455988
1513953000,26.182,26.33707,25.87,26.235,26.33809127629025,26.448871551060435,26.293367117185337,26.21543059798578,0,0,0,0,0,0,0.6612366129423417
1514298600,25.723,26.235,25.339,25.81,26.242074680601114,26.38802664143563,26.132244744790224,26.199531358849082,0,1,0,0,0,0,0.678005426303603
1514385000,25.884,26.16095,25.85,25.912,26.18206110231,26.342690770822713,26.058829829860148,26.188255619286373,0,0,0,0,0,0,0.6546443244247744
1514471400,26.016,26.08,25.855,26.042,26.156595447344547,26.314053554553883,26.053219886573434,26.182520104804556,0,0,0,0,0,0,0.623955444108719
1514557800,25.977,26.1945,25.664,25.69,26.07175991146372,26.25461988269161,25.932146591048955,26.16320559089065,0,1,0,0,0,0,0.6172800552438105
1514903400,25.977,26.75,25.757,26.701,26.186167200288498,26.297132274816217,26.188431060699305,26.18429556771847,0,0,0,0,0,0,0.6489029084406811
1514989800,26.7285,27.073,26.603,26.993,26.332864072963318,26.363405391500386,26.45662070713287,26.216009467023625,0,0,0,0,0,0,0.6361241292663466
1515076200,27.159,27.176,26.843,27.002,26.45452515060635,26.424223925643208,26.638413804755245,26.24683262517956,0,0,0,0,0,0,0.6144724057473218
1515162600,27.197,27.426,26.945,27.162,26.583156941405196,26.494488313677188,26.812942536503495,26.282721541839187,1,0,0,0,0,0,0.6049386624796558
1515421800,27.092,27.255,26.906,27.227,26.70021931569516,26.564251331422216,26.95096169100233,26.3197520696102,0,0,0,0,0,0,0.5866573294453946
1515508200,27.306,27.385,26.819,26.85,26.72745216738695,26.591465490334386,26.917307794001555,26.340546106096074,0,0,0,0,0,0,0.5851818059135808
1515594600,26.598,26.614,26.073,26.283,26.646642682407506,26.562087824588254,26.705871862667703,26.338289396053092,0,1,0,0,0,0,0.5988831054911822
1515681000,26.357,26.385,26.155,26.35,26.592707649242506,26.541888984151278,26.587247908445136,26.33874863542356,0,0,0,0,0,0,0.5725343122418121
1515767400,26.339,26.532,26.201,26.429,26.562942622107503,26.531137652327345,26.53449860563009,26.342287904622637,0,0,0,0,0,0,0.5552818613673969
1516113000,26.518,26.7,26.166,26.325,26.519680327178865,26.511505494962837,26.464665737086726,26.34160994757861,0,0,0,0,0,0,0.5537617284125828
1516199400,26.548,26.653,26.046,26.581,26.53082935860089,26.51812401925209,26.503443824724485,26.350997792771608,0,1,0,0,0,0,0.5575644620973982
1516285800,26.546,27.006,26.448,26.98,26.61249674794618,26.56211220789475,26.662295883149657,26.37566454599625,1,0,0,0,0,0,0.557595571947584
1516372200,26.915,26.944,26.607,26.639,26.617315521046876,26.569434854761916,26.654530588766438,26.385991426545417,0,0,0,0,0,0,0.5444101739513281
1516631400,26.565,26.677,26.062,26.211,26.543439971765626,26.535298201927446,26.506687059177626,26.37912901766128,0,0,0,0,0,0,0.549452304383376
1516717800,26.174,26.4411,25.811,26.29,26.497359976899148,26.511936468410546,26.43445803945175,26.37563376206672,0,0,0,0,0,0,0.5552128540702777
1516804200,26.097,26.327,25.6,25.686,26.349839981099304,26.433275852371448,26.184972026301168,26.348589300809202,0,0,0,0,0,0,0.5674833644938293
1516890600,25.774,25.784,24.7,24.729,26.055141802717614,26.27096386643131,25.699648017534113,26.285075994895116,0,0,0,0,0,0,0.6043774098871272
1516977000,24.942,25.095,24.52406,25.079,25.877661474950774,26.157443498199754,25.492765345022743,26.237778897056092,0,0,0,0,0,0,0.601989023466618
1517236200,24.828,24.949,24.349,24.547,25.635723024959724,26.004067926942636,25.177510230015162,26.171473842269577,0,0,0,0,0,0,0.6111326646475739
1517322600,24.125,24.503,23.701,24.098,25.356137020421592,25.822537648186195,24.817673486676775,26.090161142572732,0,1,0,0,0,0,0.6279089028870329
1517409000,25,25.314,24.486,24.803,25.25556665307221,25.725438824549414,24.812782324451184,26.03968423502086,1,0,0,0,0,0,0.6699154098236735
1517495400,24.172,24.59,23.81,23.879,25.00528180705908,25.54958750792566,24.501521549634123,25.954951519922005,0,0,0,0,0,0,0.6929928805505542
1517581800,23.677,23.796,23.409,23.548,24.740321478502885,25.358960126218456,24.183681033089414,25.86056126423879,0,0,0,0,0,0,0.6770648176540862
1517841000,23.468,24.4,22.76004,22.81,24.389353936956905,25.116202018959555,23.725787355392942,25.74093141073923,0,0,0,0,0,0,0.7458430449645085
1517927400,22.562,24.04,22.49,24.038,24.32547140296474,25.01351611239198,23.82985823692863,25.67414978678867,0,1,0,0,0,0,0.8032828274670436
1518013800,23.876,24.31,23.7,23.738,24.218658420607515,24.892038387402266,23.799238824619085,25.598222344169507,0,0,0,0,0,0,0.7894769112193976
1518100200,23.739,23.852,22.951,22.957,23.98926598049706,24.70774901717348,23.518492549746057,25.49464499733933,0,0,0,0,0,0,0.7974428461322978
1518186600,23.279,23.712,22.625,23.55,23.909399438588505,24.5974872060141,23.528995033164037,25.418384409208375,0,1,0,0,0,0,0.8181254999799908
1518445800,23.786,24.548,23.75,24.44,24.00587226793605,24.58248842448895,23.83266335544269,25.38001639316099,0,0,0,0,0,0,0.8309736785528485
1518532200,24.101,24.603,24.006,24.586,24.11135003740222,24.58282286025191,24.083775570295128,25.34887849538997,0,0,0,0,0,0,0.8142612729419308
1518618600,24.5,24.865,24.348,24.766,24.23037730332909,24.60026830213268,24.311183713530085,25.3260205151786,0,0,0,0,0,0,0.79302832487465
1518705000,24.928,25.184,24.443,25.183,24.403581429996528,24.655766559072426,24.60178914235339,25.320411867524538,0,0,0,0,0,0,0.7893120159550321
1518791400,25.127,25.237,24.804,24.889,24.49183935181534,24.677979267732194,24.69752609490226,25.303493755072594,0,0,0,0,0,0,0.7638611576725297
1519137000,24.875,25.574,24.752,24.962,24.577323106030732,24.70502886128151,24.78568406326817,25.290101843108964,1,0,0,0,0,0,0.7680139321244921
1519223400,25.249,25.347,24.8448,24.862,24.629082541297873,24.719978493540413,24.811122708845446,25.27331353553606,0,0,0,0,0,0,0.7490272226870286
1519309800,24.912,25.31,24.827,24.935,24.684703897425532,24.74045673225085,24.852415139230295,25.260046338064058,0,0,0,0,0,0,0.7300252782093836
1519396200,25.214,25.503,25.029,25.371,24.809485006984527,24.800508472036483,25.025276759486864,25.264397462061545,0,0,0,0,0,0,0.7184520440515706
1519655400,25.196,25.444,25.1,25.295,24.897760460260066,24.847602903271103,25.115184506324578,25.265597561588542,0,0,0,0,0,0,0.6917054694764583
1519741800,25.209,25.567,25.168,25.181,24.9492585583946,24.879355007721475,25.137123004216384,25.2622800101537,1,0,0,0,0,0,0.6707979359424255
1519828200,25.408,25.449,24.598,24.646,24.89412063868649,24.857130721271812,24.973415336144257,25.238112166618258,0,0,0,0,0,0,0.6836695119465382
1519914600,24.586,24.912,24.131,24.331,24.79173506801622,24.80702303353164,24.759276890762838,25.202539140476365,0,0,0,0,0,0,0.6906216896646427
1520001000,24.043,25.118,24.023,25.087,24.84541960110418,24.833687506528626,24.868517927175226,25.19800819379102,0,1,0,0,0,0,0.7195058546885967
1520260200,24.99,25.1335,24.342,24.698,24.818616037267056,24.820764886859234,24.81167861811682,25.178400029328625,1,0,0,0,0,0,0.7246482936394115
1520346600,24.931,25.13,24.732,25.096,24.869049485036683,24.846977754777402,24.90645241207788,25.175168655629463,0,0,0,0,0,0,0.7037448440937392
1520433000,24.869,24.94,24.4332,24.705,24.839222305939103,24.83345606384622,24.83930160805192,25.15673066913419,0,0,0,0,0,0,0.7008202123727578
1520519400,24.826,24.83,24.5915,24.695,24.81300006849563,24.820269772051343,24.791201072034614,25.138623584070107,0,0,0,0,0,0,0.6677973400604179
1520605800,24.858,25.4275,24.763,25.378,24.91572732876915,24.873386936617884,24.986800714689743,25.14801089449873,0,0,0,0,0,0,0.6724189586275308
1520861400,26.065,26.42993,25.962,26.284,25.16450417808385,25.00773103789237,25.419200476459828,25.19255948687133,0,0,0,0,0,0,0.6995268901541356
1520947800,26.643,27.385,26.023,26.122,25.33859432752315,25.113851891426428,25.65346698430655,25.229008134445003,1,0,0,0,0,0,0.7468463980002689
1521034200,26.2,26.234,25.515,26.059,25.469577177064394,25.203865997004865,25.78864465620437,25.261556835055003,0,0,0,0,0,0,0.7448573695716784
1521120600,26.373,26.89,26.35,26.776,25.707108599416323,25.353593044909164,26.117763104136245,25.320946763092063,0,0,0,0,0,0,0.7510104146022727
1521207000,26.3,26.36,25.441,25.487,25.6670888540679,25.366298469203528,25.90750873609083,25.327458654735512,0,0,0,0,0,0,0.7927239564163961
1521466200,25.31,25.649,24.2772,24.495,25.453981789691916,25.283317662612717,25.43667249072722,25.294813217294905,0,0,0,0,0,0,0.8340865309580822
1521552600,24.51,24.805,24.128,24.236,25.232530555202477,25.18357312331627,25.03644832715148,25.253291130342163,0,0,0,0,0,0,0.8228660644610762
1521639000,24.058,25.059,24.006,24.6,25.11752499971112,25.12799473061948,24.89096555143432,25.227671870328745,0,1,0,0,0,0,0.8393042027138565
1521725400,24.203,24.67195,24.15,24.357,24.97924772703637,25.054566661036674,24.712977034289548,25.193527875413892,0,0,0,0,0,0,0.8166360453771525
1521811800,24.338,24.5215,24.0405,24.248,24.84629359484794,24.97775078855699,24.557984689526364,25.156448350887857,0,0,0,0,0,0,0.7926620421359273
1522071000,24.767,24.883,24.051,24.773,24.832967486693768,24.958250713456323,24.62965645968424,25.14141116065696,0,0,0,0,0,0,0.7954718962690753
1522157400,24.808,25.425,24.16,24.437,24.76097339820399,24.908607788365245,24.565437639789494,25.113787193572374,1,0,0,0,0,0,0.8290096179641414
1522243800,24.408,24.693,23.56,23.668,24.5622509621669,24.790454665663795,24.266291759859662,25.057089656569538,0,0,0,0,0,0,0.8507232166809887
1522330200,23.809,24.084,23.476,23.565,24.38093260540928,24.673744697505338,24.032527839906443,24.998576336704065,0,0,0,0,0,0,0.8333858440609181
1522675800,23.395,23.612,22.544,22.768,24.087672131698504,24.49224520250483,23.61101855993763,24.911102754872534,0,1,0,0,0,0,0.8501439980565666
1522762200,23.086,23.698,22.721,23.678,24.013186289571504,24.41469804036151,23.633345706625086,24.862745784093217,0,0,0,0,0,0,0.8592051410525262
1522848600,23.005,23.792,22.95,23.699,23.956061509649412,24.346536322231845,23.655230471083392,24.817108694520936,0,0,0,0,0,0,0.8579762024059174
1522935000,24.076,24.168,23.5,23.631,23.896959416985883,24.27839000582881,23.64715364738893,24.770594628069134,1,0,0,0,0,0,0.8444064736626375
1523021400,23.373,23.654,22.776,22.887,23.71333043207936,24.145876671940353,23.393769098259288,24.696728172066422,0,1,0,0,0,0,0.8468060112581635
1523280600,22.998,23.966,22.926,23.474,23.669815808064932,24.081888417469845,23.42051273217286,24.64877804767166,0,0,0,0,0,0,0.8633912961682947
1523367000,23.956,24.156,23.766,23.975,23.725303842962216,24.071708568187002,23.605341821448572,24.622355379135517,0,0,0,0,0,0,0.8504347750134164
1523453400,23.812,24.072,23.708,24.032,23.78106678060545,24.06792679978824,23.747561214299047,24.599204187796868,0,0,0,0,0,0,0.8156894339410296
1523539800,24.143,24.264,23.71,23.943,23.810509184131732,24.056029009332217,23.812707476199364,24.573470690236206,0,0,0,0,0,0,0.7969973315166702
1523626200,25,25.2,24.49,24.694,23.97114387792596,24.11678815130058,24.106471650799577,24.578197329834786,0,0,0,0,0,0,0.829854664979765
1523885400,24.909,24.989,24.568,24.937,24.146754081939424,24.19490356546243,24.383314433866385,24.59226802278244,0,0,0,0,0,0,0.8006507603383531
1523971800,25.089,25.285,24.964,25.174,24.333526067041348,24.288150844942198,24.646876289244258,24.615081041496854,1,0,0,0,0,0,0.7683185631713279
1524058200,25.1,25.167,24.746,24.959,24.44724860030656,24.35204124066199,24.750917526162837,24.62856805947737,0,0,0,0,0,0,0.744010094373376
1524144600,24.354,24.628,24.066,24.286,24.417930672978095,24.345751598694182,24.595945017441892,24.61513401792924,0,0,0,0,0,0,0.7546522304895634
1524231000,24.122,24.16,23.501,23.712,24.28957964152753,24.28539430358045,24.301296678294594,24.579716997618288,0,0,0,0,0,0,0.7568199283117375
1524490200,23.799,23.832,23.212,23.345,24.117837888522526,24.195832941334693,23.98253111886306,24.531296723201883,0,0,0,0,0,0,0.7470470762894706
1524576600,23.574,23.612,22.669,22.839,23.88532190879116,24.066610756445673,23.60135407924204,24.464932145821418,0,0,0,0,0,0,0.7610437136973655
1524663000,22.9,23.11,22.586,22.9,23.70617247082913,23.955504970117513,23.36756938616136,24.40356225774999,0,1,0,0,0,0,0.7441120198618394
1524749400,23.1,23.188,22.83,23.042,23.585413839769288,23.86850449677299,23.259046257440907,24.350167659406853,0,0,0,0,0,0,0.716532589871708
1524835800,23.357,23.42,23.07,23.278,23.52952041435669,23.8122659732708,23.265364171627272,24.30812186884188,1,0,0,0,0,0,0.6923516905951574
1525095000,23.258,23.412,22.832,22.942,23.42269852083729,23.729383499625964,23.15757611441818,24.25454846222063,0,0,0,0,0,0,0.6843265698383603
1525181400,23.0845,23.0845,22.636,23.038,23.35275333523051,23.66353745204254,23.11771740961212,24.20684067938845,0,0,0,0,0,0,0.667481814849906
1525267800,23.33,23.344,22.68,22.874,23.265707274279507,23.58834340899087,23.036478273074746,24.154572417451647,0,0,0,0,0,0,0.6672331137891986
1525354200,22.649,22.788,22.268,22.525,23.131033224410505,23.487072608134596,22.865985515383162,24.090667616767266,0,0,0,0,0,0,0.6628593199471128
1525440600,22.365,23.209,22.198,23.052,23.116663547244958,23.445637121645586,22.927990343588775,24.04993555336463,0,1,0,0,0,0,0.6877265113794618
1525699800,23.13,23.69,23.1,23.597,23.203997447745873,23.460052633869815,23.150993562392518,24.03217337480131,0,0,0,0,0,0,0.6841746177095004
1525786200,23.574,23.896,23.4816,23.885,23.32781609361026,23.500523811596498,23.395662374928346,24.02640186990714,0,0,0,0,0,0,0.6649050021588218
1525872600,23.58,23.913,23.40477,23.805,23.41457680386294,23.529521543825403,23.53210824995223,24.01771944363627,0,0,0,0,0,0,0.6537139305760489
1525959000,23.973,24.373,23.861,24.351,23.58483556679695,23.6077575872706,23.80507216663482,24.030789269376026,0,0,0,0,0,0,0.6475915069634741
1526045400,24.308,24.45,24.16,24.338,23.72177455465205,23.67730448372102,23.982714777756545,24.042836749008337,0,0,0,0,0,0,0.622049256466083
1526304600,24.628,24.842,24.38,24.476,23.858906453806224,23.753370723366636,24.14714318517103,24.059823543164875,1,0,0,0,0,0,0.6136171667185054
1526391000,24.231,24.444,23.85,24.158,23.91328709856873,23.791906844950766,24.150762123447354,24.063673600295665,0,0,0,0,0,0,0.6145016548100406
1526477400,24.214,24.221,23.899,24.051,23.93832580791987,23.816582383526885,24.117508082298237,24.063176596362503,0,0,0,0,0,0,0.5936086794664662
1526563800,23.812,24.166,23.80003,23.945,23.939539297388986,23.8288126327148,24.060005388198825,24.05854222003456,0,0,0,0,0,0,0.5773487737902901
1526650200,23.986,24.062,23.588,23.599,23.87762306150008,23.80692571531339,23.906336925465883,24.040520956503794,0,1,0,0,0,0,0.5699667185195552
1526909400,23.946,24.05,23.667,23.905,23.882600686681887,23.81626612337878,23.90589128364392,24.03520640918992,0,0,0,0,0,0,0.5614690957681584
1526995800,24.024,24.13695,23.758,23.849,23.876491470921543,23.819383635437944,23.886927522429282,24.027904197064828,0,0,0,0,0,0,0.5484320174990042
1527082200,23.623,24.063,23.603,24.056,23.909129385299444,23.841918527300997,23.943285014952856,24.029005993258362,0,1,0,0,0,0,0.5421154448205037
1527168600,24.086,24.436,24,24.353,23.989833133426817,23.890592953272332,24.079856676635238,24.041711640581564,0,0,0,0,0,0,0.5345357701904677
1527255000,24.404,25.068,24.404,25.003,24.17404529098558,23.99653648153211,24.387571117756824,24.079409223303855,0,0,0,0,0,0,0.54742607231972
1527600600,24.864,25.111,24.84675,24.969,24.318582510806383,24.08915205471953,24.581380745171217,24.11429513611547,0,0,0,0,0,0,0.5271992100111685
1527687000,25.118,25.203,24.933,24.94,24.431567508841585,24.170185192365288,24.70092049678081,24.1466757190129,0,0,0,0,0,0,0.5088278378675136
1527773400,24.926,25.529,24.9,25.207,24.57255523450675,24.26892945975907,24.86961366452054,24.188257063365334,0,0,0,0,0,0,0.5174115637341199
1527859800,25.437,25.77,25.254,25.634,24.765545191869162,24.398936177877257,25.12440910968036,24.244952864801988,0,0,0,0,0,0,0.5206678806102542
1528119000,25.8,25.936,25.623,25.837,24.96035515698386,24.535894637127043,25.361939406453573,24.307386085790146,0,0,0,0,0,0,0.5058344605666645
1528205400,25.946,26.135,25.804,25.926,25.135926946623158,24.668285624067323,25.54995960430238,24.370861141249357,0,0,0,0,0,0,0.4933462848119029
1528291800,26.074,26.378,25.971,26.352,25.35703113814622,24.82863937415615,25.817306402868255,24.448552861200362,0,0,0,0,0,0,0.49039297875390997
1528378200,26.3,26.648,26.292,26.468,25.559025476665088,24.98476895756985,26.034204268578836,24.527746866643486,1,0,0,0,0,0,0.4807934802714877
1528464600,25.674,25.993,25.374,25.797,25.60229357181689,25.06212429494415,25.95513617905256,24.577521499324135,0,1,0,0,0,0,0.5245939459663815
1528723800,25.786,26.18,25.632,26.083,25.689694740577455,25.15935055256852,25.997757452701705,24.63655987189966,0,0,0,0,0,0,0.5262658069687828
1528810200,26.033,26.173,25.84,26.143,25.77211387865428,25.2530314523239,26.04617163513447,24.695635955354575,0,0,0,0,0,0,0.5124611064710124
1528896600,26.176,26.607,26.071,26.358,25.878638627989865,25.358266552102574,26.15011442342298,24.760826702203417,0,0,0,0,0,0,0.514142456008797
1528983000,26.5,26.907,26.41,26.846,26.05452251380989,25.499955451902327,26.382076282281986,24.84259820407779,0,0,0,0,0,0,0.5166322805795972
1529069400,26.866,27.181,26.633,27.023,26.230609329480817,25.645007313625914,26.595717521521323,24.928104156859053,1,0,0,0,0,0,0.5188728319667689
1529328600,26.9,26.9,26.423,26.45,26.270498542302487,25.72167328375678,26.54714501434755,24.987786346786148,0,0,0,0,0,0,0.5246676296834284
1529415000,25.6,26.113,25.415,26.095,26.238589716429306,25.757228209113276,26.396430009565034,25.031206490049435,0,1,0,0,0,0,0.5611199418488978
1529501400,26.15,26.402,26.074,26.122,26.217391586169434,25.791968379673914,26.30495333971002,25.07398270612593,0,0,0,0,0,0,0.5444685174311193
1529587800,26.158,26.257,25.844,25.965,26.1715022068659,25.80844758160973,26.19163555980668,25.108924560787656,0,0,0,0,0,0,0.5350779090431822
1529674200,26.118,26.15,25.896,25.971,26.13504726016301,25.823928764313564,26.118090373204453,25.14273144075677,0,0,0,0,0,0,0.5150009155400975
1529933400,25.642,25.642,25.043,25.242,25.972675031042463,25.768506977236083,25.826060248802968,25.146624325432974,0,0,0,0,0,0,0.5445008501443763
1530019800,25.3,25.461,25.055,25.154,25.823825025398378,25.7099825032136,25.602040165868644,25.146913567572856,0,0,0,0,0,0,0.5346079322769207
1530106200,25.209,25.516,24.685,24.711,25.62149320259867,25.614841312431352,25.30502677724576,25.129818917864117,0,0,0,0,0,0,0.5557787942571406
1530192600,24.628,24.732,24.2265,24.49,25.41576716576255,25.507713568390272,25.033351184830508,25.104727979908663,0,0,0,0,0,0,0.5521874518102018
1530279000,24.695,24.695,24.257,24.264,25.20635495380572,25.389264657115007,24.776900789887005,25.071758255206362,0,0,0,0,0,0,0.5440312052523302
1530538200,24.009,24.222,23.742,24.205,25.024290416750137,25.276477546913576,24.586267193258003,25.037767735394347,0,1,0,0,0,0,0.5424575477343064
1530624600,24.336,24.339,23.9,23.929,24.825146704613747,25.148146351969427,24.367178128838667,24.994286647731823,0,0,0,0,0,0,0.5350677228961417
1530797400,24.179,24.561,24.068,24.54,24.77330184922943,25.090227651781863,24.424785419225778,24.976471485075674,0,0,0,0,0,0,0.5419914569749887
1530883800,24.49,24.86,24.442,24.768,24.77233787664226,25.059539303993112,24.53919027948385,24.968296132719765,0,0,0,0,0,0,0.5331349243339181
1531143000,24.9,24.923,24.5525,24.743,24.76700371725276,25.029392703612817,24.607126852989232,24.959460990260165,0,0,0,0,0,0,0.5215181440243525
1531229400,24.834,25.18,24.705,25.056,24.819548495934075,25.03192673184017,24.756751235326156,24.963246833779376,1,0,0,0,0,0,0.5181954194511845
1531315800,24.495,24.754,24.261,24.344,24.733085133036973,24.966409900236343,24.61916749021744,24.9389626442194,0,0,0,0,0,0,0.5379671752046715
1531402200,20.708,21.028,19.74567,20.998,24.053978745212067,24.588466100213836,23.41211166014496,24.78441508954413,0,1,0,0,0,0,0.8279930912614807
1531488600,21.25,21.4,20.19,20.246,23.361618973355327,24.17489790019347,22.356741106763305,24.606438027209066,0,0,0,0,0,0,0.8552792990285176
1531747800,20.16,20.638,20.053,20.325,22.809506432745266,23.808240957317903,21.679494071175537,24.438538496730278,0,0,0,0,0,0,0.835973634812195
1531834200,20.221,20.909,20.201,20.831,22.449777990427943,23.524694199478102,21.396662714117024,24.297066398819286,0,0,0,0,0,0,0.8268326608970381
1531920600,20.722,20.988,20.663,20.878,22.164000173986498,23.272628085242093,21.22377514274468,24.162985363571472,0,0,0,0,0,0,0.790987470832964
1532007000,20.829,21.148,20.804,21.037,21.959091051443497,23.059711124742847,21.161516761829787,24.040397702254943,0,0,0,0,0,0,0.7590597943448952
1532093400,21.01,21.121,20.876,21.033,21.790710860271954,22.866691017624483,21.11867784121986,23.92246053746063,0,0,0,0,0,0,0.722341237605974
1532352600,21.041,21.864,21.04,21.672,21.769127067495234,22.752910920707865,21.30311856081324,23.83420718305041,0,0,0,0,0,0,0.7301025777769758
1532439000,21.78,22.03895,21.6,21.734,21.762740327950645,22.655871785402354,21.446745707208827,23.751846117048434,0,0,0,0,0,0,0.7093059650786203
1532525400,21.771,22.865,21.771,22.597,21.914423904686892,22.65026494869737,21.830163804805885,23.706558034026926,0,0,0,0,0,0,0.7394269675730044
1532611800,22.65,22.977,22.157,22.318,21.987801376562004,22.61862066786905,21.99277586987059,23.652104777790576,1,0,0,0,0,0,0.7451821841749328
1532698200,22.401,22.929,22.007,22.105,22.009110217187093,22.569704413786283,22.03018391324706,23.591434002190947,0,0,0,0,0,0,0.7578120281624373
1532957400,22.111,22.8015,22.105,22.519,22.101817450425802,22.56487542199711,22.193122608831374,23.54937776681091,0,0,0,0,0,0,0.7534325975794062
1533043800,22.668,22.884,22.154,22.177,22.115487004893836,22.527934905616434,22.187748405887582,23.495559030857542,0,0,0,0,0,0,0.7517588406094486
1533130200,22.326,22.394,21.62,21.68,22.036307549458595,22.44717920031963,22.01849893725839,23.42436063749058,0,0,0,0,0,0,0.7533474948516307
1533216600,21.427,21.826,21.325,21.635,21.963342540466122,22.36982880028919,21.89066595817226,23.35418963209879,0,1,0,0,0,0,0.7353226737908
1533303000,21.575,21.8,21.44,21.781,21.930189351290462,22.313749866928315,21.854110638781506,23.292495921036092,0,0,0,0,0,0,0.7085139113771713
1533562200,21.663,21.83051,21.586,21.695,21.887427651055834,22.254821308173238,21.80107375918767,23.229849022171933,0,0,0,0,0,0,0.6753707748502306
1533648600,21.922,22.1835,21.714,22.031,21.913531714500227,22.23350499310912,21.877715839458446,23.182835335027935,1,0,0,0,0,0,0.6620228623609282
1533735000,22.054,22.123,21.895,21.946,21.91943503913655,22.206123565193966,21.900477226305632,23.13433198855625,0,0,0,0,0,0,0.6310212293351477
1533821400,22.015,22.02478,21.594,21.658,21.871901395657176,22.15392132088978,21.819651484203757,23.076436616456007,0,0,0,0,0,0,0.6167182843826371
1533907800,21.281,21.448,21.046,21.223,21.753919323719508,22.065262147471707,21.620767656135836,23.00375282757538,0,0,0,0,0,0,0.6163812640695917
1534167000,21.165,21.3979,21.045,21.108,21.636479446679598,21.97409432390297,21.449845104090556,22.92940957943517,0,0,0,0,0,0,0.5975611737789065
1534253400,21.158,21.158,20.684,20.73,21.47166500182876,21.855609150197925,21.209896736060372,22.84315822337889,0,0,0,0,0,0,0.5887353756518418
1534339800,20.513,20.758,20.277,20.658,21.323725910587168,21.74155113589336,21.02593115737358,22.757465744030696,0,1,0,0,0,0,0.58103999167671
1534426200,20.777,20.886,20.6685,20.869,21.24104847229859,21.65845102771304,20.973620771582386,22.68340826387263,0,0,0,0,0,0,0.5558228494140878
1534512600,20.797,21.119,20.551,20.927,21.183948750062484,21.5887890250737,20.958080514388257,22.614529508426642,0,0,0,0,0,0,0.5566926458845102
1534771800,20.948,21,20.586,20.672,21.090867159142032,21.501475784590493,20.862720342925506,22.538351880645205,0,0,0,0,0,0,0.5465003140356167
1534858200,20.752,21.144,20.711,21.051,21.08361858475257,21.458573328915207,20.925480228617005,22.480024355914022,0,0,0,0,0,0,0.5411788630330725
1534944600,21.045,21.171,20.743,20.754,21.023687932979378,21.39147110711376,20.868320152411336,22.412337126270334,1,0,0,0,0,0,0.5330946585307103
1535031000,20.773,20.908,20.528,20.559,20.93919921789222,21.312188144531497,20.76521343494089,22.339657238965614,0,0,0,0,0,0,0.5221593257785169
1535117400,20.635,20.927,20.468,20.9,20.93207208736636,21.27293213076659,20.81014228996059,22.283200092339513,0,1,0,0,0,0,0.5176479453657656
1535376600,21.025,21.43747,20.863,21.297,20.998422616936114,21.27522430878882,20.97242819330706,22.244525578914434,0,0,0,0,0,0,0.5217066635539254
1535463000,21.463,21.596,21.257,21.443,21.079254868402277,21.29120294604703,21.129285462204706,22.21309320327073,0,0,0,0,0,0,0.5086561875857878
1535549400,21.481,21.58,21.345,21.499,21.15557216505641,21.310993141661598,21.252523641469804,22.185089548240505,0,0,0,0,0,0,0.4891093170439458
1535635800,21.497,21.694,21.4605,21.665,21.248195407773427,21.34470808055097,21.390015760979868,22.164693879682055,0,0,0,0,0,0,0.4708515086836639
1535722200,21.603,21.932,21.585,21.903,21.367250788178257,21.397878739546115,21.56101050731991,22.154431374596484,0,0,0,0,0,0,0.4620049723491163
1536067800,21.859,22.029,21.713,21.943,21.471932463054937,21.449795050065532,21.688340338213273,22.14613994814172,0,0,0,0,0,0,0.4515760457527508
1536154200,21.995,22.18,21.958,22.142,21.593762924317677,21.51571933101167,21.839560225475516,22.1459775972342,0,0,0,0,0,0,0.4362491853418399
1536240600,22.15,22.282,21.392,21.597,21.594351483532645,21.523460347105797,21.75870681698368,22.12444906400933,0,1,0,0,0,0,0.4686599578174228
1536327000,22.42,23.541,22.4,23.258,21.896833031981256,21.688654599762387,22.25847121132245,22.168902041891318,0,0,0,0,0,0,0.5740413894018925
1536586200,23.466,24.095,23.205,24.061,22.29031793525739,21.914592256927875,22.859314140881633,22.24310196181715,1,0,0,0,0,0,0.5966098615874716
1536672600,23.77,23.97,23.04,23.255,22.465714674301502,22.04225013722046,22.99120942725442,22.28278423782432,0,0,0,0,0,0,0.6269234429026523
1536759000,22.81,23.085,22.283,22.989,22.56085746079214,22.13241679081851,22.990472951502948,22.310478973595917,0,1,0,0,0,0,0.6515717684096056
1536845400,23.369,23.922,23.112,23.542,22.739247013375387,22.266662810740556,23.174315301001965,22.35877391580784,0,0,0,0,0,0,0.6716737849517767
1536931800,23.516,23.709,23.369,23.634,22.90192937457986,22.396885400193835,23.32754353400131,22.408782781854594,0,0,0,0,0,0,0.647982800312364
1537191000,24,24.03,23.431,23.483,23.007578579201706,22.50032488588966,23.379362356000875,22.45090894727206,0,0,0,0,0,0,0.6444840288614808
1537277400,23.5,24.14,23.487,23.973,23.18310974661958,22.640579658662073,23.57724157066725,22.51059879247708,0,0,0,0,0,0,0.6453780267999465
1537363800,24.047,24.249,23.977,24.179,23.364180701779656,22.78709588164664,23.777827713778166,22.57602629081131,0,0,0,0,0,0,0.6189938820285218
1537450200,24.299,24.604,24.172,24.493,23.569420574183354,22.949562940537437,24.01621847585211,22.65120173038734,0,0,0,0,0,0,0.6056371761693417
1537536600,24.633,24.877,24.518,24.81,23.79498046978638,23.126747422391013,24.28081231723474,22.735860486058424,0,0,0,0,0,0,0.589805949300103
1537795800,24.805,25.01,24.731,24.945,24.004074929825222,23.29991433454425,24.502208211489826,22.82249340817378,1,0,0,0,0,0,0.5676055243500956
1537882200,24.898,24.935,24.58,24.765,24.142424942584274,23.439446302682892,24.58980547432655,22.898670137265004,0,0,0,0,0,0,0.5531337011822318
1537968600,24.564,24.805,24.48,24.543,24.215256771205315,23.544546654808332,24.574203649551034,22.963153661293827,0,0,0,0,0,0,0.5368384368120723
1538055000,24.569,24.788,24.4911,24.645,24.293391903713438,23.649351735302776,24.597802433034023,23.02910841967446,0,0,0,0,0,0,0.5196999770397815
1538141400,24.554,24.697,24.385,24.673,24.362411557583723,23.74684204622632,24.622868288689347,23.093574756157814,0,1,0,0,0,0,0.5048642643940827
1538400600,24.788,25.21413,24.767,24.951,24.469427638023046,23.861523756109527,24.732245525792898,23.166414961798683,1,0,0,0,0,0,0.5074546740802198
1538487000,24.914,25.171,24.792,24.81,24.531349885655217,23.95185482695624,24.75816368386193,23.230869277022265,0,0,0,0,0,0,0.4982793402173468
1538573400,24.881,25.133,24.704,24.942,24.606013542808814,24.04615436724612,24.819442455907954,23.297972442629234,0,0,0,0,0,0,0.49333081591610767
1538659800,24.666,24.973,24.62,24.817,24.644374716843576,24.119568237032205,24.818628303938635,23.35754215076142,0,0,0,0,0,0,0.4833071862078141
1538746200,24.839,25.005,24.24,24.423,24.60412476832656,24.148466500171995,24.686752202625755,23.399324811515875,0,0,0,0,0,0,0.5034281014786846
1539005400,24.331,24.542,24.038,24.137,24.519192992267186,24.147374452536567,24.50350146841717,23.42825325027996,0,0,0,0,0,0,0.5034689513730644
1539091800,24.059,24.57267,24.037,24.47,24.51024881185497,24.178100695152132,24.492334312278114,23.46910606399447,0,0,0,0,0,0,0.5057690262749883
1539178200,24.293,24.507,23.164,23.183,24.26893084606316,24.08332920037574,24.05588954151874,23.457886218347628,0,0,0,0,0,0,0.5655712386839177
1539264600,23.197,23.56,22.719,22.89,24.01821614677895,23.969678800339956,23.667259694345827,23.43561617056929,0,1,0,0,0,0,0.5852447216350664
1539351000,23.476,23.567,22.911,23.295,23.88672230191005,23.905423676498057,23.543173129563886,23.43010181093912,0,0,0,0,0,0,0.5917986700897044
1539610200,23.103,23.533,23.004,23.247,23.770409156108222,23.84271665968872,23.44444875304259,23.422921347765037,0,0,0,0,0,0,0.5873130507975828
1539696600,23.6,23.876,23.418,23.832,23.781607491361274,23.84169602543265,23.573632502028392,23.43896364785268,0,0,0,0,0,0,0.590290690026327
1539783000,23.974,23.974,23.392,23.717,23.769860674750134,23.829820213486684,23.62142166801893,23.4498670342114,1,0,0,0,0,0,0.5896984978815895
1539869400,23.543,23.682,22.65301,22.802,23.593886006613747,23.731932574107,23.348281112012618,23.42446048385017,0,1,0,0,0,0,0.6235764623186189
1539955800,23,23.109,22.693,22.828,23.454634005411247,23.64584375752538,23.17485407467508,23.401069876640356,0,0,0,0,0,0,0.6087495721530033
1540215000,23.056,23.243,22.804,22.862,23.346882368063746,23.571191971094393,23.07056938311672,23.379929881477988,0,0,0,0,0,0,0.596624602713503
1540301400,22.281,22.954,21.88227,22.905,23.266540119324883,23.507745116704452,23.01537958874448,23.36130518024356,0,0,0,0,0,0,0.6305607025196815
1540387800,22.64,22.641,21.784,21.871,23.012805552174903,23.351864629399266,22.633919725829653,23.30286183984185,0,0,0,0,0,0,0.665592080911133
1540474200,21.988,22.339,21.915,22.224,22.869386360870376,23.24444895040886,22.49727981721977,23.260553532397072,0,0,0,0,0,0,0.651478360846052
1540560600,21.557,21.734,20.92,21.315,22.586770658893943,23.060691907512776,22.10318654481318,23.184257315440323,0,0,0,0,0,0,0.6980870493570482
1540819800,21.619,21.869,20.823,21.15,22.325539630004137,22.878721249654415,21.78545769654212,23.104482518756388,0,1,0,0,0,0,0.7229379744029734
1540906200,21.378,22.156,21.1,22.101,22.284714242730658,22.80465255921114,21.890638464361412,23.06513026311888,0,0,0,0,0,0,0.7467281190884751
1540992600,22.5,22.567,22.171,22.349,22.296402562234174,22.761257077381508,22.043425642907607,23.03704672338873,0,0,0,0,0,0,0.7266761105821555
1541079000,22.516,23.423,22.372,22.988,22.42214755091887,22.782851641440413,22.358283761938406,23.035123322471524,1,0,0,0,0,0,0.7514849598262872
1541165400,22.533,22.597,21.775,22.077,22.359393450751803,22.715627675588944,22.264522507958937,22.99754985884519,0,0,0,0,0,0,0.7844503198386953
1541428200,21.902,22.11,21.371,22.009,22.29568555061511,22.64832980172333,22.17934833863929,22.958783197714006,0,1,0,0,0,0,0.7812038684216457
1541514600,22.03,22.916,21.972,22.825,22.391924541412365,22.665155534892538,22.39456555909286,22.953536797803654,0,0,0,0,0,0,0.7928321635343851
1541601000,23.199,23.529,22.921,23.44,22.582483715701027,22.738950245855154,22.743043706061908,22.97261378612508,0,0,0,0,0,0,0.7864870089962148
1541687400,23.271,24.262,23.271,24.025,22.844759403755386,22.86143117482133,23.17036247070794,23.01388383372802,1,0,0,0,0,0,0.8010950797821995
1541773800,23.5,23.902,23.254,23.899,23.036439512163497,22.960247253409776,23.413241647138626,23.048594271621038,0,0,0,0,0,0,0.798945431226328
1542033000,23.1,23.187,22.028,22.363,22.913995964497406,22.903366562608845,23.06316109809242,23.021708221753546,0,1,0,0,0,0,0.8755207575673047
1542119400,22.549,22.982,22.232,22.483,22.835633061861515,22.86333165188419,22.869774065394946,23.00058240913576,0,0,0,0,0,0,0.8665549891696401
1542205800,22.676,23.053,22.562,22.62,22.796427050613968,22.840157208847604,22.78651604359663,22.985657608777494,0,0,0,0,0,0,0.8453724899432373
1542292200,22.622,23.931,22.586,23.634,22.948713041411427,22.91576128419545,23.069010695731087,23.01108280059014,0,0,0,0,0,0,0.8810601692330062
1542378600,23.382,23.92,23.165,23.761,23.09640157933662,22.99626020951017,23.299673797154057,23.04049131821406,0,0,0,0,0,0,0.8720558714306489
1542637800,23.653,24.108,22.854,22.913,23.063055837639055,22.988330665747295,23.17078253143604,23.035491658676253,1,0,0,0,0,0,0.8993375948998884
1542724200,22.394,22.90765,22.258,22.771,23.009954776250137,22.967632507104696,23.037521687624025,23.02511943676738,0,1,0,0,0,0,0.8818849095498964
1542810600,23.022,23.331,22.751,23,23.00814481693193,22.970715125475678,23.025014458416017,23.02413436081572,0,0,0,0,0,0,0.8603217017249037
1542983400,22.758,23.269,22.758,22.99,23.004845759307944,22.97255178019228,23.013342972277343,23.02279575843079,0,0,0,0,0,0,0.8353701516016964
1543242600,23.422,23.815,23.155,23.531,23.1005101667065,23.02573732493587,23.18589531485156,23.042725336531543,0,0,0,0,0,0,0.8346294264872897
1543329000,23.358,23.837,23.242,23.583,23.18823559094168,23.078809960656265,23.318263543234373,23.063912578236188,0,0,0,0,0,0,0.8175130388810546
1543415400,23.65,23.8,23.162,23.522,23.248920028952284,23.12101853583186,23.38617569548958,23.081876790854377,0,0,0,0,0,0,0.8046906789609795
1543501800,23.427,23.863,23.276,23.578,23.30875275096096,23.16454058003835,23.450117130326387,23.101332602977735,0,0,0,0,0,0,0.7891413447494809
1543588200,23.54,23.828,23.339,23.741,23.387343159877148,23.219441477177554,23.54707808688426,23.12641759893939,0,0,0,0,0,0,0.7677026772673753
1543847400,24.52,24.704,24.147,24.207,23.53637167626312,23.31349466982731,23.76705205792284,23.168793379373138,1,0,0,0,0,0,0.7816524860339914
1543933800,24.049,24.113,23.158,23.204,23.475940462397098,23.303066606034232,23.579368038615225,23.17017403116243,0,0,0,0,0,0,0.8007487370315634
1544106600,22.624,22.725,21.761,22.724,23.339224014688536,23.247917405459543,23.294245359076818,23.15267701033253,0,1,0,0,0,0,0.8466238272435946
1544193000,23.405,23.828,22.45,22.856,23.251365102926986,23.21059193827292,23.14816357271788,23.14104261777047,0,0,0,0,0,0,0.8845792681547664
1544452200,22.795,24.032,22.651,23.925,23.37384417512208,23.278630801294547,23.40710904847859,23.17178604452457,0,0,0,0,0,0,0.9200378918579973
1544538600,24.346,25.034,24.342,24.684,23.612054325099884,23.412475486885544,23.832739365652394,23.23108855258243,0,0,0,0,0,0,0.9335351852967116
1544625000,25.244,26.019,25.2,25.498,23.954953538718087,23.61109686908692,24.387826243768263,23.319987040716452,0,0,0,0,0,0,0.9622112434898035
1544711400,25.846,26.15,25.458,25.83,24.29587107713298,23.82242097679293,24.86855082917884,23.418418921472668,0,0,0,0,0,0,0.9429104403833889
1544797800,25.536,26.159,25.463,25.483,24.511712699472437,23.98057135995551,25.07336721945256,23.499382885336484,1,0,0,0,0,0,0.9252739803560038
1545057000,25.399,26.132,25.308,25.413,24.675583117750175,24.11699313519784,25.186578146301706,23.57442669375466,0,0,0,0,0,0,0.9180401246162894
1545143400,25.508,25.559,24.881,24.967,24.72856800543196,24.197946169940902,25.113385430867805,23.629037411646635,0,0,0,0,0,0,0.9008944014294116
1545229800,24.9,25.593,24.252,24.389,24.666828368080694,24.216141772803674,24.871923620578535,23.658839866091864,0,0,0,0,0,0,0.9323305156130252
1545316200,24.44,24.85,23.845,24.189,24.579950482975114,24.213556842060466,24.644282413719022,23.67963045957846,0,0,0,0,0,0,0.9375211930692379
1545402600,24.189,25.17446,24.189,24.491,24.56377766788873,24.23997999995947,24.593188275812683,23.711448872928322,0,0,0,0,0,0,0.9409453935642923
1545661800,24.2,24.37,23.351,23.38,24.348545364636234,24.158077142820474,24.188792183875123,23.698450877911526,0,0,0,0,0,0,0.9551635797382715
1545834600,23.778,24.85,23.34954,24.814,24.433173480156917,24.22054598636138,24.397194789250083,23.74219790230715,0,1,0,0,0,0,0.9941133240426806
1545921000,24.5,25.123,24.214,25.085,24.55168739285566,24.30287494004125,24.626463192833388,23.794856808099027,0,0,0,0,0,0,0.9880338008967751
1546007400,25.3,25.806,25.116,25.359,24.69847150324554,24.40345827908494,24.87064212855559,23.856195756801025,0,0,0,0,0,0,0.9689599579755769
1546266600,25.783,25.85,25.095,25.428,24.831113048109987,24.50103368107685,25.05642808570373,23.91783513888726,1,0,0,0,0,0,0.9536771038344645
1546439400,24.885,25.47047,24.649,25.351,24.925637948453627,24.58198285430763,25.154618723802486,23.974037682460306,0,0,0,0,0,0,0.9442337392748598
1546525800,24.456,24.654,23.03327,23.096,24.59297650328024,24.440460677706902,24.46841248253499,23.939604832167745,0,1,0,0,0,0,1.0423406150409409
1546612200,23.429,23.645,23.167,23.323,24.362071684502016,24.334035851258626,24.086608321689994,23.915424250514107,0,0,0,0,0,0,1.0071019996808737
1546871400,23.365,24.024,23.076,23.798,24.25951319641074,24.282984817805424,23.99040554779333,23.910819377944925,0,0,0,0,0,0,1.002880428275097
1546957800,24.011,24.19,23.3368,23.607,24.14087443342697,24.218605311347766,23.862603698528886,23.89890489253532,0,0,0,0,0,0,0.99218896911259
1547044200,23.842,24.668,23.785,24.628,24.22944271825843,24.257595281695597,24.117735799019258,23.927496857533935,0,0,0,0,0,0,0.997104042747405
1547130600,24.557,25.0565,24.436,24.952,24.36081676948417,24.323729064391255,24.39582386601284,23.967673451356134,0,0,0,0,0,0,0.9702037539797332
1547217000,24.943,25.292,24.932,25.057,24.487395538668867,24.393564391592086,24.616215910675226,24.010392139538247,0,0,0,0,0,0,0.9266177715526096
1547476200,24.811,25.158,24.59,25.087,24.596414531638164,24.459605878107126,24.77314394045015,24.052612055634786,0,0,0,0,0,0,0.9010022164417091
1547562600,25.276,26.222,25.201,25.649,24.78779370770395,24.57288150876359,25.065095960300102,24.115215504433422,1,0,0,0,0,0,0.91771634383873
1547649000,25.72,25.735,25.136,25.17,24.857285760848686,24.629749936500392,25.100063973533402,24.156579602298777,0,0,0,0,0,0,0.8949508907073922
1547735400,25.006,25.735,24.872,25.533,24.980142895239833,24.715773752071783,25.244375982355603,24.210556872796865,0,1,0,0,0,0,0.8926686842282928
1547821800,25.913,26.194,25.7,26.082,25.180480550650774,24.845890537588755,25.523583988237068,24.28394679935385,1,0,0,0,0,0,0.8761209210691289
1548167400,25.8,25.946,25.4895,25.829,25.298393177805178,24.93952001019935,25.62538932549138,24.344537120947816,0,0,0,0,0,0,0.8558622838499055
1548253800,25.954,26.091,25.365,25.752,25.380867145476962,25.01689905684703,25.66759288366092,24.399731743655746,0,1,0,0,0,0,0.8465864064320553
1548340200,26.109,26.675,26,26.355,25.557982209935698,25.14433724190922,25.89672858910728,24.47640893017905,0,0,0,0,0,0,0.8520445202583372
1548426600,26.517,26.831,26.091,26.794,25.782712717220118,25.30144798077501,26.195819059404855,24.567294854485755,0,0,0,0,0,0,0.8440413402398844
1548685800,26.156,26.885,25.865,26.762,25.960764950452823,25.440548173082153,26.384546039603237,24.653361722937294,0,1,0,0,0,0,0.8566098159370358
1548772200,26.735,26.76,26.383,26.632,26.082807686734128,25.554019775645756,26.467030693068825,24.73095538086132,0,0,0,0,0,0,0.8224948290843904
1548858600,27,27.375,26.737,27.082,26.264479016418832,25.69954170177473,26.672020462045882,24.823153209062838,1,0,0,0,0,0,0.8168166270069338
1548945000,27.056,27.1,26.635,26.825,26.3663919225245,25.806728206367612,26.72301364136392,24.901657004785864,0,0,0,0,0,0,0.7916868679350099
1549031400,26.915,26.96,26.489,26.681,26.42359339115641,25.889992186713553,26.709009094242614,24.971435161460928,0,1,0,0,0,0,0.7687806630825091
1549290600,26.75,27.214,26.495,27.212,26.56694004730979,26.015897692740833,26.876672729495077,25.059300449246773,0,0,0,0,0,0,0.7652249014337583
1549377000,27.196,27.463,26.991,27,26.64567822052619,26.10962172200361,26.917781819663386,25.135406313982195,0,0,0,0,0,0,0.7442802656170614
1549463400,27.327,28,27.275,27.621,26.82300945315779,26.253562510384217,27.15218787977559,25.23288057617897,1,0,0,0,0,0,0.7625459609301285
1549549800,27.286,27.457,26.63,26.909,26.83864409803819,26.315985128442865,27.071125253183727,25.29861074966215,0,1,0,0,0,0,0.7788641065779764
1549636200,26.733,27.429,26.706,27.406,26.941799716576703,26.419796068591165,27.182750168789152,25.381253465361674,0,0,0,0,0,0,0.774873813250978
1549895400,27.44,27.6,27.328,27.572,27.05638158629003,26.529529776344386,27.312500112526102,25.46716509417102,0,0,0,0,0,0,0.7389542551616225
1549981800,27.865,28.039,27.706,27.939,27.216857661510023,26.66376503574016,27.521333408350735,25.56409979636039,0,0,0,0,0,0,0.7195289512215067
1550068200,28,28.216,27.797,28.132,27.38324717759911,26.803596937098238,27.72488893890049,25.664801765130573,0,0,0,0,0,0,0.6980625975628277
1550154600,28.06,28.284,27.895,28.15,27.522656781671998,26.93182580023174,27.86659262593366,25.762260519439177,0,0,0,0,0,0,0.6759866977369114
1550241000,28.409,28.409,27.87914,28.193,27.644537366822544,27.051937628781097,27.975395083955775,25.857583636323916,0,0,0,0,0,0,0.6655490764699892
1550586600,28.115,28.283,28.0155,28.166,27.73934875467299,27.158038806992423,28.038930055970518,25.948109768232783,0,0,0,0,0,0,0.6371169995792758
1550673000,28.325,28.6625,28.22781,28.342,27.84892170836881,27.270797015850288,28.13995337064701,26.04198781653738,1,0,0,0,0,0,0.6270729281807562
1550759400,28.324,28.335,27.893,28.094,27.8934813977563,27.34919730005502,28.12463558043134,26.12245888255552,0,0,0,0,0,0,0.6143534333107021
1550845800,27.995,28,27.466,27.65,27.8492120527097,27.377845176240257,27.966423720287562,26.18236245578864,0,0,0,0,0,0,0.6153281880742235
1551105000,28.078,28.083,27.848,27.86,27.85117349767157,27.423764683264995,27.930949146858374,26.24815216340477,0,0,0,0,0,0,0.6023047460689218
1551191400,27.793,27.801,27.445,27.5,27.787323770822194,27.43102518962071,27.787299431238917,26.297244235428114,0,0,0,0,0,0,0.5889258356354273
1551277800,27.322,27.51,26.958,27.149,27.671264903399976,27.40416564775207,27.574532954159277,26.33064642227407,0,0,0,0,0,0,0.5862882759471828
1551364200,26.997,27.5709,26.863,27.536,27.646671284599982,27.41672130034711,27.561688636106187,26.37791519002803,0,1,0,0,0,0,0.5949748276652412
1551450600,27.773,27.81619,27.113,27.275,27.579094687399984,27.403224033647383,27.466125757404125,26.41309498649752,0,0,0,0,0,0,0.6027044828320097
1551709800,27.5,27.658,27.086,27.489,27.56271383514544,27.411393173300013,27.473750504936085,26.455287339968205,0,0,0,0,0,0,0.6005113054868664
1551796200,27.55,28.044,27.453,27.701,27.587856774209907,27.43897477584287,27.549500336624057,26.504138816832196,1,0,0,0,0,0,0.5998319265235189
1551882600,27.666,27.693,27.048,27.135,27.505519178899014,27.410024797191166,27.411333557749373,26.52887847107407,0,0,0,0,0,0,0.6036296460575533
1551969000,27.018,27.0335,26.408,26.551,27.331970237281013,27.328212911744387,27.124555705166248,26.52974598201234,0,0,0,0,0,0,0.6124418141962995
1552055400,26.156,26.476,25.92,26.419,27.165975648684466,27.241621205863968,26.889370470110833,26.525403002325582,0,1,0,0,0,0,0.6137673988965636
1552311000,26.489,27.055,26.405,26.906,27.118707348923653,27.20965728149597,26.894913646740555,26.540328374783403,0,0,0,0,0,0,0.6163554418325232
1552397400,26.976,27.003,26.427,26.963,27.090396921846626,27.18616611182969,26.917609097827036,26.556903732635035,0,0,0,0,0,0,0.6134729102730574
1552483800,27.051,27.308,26.902,27.121,27.095961117874513,27.179959815464958,26.985406065218022,26.579025154884643,0,0,0,0,0,0,0.5986534166821247
1552570200,27.209,27.226,26.78909,26.82,27.045786369170056,27.14567792827782,26.930270710145347,26.588475148810737,0,0,0,0,0,0,0.5871003154905442
1552656600,28.646,29.95479,28.35,29.029,27.40637066568459,27.325041935108505,27.6298471400969,26.68418200572012,0,0,0,0,0,0,0.7690781500983623
1552915800,29.023,29.698,29.021,29.384,27.76593963556012,27.521133179383884,28.2145647600646,26.790057221182078,0,0,0,0,0,0,0.7625011393770507
1553002200,29.416,30.098,29.411,29.931,28.15958697454919,27.750644305156847,28.786709840043066,26.91323144780239,1,0,0,0,0,0,0.7590367722786898
1553088600,29.8,29.9,29.029,29.103,28.331116615540246,27.8794400856181,28.892139893362046,26.999104724359157,0,0,0,0,0,0,0.7692484314016407
1553175000,29.188,29.937,29.1,29.68,28.576368139987473,28.0509219822259,29.15475992890803,27.104237872423504,0,0,0,0,0,0,0.7740878291586663
1553261400,29.592,29.64368,29.14,29.265,28.70157393271702,28.166548460109148,29.191506619272023,27.188973642132385,0,0,0,0,0,0,0.7573672699330471
1553520600,29.22,29.418,28.9002,29.216,28.79510594495029,28.26649622581304,29.199671079514683,27.268464871852682,0,1,0,0,0,0,0.7402553220806866
1553607000,29.437,29.947,29.42255,29.703,28.960177591322964,28.40330610906894,29.367447386343123,27.36393683766238,0,0,0,0,0,0,0.7395942276463517
1553693400,29.757,29.868,29.246,29.597,29.075963483809698,28.516991241538566,29.443964924228748,27.451507942067778,0,0,0,0,0,0,0.7311946399573266
1553779800,29.711,30.33,29.567,29.907,29.227061032207935,28.6493730280587,29.59830994948583,27.547801748261197,0,0,0,0,0,0,0.733466451388946
1553866200,30.122,30.26744,29.828,30.071,29.3805044808974,28.784766073005493,29.75587329965722,27.646750699309777,0,0,0,0,0,0,0.7124645620040214
1554125400,30.311,30.675,29.975,30.579,29.598412757097872,28.95564549462402,30.030248866438146,27.761740867964296,0,0,0,0,0,0,0.7115742361465912
1554211800,30.616,30.735,30.261,30.305,29.726883164898258,29.08415544751697,30.12183257762543,27.86147652020099,0,0,0,0,0,0,0.6946046478504061
1554298200,30.622,30.74,30.182,30.42,29.85290440764403,29.21137873822964,30.221221718416952,27.961810774310756,1,0,0,0,0,0,0.6848471730039485
1554384600,30.475,30.6,30.167,30.2,29.916012697163296,29.30553314411253,30.214147812277968,28.049582900808375,0,1,0,0,0,0,0.6668580892179522
1554471000,30.4,30.444,30.18,30.428,30.00910129767906,29.412434749435146,30.28543187485198,28.1428541596002,0,0,0,0,0,0,0.6380825114166698
1554730200,30.414,30.53,30.19975,30.448,30.088901061737413,29.511060011393702,30.33962124990132,28.23325203569431,0,0,0,0,0,0,0.6160944748869077
1554816600,30.258,30.411,30.029,30.345,30.135464505057882,29.590482867451446,30.34141416660088,28.316065681353358,0,1,0,0,0,0,0.6020162981092715
1554903000,30.36,30.777,30.3,30.751,30.247380049592813,29.701008308646546,30.477942777733922,28.411553301692443,0,0,0,0,0,0,0.5930865625300379
1554989400,30.815,31.019,30.623,30.941,30.373492767848663,29.819102755442113,30.632295185155947,28.510747289861367,0,0,0,0,0,0,0.5790089509207493
1555075800,31.135,31.744,31.057,31.703,30.615221355512542,29.9985215406381,30.989196790103964,28.635933670651117,0,0,0,0,0,0,0.5950083115692674
1555335000,31.703,31.752,31.3165,31.64,30.801544745419353,30.15485282248209,31.206131193402644,28.75374019337068,0,0,0,0,0,0,0.583614860742891
1555421400,32,32.001,31.61,31.85,30.992172973524927,30.31629541081713,31.420754128935098,28.87516214657183,0,0,0,0,0,0,0.569856656404113
1555507800,32.024,32.094,31.784,32.053,31.185050614702213,30.481695847882165,31.631502752623398,28.99978323886313,0,0,0,0,0,0,0.5512954666609622
1555594200,32.104,32.24458,31.816,31.862,31.30813232111999,30.6131533861791,31.708335168415598,29.11202703341752,1,0,0,0,0,0,0.5425300761851791
1555939800,31.732,31.789,31.42,31.5,31.343017353643628,30.697614968447756,31.638890112277064,29.20567303210703,0,0,0,0,0,0,0.535349356457666
1556026200,31.676,31.809,31.419,31.564,31.383196016617514,30.78012782859559,31.613926741518043,29.298156442612637,0,0,0,0,0,0,0.5249672595678327
1556112600,31.458,31.7005,31.319,31.433,31.39225128632342,30.842306130634103,31.553617827678696,29.381875797804298,0,0,0,0,0,0,0.5147195981701306
1556199000,31.295,31.295,30.657,31.182,31.354023779719164,30.87465792771657,31.429745218452464,29.452468903772758,0,0,0,0,0,0,0.5333824840151212
1556285400,30.915,31.095,30.511,31.041,31.29711036522477,30.8905000298388,31.300163478968308,29.514764240879707,0,1,0,0,0,0,0.5432123065854697
1556544600,31.124,31.467,31.044,31.272,31.29254484427481,30.926833360330345,31.29077565264554,29.583675447119717,0,0,0,0,0,0,0.5348399989722218
1556631000,31.332,31.842,31.253,31.84,31.392082145315754,31.013801611727455,31.473850435097027,29.672158762918944,0,0,0,0,0,0,0.5387085704742058
1556717400,32.05,32.32,31.86861,31.89,31.482612664349254,31.097249077277223,31.612566956731353,29.759132929078984,1,0,0,0,0,0,0.5345151011546198
1556803800,31.998,32.2185,31.423,31.582,31.500683089013027,31.14341583182225,31.602377971154237,29.830617912252357,0,0,0,0,0,0,0.5531568796435755
1556890200,31.495,31.665,31.069,31.571,31.51346798191975,31.184138133553464,31.59191864743616,29.898868190203245,0,0,0,0,0,0,0.5562171025261773
1557149400,30.679,31.193,30.535,31.157,31.448655621570705,31.181553549405514,31.44694576495744,29.948206692548215,0,0,0,0,0,0,0.5904873094885933
1557235800,30.865,30.9615,30.373,30.729,31.317809144921487,31.138453211366894,31.207630509971626,29.978826037938482,0,0,0,0,0,0,0.6043096445251221
1557322200,30.53,30.766,30.311,30.339,31.13984384584485,31.06231481028433,30.91808700664775,29.992950507038934,0,0,0,0,0,0,0.5936446699161847
1557408600,30,30.585,29.68501,30.406,31.006417692054878,30.9998086378763,30.747391337765166,30.00914852637074,0,0,0,0,0,0,0.615526479207886
1557495000,30.323,30.5405,29.666,30.396,30.89543265713581,30.942303053316653,30.630260891843445,30.02431917239542,0,0,0,0,0,0,0.6340245878358941
1557754200,29.382,29.568,28.82,29.338,30.612263083111117,30.789512286334116,30.199507261228963,29.99740469504658,0,1,0,0,0,0,0.701308545847616
1557840600,29.569,30.46,29.548,30.2,30.537306158909097,30.7333682590642,30.199671507485974,30.005349608966323,0,0,0,0,0,0,0.7313579354299292
1557927000,30.027,30.777,29.86139,30.437,30.51906867547108,30.705142710581896,30.27878100499065,30.02227707528137,1,0,0,0,0,0,0.7445187971849343
1558013400,29.975,30.31,29.47,29.729,30.37541982538543,30.612176738145525,30.095520669993764,30.01077601350563,0,0,0,0,0,0,0.7604103116717249
1558099800,29.278,29.357,28.841,28.989,30.12334349349717,30.45758847736976,29.72668044666251,29.970706365917174,0,0,0,0,0,0,0.76952386083803
1558359000,27.8,27.995,26.864,27.259,29.602553767406775,30.152961003334546,28.904120297775005,29.864364939802776,0,1,0,0,0,0,0.866343585063885
1558445400,27.709,27.978,27.465,27.533,29.226271264241905,29.903440907778876,28.44708019851667,29.77293886373208,0,0,0,0,0,0,0.8558190432736075
1558531800,27.048,27.506,26.897,26.922,28.80731285256156,29.61949415465708,27.938720132344447,29.661137339664155,0,0,0,0,0,0,0.8401176830397786
1558618200,26.458,26.549,25.817,26.009,28.298528697550367,29.275637568499263,27.29548008822963,29.517916267520462,0,0,0,0,0,0,0.8590378485369373
1558704600,26.27,26.574,25.574,25.594,27.806796207086663,28.92500541911838,26.728320058819754,29.364037198205935,0,0,0,0,0,0,0.8691065736414417
1559050200,25.657,25.773,25.009,25.448,27.377924169434543,28.593862045869013,26.301546705879836,29.21046711200178,0,1,0,0,0,0,0.8615989612384816
1559136600,25.274,25.637,25.158,25.412,27.020483411355535,28.29082756531006,26.005031137253223,29.061507617413476,0,0,0,0,0,0,0.8342704640071614
1559223000,25.466,25.734,25.412,25.662,26.77348642747271,28.04046303528053,25.89068742483548,28.928193593201183,0,0,0,0,0,0,0.7976797165780786
1559309400,25.304,25.5735,25.1,25.164,26.480852531568583,27.766514174777623,25.648458283223654,28.780578158173686,0,1,0,0,0,0,0.7808454511082157
1559568600,25.255,25.833,25.12,25.318,26.269424798556113,27.533322348608326,25.538305522149102,28.644790779421776,0,0,0,0,0,0,0.7759993474576287
1559655000,25.696,26.6,25.576,26.57,26.324074835182273,27.441577363026582,25.882203681432735,28.563426435130726,0,0,0,0,0,0,0.8121422512106552
1559741400,26.901,27.151,26.24,26.572,26.369152137876405,27.358760471309765,26.112135787621824,28.485331280811874,0,0,0,0,0,0,0.8192035189813228
1559827800,26.702,27.5,26.528,27.279,26.534579021898878,27.35116423594693,26.501090525081217,28.43802417176043,0,0,0,0,0,0,0.8301175533397999
1559914200,27.478,27.78744,27.328,27.487,26.70774647246272,27.364100975380556,26.82972701672081,28.400729106201197,0,0,0,0,0,0,0.8071405852440999
1560173400,27.673,28.477,27.672,28.021,26.94651984110586,27.426662787249075,27.226818011147206,28.385837768703112,0,0,0,0,0,0,0.8202019720123787
1560259800,29.049,29.175,27.94126,28.348,27.20133441545025,27.51440918846345,27.600545340764803,28.384353934636323,1,0,0,0,0,0,0.8497404025829232
1560346200,28.167,28.316,27.741,27.973,27.34163724900475,27.558084503847883,27.724696893843202,28.36822240778784,0,0,0,0,0,0,0.8324018023984286
1560432600,28.152,28.289,27.741,28.161,27.49061229464025,27.615505027290943,27.870131262562136,28.360096038854984,0,0,0,0,0,0,0.8120873879413981
1560519000,25.811,26.809,25.747,26.593,27.327410059251115,27.51812359612038,27.44442084170809,28.29079815497832,0,1,0,0,0,0,0.9265097173741556
1560778200,26.484,26.87,26.134,26.597,27.194608230296367,27.43039753934701,27.161947227805395,28.224374697920346,0,0,0,0,0,0,0.9129018804188588
1560864600,26.815,28.302,26.64615,27.805,27.305588552060666,27.466073964171102,27.376298151870262,28.207928631335236,0,0,0,0,0,0,0.9694803175317973
1560951000,27.878,27.907,27.371,27.749,27.386208815322362,27.49301930091671,27.50053210124684,28.1899314301064,0,0,0,0,0,0,0.9385174377080976
1561037400,28.251,28.545,27.716,27.905,27.48053448526375,27.532255557972263,27.63535473416456,28.1787576485336,1,0,0,0,0,0,0.9306947635860906
1561123800,27.661,28.1,27.396,27.399,27.465710033397613,27.519564552451094,27.556569822776375,28.14817891721856,0,0,0,0,0,0,0.9145022804727985
1561383000,27.552,27.945,27.5,27.92,27.548308209143503,27.557701261741467,27.67771321518425,28.139230724386458,0,0,0,0,0,0,0.8881806890104558
1561469400,27.916,28.288,27.602,27.651,27.566979443844684,27.566586855861328,27.668808810122833,28.120084421469343,0,0,0,0,0,0,0.8737392112239946
1561555800,27.858,28.403,27.81,28.144,27.67189227223656,27.621578583874534,27.82720587341522,28.121022287294075,0,0,0,0,0,0,0.8650435532794234
1561642200,28.293,28.845,28.223,28.571,27.835366404557185,27.711999671124577,28.07513724894348,28.138668472106072,0,0,0,0,0,0,0.8533261566166075
1561728600,28.786,28.93,28.482,28.786,28.00820887645588,27.81428541673176,28.312091499295654,28.16405402221956,0,0,0,0,0,0,0.8243742882868499
1561987800,30.168,30.575,29.6325,30.035,28.3767163534639,28.025782043709686,28.88639433286377,28.237424452720752,1,0,0,0,0,0,0.8932761248377891
1562074200,29.888,30.067,29.39,29.533,28.586949743743194,28.169326610975432,29.101929555242513,28.288231336927783,0,0,0,0,0,0,0.8778278302065184
1562160600,28.37,28.878,28.3015,28.489,28.56914069942625,28.19977169564444,28.89761970349501,28.296104617832576,0,0,0,0,0,0,0.90309012804891
1562333400,28.365,28.544,28.197,28.266,28.514024208621475,28.20607915320211,28.687079802330008,28.29492404458424,0,0,0,0,0,0,0.8633694046168451
1562592600,28,28.11851,27.439,27.496,28.328928897963024,28.138452567182863,28.290053201553338,28.26359368989466,0,0,0,0,0,0,0.8607715900013561
1562679000,27.345,27.598,27.241,27.553,28.187850916515202,28.082695179832115,28.04436880103556,28.235727270683103,0,1,0,0,0,0,0.8247879050012592
1562765400,27.786,27.88,27.4,27.45,28.05369620442153,28.02243849603858,27.84624586735704,28.20491443653867,0,0,0,0,0,0,0.8001601975011693
1562851800,27.524,27.74523,27.295,27.606,27.972296894526707,27.982777686892046,27.76616391157136,28.181427595890092,0,0,0,0,0,0,0.7751651833939428
1562938200,27.638,28.593,27.638,28.539,28.07533382279458,28.035751240521375,28.023775941047575,28.19545004311009,0,0,0,0,0,0,0.7902962417229468
1563197400,29.11035,29.449,28.727,28.834,28.21327312774102,28.111774931900293,28.29385062736505,28.220491217890086,1,0,0,0,0,0,0.7988465101713078
1563283800,28.699,28.779,28.23914,28.413,28.249587104515378,28.140463033624073,28.333567084910033,28.228040581894398,0,0,0,0,0,0,0.7842760451590716
1563370200,28.556,28.729,28.319,28.508,28.296571267330762,28.175466554231303,28.39171138994002,28.239019382604422,0,0,0,0,0,0,0.7575420419334237
1563456600,28.618,29.03,28.38,28.978,28.42046740054335,28.25189831097118,28.58714092662668,28.26799901465915,0,0,0,0,0,0,0.7498604675096079
1563543000,29.183,29.316,28.953,29,28.525836964080924,28.323146090878684,28.72476061775112,28.296704935652908,0,0,0,0,0,0,0.7222275769732073
1563802200,29.3,29.999,29.224,29.615,28.7238666069753,28.446179796509284,29.021507078500747,28.348402781313577,0,0,0,0,0,0,0.7419970357608353
1563888600,29.95,30.236,29.921,30.078,28.970072678434335,28.60159124446078,29.373671385667166,28.41623012322285,0,0,0,0,0,0,0.7333543903493472
1563975000,30.12,30.488,30.05,30.377,29.225877645991726,28.770677792607373,29.708114257111443,28.49312305956705,1,0,0,0,0,0,0.7122576481815367
1564061400,30.213,30.213,29.94,30.039,29.37371807399323,28.891470383787624,29.818409504740963,28.553745684682067,0,0,0,0,0,0,0.692596387597141
1564147800,30.159,30.3015,30.053,30.092,29.504314787812643,29.005806537712612,29.909606336493976,28.614069383321986,0,0,0,0,0,0,0.6618752170544882
1564407000,30.123,30.255,29.69576,30.174,29.62607573548307,29.11706305793046,29.99773755766265,28.675243132995632,0,0,0,0,0,0,0.6545441301220246
1564493400,29.909,30.093,29.71,29.956,29.68606196539524,29.196961814318033,29.983825038441765,28.725468892486,0,0,0,0,0,0,0.6409338351133085
1564579800,30.003,30.083,28.667,28.999,29.56114160805065,29.178108308192506,29.655550025627843,28.736195602584587,0,0,0,0,0,0,0.6962957040337862
1564666200,28.913,29.782,28.232,28.534,29.37438858840508,29.11676465979322,29.281700017085228,28.728266363267544,0,0,0,0,0,0,0.7572745823170871
1564752600,28.207,28.384,27.591,27.853,29.09777248142234,28.996406120765293,28.80546667805682,28.693942192159014,0,0,0,0,0,0,0.7705406835801522
1565011800,27.195,27.224,26.408,26.766,28.67381384843646,28.78398649021622,28.12564445203788,28.618336615995915,0,0,0,0,0,0,0.8187163490387127
1565098200,27.013,27.218,26.456,26.644,28.304756785084376,28.580178253052768,27.631762968025253,28.540911650662743,0,0,0,0,0,0,0.8146651812502332
1565184600,26.403,27.2722,26.3,27.005,28.06843736961449,28.430161276571553,27.4228419786835,28.48067982122499,0,0,0,0,0,0,0.8259176683037881
1565271000,27.038,27.25599,26.25,27.098,27.891994211502762,28.30328877404093,27.314561319122333,28.426457083137734,0,1,0,0,0,0,0.8387799777106605
1565357400,26.958,28.055,26.958,27.573,27.833995263956805,28.23373746222751,27.400707546081556,28.392988177916646,0,0,0,0,0,0,0.857224265017042
1565616600,27.338,27.821,27.254,27.564,27.78490521596466,28.169952942015364,27.45513836405437,28.360478837606188,0,0,0,0,0,0,0.8364939603729675
1565703000,27.53,28.55,27.203,28.37,27.891286085789268,28.189005042775804,27.760092242702914,28.360852216523593,1,0,0,0,0,0,0.8729586774891842
1565789400,27.879,28.01525,27.038,27.156,27.757597706554854,28.09062361013049,27.55872816180194,28.313603109993256,0,0,0,0,0,0,0.9057473433828139
1565875800,27.2,27.278,26.485,26.864,27.595125396272152,27.973802313927585,27.32715210786796,28.256755929209206,0,1,0,0,0,0,0.8976939617126128
1565962200,27.215,27.575,27.198,27.378,27.555648051495396,27.917059236410672,27.344101405245308,28.22229491237747,0,0,0,0,0,0,0.8843586787331404
1566221400,27.95,28.0065,27.56125,27.878,27.61425749667805,27.913339309133466,27.522067603496872,28.208793151107766,0,0,0,0,0,0,0.8660830588236303
1566307800,27.816,28.4955,27.701,28.037,27.691119770009312,27.925116517787423,27.693711735664582,28.202056164789816,0,0,0,0,0,0,0.860969983193371
1566394200,28.464,28.826,28.405,28.75,27.88364344818944,28.003676849426714,28.04580782377639,28.22354415832747,0,0,0,0,0,0,0.8558292701081304
1566480600,28.839,28.941,28.455,28.762,28.043344639427723,28.075898101862265,28.28453854918426,28.24466007368718,1,0,0,0,0,0,0.8294128936718355
1566567000,28.399,28.548,27.105,27.213,27.8923728868045,27.993717330256334,27.927359032789507,28.204202815895524,0,1,0,0,0,0,0.8885262584095616
1566826200,27.695,27.795,27.5,27.722,27.861395998294594,27.96783948927954,27.85890602185967,28.18529290154668,0,0,0,0,0,0,0.8666315256660215
1566912600,27.915,28.022,27.491,27.557,27.80605127133194,27.928711918871965,27.75827068123978,28.160653964231127,0,0,0,0,0,0,0.8426578452613056
1566999000,27.433,27.641,27.047,27.606,27.76967831290795,27.897977450407968,27.707513787493188,28.138902828378924,0,1,0,0,0,0,0.8248965705997836
1567085400,28.149,28.549,28.105,28.337,27.87282771056105,27.939789121797684,27.91734252499546,28.146671344913084,0,0,0,0,0,0,0.833332529842656
1567171800,28.536,28.59,27.99,28.264,27.943949945004498,27.970666348293143,28.032895016663637,28.151272468641984,1,0,0,0,0,0,0.8166659205681807
1567517400,28,28.085,27.093,27.405,27.84595904591277,27.916793362741416,27.823596677775758,28.122006881636416,0,1,0,0,0,0,0.8419754976704533
1567603800,27.879,28.435,27.82,28.302,27.92887558301954,27.953479709146997,27.983064451850506,28.129065435297733,0,0,0,0,0,0,0.8554058192654208
1567690200,28.836,29.368,28.8355,29.102,28.14217093156144,28.06286259399014,28.356042967900336,28.167219731952724,0,0,0,0,0,0,0.8704482607464621
1567776600,29.185,29.33,28.93,29.191,28.332867125822997,28.170304251705364,28.634361978600225,28.207367977758498,0,0,0,0,0,0,0.8368448135502861
1568035800,29.5,29.72,29.04,29.261,28.501618557491543,28.274180037257235,28.843241319066816,28.2486868805915,0,0,0,0,0,0,0.8256416125824085
1568122200,29.135,29.445,28.882,29.444,28.672960637947625,28.385591462280356,29.04349421271121,28.295561904882028,0,1,0,0,0,0,0.8068814973979508
1568208600,29.632,29.878,29.455,29.801,28.87805870377533,28.520392275396514,29.29599614180747,28.35459869292587,0,0,0,0,0,0,0.7802471047266686
1568295000,30.143,30.233,29.647,30.058,29.092593484907088,28.666831106311133,29.54999742787165,28.421398744183676,1,0,0,0,0,0,0.7663723115319067
1568381400,29.765,29.799,28.389,29.032,29.081576487651255,28.701609096186264,29.3773316185811,28.445343891470593,0,0,0,0,0,0,0.8308457178510562
1568640600,28.68,29.027,28.57,28.866,29.042380762623754,28.717265372739952,29.20688774572073,28.461840209452138,0,0,0,0,0,0,0.8044995951474093
1568727000,28.802,28.93,28.375,28.883,29.013402442146706,28.733049622955196,29.09892516381382,28.4783562796697,0,1,0,0,0,0,0.786678195494023
1568813400,28.849,29.0755,28.388,28.774,28.96987472539276,28.736949658864226,28.990616775875882,28.489950151055204,0,0,0,0,0,0,0.7795940386730214
1568899800,28.85,29.1945,28.723,29.064,28.986988411684987,28.768097310400968,29.01507785058392,28.512461909837352,1,0,0,0,0,0,0.7575873216249486
1568986200,28.767,28.84,28.182,28.426,28.884990518651353,28.735516614172305,28.818718567055946,28.509071246706476,0,0,0,0,0,0,0.7664739415088809
1569245400,28.362,28.716,28.208,28.546,28.82335587889656,28.71746741282256,28.727812378037296,28.510519433110144,0,0,0,0,0,0,0.7480115171153896
1569331800,28.732,28.89,27.975,28.231,28.715654810006278,28.671137183029938,28.562208252024863,28.499557886713667,1,0,0,0,0,0,0.7599392658928618
1569418200,27.175,27.721,27,27.577,28.50862666273241,28.566933641788992,28.23380550134991,28.46337914605823,0,1,0,0,0,0,0.7935864611862289
1569504600,27.526,27.866,27.268,27.691,28.359967269508335,28.483511390190042,28.052870334233273,28.433089767781436,0,0,0,0,0,0,0.7796159996729267
1569591000,27.663,28.12769,27.296,27.414,28.18797322050682,28.381653162552894,27.839913556155516,28.393125463162555,1,0,0,0,0,0,0.7833355711248606
1569850200,27.579,27.672,27.25,27.607,28.082341725869217,28.30787667088119,27.762275704103676,28.36229701362677,0,0,0,0,0,0,0.7575258874730849
1569936600,27.827,27.965,27.33824,27.485,27.973734139347542,28.2295074641306,27.66985046940245,28.327893209170817,0,0,0,0,0,0,0.7481854669392931
1570023000,27.346,27.38,26.832,27.007,27.797964295829807,28.113078181832446,27.448900312934967,28.276093475477843,0,0,0,0,0,0,0.7413865050150578
1570109400,27,27.45,26.722,27.443,27.73342533295166,28.049261212134116,27.446933541956646,28.243423143106163,0,1,0,0,0,0,0.7404303260854107
1570195800,27.849,28.17,27.52,28.143,27.807893454233177,28.05818871574039,27.678955694637764,28.239484980631413,1,0,0,0,0,0,0.7394710170793101
1570455000,28.001,28.102,27.57,27.608,27.771549189827144,28.01531359995559,27.655303796425176,28.214720863743906,0,0,0,0,0,0,0.7275802301450737
1570541400,27.406,27.49,26.891,27.033,27.637267518949482,27.921759923769343,27.447869197616786,28.16837886908728,0,1,0,0,0,0,0.7268244994204257
1570627800,27.368,27.491,27.202,27.315,27.57867342459503,27.86397326436274,27.403579465077858,28.134913031083858,0,0,0,0,0,0,0.7076227494618238
1570714200,27.456,27.878,27.3655,27.445,27.554369165577754,27.824071048709147,27.417386310051906,28.107857618100176,0,0,0,0,0,0,0.6972925530716935
1570800600,27.949,28.408,27.909,28.091,27.65193840819998,27.84949285359399,27.641924206701272,28.107196535037424,0,0,0,0,0,0,0.7162716564237154
1571059800,28.042,28.265,27.988,28.166,27.745404152163623,27.879636391346942,27.81661613780085,28.109502553271252,0,0,0,0,0,0,0.6848951095363072
1571146200,28.264,29.062,28.22,29.032,27.979330669952056,27.989385306456757,28.221744091867233,28.145678923731204,0,0,0,0,0,0,0.6999740302837137
1571232600,28.9,29.01,28.654,28.848,28.13727054814259,28.071158134413256,28.43049606124482,28.173220926722138,0,0,0,0,0,0,0.6769758852634485
1571319000,29.014,29.1715,28.832,28.943,28.283766812116667,28.154190693040565,28.601330707496547,28.203408341360486,0,0,0,0,0,0,0.652870464887488
1571405400,28.95,28.994,28.4,28.673,28.35453648264091,28.20360110322718,28.625220471664363,28.22182370052282,0,1,0,0,0,0,0.6486654316812389
1571664600,28.844,29.19,28.706,28.957,28.464075303978927,28.275353379110303,28.735813647776244,28.250654143639572,1,0,0,0,0,0,0.639260757989722
1571751000,28.959,29.086,28.724,28.746,28.515334339619123,28.320176866814084,28.739209098517495,28.27007947133998,0,0,0,0,0,0,0.6194564181333132
1571837400,28.296,28.354,27.876,28.032,28.42745536877928,28.29273145092703,28.503472732344996,28.26074302148351,0,0,0,0,0,0,0.6373523882666479
1571923800,28.289,28.35,27.87,28.231,28.391736210819413,28.286852265124455,28.412648488229998,28.259576628484158,0,1,0,0,0,0,0.6261129319618873
1572010200,28.326,29.137,28.32231,28.982,28.49905689976134,28.35305681130308,28.602432325486664,28.287906956778897,0,0,0,0,0,0,0.646104865393181
1572269400,29.116,29.248,28.832,29.155,28.618319281622913,28.42943235308374,28.786621550324444,28.321910605532665,0,0,0,0,0,0,0.6296688035793824
1572355800,29.228,29.37,28.807,28.816,28.654261230418747,28.466248319456717,28.796414366882964,28.34128666021766,0,0,0,0,0,0,0.6249067461808552
1572442200,29.001,29.097,28.652,29.024,28.721486461251704,28.519367527127507,28.872276244588644,28.368059732365985,0,1,0,0,0,0,0.6120562643107942
1572528600,28.98,29.408,28.78,29.285,28.82394346829685,28.592284905496317,29.009850829725764,28.404018174233986,0,0,0,0,0,0,0.613195102574309
1572615000,29.299,29.659,29.209,29.659,28.975771928606513,28.693876819258573,29.226233886483843,28.453233147793437,0,0,0,0,0,0,0.6015383095332868
1572877800,29.952,30.546,29.91001,30.5,29.25290430522351,28.865888550757756,29.65082259098923,28.533498514546636,0,0,0,0,0,0,0.6219284302809093
1572964200,30.5,31.678,30.447,31.404,29.64401261336469,29.107613450685587,30.235215060659485,28.64606720025069,0,0,0,0,0,0,0.6654335424037016
1573050600,31.206,31.428,30.871,31.316,29.948010320025656,29.31793597919172,30.59547670710632,28.750770447299683,0,0,0,0,0,0,0.6576882893748659
1573137000,31.558,31.95,31.065,31.174,30.170917534566446,29.494703981173462,30.78831780473755,28.8457990572095,1,0,0,0,0,0,0.6739248401338039
1573223400,30.987,31.36,30.513,31.341,30.38365980100891,29.67054169725218,30.972545203158365,28.943650074573835,0,1,0,0,0,0,0.6862873515528178
1573482600,31.12,31.324,31.084,31.275,30.545721655370926,29.82334724989483,31.073363468772243,29.03507556184545,0,0,0,0,0,0,0.6556239692990452
1573569000,31.4,31.6405,31.3257,31.553,30.72886317257621,29.98807608323818,31.23324231251483,29.133817696675038,1,0,0,0,0,0,0.6349008286348277
1573655400,31.248,31.5705,31.2,31.367,30.84488805028963,30.11940217054883,31.27782820834322,29.221393473276017,0,0,0,0,0,0,0.6160150551609114
1573741800,31.075,31.18374,30.611,30.897,30.85436295023697,30.193459106687037,31.15088547222881,29.287103533147544,0,1,0,0,0,0,0.6260139797922749
1573828200,31.227,31.306,31.0075,31.291,30.933751504739337,30.29798681081208,31.19759031481921,29.36568770831823,0,0,0,0,0,0,0.610512981235684
1574087400,31.182,31.341,30.803,31.107,30.96525123115037,30.375035685972836,31.167393543212807,29.43397446485477,0,0,0,0,0,0,0.6053334825759923
1574173800,31.665,32.567,31.665,31.77,31.111569189123028,30.5078894301659,31.36826236214187,29.52558330937027,1,0,0,0,0,0,0.6663810909634214
1574260200,31.59,31.683,30.9,31.167,31.121647518373386,30.570661865388196,31.30117490809458,29.58995259135575,0,0,0,0,0,0,0.6809252987517486
1574346600,31.114,31.57,30.98,31.525,31.194984333214588,30.661551211541703,31.375783272063053,29.665836803459445,0,0,0,0,0,0,0.6744306345551951
1574433000,31.664,31.948,31.371,31.492,31.248987181721027,30.740641572347254,31.414522181375368,29.737451046461036,0,0,0,0,0,0,0.6674713035155385
1574692200,31.661,32.01842,31.627,31.962,31.378625875953567,30.8569614225999,31.59701478758358,29.82468826032531,1,0,0,0,0,0,0.6573962104072857
1574778600,31.9,32.018,31.605,31.627,31.423784807598373,30.930298429971337,31.607009858389052,29.89536715207726,0,0,0,0,0,0,0.6399393382353367
1574865000,31.794,31.994,31.647,31.844,31.500187569853214,31.017317627116924,31.68600657225937,29.971784126505604,0,0,0,0,0,0,0.620443671218527
1575037800,31.685,31.779,31.5,31.621,31.522153466243537,31.07481118643912,31.66433771483958,30.0364592587995,0,0,0,0,0,0,0.6006976947029179
1575297000,31.772,31.793,31.056,31.072,31.440307381471985,31.0745434543973,31.466891809893053,30.077068699630892,0,0,0,0,0,0,0.6104335736527092
1575383400,30.582,30.9,30.313,30.652,31.296978766658896,31.034301220645176,31.19526120659537,30.099615025135563,0,1,0,0,0,0,0.6210454612489443
1575469800,30.975,31.137,30.713,30.972,31.23789171817546,31.028367771059923,31.120840804396913,30.133826200620444,0,0,0,0,0,0,0.6113279283025912
1575556200,31.059,31.2459,30.906,31.119,31.21627504214356,31.03699941191136,31.120227202931275,30.17246046726278,0,0,0,0,0,0,0.5919402191381204
1575642600,31.464,31.634,31.206,31.605,31.286952307208367,31.09109470601504,31.281818135287516,30.228638488154438,0,0,0,0,0,0,0.5864444891996834
1575901800,31.6,31.715,31.394,31.438,31.31441552407957,31.12413330544218,31.333878756858343,30.27606442979544,0,0,0,0,0,0,0.5674841685425632
1575988200,31.51,31.591,31.325,31.506,31.349249065156013,31.160501562066734,31.39125250457223,30.32429719725444,0,0,0,0,0,0,0.5459495850752374
1576074600,31.518,32.135,31.518,31.972,31.46247650785492,31.237787127584188,31.584835003048152,30.38891299344054,0,0,0,0,0,0,0.5518817575698631
1576161000,31.973,33.016,31.943,32.78,31.70202623369948,31.384664544004742,31.983223335365434,30.482681111344835,1,0,0,0,0,0,0.5891044891720155
1576247400,31.806,31.977,31.062,31.542,31.67293055484503,31.399648873147147,31.836148890243624,30.524223028547,0,1,0,0,0,0,0.6697398828025858
1576506600,31.797,32.75995,31.75301,32.313,31.78930681760048,31.48663469475218,31.995099260162416,30.594371145074568,0,0,0,0,0,0,0.708897748316687
1576593000,32.374,32.495,32.175,32.38,31.896705578036755,31.571717104775782,32.123399506774945,30.664395806052035,0,0,0,0,0,0,0.6811193377226379
1576679400,32.44,33.12,32.355,32.744,32.0507591093028,31.683363094797137,32.33026633784996,30.745948911697052,1,0,0,0,0,0,0.6871108135995924
1576765800,32.921,32.9255,32.371,32.41,32.11607563488411,31.752566609578363,32.35684422523331,30.811205817120698,0,0,0,0,0,0,0.6776386126281927
1576852200,32.247,32.247,31.691,31.9,32.076789155814275,31.766607884856615,32.204562816822204,30.853903628214002,0,1,0,0,0,0,0.6805929974404644
1577111400,32.054,32.23344,31.761,31.953,32.054282036575316,31.78435951487027,32.12070854454814,30.897005446715415,0,0,0,0,0,0,0.6657249261947171
1577197800,32,32.068,31.901,32.05,32.05350348447071,31.80965860869215,32.09713902969876,30.942220919393243,0,0,0,0,0,0,0.6301017171808087
1577370600,32.127,32.174,31.682,31.798,32.00704830547603,31.808548265007182,31.99742601979917,30.975780883338604,0,0,0,0,0,0,0.6202373088107509
1577457000,31.93,31.935,31.522,31.653,31.942675886298574,31.79373414453031,31.88261734653278,31.0023384957567,0,0,0,0,0,0,0.6054346438956973
1577716200,31.652,31.733,31.275,31.346,31.834189361517016,31.751092797432182,31.70374489768852,31.01581541749173,0,1,0,0,0,0,0.5949035979031476
1577802600,31.312,31.636,31.28,31.602,31.791973113968467,31.73689348339102,31.669829931792346,31.03880304817833,0,0,0,0,0,0,0.5778390551957797
1577975400,31.932,32.25,31.73184,32.239,31.873250729610564,31.784713151639494,31.859553287861562,31.08586959530859,1,0,0,0,0,0,0.5828505512532239
1578061800,31.751,32,31.408,31.419,31.79065968786319,31.749883327673828,31.71270219190771,31.09893353274747,0,0,0,0,0,0,0.6005755118779934
1578321000,31.0845,31.392,30.9625,31.372,31.714539744615337,31.71389443932394,31.59913479460514,31.109642021659333,0,0,0,0,0,0,0.5902844038867083
1578407400,31.525,31.65765,31.225,31.264,31.632623427412547,31.67104734986452,31.487423196403427,31.115695275711907,0,0,0,0,0,0,0.5790248036090863
1578493800,31.298,31.34907,30.841,30.874,31.49469189515572,31.59513807844885,31.282948797602284,31.106217029605556,0,0,0,0,0,0,0.5739566033512943
1578580200,31.232,31.29899,30.305,30.626,31.336747914218318,31.502839213834676,31.06396586506819,31.087384989228866,0,0,0,0,0,0,0.6039589888262018
1578666600,30.545,30.555,29.88,29.922,31.07952102072408,31.352283098231375,30.683310576712127,31.041683617102244,0,1,0,0,0,0,0.6141047753386161
1578925800,30.002,30.38,29.967,30.118,30.904699016956066,31.234732326971244,30.494873717808083,31.005460730157058,0,0,0,0,0,0,0.6029544342430005
1579012200,30.2,30.915,30.159,30.818,30.88893555932769,31.195043533926363,30.60258247853872,30.99810932897443,1,0,0,0,0,0,0.616814831797072
1579098600,30.731,30.788,30.07,30.314,30.784401821268112,31.111134625933374,30.506388319025813,30.971281512151904,0,0,0,0,0,0,0.6261852009544241
1579185000,30.5,30.786,30.4205,30.705,30.769965126492092,31.072455137749245,30.572592212683876,30.960839099910654,0,0,0,0,0,0,0.6151719723148225
1579271400,30.866,30.894,30.407,30.879,30.789789648948076,31.054030838915985,30.674728141789252,30.95762972344357,0,0,0,0,0,0,0.6060168314351921
1579617000,30.78,30.951,30.633,30.807,30.79291880368479,31.030504092352558,30.718818761192836,30.95172267546539,0,0,0,0,0,0,0.5854442006183928
1579703400,31.08,31.792,31.05,31.288,30.88293356665119,31.055027512128504,30.908545840795224,30.964910021525572,0,0,0,0,0,0,0.6139839005742219
1579789800,31.518,31.98,31.082,31.965,31.079672918169155,31.141691558592456,31.260697227196815,31.004129236367707,0,0,0,0,0,0,0.6342707648189203
1579876200,33.05,33.158,32.077,32.4,31.319732387592946,31.261530457774125,31.64046481813121,31.058869266314073,1,0,0,0,0,0,0.6741799959032833
1580135400,31.641,31.988,30.864,30.903,31.243962862576048,31.227384699890873,31.394643212087473,31.05275674606646,0,1,0,0,0,0,0.7357385676244771
1580221800,31.353,31.923,31.27718,31.831,31.350696887562222,31.284871871329837,31.540095474724982,31.083276089357973,0,0,0,0,0,0,0.7560429556513001
1580308200,32.082,32.543,31.714,31.751,31.423479271641817,31.32926502644128,31.61039698314999,31.1094613407557,1,0,0,0,0,0,0.7612541731047787
1580394600,31.432,31.552,30.859,31.52,31.44102849497967,31.347430262018303,31.580264655433325,31.125560896020183,0,0,0,0,0,0,0.7705931607401516
1580481000,31.416,31.4585,30.3622,30.516,31.272841495892457,31.26824642754037,31.225509770288884,31.101656547156647,0,1,0,0,0,0,0.7982507921158549
1580740200,30.563,30.66,30.364,30.523,31.136506678457465,31.19727057729843,30.991339846859255,31.078964133542662,0,0,0,0,0,0,0.7623757355361509
1580826600,31.179,31.4565,30.9655,31.16,31.1407781914652,31.193720998508102,31.04755989790617,31.082142010658636,0,0,0,0,0,0,0.7745988972835686
1580913000,31.75,31.981,31.586,31.738,31.249363974835163,31.245557093888284,31.277706598604112,31.10786193180928,0,0,0,0,0,0,0.7779132617633138
1580999400,31.884,31.988,31.423,31.969,31.380206888501498,31.314456418279875,31.50813773240274,31.141632052130483,1,0,0,0,0,0,0.7627051716373628
1581085800,31.832,31.852,31.4865,31.523,31.406169272410317,31.33431771177703,31.513091821601826,31.156587657929286,0,0,0,0,0,0,0.7426905165204084
1581345000,31.237,31.4595,31.03,31.42,31.408683950153897,31.342477929703026,31.482061214401217,31.166917553696766,0,1,0,0,0,0,0.7248554796260934
1581431400,31.665,32.079,31.601,32.016,31.519105050125916,31.40662288877893,31.66004080960081,31.20021490453219,0,0,0,0,0,0,0.7201515167956581
1581517800,32.204,32.509,32.163,32.47,31.691995041012113,31.507896899371413,31.930027206400542,31.250010398472103,0,0,0,0,0,0,0.7039264084531113
1581604200,32.148,32.546,32.095,32.397,31.82017776082809,31.592573385145563,32.085684804267025,31.294990382845747,0,0,0,0,0,0,0.6858602364207462
1581690600,32.484,32.57,31.71,31.777,31.812327258859348,31.61013782465551,31.98278986951135,31.313892720773364,1,0,0,0,0,0,0.6982987909621216
1582036200,31.5,31.501,30.805,31.075,31.67826775724856,31.55917231754546,31.6801932463409,31.30452437878225,0,0,0,0,0,0,0.7178488773219701
1582122600,31.3,31.683,31.17,31.569,31.658400892294274,31.560108287303034,31.643128830893932,31.314895971771183,0,0,0,0,0,0,0.7100025289418294
1582209000,31.396,31.569,30.612,30.924,31.52487345733168,31.499526545655126,31.403419220595953,31.299566717976234,0,0,0,0,0,0,0.7276452054459844
1582295400,30.85,30.945,30.229,30.45,31.32944191963501,31.399571636545115,31.085612813730634,31.266250376094813,0,0,0,0,0,0,0.7268134050569856
1582554600,29.42,29.88,29.006,29.16,30.934997934246827,31.186279099731294,30.44374187582042,31.18365232213031,0,0,0,0,0,0,0.7780410189814865
1582641000,29.411,29.573,28.107,28.268,30.45008921892922,30.908347756899744,29.718494583880283,31.069313015380104,0,0,0,0,0,0,0.8271809461970946
1582727400,28.435,28.82,28.4,28.588,30.11152754276027,30.687362256242626,29.34166305592019,30.9720066226201,0,0,0,0,0,0,0.8075251643258735
1582813800,28.03,28.531,27.354,27.395,29.617613444076586,30.37380394612428,28.69277537061346,30.831731853105588,0,0,0,0,0,0,0.8379876525883113
1582900200,26.333,27.413,26.274,27.262,29.189320090608117,30.077441665541016,28.21585024707564,30.691742368670074,0,1,0,0,0,0,0.859488534546289
1583159400,27.676,28.54,27.1155,28.497,29.063443710497552,29.92692341167997,28.30956683138376,30.605674040486935,0,0,0,0,0,0,0.8998464963644112
1583245800,28.465,28.848,27.157,27.425,28.76554485404345,29.688644991519972,28.014711220922507,30.48094172517372,1,0,0,0,0,0,0.9563574609098103
1583332200,27.754,28.572,27.477,28.545,28.725445789671916,29.57972642089902,28.19147414728167,30.405022441833577,0,0,0,0,0,0,0.969974785130538
1583418600,27.726,28.309,27.245,27.404,28.485182918822478,29.3725143808134,27.928982764854446,30.287335287251867,0,0,0,0,0,0,0.9935480147640712
1583505000,26.698,27.093,26.25,26.945,28.205149660854755,29.141322535021647,27.600988509902965,30.156263315202775,0,0,0,0,0,0,1.0050088708523517
1583760600,25.108,26.027,24.4245,24.772,27.580940631608435,28.7251965793053,26.65799233993531,29.94511573421443,0,0,0,0,0,0,1.113258237220041
1583847000,25.659,26.368,24.34,26.29,27.346224153134173,28.49327309556194,26.535328226623538,29.801777862284453,0,0,0,0,0,0,1.1785969345614666
1583933400,25.388,25.649,24.249,24.597,26.846365216200688,28.122199467413182,25.889218817749025,29.597668926508593,0,0,0,0,0,0,1.2401971535213618
1584019800,22.699,24.276,21.632,21.878,25.943026085982382,27.52751380385002,24.55214587849935,29.29493681174355,0,0,0,0,0,0,1.3633973568412645
1584106200,22.5505,23.4465,20.116,23.422,25.48465770671286,27.13651248919764,24.175430585666234,29.064625564224194,0,0,0,0,0,0,1.5039046884954599
1584365400,20.818,21.88,18.02254,18.758,24.261629032765068,26.338558918797865,22.369620390444155,28.660444169548736,0,0,0,0,0,0,1.7821586393172129
1584451800,19.182,20.001,18.1475,19.951,23.477878299535057,25.73021997415045,21.563413593629438,28.318897339370356,0,0,0,0,0,0,1.7872544507945547
1584538200,18.566,18.748,15.567,16.787,22.261354972346865,24.878484738517074,19.97127572908629,27.866666071159752,0,1,0,0,0,0,1.9727362757378006
1584624600,16.764,20.747,16.5,19.445,21.749290431920162,24.361010001515446,19.795850486057528,27.536404656604468,0,0,0,0,0,0,2.135183684613672
1584711000,20.2,20.868,18.791,19.222,21.28978308066195,23.871580477561594,19.60456699070502,27.210349572031742,0,0,0,0,0,0,2.131027707141267
1584970200,19.28835,19.597,17.775,19.347,20.93654979326887,23.440668051127155,19.518711327136682,26.901982922148143,0,0,0,0,0,0,2.1089542994883197
1585056600,20.564,21.871,20.12938,21.276,20.99826801267453,23.234509189115045,20.10447421809112,26.68135614088743,0,0,0,0,0,0,2.1386004209534395
1585143000,21.219,24.39999,20.92201,21.755,21.135855646733706,23.093603552056468,20.654649478727414,26.488165703989885,0,0,0,0,0,0,2.2342703908853365
1585229400,22.603,24.48,22.603,24.317,21.71424552914576,23.21011749947966,21.875432985818275,26.403021950892242,1,0,0,0,0,0,2.2693225058220983
1585315800,23.3,24.209,23,23.069,21.960564523846532,23.196677737624455,22.273288657212184,26.272275992033723,0,0,0,0,0,0,2.2012994696919486
1585575000,23.22,24.136,22.844,24.011,22.333370974056255,23.27423223880308,22.852525771474788,26.183598502150048,0,0,0,0,0,0,2.136349507571095
1585661400,23.8,25.271,23.6059,23.71,22.58366716059148,23.315733930345644,23.138350514316524,26.086594639320634,1,0,0,0,0,0,2.102688828458874
1585747800,22.799,23.441,21.968,22.363,22.54354585866576,23.22499736555082,22.879900342877683,25.94057132013159,0,1,0,0,0,0,2.076925340711812
1585834200,22.24,23.795,22.14476,23.706,22.754901157090167,23.270807140260267,23.15526689525179,25.85294107228329,0,0,0,0,0,0,2.0464478163752537
1585920600,23.664,24.255,23.055,23.426,22.876919128528318,23.285587412616433,23.245511263501193,25.757766912585907,0,0,0,0,0,0,1.9859872580627356
1586179800,24.458,25.34143,24.356,25.244,23.307297468795895,23.472102897129155,23.91167417566746,25.737619190523716,0,0,0,0,0,0,1.9809474539153975
1586266200,26.184,26.55,25.253,25.327,23.674516110833004,23.648759764069236,24.383449450444974,25.721516477169846,0,0,0,0,0,0,1.9327369214928694
1586352600,25.677,26.22,25.364,26.11,24.11733136340882,23.88316359606264,24.958966300296648,25.73675112512397,0,0,0,0,0,0,1.858469998529093
1586439000,26.579,26.75,25.131,25.43,24.35599838824358,24.03048134881858,25.115977533531098,25.724721669236754,0,1,0,0,0,0,1.8413649986341576
1586784600,25.35,26.152,25.28,25.992,24.653453226744748,24.217292648931096,25.407985022354065,25.73520317240394,0,0,0,0,0,0,1.7721246415888605
1586871000,26.612,26.838,26.232,26.763,25.03700718551843,24.459740968080517,25.859656681569376,25.77550893034888,1,0,0,0,0,0,1.7059728814753705
1586957400,26.1,26.23228,25.616,25.744,25.16555133360599,24.58205135207285,25.821104454379583,25.774273286021472,0,0,0,0,0,0,1.6660462470842727
1587043800,26.176,26.176,25.41101,25.829,25.286178363859445,24.700808366161148,25.823736302919723,25.77641943166769,0,1,0,0,0,0,1.6016850865782533
1587130200,26.322,26.7425,25.894,26.588,25.52287320679409,24.88054090271723,26.078490868613148,25.8082461206219,1,0,0,0,0,0,1.5525290089655208
1587389400,26,26.526,25.791,25.828,25.578350805558802,24.970775102458447,25.994993912408766,25.809020782558296,0,0,0,0,0,0,1.4985626511822694
1587475800,25.456,25.479,24.68001,24.765,25.430468840911747,24.95117747365288,25.584995941605843,25.768078791085422,0,1,0,0,0,0,1.4735217475263929
1587562200,25.477,26.222,25.074,25.997,25.53347450620052,25.050779619019274,25.72233062773723,25.777056093395796,0,0,0,0,0,0,1.472341622703079
1587648600,26.025,26.52,25.852,25.893,25.598842777800424,25.13099108387458,25.779220418491487,25.781602913262628,0,0,0,0,0,0,1.414888649652859
1587735000,25.981,26.507,25.888,26.481,25.759235000018528,25.25956336160081,26.013146945660992,25.809030249997427,0,0,0,0,0,0,1.3580394603919406
1587994200,26.435,27.122,26.435,26.845,25.956646818196976,25.41055732716264,26.29043129710733,25.849656514703412,0,0,0,0,0,0,1.310108070363945
1588080600,27.424,27.641,26.412,26.473,26.050529214888435,25.51174234362334,26.351287531404886,25.874101357264063,0,0,0,0,0,0,1.3043146367665202
1588167000,27.108,27.699,26.923,27.602,26.332614812181447,25.7108145013735,26.768191687603256,25.941862088351748,1,0,0,0,0,0,1.2987207341403404
1588253400,27.353,27.405,26.88,27.162,26.483412119057547,25.849022644099833,26.899461125068836,25.98971063390658,0,0,0,0,0,0,1.257526395987459
1588339800,26.6,26.78515,25.82035,25.97,26.390064461047086,25.860544297042704,26.58964075004589,25.988937667871028,0,0,0,0,0,0,1.2635352248454974
1588599000,25.921,26.243,25.532,26.226,26.360234559038524,25.895349602086256,26.46842716669726,25.9982342299153,0,1,0,0,0,0,1.2240684230708188
1588685400,26.655,26.894,26.371,26.487,26.383282821031518,25.95169725903042,26.474618111131505,26.01740151501666,0,0,0,0,0,0,1.1843492499943318
1588771800,26.833,27.04794,26.362,26.418,26.389595035389423,25.996107043884667,26.455745407421002,26.03311125952581,0,0,0,0,0,0,1.148748589280451
1588858200,27,27.047,26.6,26.775,26.459668665318617,26.07028732541946,26.562163604947333,26.062204935622837,0,0,0,0,0,0,1.1116236900461332
1588944600,27.22,27.555,27.003,27.503,26.649365271624323,26.206736151569988,26.875775736631557,26.118706702853313,0,0,0,0,0,0,1.0879362836142665
1589203800,27.337,27.67377,27.175,27.54,26.811298858601717,26.333713660944273,27.097183824421037,26.17444369489828,0,0,0,0,0,0,1.0458529776418188
1589290200,27.658,27.772,26.822,26.845,26.81742633885595,26.3824075979972,27.013122549614025,26.200740020588544,1,0,0,0,0,0,1.0390063363816888
1589376600,27.007,27.033,25.936,26.315,26.726076095427594,26.37598782675937,26.780415033076018,26.205220804094875,0,0,0,0,0,0,1.043148740925854
1589463000,26.096,26.695,25.475,26.66,26.714062259895304,26.40303660516324,26.740276688717344,26.223055282365664,0,1,0,0,0,0,1.0557809737168644
1589549400,25.942,26.406,25.677,26.041,26.591687303550703,26.368556928481027,26.507184459144895,26.215915859527794,0,0,0,0,0,0,1.0505823327370885
1589808600,26.862,27.673,26.8,27.353,26.730107793814213,26.462313411482835,26.789122972763263,26.260507394448272,0,0,0,0,0,0,1.0921121661130104
1589895000,27.353,27.603,27.161,27.195,26.814633649484357,26.532093086579707,26.92441531517551,26.29715416329344,0,0,0,0,0,0,1.045675582819224
1589981400,27.697,28.131,27.608,27.868,27.006154804123565,26.659322316429257,27.23894354345034,26.358755960811344,1,0,0,0,0,0,1.0378416126178507
1590067800,27.892,27.95,27.465,27.48,27.0923084761011,26.737482095816947,27.31929569563356,26.402726315289332,0,0,0,0,0,0,0.9983529260022899
1590154200,27.374,27.725,27.0505,27.665,27.19643420771908,26.825817134310572,27.434530463755706,26.452227244101515,0,1,0,0,0,0,0.9752205741449835
1590499800,28.5,28.709,28.139,28.202,27.379264351770157,26.956882169138137,27.690353642503805,26.520845783548513,0,0,0,0,0,0,0.9801333902774847
1590586200,28.302,28.78,28,28.759,27.630125378721036,27.12851243874403,28.046569095002535,26.608616537134846,0,0,0,0,0,0,0.9658381481148073
1590672600,28.5,28.93,28.243,28.314,27.754466218953574,27.2414160160065,28.13571273000169,26.675494319992303,0,0,0,0,0,0,0.9459211375351783
1590759000,28.29,29.2,28.191,29.127,28.00401781550747,27.4209954430535,28.466141820001127,26.771631797639664,0,0,0,0,0,0,0.9504267705683799
1591018200,29.042,29.11,28.737,28.999,28.184923667233384,27.571281591334117,28.643761213334084,26.858979570281246,0,0,0,0,0,0,0.9103962869563528
1591104600,29.103,29.832,29.009,29.806,28.479664818645496,27.784111915968964,29.031174142222724,26.974548998897667,0,0,0,0,0,0,0.9048679807451848
1591191000,30.105,31.085,30.051,30.953,28.929362124346316,28.085910781114777,29.671782761481815,27.130566685215406,0,0,0,0,0,0,0.9315916964062431
1591277400,30.575,31.3,30.21,30.889,29.285659919919713,28.352871659103844,30.077521840987878,27.277956226971664,0,0,0,0,0,0,0.9429065752343685
1591363800,31.97,32.811,31.509,31.708,29.72608538902522,28.672407691570143,30.621014560658583,27.45168343375709,1,0,0,0,0,0,1.012841819860485
1591623000,31.75,31.884,31.336,31.752,30.094433500111542,28.965702197134892,30.998009707105723,27.620323299099947,0,0,0,0,0,0,0.9796388327275932
1591709400,31.2,31.888,31.157,31.532,30.355809227363988,29.210111511693473,31.176006471403817,27.773722385409755,0,0,0,0,0,0,0.9618789161041938
1591795800,31.665,31.921,31.47,31.504,30.56457118602508,29.42857708200838,31.285337647602546,27.920007782060352,1,0,0,0,0,0,0.9253875649538943
1591882200,30.762,30.855,29.34,29.375,30.348285515838704,29.423474502769487,30.64855843173503,27.977066300410925,0,0,0,0,0,0,1.013859881742902
1591968600,30.282,30.395,29.273,30.025,30.289506331140757,29.48076264536287,30.440705621156685,28.057377425885008,0,0,0,0,0,0,1.0215841759041233
1592227800,29.5,30.675,29.241,30.409,30.31123245275153,29.569166202947358,30.43013708077112,28.149597918987556,0,1,0,0,0,0,1.0510424490538288
1592314200,31,31.455,30.4,31.072,30.449553824978523,29.712293231238085,30.644091387180747,28.264201922164514,0,0,0,0,0,0,1.0513251312642695
1592400600,31.342,31.671,31.179,31.344,30.612180402255156,29.86769387588208,30.8773942581205,28.384978317373747,0,0,0,0,0,0,1.0190161933168216
1592487000,31.212,31.91184,31.152,31.871,30.84105669275422,30.058484935321882,31.208596172080334,28.521685050025756,1,0,0,0,0,0,1.000503608079906
1592573400,31.768,31.81,30.277,30.277,30.73850093043527,30.079295893862657,30.898064114720224,28.590520930416904,0,1,0,0,0,0,1.0428962075027697
1592832600,30.55,31.418,30.353,31.354,30.85040985217431,30.200696284923357,31.050042743146815,28.69889265863585,0,0,0,0,0,0,1.0499036212525719
1592919000,31.506,31.744,31.129,31.13,30.901244424506253,30.28920140064494,31.076695162097877,28.79423020143444,0,0,0,0,0,0,1.018839076877388
1593005400,30.92,31.097,30.451,30.697,30.864109074596026,30.32803936248828,30.950130108065252,28.8688486249076,0,0,0,0,0,0,0.9945648571004317
1593091800,30.606,30.948,30.3,30.885,30.867907424669475,30.38108323272749,30.9284200720435,28.947913384715143,0,1,0,0,0,0,0.9698102244504009
1593178200,31.357,31.57799,30.315,30.741,30.844833347456845,30.415361020086777,30.865946714695667,29.018230506883178,0,0,0,0,0,0,0.9907516369896578
1593437400,30.807,31.041,30.44506,30.978,30.869045466101056,30.468945684840417,30.903297809797113,29.095084212495603,0,0,0,0,0,0,0.9625508057761107
1593523800,30.995,31.707,30.675,31.561,30.99485538135541,30.572950857712758,31.122531873198074,29.191786792397735,0,0,0,0,0,0,0.9675114625063885
1593610200,31.511,31.685,31.1935,31.273,31.045427130199883,30.639622204597256,31.17268791546538,29.27340299661743,0,0,0,0,0,0,0.9335106437559321
1593696600,31.77465,31.938,31.46611,31.547,31.136622197436267,30.726039137492755,31.297458610310255,29.362563663416747,0,0,0,0,0,0,0.9143313120590797
1594042200,32,32.099,31.734,31.879,31.271599979720584,30.835844933922015,31.491305740206837,29.461247441321973,1,0,0,0,0,0,0.8884505040548595
1594128600,31.734,31.816,31.255,31.312,31.278945437953205,30.88119303545325,31.431537160137893,29.533825973034837,0,1,0,0,0,0,0.8695611823366554
1594215000,31.614,31.984,31.412,31.957,31.402228085598075,30.98365084160056,31.60669144009193,29.628852405464844,0,0,0,0,0,0,0.8554496693126087
1594301400,32.001,32.433,31.5245,32.15,31.538186615489334,31.094731713829077,31.78779429339462,29.727720938583868,1,0,0,0,0,0,0.8592389786474224
1594387800,32.191,32.299,31.544,31.944,31.611970867218545,31.175614407750118,31.83986286226308,29.81463384295313,0,0,0,0,0,0,0.8517933373154636
1594647000,32.168,32.353,31.0585,31.131,31.524521618633354,31.17136541653582,31.603575241508718,29.866256045190262,0,0,0,0,0,0,0.8834152417929307
1594733400,30.899,31.622,30.519,31.508,31.521517687972743,31.203425853056217,31.57171682767248,29.930638161065154,0,1,0,0,0,0,0.8990998673791502
1594819800,31.595,31.777,31.01659,31.378,31.49542356288679,31.22005196228896,31.507144551781654,29.98739744886652,0,0,0,0,0,0,0.8891934482806395
1594906200,31.061,31.388,30.93,31.134,31.429710187816465,31.211856537309057,31.3827630345211,30.032362254793323,0,0,0,0,0,0,0.858393916260594
1594992600,31.415,31.521,31,31.271,31.400853790031654,31.217489248041527,31.345508689680734,30.080936284017113,0,0,0,0,0,0,0.8342943508134087
1595251800,31.185,31.765,31.026,31.713,31.457607646389537,31.26468074822805,31.46800579312049,30.14493878268311,0,0,0,0,0,0,0.8274876114695938
1595338200,31.923,31.923,31.267,31.434,31.453315347045987,31.28080639125395,31.456670528746994,30.195490202970046,1,0,0,0,0,0,0.8152384963646228
1595424600,31.501,31.568,31.037,31.38,31.439985283946715,31.290253401610716,31.431113685831328,30.241941567559454,0,0,0,0,0,0,0.7949357466242928
1595511000,31.337,31.609,30.838,30.967,31.353987959592768,31.259467363362077,31.27640912388755,30.27037523157673,0,0,0,0,0,0,0.7932260504368435
1595597400,30.659,31.091,30.418,30.579,31.21308105784863,31.194660947803783,31.043939415925035,30.282478163671758,0,1,0,0,0,0,0.7846384754056405
1595856600,30.83,31.296,30.7485,31.268,31.22306632005797,31.201645619441518,31.118626277283358,30.321126078821884,0,0,0,0,0,0,0.7798071557338089
1595943000,31.118,31.211,30.616,30.735,31.13432698913834,31.157203179494708,30.99075085152224,30.337356428672006,0,0,0,0,0,0,0.7706780731813941
1596029400,30.853,31.123,30.744,30.885,31.088994809295006,31.131279067161877,30.955500567681494,30.358832647155456,0,0,0,0,0,0,0.743343925097009
1596115800,30.6,31.293,30.6,31.21,31.11099575305955,31.138776298860748,31.040333711787664,30.392211759031714,0,1,0,0,0,0,0.7397479304472225
1596202200,31.47,31.84,31.14,31.675,31.213541979775997,31.18984522277877,31.251889141191775,30.442517180246156,0,0,0,0,0,0,0.7369087925581351
1596461400,31.8,32.349,31.728,32.123,31.378897983453086,31.27871710632365,31.542259427461182,30.508418467295325,0,0,0,0,0,0,0.7324153073754109
1596547800,32.05,32.859,32.039,32.839,31.644371077370707,31.42731547714997,31.974506284974122,30.59981382151904,0,0,0,0,0,0,0.738671356848596
1596634200,32.825,33.158,32.58,32.954,31.88248542693967,31.572714003135687,32.30100418998275,30.692134848126134,1,0,0,0,0,0,0.7271948313594108
1596720600,32.777,33.088,32.54101,32.916,32.0703971674961,31.70064600283705,32.506002793321834,30.779345246238833,0,0,0,0,0,0,0.7143230576908816
1596807000,32.839,32.973,32.148,32.593,32.16541586431499,31.78563209780495,32.53500186221456,30.850468962072604,0,1,0,0,0,0,0.722228553570104
1597066200,32.422,32.927,32.40601,32.736,32.26915843443953,31.87614332658543,32.60200124147637,30.924411355716817,0,0,0,0,0,0,0.7078543711722391
1597152600,32.757,33.332,32.276,32.403,32.29349326454143,31.926320152624914,32.53566749431758,30.98239522412008,0,0,0,0,0,0,0.7327219160885077
1597239000,32.585,33.588,32.5355,33.364,32.48813085280663,32.063242042851115,32.81177832954505,31.07579148984086,1,0,0,0,0,0,0.7650274935107573
1597325400,33.221,33.341,32.785,32.942,32.57065251593269,32.1469332768653,32.85518555303003,31.14897613729808,0,0,0,0,0,0,0.7517398154028461
1597411800,32.802,32.985,32.6,32.782,32.60907933121766,32.20741582192574,32.830790368686685,31.213016288776586,0,0,0,0,0,0,0.7255441143026425
1597671000,32.951,33.179,32.9,33.032,32.68597399826899,32.28594764840901,32.89786024579112,31.284348983334368,0,0,0,0,0,0,0.7020766775667399
1597757400,33.186,33.318,32.814,32.864,32.718342362220085,32.341000253322434,32.88657349719408,31.346296082027138,1,0,0,0,0,0,0.6879283434548297
1597843800,32.947,33.309,32.824,32.921,32.755189205452794,32.396238324434584,32.89804899812938,31.4080491768496,0,0,0,0,0,0,0.6734334617794847
1597930200,32.769,32.999,32.606,32.883,32.7784275317341,32.44259657925034,32.89303266541959,31.4658903856006,0,0,0,0,0,0,0.6534025002238073
1598016600,32.83,33.046,32.5,33.002,32.81907707141881,32.495873095512216,32.92935511027973,31.526129978322142,0,1,0,0,0,0,0.6457308930649639
1598275800,33.20102,33.619,33.114,33.4,32.924699422069935,32.58198041974915,33.086236740186486,31.59961507721147,0,0,0,0,0,0,0.6436786864174663
1598362200,33.5,33.709,33.3,33.614,33.050026799875404,32.68026799882066,33.26215782679099,31.67861056437965,0,0,0,0,0,0,0.6269159231019333
1598448600,33.474,34.151,33.351,33.967,33.21674919989806,32.80281390369488,33.49710521786066,31.76835132656084,0,0,0,0,0,0,0.6392790714517955
1598535000,34.049,34.13,33.614,33.914,33.34352207264387,32.90864115096204,33.63607014524044,31.85249441179375,0,0,0,0,0,0,0.6304734234909534
1598621400,33.9,34.482,33.77,34.482,33.550518059435895,33.058484850870414,33.91804676349363,31.955612277997915,0,0,0,0,0,0,0.6362967503844564
1598880600,34.352,35.058,34.352,34.715,33.76224204862937,33.21624819840657,34.18369784232909,32.06382356121368,0,0,0,0,0,0,0.6412755539284241
1598967000,35,36.207,34.742,35.954,34.16074349433312,33.47698646522499,34.773798561552724,32.216379499989614,0,0,0,0,0,0,0.7020415857906793
1599053400,36.586,37.896,36.35673,37.501,34.768062858999826,33.860225849489275,35.682865707701815,32.423619519597864,1,0,0,0,0,0,0.7906100439484879
1599139800,36.601,36.89,35.016,35.209,34.848233248272585,33.9886805304903,35.52491047180121,32.53285012667246,0,0,0,0,0,0,0.9116378979521673
1599226200,36.097,37.253,35.35,36.295,35.11128174858666,34.208330003776936,35.78160698120081,32.680385415822556,0,0,0,0,0,0,0.992520905241298
1599571800,35.266,36.275,35,35.054,35.10086688520727,34.28887000341723,35.53907132080054,32.77346834069226,0,1,0,0,0,0,1.0141265548669198
1599658200,35.616,36.185,35.11,36.003,35.26489108789686,34.45212047928226,35.693714213867025,32.900116641057274,0,0,0,0,0,0,1.0224746580907114
1599744600,36.213,36.783,35.4385,35.708,35.34545634464288,34.571728052683945,35.698476142578016,33.01022971395699,1,0,0,0,0,0,1.0454764682270894
1599831000,36.05,36.427,35.46813,35.97,35.45900973652599,34.70489680957119,35.78898409505201,33.12629913693907,0,0,0,0,0,0,1.0392902919251543
1600090200,36.441,36.589,35.9345,36.22,35.59737160261218,34.84919235151679,35.93265606336801,33.24762073941204,0,0,0,0,0,0,1.0118052710733576
1600176600,36.63,37.112,36.535,36.691,35.79621312940996,35.02460260375329,36.18543737557867,33.38265522021941,0,0,0,0,0,0,1.003247751710975
1600263000,36.818,37.2,36.635,36.704,35.961265287699064,35.18454521291964,36.358291583719115,33.51290403511277,1,0,0,0,0,0,0.9719443408744771
1600349400,35.5,37.0115,35.5,36.592,36.075944326299236,35.31858852597491,36.436194389146074,33.633652896480896,0,0,0,0,0,0,1.0104840308120144
1600435800,36.71215,36.784,35.505,35.973,36.05722717606301,35.380913428263014,36.28179625943071,33.72539199857968,0,0,0,0,0,0,1.0296637428968702
1600695000,35.001,35.196,34.348,35.179,35.89754950768792,35.36168357795225,35.914197506287145,33.7823962339295,0,1,0,0,0,0,1.0721877612613795
1600781400,35.637,36.18,35.295,36.159,35.94508596083557,35.43761847529013,35.99579833752476,33.875596381618536,0,0,0,0,0,0,1.0671029211712808
1600867800,36.018,36.121,35.0045,35.159,35.802161240683645,35.41108338240536,35.71686555834984,33.92592593528055,0,0,0,0,0,0,1.0733455696590464
1600954200,35.02,35.757,34.909,35.252,35.70213192419571,35.39593258408104,35.56191037223323,33.97792883977935,0,0,0,0,0,0,1.0572494575405431
1601040600,35.205,35.772,34.82801,35.68,35.69810793797831,35.42298662369237,35.60127358148882,34.04467672841545,0,1,0,0,0,0,1.0491594962876472
1601299800,36.168,36.843,35.903,36.73,35.88572467652771,35.547464088102615,35.97751572099254,34.149983523379554,0,0,0,0,0,0,1.05729096083853
1601386200,36.749,37.08,36.3985,36.426,35.983956553522674,35.631134174949985,36.127010480661696,34.23923907148232,0,0,0,0,0,0,1.0304487493500634
1601472600,36.295,37.1,36.171,36.432,36.06541899833673,35.70740711066903,36.228673653774464,34.325229696130066,1,0,0,0,0,0,1.0232024101107733
1601559000,36.898,37.071,36.482,36.86,36.20988827136642,35.81717786203389,36.439115769182976,34.424632453144575,0,0,0,0,0,0,0.9957593808171463
1601645400,36,36.492,35.615,35.683,36.11409040384525,35.80439901803066,36.187077179455315,34.473980200080085,0,1,0,0,0,0,1.01356228218735
1601904600,36.084,36.685,35.99,36.61,36.204255784964296,35.88112292107536,36.32805145297021,34.55774568242988,0,0,0,0,0,0,1.0127364048882537
1601991000,36.611,37.2,36.202,36.398,36.23948200587988,35.930349309544376,36.35136763531347,34.62991251841302,0,0,0,0,0,0,1.011683804539093
1602077400,36.835,36.986,36.606,36.674,36.31848527753808,36.001173184825866,36.45891175687565,34.71007281180859,0,0,0,0,0,0,0.9814206756434432
1602163800,36.989,37.429,36.831,37.333,36.502942499803886,36.12801383389007,36.750274504583764,34.812932701541584,0,0,0,0,0,0,0.9652477702403403
1602250200,37.593,38,37.4,37.67,36.71513477256681,36.27486965923388,37.05684966972251,34.92497455638309,0,0,0,0,0,0,0.9439443580803161
1602509400,38.179,38.51,37.979,38.243,36.99292845028194,36.46231064406875,37.45223311314834,35.05509320123081,0,0,0,0,0,0,0.9365197610745789
1602595800,38.441,38.78,37.861,38.149,37.2031232775034,36.622947725586016,37.68448874209889,35.17642287961392,1,0,0,0,0,0,0.9352683495692522
1602682200,38.354,38.3735,37.785,38.03,37.35346449977551,36.756952704101636,37.79965916139926,35.288327864727094,0,0,0,0,0,0,0.9104991817428773
1602768600,37.505,38.049,37.502,37.993,37.46974368163451,36.8746714941872,37.86410610759951,35.394393438659364,0,1,0,0,0,0,0.8845349544755287
1602855000,38.328,38.328,37.815,37.865,37.54160846679187,36.9689884947408,37.864404071733006,35.49127997047665,0,0,0,0,0,0,0.8579967434415626
1603114200,38.124,38.3605,37.515,37.577,37.54804329101153,37.02689435238453,37.76860271448867,35.57307291281089,1,0,0,0,0,0,0.8571041189100226
1603200600,37.701,38.11352,37.556,37.699,37.57548996537307,37.090904414062194,37.745401809659114,35.65644260250458,0,0,0,0,0,0,0.8357052532735926
1603287000,37.577,37.686,37.031,37.205,37.50812815348706,37.101770660341984,37.56526787310607,35.717170343582836,0,0,0,0,0,0,0.8237263066111931
1603373400,37.1075,37.431,36.711,37.337,37.47701394376214,37.12417345459513,37.489178582070714,35.78069307520704,0,0,0,0,0,0,0.8163172847103934
1603459800,37.326,37.394,37.076,37.272,37.43973868125993,37.13825217320512,37.41678572138048,35.839175699708726,0,0,0,0,0,0,0.7807231929453652
1603719000,36.96,36.9955,35.761,36.304,37.233240739212675,37.05879958528082,37.045857147586986,35.85740410364172,0,0,0,0,0,0,0.8328858220206959
1603805400,36.518,36.518,35.922,35.96,37.00174242299219,36.95415200573027,36.68390476505799,35.86142747212636,0,0,0,0,0,0,0.815965406162075
1603891800,35.4,35.486,34.5525,34.721,36.587061982448155,36.74147086232739,36.02960317670532,35.81670482616062,0,0,0,0,0,0,0.8582178771504981
1603978200,34.726,35.944,34.537,35.501,36.38959616745758,36.62333078020097,35.85340211780355,35.80432424474255,0,0,0,0,0,0,0.8974166002111771
1604064600,34.939,35.299,34.442,34.963,36.13021504610166,36.465204039229455,35.55660141186903,35.77133113710559,0,1,0,0,0,0,0.9089582716246642
1604327400,35.504,35.539,34.8345,35.125,35.94744867408318,36.33756555930284,35.41273427457936,35.745984818003414,0,0,0,0,0,0,0.8943541093657599
1604413800,35.595,35.924,34.666,35.376,35.84354891515896,36.24598788698828,35.40048951638624,35.73147560945426,0,0,0,0,0,0,0.9203288158396344
1604500200,36.048,36.898,35.71401,36.463,35.95617638513006,36.26665570727511,35.75465967759082,35.760162840456054,0,0,0,0,0,0,0.9633053289939467
1604586600,37.2357,38.265,37.201,38.087,36.34359886056096,36.44002183039177,36.532106451727216,35.8514113565166,0,0,0,0,0,0,1.0232120912086649
1604673000,38.005,38.367,37.717,38.062,36.65603543136806,36.59449594178303,37.04207096781814,35.93810110724144,0,0,0,0,0,0,0.9965540846937602
1604932200,38.91,39.389,37.501,37.554,36.81930171657387,36.68587728066084,37.21271397854543,36.00146969127118,1,0,0,0,0,0,1.0602287929299206
1605018600,37.032,37.32,36.036,36.313,36.72724685901498,36.65036515869314,36.91280931903029,36.01368656612329,0,1,0,0,0,0,1.0929267362920692
1605105000,37.086,37.714,36.855,37.592,36.88447470283044,36.740044667389036,37.13920621268686,36.07558121058904,0,0,0,0,0,0,1.1149319694140638
1605191400,37.723,37.86,36.828,37.02,36.90911566595218,36.766707080018655,37.09947080845791,36.11261724154634,0,0,0,0,0,0,1.1090082573130589
1605277800,37.5,37.733,37.158,37.35,36.989276453960876,36.82225878668355,37.18298053897194,36.16114205560334,0,0,0,0,0,0,1.0807219532192684
1605537000,37.481,38.137,37.4,38.081,37.187771644149805,36.942138902237495,37.48232035931463,36.236430602442425,0,0,0,0,0,0,1.0597418137036063
1605623400,37.866,38.24399,37.703,38.06,37.34635861794075,37.048601863929164,37.674880239543086,36.30794312783684,0,0,0,0,0,0,1.0226881127247769
1605709800,37.989,38.494,37.96205,38.062,37.476475232860615,37.14511597212638,37.80392015969539,36.37672967184324,0,0,0,0,0,0,0.987635390387293
1605796200,37.772,38.484,37.435,38.433,37.65038882688596,37.267771593828634,38.01361343979693,36.457367723927824,0,1,0,0,0,0,0.9920185767882005
1605882600,38.431,38.885,38.27,38.333,37.77449994927033,37.369221918225904,38.12007562653128,36.53092193083261,0,0,0,0,0,0,0.9650886784461858
1606141800,38.537,38.915,38.3,38.7,37.942772685766634,37.49596268791868,38.31338375102086,36.615983815898,0,0,0,0,0,0,0.9400823442714584
1606228200,38.862,39.281,38.6175,39.223,38.175541288354516,37.66044243192642,38.616589167347236,36.71821974468631,0,0,0,0,0,0,0.9203264625377827
1606314600,39.284,39.55,38.9,39.083,38.34053378138097,37.79592410507628,38.772059444898154,36.810956225286844,0,0,0,0,0,0,0.9010174294993696
1606487400,39.315,39.917,39.3,39.495,38.550436730220795,37.95774085697378,39.0130396299321,36.91621284390305,0,0,0,0,0,0,0.8962304702494148
1606746600,39.402,40.216,39.274,40.158,38.84272096108974,38.1672893467858,39.3946930866214,37.04334175198528,0,0,0,0,0,0,0.8994997223744566
1606833000,40.346,40.668,40.012,40.457,39.1362262408916,38.3853570280443,39.74879539108093,37.17721070288782,1,0,0,0,0,0,0.8821068850619954
1606919400,40.474,40.541,40.111,40.373,39.36109419709313,38.57465635870675,39.95686359405396,37.302535773362806,0,0,0,0,0,0,0.8498135361289957
1607005800,40.45,40.664,39.81,39.98,39.47362252489438,38.70849861025849,39.9645757293693,37.407534370485834,0,1,0,0,0,0,0.8501125692626388
1607092200,40.24,41.24,40.2385,41.168,39.78169115673177,38.94273683785292,40.365717152912865,37.55500361085894,0,0,0,0,0,0,0.8793902428867364
1607351400,41.641,42.2842,41.334,42.089,40.20120185550781,39.242380948533594,40.940144768608576,37.73280739082526,0,0,0,0,0,0,0.8963052255376837
1607437800,41.928,42.67,41.816,42.341,40.5902560635973,39.53748752486373,41.407096512405715,37.91352082647917,1,0,0,0,0,0,0.8932834237135633
1607524200,41.947,42.61,41.367,41.622,40.77784587021598,39.736012522495756,41.47873100827048,38.05895138230352,0,0,0,0,0,0,0.9182631791625946
1607610600,41.144,41.525,40.801,41.004,40.81896480290398,39.856773234639014,41.32048733884699,38.17444348495828,0,0,0,0,0,0,0.9113158092224091
1607697000,40.4,40.7,39.828,40.582,40.77588029328507,39.92584245038768,41.07432489256466,38.26885746594031,0,1,0,0,0,0,0.9302218228493795
1607956200,40.65291,41.43,40.6,41.18,40.849356603596874,40.045286026541234,41.10954992837644,38.38301991825637,0,0,0,0,0,0,0.9243488355029952
1608042600,41.528,41.939,41.299,41.806,41.02329176657926,40.21297307163255,41.341699952250956,38.517254431265926,0,0,0,0,0,0,0.9125382043956385
1608129000,41.8,42.7146,41.69648,42.49,41.28996599083758,40.42983277909612,41.72446663483397,38.67304837513785,0,0,0,0,0,0,0.9200797612245212
1608215400,42.65,43.001,42.4545,42.61,41.52997217432166,40.63746775251553,42.01964442322265,38.82743863493637,0,0,0,0,0,0,0.8933954925656264
1608301800,42.48,43.565,42.2,43.456,41.88015905171772,40.905899395133105,42.49842961548177,39.00895084533102,1,0,0,0,0,0,0.9270815288109385
1608561000,42.815,43.2,42.37,42.888,42.06340286049632,41.094670881310904,42.62828641032118,39.161070420023925,0,0,0,0,0,0,0.9384328481815861
1608647400,42.888,43.355,42.8,43.31,42.29005688586062,41.30565460690034,42.85552427354745,39.3237735408073,0,0,0,0,0,0,0.9110447875971871
1608733800,43.5,43.6,42.508,42.546,42.336591997522326,41.423782739576495,42.7523495156983,39.450135362736425,0,0,0,0,0,0,0.9239701599116736
1608820200,42.849,43.2,42.757,43.146,42.4837570888819,41.5878034310454,42.88356634379887,39.595071230864406,0,0,0,0,0,0,0.90468657706084
1609165800,43.434,43.727,43.115,43.188,42.611801254539735,41.740203104279175,42.98504422919925,39.73597039828149,0,0,0,0,0,0,0.8837803929850654
1609252200,43.583,43.583,42.679,42.904,42.66492829916888,41.851040903871635,42.95802948613283,39.860206853250844,0,1,0,0,0,0,0.885224650628989
1609338600,43.167,43.79999,43.01,43.483,42.8136686084109,42.00646557969338,43.13301965742188,40.002277172731205,0,0,0,0,0,0,0.8859936041554896
1609425000,43.631,43.85,43.305,43.785,42.990274315972556,42.17584981019878,43.35034643828126,40.15061924438881,0,0,0,0,0,0,0.8616369181443833
1609770600,43.933,44.224,42.1235,42.522,42.90513353125027,42.20881649494175,43.07423095885417,40.24361456813826,1,0,0,0,0,0,0.9501271382769271
1609857000,42.505,42.939,42.24,42.81,42.8878365255684,42.26607206685206,42.98615397256945,40.344257134093624,0,0,0,0,0,0,0.9321894855428606
1609943400,42.33,43.458,42.054,42.546,42.82568443001051,42.29273187000901,42.83943598171297,40.430599991580145,0,1,0,0,0,0,0.9658902365755131
1610029800,43.20617,44.459,43.06,44.339,43.10083271546315,42.48761454905577,43.33929065447531,40.58387058014563,0,0,0,0,0,0,1.0335409339629769
1610116200,44.7,44.999,43.8646,44.564,43.36686313083349,42.68536554438379,43.74752710298354,40.739954086806584,0,0,0,0,0,0,1.0407451529656213
1610375400,44.061,44.878,44.042,44.576,43.58670619795467,42.865425968728196,44.02368473532236,40.890387259872995,0,0,0,0,0,0,1.0261204991823625
1610461800,44.777,45.4758,44.56,44.939,43.83257779832655,43.0629092098017,44.32878982354824,41.0491563869368,0,0,0,0,0,0,1.0182404635264792
1610548200,45.03,45.34925,44.81065,45.121,44.06683638044899,43.25891785648726,44.592859882365495,41.208836528625554,0,0,0,0,0,0,0.9839804304174447
1610634600,45.351,45.85,45.133,45.207,44.27413885673099,43.44444948920276,44.79757325491033,41.36562725299318,0,0,0,0,0,0,0.9657675425304842
1610721000,44.818,45,44.066,44.585,44.33065906459809,43.553073347373925,44.72671550327355,41.491877164640506,0,1,0,0,0,0,0.9782841466354496
1611066600,44.828,45.949,44.828,45.927,44.6209028710348,43.77916160000498,45.1268103355157,41.665803550340875,0,0,0,0,0,0,1.0058352790186316
1611153000,45.952,46.57894,45.5,46.188,44.90582962175575,44.00857478095689,45.48054022367713,41.84314458758241,0,0,0,0,0,0,1.0110570448030152
1611239400,46.211,46.947,46.04,46.682,45.22876969052743,44.26318670658004,45.88102681578476,42.03290362336349,0,0,0,0,0,0,1.0036243987456572
1611325800,46.37235,46.755,46.238,46.502,45.46026611043153,44.47640702023909,46.08801787718984,42.20816230480021,0,0,0,0,0,0,0.9688655131209677
1611585000,46.956,47,45.608,46.479,45.64549045398944,44.6671301611687,46.218345251459894,42.37564613598452,1,0,0,0,0,0,0.9990894050408988
1611671400,46.265,46.70339,46.188,46.387,45.78031037144591,44.83092728867644,46.274563500973265,42.53295413065179,0,0,0,0,0,0,0.9645394475379773
1611757800,45.554,45.696,44.151,44.47,45.54207212209211,44.79655326118345,45.673042333982174,42.608916713763485,0,1,0,0,0,0,1.0553580584281215
1611844200,45.553,45.848,44.703,45.174,45.47514991807536,44.832500569642164,45.50669488932145,42.70950821518453,0,0,0,0,0,0,1.0784039113975414
1611930600,44.99,45.81,44.763,45.05,45.39784993297075,44.85321480110481,45.354463259547636,42.80129220674592,0,0,0,0,0,0,1.076160774869146
1612189800,45.585,46.9315,45.359,46.674,45.62987721788516,45.02662291528531,45.794308839698424,42.95316310059902,0,0,0,0,0,0,1.1336850052356358
1612276200,46.976,47.697,46.8,47.688,46.00408136008786,45.28008739954385,46.42553922646562,43.1388429790069,0,0,0,0,0,0,1.1257789334330905
1612362600,47.693,47.852,46.4585,46.519,46.09770293098097,45.39807907577777,46.45669281764374,43.27139815630075,1,0,0,0,0,0,1.144901866759298
1612449000,46,47.116,45.74808,47.063,46.27321148898443,45.556642973322745,46.658795211762495,43.42008842468111,0,1,0,0,0,0,1.160831733419348
1612535400,47.433,47.692,46.536,46.601,46.33280940007817,45.65610554729201,46.639530141174994,43.544830055085775,0,0,0,0,0,0,1.16048660960368
1612794600,46.875,47.342,46.558,47.27,46.50320769097305,45.80980978088324,46.84968676078333,43.69091515096476,0,0,0,0,0,0,1.133594708917703
1612881000,47.2,47.519,46.862,47.463,46.677715383523406,45.96725646841817,47.05412450718889,43.83884004700536,0,0,0,0,0,0,1.0995522297092954
1612967400,47.721,47.7485,46.549,47.005,46.737221677428245,46.066089185711675,47.03774967145926,43.96300318241692,0,1,0,0,0,0,1.1066913561586316
1613053800,47.369,47.935,46.91901,47.839,46.937545008804925,46.234937834691515,47.30483311430617,44.115003057616256,0,0,0,0,0,0,1.1002126878615865
1613140200,47.838,48.702,47.4885,48.632,47.245627734476756,46.4632294694828,47.74722207620411,44.2921401926117,0,0,0,0,0,0,1.1083046387286157
1613485800,49.0875,49.478,48.702,48.913,47.54878632820825,46.696540948579674,48.13581471746941,44.473350381136726,1,0,0,0,0,0,1.0895685931051433
1613572200,48.423,48.612,47.506,48.248,47.675916086715844,46.844298953476844,48.173209811646274,44.621375856386265,0,0,0,0,0,0,1.1122422650262043
1613658600,48.023,48.541,47.51272,48.326,47.79411316185842,46.98541333886,48.22413987443085,44.766655234567196,0,0,0,0,0,0,1.106244960381475
1613745000,48.725,49.514,48.6765,48.996,48.012638041520525,47.17689778277809,48.4814265829539,44.93251189203515,1,0,0,0,0,0,1.1120846060685126
1614004200,48.4,48.661,47.5315,47.636,47.9441583976077,47.220621803465896,48.19961772196927,45.03853103352397,0,0,0,0,0,0,1.137257134206476
1614090600,47.114,47.462,45.606,47.19,47.80703868895176,47.21770544123105,47.86307848131285,45.122902365542636,0,0,0,0,0,0,1.2010244817631563
1614177000,46.768,48.141,46.266,48.088,47.8581225636878,47.30059063730428,47.93805232087523,45.23918070414881,0,0,0,0,0,0,1.2491655902086454
1614263400,47.475,47.9375,45.521,45.716,47.46864573392638,47.149677243275306,47.19736821391682,45.25787950006454,0,1,0,0,0,0,1.3432966194794564
1614349800,46.753,47.576,46.074,46.987,47.3810737823034,47.13418417248718,47.12724547594455,45.325688147120836,0,0,0,0,0,0,1.3802040038023524
1614609000,47.97,49,47.386,48.958,47.66778764006642,47.307880917964596,47.737496983963034,45.46813174919453,0,0,0,0,0,0,1.42540371781647
1614695400,49.037,49.08599,47.96,48.051,47.7374626145998,47.37865416387273,47.84199798930869,45.56942070020651,1,0,0,0,0,0,1.4040170236867222
1614781800,47.8,48.13899,46.197,46.306,47.47719668467256,47.27649662445628,47.32999865953912,45.59830616294351,0,0,0,0,0,0,1.442443664851956
1614868200,46.167,46.7,44.143,44.359,46.910251832913914,46.99863980307949,46.339665773026084,45.54970592125945,0,0,0,0,0,0,1.522054831648245
1614954600,45.425,45.6,43.3,45.014,46.56547877238411,46.80962648850049,45.89777718201739,45.52869784591594,0,0,0,0,0,0,1.5776223436733705
1615213800,44.683,44.796,41.926,42.125,45.758118995587,46.363471584833775,44.640184788011595,45.39521949901728,0,1,0,0,0,0,1.6855064619824154
1615300200,43.569,44.69,43.06,44.36,45.50391554184391,46.17266476723056,44.546789858674394,45.35462265591856,0,0,0,0,0,0,1.7483274289836712
1615386600,44.735,45.403,43.51,43.759,45.186658170599564,45.94279193225622,44.28419323911626,45.29204921843156,0,0,0,0,0,0,1.758661184056266
1615473000,44.902,45.745,44.20923,45.369,45.21981123049055,45.88814508156515,44.64579549274418,45.29506689614012,0,0,0,0,0,0,1.7748996709093896
1615559400,44.536,45.349,44.45191,45.117,45.20111827949227,45.814702692844655,44.80286366182945,45.288083880605214,0,0,0,0,0,0,1.7136275515587192
1615815000,45.518,47.123,45.319,47.077,45.542187683220945,45.93492148400231,45.560909107886296,45.35823745391481,0,0,0,0,0,0,1.7345112978759534
1615901400,47.127,48.4,46.7405,47.818,45.955971740817134,46.114262295049706,46.31327273859086,45.454698730231875,0,0,0,0,0,0,1.729153348027671
1615987800,47.03,48.727,47.001,48.359,46.392885969759476,46.328046838378306,46.995181825727244,45.56859289767376,1,0,0,0,0,0,1.7289281088828372
1616074200,47.456,48.335,46.375,46.415,46.39690670253048,46.336328091866086,46.801787883818164,45.601785333059105,0,0,0,0,0,0,1.7471475296769206
1616160600,45.705,47.6675,45.41,47.446,46.58765093843403,46.442011130735985,47.016525255878776,45.67410747686071,0,1,0,0,0,0,1.7836012775571406
1616419800,47.291,48.128,47.167,47.528,46.75862349508239,46.54543864209446,47.187016837252514,45.7468091444348,0,0,0,0,0,0,1.7248440434459162
1616506200,47.378,47.537,46.265,46.406,46.694510132340135,46.5321587714188,46.926677891501676,45.77265976622167,0,0,0,0,0,0,1.6924980403426364
1616592600,46.945,46.999,45.687,45.727,46.518599199187385,46.45547698366463,46.526785261001116,45.770869187154155,0,0,0,0,0,0,1.6653196088895912
1616679000,45.496,46.402,44.931,46.17,46.45521752660786,46.4282886995061,46.407856840667414,45.78652137589321,0,1,0,0,0,0,1.6514396368260493
1616765400,45.664,48.3,45.664,48.204,46.77317797631552,46.5974040614579,47.00657122711161,45.88132445919151,1,0,0,0,0,0,1.72176537705276
1617024600,48.04,48.116,46.827,47.262,46.86205470789452,46.66069891274763,47.091714151407736,45.93546859804675,0,0,0,0,0,0,1.6971392786918487
1617111000,46.388,46.4,45.162,45.616,46.63549930645915,46.56120377820023,46.599809434271826,45.92294041773119,0,1,0,0,0,0,1.725915044499574
1617197400,45.9,46.707,45.24,46.366,46.58649943255749,46.54261294218116,46.52187295618122,45.940315303310356,0,0,0,0,0,0,1.7074211127496042
1617283800,47.207,47.658,46.92,47.595,46.76986317209249,46.642840281021044,46.87958197078748,46.00520489925897,0,0,0,0,0,0,1.6777481761246325
1617629400,48.03,48.9635,47.682,48.848,47.147706231712036,46.852855492352376,47.53572131385832,46.116687060072344,1,0,0,0,0,0,1.6556590206871589
1617715800,48.3115,48.822,47.774,48.387,47.373032371400754,46.99896449308072,47.81948087590555,46.20571894006951,0,0,0,0,0,0,1.614111947780933
1617802200,48.001,48.391,47.8,48.246,47.5317537584188,47.11772977945399,47.96165391727037,46.28572996202757,0,0,0,0,0,0,1.5410325229394377
1617888600,48.798,48.798,48.012,48.548,47.71652580234266,47.25394599093456,48.15710261151358,46.37444643410492,0,0,0,0,0,0,1.4871016284437637
1617975000,48,48.531,47.654,48.509,47.860612020098536,47.37347494417889,48.27440174100905,46.4581544170812,0,1,0,0,0,0,1.4447372264120661
1618234200,48.193,48.54199,47.86,48.367,47.952682561898804,47.46809637806661,48.305267827339364,46.533011106607425,0,0,0,0,0,0,1.390255281668347
1618320600,48.5,48.822,48.02894,48.496,48.051467550644475,47.56599196110789,48.36884521822624,46.609991063211055,0,0,0,0,0,0,1.347598475834894
1618407000,48.247,48.919,47.519,47.73,47.99301890507275,47.58161177433571,48.15589681215083,46.65391298230082,1,1,0,0,0,0,1.3513414418466871
1618493400,48.164,48.23147,47.678,48,47.994288195059525,47.621458272018025,48.103931208100555,46.7067007084851,0,0,0,0,0,0,1.294350624571924
1618579800,48.048,48.178,47.678,47.879,47.9733267050487,47.645986055635355,48.0289541387337,46.752673229720976,0,0,0,0,0,0,1.237611294245358
1618839000,47.653,47.68,46.005,46.2,47.65090366776712,47.5082730979558,47.419302759155805,46.730999769731916,0,0,0,0,0,0,1.2830676303706894
1618925400,46.001,46.20287,45.454,45.726,47.300921182718554,47.33853280291239,46.85486850610387,46.69158801405615,0,0,0,0,0,0,1.2449106567727828
1619011800,45.522,46.034,45.26,45.979,47.06057187676973,47.209053488349305,46.56291233740258,46.66364338605395,0,0,0,0,0,0,1.2112741812890124
1619098200,45.51,46.114,44.9,45.511,46.77883153553887,47.04733410850651,46.21227489160172,46.61844168464007,0,1,0,0,0,0,1.2114688826255116
1619184600,45.849,46.785,45.75,46.613,46.748680347259075,47.00596895531542,46.345849927734484,46.61822828524242,0,0,0,0,0,0,1.215935391009403
1619443800,46.70204,47.3825,46.35731,47.185,46.82801119321197,47.02301953099966,46.62556661848966,46.64045462699762,0,0,0,0,0,0,1.2023107202230174
1619530200,47.37,47.426,46.506,46.635,46.79291824899161,46.98606528995207,46.628711078993106,46.64024072005653,1,0,0,0,0,0,1.1821456687785161
1619616600,46.537,46.597,45.605,45.92,46.63420584008404,46.88453526233759,46.392474052662074,46.611995985936666,0,0,0,0,0,0,1.1712781210086223
1619703000,46.969,46.969,45.903,46.629,46.633259323705126,46.86019857068639,46.471316035108046,46.61266281001758,0,0,0,0,0,0,1.1637582552222925
1619789400,45.971,46.07331,45.384,45.62,46.44903035575874,46.74208442109721,46.187544023405366,46.57373485668356,0,0,0,0,0,0,1.1695612369921287
1620048600,45.975,45.984,44.828,45.014,46.188115745620784,46.577504952421286,45.79636268227024,46.51256878387244,0,0,0,0,0,0,1.1685925772069763
1620135000,44.722,44.77,43.731,44.454,45.87282197368973,46.37526638552402,45.34890845484683,46.431840596269595,0,1,0,0,0,0,1.1767645359779064
1620221400,45.04143,45.144,44.237,44.383,45.60194525120069,46.18552672975983,45.026938969897884,46.35149390621981,0,0,0,0,0,0,1.1574956405509127
1620307800,44.38,44.909,43.984,44.858,45.46668247825511,46.059095612639844,44.970625979931924,46.2929255177406,0,0,0,0,0,0,1.14088880908299
1620394200,45.459,45.838,44.92,45.258,45.428740209481454,45.98280079238843,45.06641731995462,46.2523402033194,1,0,0,0,0,0,1.1293967512913483
1620653400,44.838,44.8532,43.5765,43.61,45.09806017139392,45.756819764541916,44.58094487996974,46.148719018875504,0,0,0,0,0,0,1.1688326976276804
1620739800,42.5,44.176,42.305,44.007,44.89968559477684,45.59017026315697,44.389629919979825,46.06473003774313,0,0,0,0,0,0,1.2189875049399892
1620826200,42.92857,43.086,41.914,42.238,44.41574275936287,45.270915952380115,43.672419946653214,45.91466219312576,0,1,0,0,0,0,1.281416968872847
1620912600,42.989,43.482,42.564,43.06,44.16924407584235,45.06035252834391,43.468279964435474,45.80271465614043,0,0,0,0,0,0,1.2787443282390722
1620999000,43.639,44.512,43.205,44.162,44.16792697114374,44.97479514469211,43.69951997629032,45.73837290491924,1,0,0,0,0,0,1.2911197333648528
1621258200,44.214,44.214,43.284,43.994,44.13630388548125,44.88138608329286,43.79767998419354,45.66996612433417,0,0,0,0,0,0,1.2653254666959346
1621344600,44.392,44.44375,43.328,43.374,43.99770317903011,44.73782550393164,43.6564533227957,45.57992823710538,0,0,0,0,0,0,1.2546415047890822
1621431000,42.6,44.25,42.57,44.172,44.02939351011555,44.68393736070006,43.828302215197134,45.52471536506203,0,1,0,0,0,0,1.285024254447005
1621517400,44.575,45.93,44.533,45.5,44.29677650827636,44.76165761206195,44.385534810131425,45.523746135059596,0,0,0,0,0,0,1.318808236272219
1621603800,45.799,45.799,44.934,45.124,44.44718077949884,44.796166410913195,44.63168987342095,45.508069816037654,0,0,0,0,0,0,1.286393362252775
1621863000,45.692,46.244,45.6355,45.919,44.71478427413541,44.90310294320717,45.0607932489473,45.52418472521265,0,0,0,0,0,0,1.2745081220918624
1621949400,46.19,46.296,45.6495,45.954,44.94009622429261,45.00318837718744,45.358528832631535,45.541040226184705,0,0,0,0,0,0,1.2296503990853005
1622035800,46.077,46.21,45.553,46.049,45.14171509260304,45.10278948412197,45.588685888421026,45.560960217314715,0,1,0,0,0,0,1.1887467991506366
1622122200,46,46.844,45.9645,46.768,45.43740325758431,45.26138096182464,45.98179059228068,45.60829511075335,0,0,0,0,0,0,1.1666577420684483
1622208600,47,47.462,46.768,47.233,45.76387539256898,45.44915420355563,46.398860394853784,45.67200902797871,0,0,0,0,0,0,1.132896474777845
1622554200,47.544,47.79999,46.72,46.831,45.95789804846553,45.58075856512176,46.54290692990252,45.71745965433249,1,0,0,0,0,0,1.1291174408651419
1622640600,47.183,47.77,46.947,47.373,46.215189312380886,45.75144822558636,46.81960461993501,45.78238280514298,0,0,0,0,0,0,1.1155376236604888
1622727000,46.88,46.976,46.326,46.48,46.26333671012981,45.82083410886385,46.70640307995667,45.80974034219619,0,0,0,0,0,0,1.1106420791133107
1622813400,47.05,47.84,46.952,47.5,46.488184581015304,45.98075466992444,46.970935386637784,45.87602503465909,1,0,0,0,0,0,1.1284533591766461
1623072600,47.3,47.448,46.247,46.378,46.4681510208307,46.018587558503064,46.773290257758525,45.895710327417554,0,0,0,0,0,0,1.1373495478068858
1623159000,46.805,47.239,46.351,46.353,46.44721447158876,46.05043636245515,46.63319350517235,45.91364325575412,0,0,0,0,0,0,1.1195388658206795
1623245400,46.719,46.719,46.1715,46.393,46.437357294936255,46.08306147079276,46.553129003448234,45.932441559450034,0,0,0,0,0,0,1.078678946833488
1623331800,46.55,46.954,46.021,46.867,46.51547415040239,46.15772228309821,46.657752668965486,45.96909091005983,0,1,0,0,0,0,1.0682733077739532
1623418200,46.844,47.213,46.7145,47.07,46.61629703214741,46.24460587518409,46.79516844597699,46.01226381554768,0,0,0,0,0,0,1.027575214361528
1623677400,47.049,47.59,46.606,47.583,46.79206120812061,46.372071982309414,47.05777896398466,46.073861312977186,0,0,0,0,0,0,1.0244626990499903
1623763800,47.656,47.657,46.855,47.074,46.84332280664413,46.43892226970852,47.063185975989775,46.113082437958475,1,0,0,0,0,0,1.0085725062607052
1623850200,47.027,47.112,46.148,46.575,46.79453684179975,46.4518820535458,46.90045731732652,46.13119685215618,0,0,0,0,0,0,1.0053887558135117
1623936600,46.488,47.524,46.394,47.117,46.85316650692707,46.515226619874774,46.972638211551015,46.169855799130445,0,0,0,0,0,0,1.0142895589696896
1624023000,46.727,46.9755,46.0505,46.35,46.76168168748578,46.49949075131527,46.76509214103401,46.17692027759592,0,0,0,0,0,0,1.0180188761861402
1624282200,46.117,46.538,45.844,46.461,46.707012289761096,46.49582496547572,46.66372809402267,46.18806065886667,0,1,0,0,0,0,0.9948746707442727
1624368600,46.658,46.858,46.132,46.445,46.65937369162271,46.49098449257327,46.59081872934845,46.19813671146013,0,0,0,0,0,0,0.9756693371196817
1624455000,46.386,46.7875,46.3035,46.666,46.66057847496403,46.50765263613772,46.61587915289896,46.21648429140287,0,0,0,0,0,0,0.9405500987539902
1624541400,46.989,47.365,46.86,47.006,46.723382388606936,46.55511428983889,46.745919435265975,46.24744569174001,0,0,0,0,0,0,0.9232965202715626
1624627800,47.135,47.245,46,46.22,46.63185831795113,46.52319864318757,46.57061295684398,46.24636939010315,0,1,0,0,0,0,0.9462753402521651
1624887000,46.6,47.629,46.551,47.28,46.74970226014183,46.59527496288399,46.80707530456265,46.286903923824596,0,0,0,0,0,0,0.9793271016627246
1624973400,47.237,47.731,47.074,47.715,46.925210940116045,46.70191544260933,47.109716869708436,46.34290769151775,0,0,0,0,0,0,0.9563037372582446
1625059800,47.813,47.859,47.2525,47.684,47.063172587367674,46.79544730521796,47.30114457980562,46.39549954675235,1,0,0,0,0,0,0.9313177560255131
1625146200,47.784,47.784,46.893,46.964,47.04514120784628,46.811499942816255,47.18876305320375,46.41779368217382,0,0,0,0,0,0,0.928437916309405
1625232600,47.6771,47.858,45.571,46.817,47.00366098823786,46.812023757786136,47.06484203546917,46.4334488318925,0,1,0,0,0,0,1.0254780651444475
1625578200,47.04,47.675,46.83,47.328,47.06263171764916,46.86116435228269,47.15256135697945,46.4685292698575,0,0,0,0,0,0,1.0135153462055582
1625664600,47.5,47.536,46.637,46.954,47.042880496258405,46.87000584254148,47.0863742379863,46.487567337706224,0,0,0,0,0,0,1.005335678619447
1625751000,46.442,47.108,46.156,47.05,47.04417495148415,46.887148143251814,47.07424949199086,46.509623520541275,0,1,0,0,0,0,1.0015259872894864
1625837400,46.957,48.088,46.803,48.018,47.2212340512143,46.99484832008498,47.388832994660575,46.56877553934358,0,0,0,0,0,0,1.0217741310545232
1626096600,48.132,49.402,47.326,48.575,47.46737331462988,47.14533895626736,47.78422199644039,46.64745100838893,1,0,0,0,0,0,1.0970759788363431
1626183000,48.533,48.753,48.2,48.401,47.637123621060816,47.26492572233713,47.98981466429359,46.71621763551093,0,0,0,0,0,0,1.0582134089194613
1626269400,48.92,49.2,48.0745,48.159,47.7320102354134,47.35007565354312,48.046209776195724,46.77279733607913,0,0,0,0,0,0,1.0630195939966427
1626355800,48.328,48.445,47.312,47.734,47.73237201079278,47.386639877015206,47.94213985079715,46.810491558193675,0,0,0,0,0,0,1.068018194425454
1626442200,47.906,48.028,46.726,46.807,47.564122554285,47.33143607920423,47.56375990053143,46.81035463434294,0,0,0,0,0,0,1.0847311805379216
1626701400,46.348,46.597,45.75901,46.567,47.382827544415,47.25863264308954,47.23150660035429,46.8008113153491,0,1,0,0,0,0,1.0821068104994986
1626787800,46.789,47.225,46.327,46.859,47.287586172703186,47.22057239136673,47.10733773356952,46.8030932245511,0,0,0,0,0,0,1.0689563240352489
1626874200,46.963,47.928,46.85,47.902,47.39929777766624,47.28547025885561,47.37222515571302,46.84618760790204,0,0,0,0,0,0,1.0696023008898736
1626960600,47.66,47.899,47.451,47.633,47.441789090817835,47.318568329440794,47.45915010380868,46.87704299582745,0,0,0,0,0,0,1.0254164222548827
1627047000,48.003,48.358,47.683,48.315,47.60055471066914,47.413466583779766,47.74443340253912,46.93343346657932,0,0,0,0,0,0,1.0039581063795335
1627306200,48.216,48.362,47.968,48.224,47.713908399638385,47.490660242467406,47.90428893502608,46.98404391887032,1,0,0,0,0,0,0.9603896702095668
1627392600,48.076,48.181,46.78001,47.536,47.68156141788595,47.49497831461337,47.78152595668406,47.00568925538521,0,1,0,0,0,0,0.9949325509088834
1627479000,47.67,47.908,47.432,47.765,47.69673206917942,47.52069466560257,47.77601730445604,47.03546614733089,0,0,0,0,0,0,0.9578659401296774
1627565400,47.8465,48.58253,47.744,48.411,47.82659896569225,47.6054856498309,47.98767820297069,47.089408651357125,0,0,0,0,0,0,0.949341944406129
1627651800,48.196,48.634,47.957,48.54,47.95630824465729,47.69448701651367,48.17178546864713,47.146294586598025,0,0,0,0,0,0,0.9298889483771198
1627911000,48.905,49.46,48.351,48.468,48.04934310926506,47.768154919702845,48.270523645764754,47.198126171437316,1,0,0,0,0,0,0.9426825949216113
1627997400,48.549,48.7755,47.996,48.679,48.16382618030778,47.85490207020734,48.40668243050984,47.25619965491036,0,0,0,0,0,0,0.9310266952843532
1628083800,48.853,48.998,48.401,48.78,48.275857783888185,47.9430066349495,48.531121620339896,47.315956531188384,0,0,0,0,0,0,0.9071676456211847
1628170200,49.043,49.043,48.4886,48.767,48.36515636863579,48.021482193525735,48.60974774689326,47.372860196631976,1,0,0,0,0,0,0.881969956648243
1628256600,48.507,48.812,48.403,48.543,48.397491574338375,48.071150556047094,48.58749849792884,47.418748032058176,0,0,0,0,0,0,0.8481863883162255
1628515800,48.649,48.683,48.1,48.468,48.41031128809504,48.108945741185465,48.5476656652859,47.459895168055894,0,0,0,0,0,0,0.829244503436495
1628602200,48.59,48.645,47.783,48.226,48.37680014480503,48.12009376583447,48.440443776857265,47.4899384947988,0,0,0,0,0,0,0.8315841817624597
1628688600,48.48119,48.597,47.97874,48.355,48.37283648211321,48.14246578813595,48.41196251790484,47.52386247539493,0,0,0,0,0,0,0.8163467402079982
1628775000,48.228,48.5,47.6731,48.426,48.38250257627444,48.169469046408715,48.41664167860323,47.5592404175363,0,1,0,0,0,0,0.8171005444788556
1628861400,48.261,48.897,48.211,48.616,48.42495665331545,48.2119958038936,48.48309445240215,47.60068196978978,1,0,0,0,0,0,0.8077362198732231
1629120600,48.483,48.89118,48.44,48.814,48.49569180725809,48.26932953685611,48.59339630160143,47.648263069013716,0,0,0,0,0,0,0.7822679184537071
1629207000,48.559,48.622,47.452,47.869,48.381747842302076,48.231202914298386,48.35193086773429,47.656919419248474,0,0,0,0,0,0,0.8236773528498711
1629293400,47.665,47.708,46.8345,46.897,48.111793689156244,48.10413597007949,47.86695391182286,47.62711865770932,0,0,0,0,0,0,0.8387361133605946
1629379800,46.635,47.583,46.266,47.353,47.97383120021875,48.0325992110243,47.695635941215244,47.6163689064266,0,1,0,0,0,0,0.8728978195491236
1629466200,47.282,47.623,47.044,47.517,47.89077098199716,47.98349452426008,47.63609062747683,47.61247208656673,0,0,0,0,0,0,0.8519051181527576
1629725400,47.633,48.619,47.5695,48.245,47.95517625799767,48.008399807663885,47.839060418317885,47.637277102779805,0,0,0,0,0,0,0.8697690382847032
1629811800,48.24,48.304,48.016,48.143,47.98932602927082,48.02121887360066,47.94037361221192,47.657109373259026,0,0,0,0,0,0,0.8282141069786533
1629898200,48.1565,48.627,48.1565,48.341,48.05326675122158,48.051674218972025,48.073915741474615,47.68392861352338,0,0,0,0,0,0,0.8036273850516068
1629984600,48.3,48.811,48.06,48.574,48.14794552372675,48.10141953145088,48.24061049431641,47.718833373777365,0,0,0,0,0,0,0.799868286119349
1630071000,48.801,49.64447,48.664,49.594,48.41086451941279,48.243570052265085,48.691740329544274,47.79236931990374,0,0,0,0,0,0,0.8191969799679669
1630330200,50,50.785,49.82537,49.889,48.6796164249741,48.40027766633508,49.09082688636285,47.87459013088791,1,0,0,0,0,0,0.8457543385416832
1630416600,50.129,50.129,49.27,49.721,48.868958893160624,48.52606074573174,49.30088459090857,47.94699836104917,0,0,0,0,0,0,0.8467004572172769
1630503000,49.627,49.924,49.2885,49.316,48.95023909440415,48.601293055662055,49.305923060605714,48.00068469983155,0,0,0,0,0,0,0.8316147102731858
1630589400,49.579,49.598,49.016,49.19,48.99383198633066,48.65736038369424,49.267282040403806,48.04732451552443,0,1,0,0,0,0,0.8137850881108155
1630675800,49.591,50.6,49.5043,49.768,49.134589806997816,48.76313558524717,49.43418802693587,48.11480198550387,1,0,0,0,0,0,0.8563718675314718
1631021400,49.76,49.76,49.1,49.659,49.229937114816394,48.84845600569982,49.50912535129058,48.17535877038607,0,0,0,0,0,0,0.8429167341363666
1631107800,49.962,49.989,48.811,49.438,49.267766730304324,48.90460305277603,49.485416900860386,48.22487411272387,0,1,0,0,0,0,0.8668512531266259
1631194200,49.28497,49.8698,49.28497,49.349,49.28253641570354,48.94692657155927,49.43994460057359,48.26895748085234,0,0,0,0,0,0,0.8467068779032952
1631280600,49.705,50.599,49.651,49.815,49.379347976484716,49.02960023141077,49.56496306704906,48.32958659925029,1,0,0,0,0,0,0.8755135294816313
1631539800,50.2,50.247,49.32605,49.896,49.47328470803295,49.11211449508593,49.675308711366036,48.39101457575028,0,0,0,0,0,0,0.8787589916615147
1631626200,50.2,50.542,49.836,50.187,49.60305112475423,49.214484543172986,49.845872474244025,48.46144537670125,0,0,0,0,0,0,0.8664190636856925
1631712600,50.212,51.07,49.942,50.974,49.852314556617095,49.38205744382318,50.22191498282935,48.559976930556104,1,0,0,0,0,0,0.8851034162795717
1631799000,50.52,50.915,50.02068,50.735,50.01280281905035,49.51090911584002,50.39294332188623,48.645271952887235,0,0,0,0,0,0,0.8899760294024592
1631885400,50.397,50.762,50.1,50.6,50.119565942859374,49.614632057188594,50.46196221459082,48.721927954734795,0,0,0,0,0,0,0.8736920273022835
1632144600,49.9,50.3,48.844,49.482,50.003644862339485,49.60200043269444,50.13530814306055,48.75173470160794,0,0,0,0,0,0,0.9367140253521204
1632231000,49.349,49.375,48.7,49.099,49.83916397827776,49.55409562958068,49.789872095373696,48.765352948603706,0,1,0,0,0,0,0.9256630235412544
1632317400,49.425,50.3,49.222,50.059,49.87913416404544,49.602181760096805,49.879581396915796,48.81608420552121,0,0,0,0,0,0,0.9453299504311649
1632403800,50.251,50.729,50.059,50.43,49.97929158876445,49.68102159246854,50.06305426461053,48.87937502099096,1,0,0,0,0,0,0.9256635254003676
1632490200,50.227,50.55,50.083,50.492,50.07251129989818,49.75825763128106,50.20603617640702,48.94261521624622,0,0,0,0,0,0,0.892901845014627
1632749400,49.97756,50.582,49.738,50.485,50.14750924537124,49.82747119020667,50.29902411760468,49.003100894040486,0,0,0,0,0,0,0.889408856085011
1632835800,49.7,50.145,49.054,49.102,49.95741665530374,49.75837869590128,49.90001607840312,49.006979290352625,0,0,0,0,0,0,0.9280939377932242
1632922200,49.363,49.427,48.765,48.948,49.773886354339425,49.68119977248211,49.58267738560208,49.004666377005464,0,0,0,0,0,0,0.909087227950851
1633008600,49.452,49.452,48.44801,48.493,49.54099792627771,49.56803788938858,49.21945159040139,48.9846010288876,0,0,0,0,0,0,0.9158659973829331
1633095000,48.785,48.866,47.75,48.735,49.39445284877267,49.48870094754204,49.05796772693426,48.974812753244954,0,0,0,0,0,0,0.930161283284152
1633354200,48.49304,48.656,47.278,47.595,49.06727960354128,49.30834847634756,48.570311817956174,48.920702449196135,0,1,0,0,0,0,0.9677926201924268
1633440600,47.594,48.979,47.533,48.542,48.97177422107923,49.235362907171606,48.56087454530412,48.90585137275707,0,0,0,0,0,0,1.0019502901786819
1633527000,48.313,48.935,47.97,48.878,48.954724362701185,49.201328344583835,48.666583030202744,48.904759162060714,0,0,0,0,0,0,0.9993109837373477
1633613400,49.263,49.99,49.263,49.392,49.03422902402824,49.21948754986157,48.90838868680183,48.92386664590147,1,0,0,0,0,0,1.0073601991846801
1633699800,49.682,49.8,49.128,49.285,49.0798237469322,49.225726830827135,49.03392579120122,48.93802873821906,0,0,0,0,0,0,0.983405899242917
1633959000,49.124,49.959,49.085,49.234,49.10785579294453,49.22651475170074,49.100617194134145,48.94963545436733,0,0,0,0,0,0,0.9755911921541374
1634045400,49.584,49.67,48.20201,48.528,49.002427466954614,49.159989537253054,48.90974479608943,48.93310073066665,0,0,0,0,0,0,1.010762535571699
1634131800,48.117,48.538,47.955,48.501,48.91125883659923,49.09722862894324,48.773496530726284,48.91615560397384,0,1,0,0,0,0,0.980208068745149
1634218200,49.186,49.915,49.0815,49.76,49.06557541176301,49.16034971190103,49.102331020484186,48.94924754107291,0,0,0,0,0,0,1.0111932066919243
1634304600,50.44041,50.586,50.108,50.325,49.29456170053337,49.271268786958075,49.50988734698946,49.00319861789358,0,0,0,0,0,0,0.9979651204996439
1634563800,50.039,50.398,49.866,50.336,49.483914118618216,49.37267175962874,49.7852582313263,49.0554653387605,0,0,0,0,0,0,0.9646818976068124
1634650200,50.432,51.087,50.177,51.039,49.766657006142175,49.531369687283146,50.20317215421753,49.13325101175028,0,0,0,0,0,0,0.9607760477777546
1634736600,51.1,51.343,50.844,50.939,49.97981027775269,49.665429717065706,50.44844810281169,49.20406469756399,0,0,0,0,0,0,0.9277920443650579
1634823000,50.942,51.479,50.86,51.415,50.240753863615836,49.832055458297546,50.770632068541126,49.29076804275756,0,0,0,0,0,0,0.9057354697675537
1634909400,51.47423,52.138,51.302,51.541,50.47716225204932,49.99481208131683,51.027421379027416,49.379012433237655,0,0,0,0,0,0,0.9007543647841568
1635168600,51.749,52.45,51.518,52.207,50.79167820622217,50.20549664500094,51.42061425268494,49.48991390644402,0,0,0,0,0,0,0.9029861958710029
1635255000,52.5225,53.499,52.4,53.387,51.26355489599996,50.50849696452466,52.07607616845663,49.64274081207367,0,0,0,0,0,0,0.9307728961659315
1635341400,53.182,53.607,52.186,52.311,51.453999460363605,50.680163920284215,52.15438411230442,49.74737842728646,1,0,0,0,0,0,0.965789117868365
1635427800,52.414,52.995,52.343,52.957,51.72727228575204,50.89700545168572,52.42192274153628,49.873245939941896,0,0,0,0,0,0,0.9456613237349102
1635514200,52.35,53.215,52.35,53.167,51.989040961069854,51.113195408668034,52.67028182769085,50.00241276582653,0,0,0,0,0,0,0.9398998006109881
1635773400,53.0336,53.25751,52.493,52.805,52.13739714996625,51.274319655461554,52.715187885127236,50.11231814755882,0,0,0,0,0,0,0.9273719577102033
1635859800,52.74465,54.082,52.668,53.707,52.42277948633602,51.506003497798545,53.04579192341816,50.25328606334082,0,0,0,0,0,0,0.962131103588046
1635946200,53.90527,54.3795,53.377,54.237,52.75263776154765,51.76609840277011,53.44286128227877,50.409510139288244,0,0,0,0,0,0,0.9650145961888997
1636032600,54.38,54.907,54.0925,54.862,53.13615816853899,52.060946173934866,53.91590752151918,50.58411758480635,0,0,0,0,0,0,0.954263553603978
1636119000,55,55.967,54.981,55.892,53.63722031971372,52.42580844308392,54.57460501434612,50.79226983638257,0,0,0,0,0,0,0.965030442632265
1636381800,56.197,56.389,55.81,55.895,54.047725716129406,52.75620763898069,55.01473667623075,50.99237690162247,1,0,0,0,0,0,0.9374568395871032
1636468200,55.919,56.19009,55.514,55.78,54.36268467683315,53.044187863839674,55.2698244508205,51.180126827049044,0,0,0,0,0,0,0.9187877796165955
1636554600,55.43,56.09022,54.805,54.877,54.45619655377258,53.21874140061685,55.13888296721367,51.32510224559614,0,1,0,0,0,0,0.9449615096439817
1636641000,55.269,55.712,54.881,55.54,54.65325172581393,53.43981364817715,55.27258864480911,51.49039235361198,0,0,0,0,0,0,0.937107116097983
1636727400,55.841,56.584,55.459,56.322,54.95666050293867,53.71430758644599,55.62239242987274,51.67986716327425,0,0,0,0,0,0,0.9505280363766985
1636986600,56.769,56.769,55.98301,56.577,55.25126768422255,53.98694495916542,55.94059495324849,51.87191158824389,0,0,0,0,0,0,0.9387753194926484
1637073000,56.409,56.953,56.274,56.877,55.54685537800027,54.26218829638776,56.25272996883233,52.0681895651755,0,0,0,0,0,0,0.9202199395288879
1637159400,56.814,57.13564,56.41,56.964,55.80451803654567,54.51950369673178,56.48981997922155,52.26018213124705,0,0,0,0,0,0,0.906321372419682
1637245800,57.11,57.673,56.964,57.481,56.10933293899191,54.80155096370971,56.820213319481034,52.46492008688442,0,0,0,0,0,0,0.8922269886754192
1637332200,57.62805,57.721,56.593,56.872,56.24799967735702,54.998736586213546,56.83747554632069,52.637746750143855,1,0,0,0,0,0,0.9090679180557458
1637591400,57.168,57.204,55.248,55.328,56.080727008746656,55.030095006574165,56.33431703088046,52.74324687758919,0,0,0,0,0,0,0.9838487810517641
1637677800,55.242,55.586,54.853,55.512,55.97732209806544,55.07599072023377,56.06021135392031,52.851825431409225,0,0,0,0,0,0,0.9659310109766378
1637764200,55.323,55.908,54.739,55.873,55.95835444387173,55.15189636592579,55.997807569280205,52.97030286547161,0,0,0,0,0,0,0.9804359387640211
1637937000,55.177,55.73,54.33201,54.659,55.7221081813496,55.10495385488524,55.55153837952014,53.036526282511936,0,1,0,0,0,0,1.0204755145665911
1638196200,55.62,56.755,55.368,56.434,55.85154305746785,55.2315296782295,55.845692253013425,53.16976054594284,0,0,0,0,0,0,1.0972986920975492
1638282600,56.327,56.499,55.2,55.368,55.76362613792824,55.24452685173145,55.68646150200895,53.255966014729395,0,0,0,0,0,0,1.1117059283762956
1638369000,56.348,56.84799,55.333,55.476,55.711330476486744,55.26657191347131,55.616307668005966,53.343026171014515,0,0,0,0,0,0,1.1405119334922749
1638455400,54.607,55.911,54.4,55.245,55.626543117125514,55.26451744552166,55.49253844533731,53.417613379994336,0,1,0,0,0,0,1.1669753668142555
1638541800,56.49447,56.9,55.04,55.812,55.66026255037542,55.316658641186265,55.59902563022487,53.51151089450436,0,0,0,0,0,0,1.2164771263275231
1638801000,56.46474,56.83729,55.595,56.498,55.812578450307164,55.42916734202567,55.89868375348325,53.62862811432772,0,0,0,0,0,0,1.2183209030184146
1638887400,57.2,59.307,57.2,59.04,56.39938236843314,55.77305616659466,56.94578916898883,53.84083877651094,1,0,0,0,0,0,1.3319408385170994
1638973800,59.094,59.094,58.243,58.856,56.84604011962711,56.06666986501421,57.582526112659224,54.037511765667375,0,0,0,0,0,0,1.2975879214801636
1639060200,58.245,59.02397,58.245,58.342,57.118032825149456,56.2833679731081,57.83568407510615,54.20631522583728,0,0,0,0,0,0,1.2605437842315805
1639146600,62.398,64.47499,61.859,63.168,58.21802685694046,56.93904721376447,59.613122716737436,54.55775384443189,1,0,0,0,0,0,1.6085756567864682
1639405800,63.4,63.442,62.123,62.166,58.93584015567856,57.436852241024994,60.46408181115829,54.8561164387679,0,0,0,0,0,0,1.5878916813017205
1639492200,61.784,61.86199,60.564,61.491,59.400414672827914,57.822961551403566,60.806387874105525,55.11630795097308,0,1,0,0,0,0,1.5888994183515972
1639578600,61.557,64.086,61.034,63.986,60.23415745958648,58.40991759412704,61.86625858273702,55.46413901171923,1,0,0,0,0,0,1.6934066027550545
1639665000,63.736,64.06556,61.15,62.068,60.5675833760253,58.758306394686365,61.93350572182468,55.72311395243612,0,0,0,0,0,0,1.780703273986837
1639751400,61.753,63.999,61.51,63.496,61.100022762202514,59.20951530947814,62.45433714788312,56.0279330131249,0,0,0,0,0,0,1.8312958972734918
1640010600,62.63,64.609,62.509,64.503,61.718745896347514,59.71365670857546,63.13722476525542,56.36028858123765,0,0,0,0,0,0,1.850489047468242
1640097000,64.81,64.947,63.33,64.624,62.24697391519342,60.181308450615894,63.63281651017028,56.68435569569892,0,0,0,0,0,0,1.8338112583633681
1640183400,64.332,65.716,63.926,65.52,62.842069566976434,60.68975526484295,64.26187767344685,57.03085155076955,0,0,0,0,0,0,1.8306818827659843
1640269800,65.613,67.073,65.613,66.48,63.50351146388981,61.24120714438172,65.0012517822979,57.40140639191584,0,0,0,0,0,0,1.810847462568414
1640615400,66.48,67.63,66.446,67.428,64.21705483409166,61.83042551158346,65.81016785486527,57.79460614125247,0,0,0,0,0,0,1.766072643813527
1640701800,67.755,67.776,66.70301,66.9,64.70486304607499,62.31324212952789,66.17344523657685,58.151680410222966,1,0,0,0,0,0,1.7165667406839886
1640788200,66.97965,67.7,66.912,67.261,65.1696152195159,62.78445716481095,66.53596349105123,58.50890862942991,0,0,0,0,0,0,1.6510976877779893
1640874600,67.31,67.57,66.384,66.508,65.41295790687664,63.139080291971815,66.52664232736748,58.82259848709933,0,0,0,0,0,0,1.6178764243652755
1640961000,66.697,67.131,66.327,66.541,65.61805646926271,63.46307264511736,66.53142821824498,59.12528089936994,0,0,0,0,0,0,1.5597423940534703
1641220200,66.6317,67.17,66.122,66.332,65.74786438394221,63.73630382177284,66.46495214549665,59.40789733468877,0,0,0,0,0,0,1.5231893659067939
1641306600,66.2875,67.21862,65.7225,67.092,65.9922526777709,64.05589393398495,66.67396809699777,59.70923469411274,1,0,0,0,0,0,1.5212558397705946
1641393000,67.121,67.121,64.201,64.3,65.68457037272165,64.07914213074828,65.88264539799852,59.889264706108314,0,0,0,0,0,0,1.621166136929838
1641479400,64.016,64.865,63.443,63.703,65.32428485040863,64.04331907067701,65.15609693199902,60.038822952927596,0,0,0,0,0,0,1.6069399842919923
1641565800,63.585,63.991,61.846,61.915,64.70441487760706,63.840622016326826,64.07573128799935,60.112398523401026,0,0,0,0,0,0,1.6453728425568503
1641825000,60.886,62.204,60.357,62.116,64.23379399076941,63.67637230048618,63.4224875253329,60.190971130326474,0,1,0,0,0,0,1.6597747823742182
1641911400,61.554,62.8,61.457,62.205,63.864922356084065,63.53624160520178,63.01665835022193,60.269952654627396,0,0,0,0,0,0,1.6371480122046307
1641997800,62.751,63.099,61.974,62.2,63.56220920043242,63.40898049994447,62.744438900147955,60.34564078581848,1,0,0,0,0,0,1.6005660113328712
1642084200,62.747,62.788,59.415,59.719,62.86344389126289,63.05755378566404,61.735959266765306,60.32106663735501,0,0,0,0,0,0,1.727168439094809
1642170600,59.578,60.038,59.2,59.637,62.27681772921509,62.73178675845794,61.036306177843535,60.294240494713634,0,0,0,0,0,0,1.6636564077308937
1642516200,58.832,59.104,57.599,57.779,61.45903268753962,62.26009278146195,59.95053745189569,60.195603612568,0,0,0,0,0,0,1.6903952357501157
1642602600,58.158,58.473,56.333,56.397,60.53866310798696,61.70170299275129,58.76602496793046,60.04663876501631,0,0,0,0,0,0,1.7225098617679646
1642689000,56.8,57.014,54.677,54.772,59.49017890653479,61.041731279155925,57.43468331195364,59.839790185996065,0,0,0,0,0,0,1.7664020144988246
1642775400,54.664,55.54,53.134,53.323,58.36887365080119,60.306614014474405,56.06412220796909,59.58422978654524,0,0,0,0,0,0,1.8120875848917655
1643034600,53.089,54.351,51.34,54.158,57.60326025974643,59.72103172738161,55.428748138646064,59.371436461582675,0,1,0,0,0,0,1.8977241859709246
1643121000,52.8,54.54,52.422,53.414,56.84157657615617,59.12036203905955,54.75716542576404,59.13781150230492,0,0,0,0,0,0,1.9134581726872872
1643207400,55.2,57.417,55.007,55.712,56.63619901685505,58.795756130577686,55.07544361717603,59.003465953194926,1,0,0,0,0,0,2.062711160352481
1643293800,56.972,57.0255,54.1025,54.231,56.198890104699586,58.36101745147505,54.793962411450686,58.81631042561865,0,0,0,0,0,0,2.124160363184447
1643380200,54.336,56.05,53.239,56.01,56.164546449299664,58.137111027525044,55.199308274300456,58.706259036378704,0,1,0,0,0,0,2.1732203372427006
1643639400,55.94,58.637,55.6,58.588,56.60517436760882,58.18005283442742,56.328872182866974,58.701621427108954,0,0,0,0,0,0,2.2349188845825076
1643725800,58.587,59.39,57.58228,59.272,57.0900517553163,58.28404780257719,57.309914788577984,58.723989214281154,0,0,0,0,0,0,2.2044046785409
1643812200,59.9,60.48,59.3631,60.343,57.68149689071334,58.48013848804603,58.32094319238532,58.78747983332895,1,0,0,0,0,0,2.133232915787979
1643898600,59.567,59.902,58.012,58.085,57.754861092401825,58.44250625108926,58.24229546159022,58.75993160457095,0,0,0,0,0,0,2.1473591360888378
1643985000,57.638,59.653,57.614,59.016,57.98415907560149,58.497124703366474,58.500196974393475,58.769973502430915,0,1,0,0,0,0,2.1396191977967782
1644244200,59.016,60.158,58.416,58.763,58.12576651640122,58.522446160188714,58.58779798292898,58.76970003174735,0,0,0,0,0,0,2.11121782652558
1644330600,58.838,60.185,58.699,60.022,58.47053624069191,58.66526081159931,59.06586532195266,58.818809834423924,0,0,0,0,0,0,2.0665594103451816
1644417000,60.73527,61.172,60.156,61.134,58.95480237874792,58.900378829542234,59.75524354796844,58.90960160562299,0,0,0,0,0,0,2.0010908810348114
1644503400,59.53,61.464,58.857,59.136,58.98774740079375,58.922818941014405,59.54882903197896,58.91847997402993,1,0,0,0,0,0,2.044370103818039
1644589800,59.136,59.976,56.9075,57.342,58.68852060064943,58.77226475615589,58.81321935465264,58.85665722995032,0,1,0,0,0,0,2.1175222392596074
1644849000,57.5,58.28117,57.007,57.858,58.53751685507681,58.685191922236285,58.49481290310176,58.81749420132482,0,0,0,0,0,0,2.0572827935982074
1644935400,58.903,60.6039,58.825,60.277,58.85378651779012,58.83679269154712,59.088875268734505,58.874729722841494,1,0,0,0,0,0,2.1064697369126217
1645021800,59.406,60.081,58.722,59.721,59.011461696373736,58.921002911399775,59.29958351248967,58.90791679253398,0,0,0,0,0,0,2.067079041418863
1645108200,58.97,59.158,57.889,57.9,58.80937775157851,58.82376453888551,58.83305567499311,58.86839064380716,0,0,0,0,0,0,2.0502876813175153
1645194600,58.094,58.774,57.328,57.999,58.6620363422006,58.74521553518213,58.55503711666208,58.83429689306963,0,0,0,0,0,0,2.007124275509121
1645540200,57.999,59.021,56.981,57.746,58.49548427998231,58.65005215087907,58.28535807777472,58.791618583537485,0,0,0,0,0,0,2.009472541544184
1645626600,58.023,58.507,56.474,56.519,58.1361235018037,58.4470948031763,57.69657205184981,58.702496286143855,0,0,0,0,0,0,2.0111530742910277
1645713000,55.158,58.569,54.902,58,58.11137377420303,58.40451434573094,57.79771470123321,58.67494741217743,0,1,0,0,0,0,2.1294278546988115
1645799400,57.983,58.938,57.4,58.801,58.23676036071157,58.44227488423275,58.13214313415548,58.679890650915574,0,0,0,0,0,0,2.087183007934611
1646058600,58.1,59.23,57.638,58.744,58.3289857496731,58.47101060954392,58.33609542277032,58.682404743036535,1,0,0,0,0,0,2.051812793082139
1646145000,58.479,58.762,56.53,57.012,58.08953379518708,58.33205721815878,57.89473028184688,58.61689867468216,0,1,0,0,0,0,2.064683307861986
1646231400,57.452,59.053,57.358,58.578,58.17834583242579,58.3554803402389,58.12248685456459,58.615373236459334,0,0,0,0,0,0,2.0629916430147013
1646317800,59.368,59.37,57.433,57.86,58.120464771984736,58.30829173640662,58.03499123637639,58.58575075659818,0,0,0,0,0,0,2.0539922399422226
1646404200,59.279,60.591,58.401,59.599,58.389289358896605,58.43121633293933,58.556327490917596,58.62548602104531,1,0,0,0,0,0,2.102349937089207
1646663400,59.708,59.878,57,57.07,58.14941856636995,58.3015766821832,58.060884993945066,58.56448656923961,0,0,0,0,0,0,2.1577535130114063
1646749800,57.217,59.605,56.361,57.595,58.048615190666325,58.234283664832425,57.905589995963375,58.52646748809296,0,1,0,0,0,0,2.235342547796306
1646836200,58.879,60.1635,58.7,59.702,58.34923061054518,58.37406617294362,58.50439333064225,58.572566802285394,1,0,0,0,0,0,2.259139508667998
1646922600,58.556,59.002,57.637,58.773,58.42627959044606,58.41205987075851,58.59392888709483,58.58042692768597,0,0,0,0,0,0,2.245272400905998
1647009000,59.2,59.44299,57.712,57.785,58.30968330127405,58.35233988306722,58.324285924729885,58.54923371483554,0,0,0,0,0,0,2.2085379436984267
1647264600,57.696,57.998,56.475,56.78,58.03155906467877,58.202593227537015,57.809523949819926,58.47985200052826,0,1,0,0,0,0,2.1595709477199674
1647351000,57.727,59.676,57.504,59.276,58.25782105291899,58.30482244396206,58.29834929987995,58.51107349070362,0,0,0,0,0,0,2.212173022882827
1647437400,59.665,60.7705,58.406,60.712,58.70403540693372,58.534077449299005,59.1028995332533,58.597384334205444,0,0,0,0,0,0,2.2230535212483393
1647523800,60.472,60.7,59.763,60.267,58.98821078749123,58.69911769222291,59.49093302216887,58.66285945835425,0,0,0,0,0,0,2.13204969830203
1647610200,60.397,61.321,59.599,61.041,59.36144518976555,58.9221541024874,60.007622014779244,58.75611987175212,0,0,0,0,0,0,2.102760434137599
1647869400,60.56,60.56,58.886,60.129,59.50100060980817,59.03709180701241,60.04808134318616,58.809958308153995,0,1,0,0,0,0,2.106491831699199
1647955800,60.172,61.35,59.933,61.134,59.79790958984305,59.2367973492017,60.41005422879078,58.90109719803031,0,0,0,0,0,0,2.0572424151492563
1648042200,60.8,61.137,59.916,59.938,59.823380573507954,59.30357855403963,60.25270281919385,58.94176005300951,0,0,0,0,0,0,1.997510814067167
1648128600,60.663,62.72169,60.2,62.643,60.336038651051965,59.62161869175014,61.04946854612923,59.08690671759737,0,0,0,0,0,0,2.0536664702052265
1648215000,62.708,63.0405,62.0065,62.887,60.799849805406154,59.93260738777394,61.661979030752825,59.235929983573946,0,0,0,0,0,0,1.9808331509048531
1648474200,62.588,63.33,61.578,63.288,61.252240749877764,60.252168588938325,62.20398602050188,59.39483469010046,0,0,0,0,0,0,1.9644879258402204
1648560600,64,64.531,63,64.147,61.77856061353636,60.62310491380134,62.85165734700126,59.58119411401809,1,0,0,0,0,0,1.9335245025659193
1648647000,63.887,64.429,62.733,63.109,62.020458683802474,60.85985682677264,62.93743823133417,59.71953944288013,0,0,0,0,0,0,1.916558466668354
1648733400,63.048,63.89999,62.805,62.968,62.192738923111115,61.06063236708001,62.94762548755612,59.84693005296326,0,0,0,0,0,0,1.8578750047634718
1648819800,63.169,63.457,61.869,62.698,62.28460457345455,61.216572141643816,62.864416991704076,59.95873671755294,0,0,0,0,0,0,1.8385982187089382
1649079000,62.6425,63.672,62.4515,63.485,62.50285828737191,61.43261289005869,63.07127799446938,60.09702155215871,0,0,0,0,0,0,1.7944483459440137
1649165400,62.955,63.22639,61.3,61.412,62.304520416940655,61.43064975767215,62.51818532964626,60.148589334426994,0,0,0,0,0,0,1.8223448926622987
1649251800,60.208,61.159,59.377,60.2,61.92188034113326,61.31344501884623,61.74545688643084,60.15060543895927,0,0,0,0,0,0,1.83753454318642
1649338200,59.983,60.76437,59.324,60.305,61.62790209729085,61.217402636098974,61.26530459095389,60.15666012762753,0,0,0,0,0,0,1.8091656472445332
1649424600,59.738,59.859,58.597,58.7,61.09555626141979,60.97765000408955,60.41020306063593,60.0995362010539,0,0,0,0,0,0,1.801939529584209
1649683800,58.258,58.928,57.943,58.061,60.54381875934346,60.699873813223874,59.627135373757284,60.01959360493414,0,1,0,0,0,0,1.74358670604248
1649770200,58.911,59.8585,58.217,58.507,60.17348807582647,60.491028688154934,59.25375691583819,59.96027620866221,0,0,0,0,0,0,1.7474376556108742
1649856600,58.85,59.671,58.605,59.254,60.0063084256762,60.373216432140175,59.25383794389212,59.93257910244016,0,0,0,0,0,0,1.7057635373529547
1649943000,59.499,59.706,57.286,57.385,59.529706893735074,60.088624390983966,58.630891962594745,59.83267403959937,0,0,0,0,0,0,1.7567804275420296
1650288600,57.285,59.122,57.285,58.65,59.36976018578324,59.951612544223586,58.637261308396496,59.78629466549743,0,1,0,0,0,0,1.7625103970033134
1650375000,57.936,59.8695,57.936,59.762,59.44107651564084,59.93355420667848,59.01217420559767,59.78534193351714,0,0,0,0,0,0,1.7747239400745054
1650461400,60.42,61.343,59.513,59.772,59.50124442188796,59.91816809175672,59.265449470398444,59.78481872043803,0,0,0,0,0,0,1.778672230069184
1650547800,60.554,61.587,59.066,59.273,59.45974543609015,59.856723511589415,59.26796631359896,59.76474739806791,1,0,0,0,0,0,1.8316956422070996
1650634200,59.011,59.874,58.626,58.695,59.32070081134649,59.74608317715233,59.076977542399305,59.722796519712304,0,0,0,0,0,0,1.7900030963351643
1650893400,58.149,58.876,57.112,58.788,59.223846118374404,59.65483716028068,58.98065169493287,59.68613783266476,0,0,0,0,0,0,1.7881457323112235
1650979800,58.38,58.546,55.971,56.007,58.638965005942694,59.307424097396805,57.989434463288575,59.5418579176583,0,0,0,0,0,0,1.8616353228604219
1651066200,55.579,57.0075,55.5,55.954,58.15078955031675,58.98805037383521,57.31095630885905,59.40115760716189,0,0,0,0,0,0,1.8363399426561062
1651152600,56.594,58.502,55.797,57.894,58.10410054116825,58.883855100136614,57.50530420590603,59.34205338727319,0,0,0,0,0,0,1.8983870896092419
1651239000,57.262,57.82806,55.3395,55.439,57.61953680641039,58.555773662028365,56.81653613727069,59.18899247012522,0,1,0,0,0,0,1.9452522974942958
1651498200,55.714,57.764,55.638,57.635,57.62234829615395,58.46808093231138,57.08935742484712,59.12805158894384,0,0,0,0,0,0,1.9723771333875606
1651584600,57.601,58.675,57.17666,58.117,57.71228496958051,58.43464465304363,57.43190494989808,59.088402507024476,0,0,0,0,0,0,1.938517338145592
1651671000,58.179,60.407,57.398,60.366,58.19477861147496,58.61858325751566,58.40993663326539,59.13850436949411,1,0,0,0,0,0,2.0149803854209063
1651757400,59.423,59.7865,57.4285,57.999,58.159182500297696,58.559575328228455,58.27295775551026,59.09381792363159,0,0,0,0,0,0,2.080874643605127
1651843800,57.494,58.998,56.943,58.01,58.132058409334476,58.50723482077812,58.18530517034017,59.051315259959765,0,0,0,0,0,0,2.0790264547761894
1652103000,57.288,57.8,56.027,56.292,57.79750233491003,58.296260075942115,57.554203446893446,58.943106818392714,0,1,0,0,0,0,2.0721674222921758
1652189400,58.049,59.115,57.18,58.139,57.85959281947184,58.28128292585239,57.7491356312623,58.91157321767143,1,0,0,0,0,0,2.1257983206998774
1652275800,57.458,58.469,56.586,56.711,57.65075776138605,58.131732171009304,57.40309042084153,58.82527622874314,0,0,0,0,0,0,2.108455583507029
1652362200,56.34,57.361,55.826,57.157,57.56098362295222,58.03890053567508,57.32106028056102,58.75985363153753,0,1,0,0,0,0,2.067494470399384
1652448600,57.705,59.159,57.35,58.824,57.790622964233634,58.11367191322984,57.82204018704068,58.7623691753988,0,0,0,0,0,0,2.062816293942285
1652707800,58.438,58.914,57.765,58.267,57.87723697073661,58.12827458816033,57.970360124693784,58.7429429332263,0,0,0,0,0,0,1.9975437015178361
1652794200,59.545,60.9,59.361,60.815,58.41137570332995,58.384153198811724,58.91857341646252,58.82420007309978,1,0,0,0,0,0,2.0429334371237045
1652880600,60,60.072,56.618,57.057,58.16512557545178,58.25775765606775,58.29804894430835,58.75489810944881,0,0,0,0,0,0,2.1967953344720113
1652967000,55.8,56.075,53.896,54.621,57.52073910718782,57.9113997840613,57.07236596287223,58.592784458097874,0,0,0,0,0,0,2.2656670962954393
1653053400,55.39,55.499,51.244,54.319,56.93860472406276,57.56926647129356,56.15457730858149,58.42518506758423,0,1,0,0,0,0,2.4077623037029077
1653312600,52.4,53.557,51.426,52.636,56.15631295605135,57.099431569265604,54.981718205720995,58.19815820218877,0,0,0,0,0,0,2.4424221391527
1653399000,52.666,52.887,51.619,52.42,55.476983327678376,56.65377141981174,54.12781213714733,57.97156376288725,0,0,0,0,0,0,2.358534843498936
1653485400,52.39,53.745,52.39,53.163,55.05625908628231,56.321316998877286,53.80620809143155,57.782992634930885,0,0,0,0,0,0,2.2868537832490117
1653571800,53.154,55.457,52.772,55.066,55.05803016150371,56.201762998984215,54.226138727621034,57.67644390414928,0,0,0,0,0,0,2.315292798731225
1653658200,56.209,58.5455,56.001,58.328,55.652570132139395,56.40426176098572,55.593425818414026,57.70199512359441,0,0,0,0,0,0,2.3984504559647086
1654003800,58.45,58.7025,57.6,58.013,56.08173919902314,56.557474926606126,56.39995054560935,57.71419139325737,0,0,0,0,0,0,2.3058825662529436
1654090200,58.758,59.094,56.843,57.362,56.31451389010984,56.63409636216745,56.7206336970729,57.70037996607081,1,0,0,0,0,0,2.3019623829491613
1654176600,57.775,57.777,56.813,57.674,56.561693182817145,56.73313480386579,57.03842246471527,57.699345457597445,0,0,0,0,0,0,2.2063936413099356
1654263000,56.887,56.96,56.098,56.332,56.5199307859413,56.6949314892119,56.802948309810176,57.64572406710343,0,0,0,0,0,0,2.1613655240735117
1654522200,57.152,57.272,55.754,56.123,56.44776155213379,56.64046182357267,56.57629887320678,57.586009397805256,0,0,0,0,0,0,2.1154108437825463
1654608600,56.054,57.454,55.753,57.299,56.60253217901855,56.70317974513718,56.81719924880452,57.57475412730309,0,0,0,0,0,0,2.08581006922665
1654695000,57.182,57.627,56.214,56.536,56.590435419197,56.687257864647925,56.72346616586968,57.534018671330415,1,0,0,0,0,0,2.037752207139033
1654781400,56.116,57.364,55.593,55.622,56.41435625207027,56.58580473468145,56.356310777246456,57.45903754696452,0,0,0,0,0,0,2.018698478057673
1654867800,55.009,55.10431,53.97219,54.127,55.9984732971484,56.35163285518798,55.61320718483097,57.32836940786787,0,0,0,0,0,0,1.9923493010535538
1655127000,52.678,53.3,51.6021,51.762,55.2282054249396,55.9145249642177,54.32947145655398,57.110080411480894,0,0,0,0,0,0,2.030388636692586
1655213400,52.497,52.497,51.459,52.017,54.6443498931324,55.54333211048268,53.558647637702656,56.91035176789341,0,0,0,0,0,0,1.9595037340716868
1655299800,52.915,53.383,51.552,52.671,54.28555900347197,55.26977667138909,53.26276509180177,56.744102678956416,1,0,0,0,0,0,1.9503248959237094
1655386200,51.195,51.443,49.2275,49.718,53.455093730113425,54.7410360360187,52.08117672786785,56.46856924056597,0,0,0,0,0,0,2.056980260500587
1655472600,49.5,50.036,48.787,49.865,52.80234941554735,54.276651651635966,51.3424511519119,56.209605740935935,0,1,0,0,0,0,1.9992673847505453
1655818200,50.408,51.091,50.289,50.377,52.36137679453874,53.90525625624206,51.0206341012746,55.98087610403648,0,0,0,0,0,0,1.9440340001255063
1655904600,49.631,50.377,49.42,49.61,51.86112646825897,53.49618423183806,50.550422734183066,55.73103782544682,0,0,0,0,0,0,1.873531571545113
1655991000,50.175,50.175,49.101,49.658,51.460558019484615,53.13064287642491,50.25294848945538,55.49287947935087,0,1,0,0,0,0,1.816422173577605
1656077400,50.5,51.18,50.1445,50.909,51.36027474321469,52.919057840574915,50.471632326303585,55.31311949976848,0,0,0,0,0,0,1.7953920183220617
1656336600,51.38,51.4035,50.282,50.571,51.216770244448384,52.69543328432969,50.50475488420239,55.12715402918933,0,0,0,0,0,0,1.7472568741562005
1656423000,51.261,51.415,49.8105,49.845,50.9673574727305,52.42396344772686,50.28483658946826,54.920010733927,1,0,0,0,0,0,1.737059954573615
1656509400,49.548,49.593,48.667,49.041,50.61711065950677,52.10177645270526,49.87022439297884,54.689461293380845,0,0,0,0,0,0,1.6971271006754995
1656595800,48.803,49.374,48.071,48.581,50.246908721414634,51.766464409590476,49.440482928652564,54.449913791679634,0,0,0,0,0,0,1.6689751649129643
1656682200,47.941,48.4265,46.943,47.784,49.79910713570288,51.387182084867575,48.88832195243504,54.1885054076922,0,0,0,0,0,0,1.6667626531334672
1657027800,47.2,47.693,46.391,47.63,49.40472402012054,51.02935521964209,48.46888130162336,53.931309117194466,0,1,0,0,0,0,1.6472081779096481
1657114200,48.053,48.705,47.55,48.261,49.196774198280444,50.76570234158094,48.39958753441557,53.70894405377508,0,0,0,0,0,0,1.612050450916102
1657200600,48.811,50.139,48.811,49.854,49.31626979859309,50.67887354714466,48.88439168961038,53.557769777156444,1,0,0,0,0,0,1.6310468472792377
1657287000,49.299,49.963,49.00001,49.869,49.41676619884889,50.601742733130884,49.21259445974025,53.41311213883658,0,0,0,0,0,0,1.5833285010450062
1657546200,48.949,49.162,48.098,48.286,49.211172344512725,50.38119580616604,48.903729639826835,53.21204891770574,0,0,0,0,0,0,1.5967336081132202
1657632600,48.782,49.26,48.007,48.137,49.01586828187405,50.167462872245466,48.64815309321789,53.0130273915212,0,0,0,0,0,0,1.5721812075337045
1657719000,47.498,48.56363,47.22875,48.173,48.862619503351496,49.977514027269706,48.48976872881193,52.82322239577527,0,1,0,0,0,0,1.5552311212812973
1657805400,48.245,48.668,47.34254,48.464,48.79014323001486,49.833369834196404,48.48117915254129,52.65227249790173,0,0,0,0,0,0,1.538818898332633
1657891800,49.083,49.474,48.613,49.446,48.909389915466704,49.79647746903484,48.80278610169419,52.526536321513426,0,0,0,0,0,0,1.5010461198803018
1658151000,50.016,50.24099,48.819,49.106,48.94513720356367,49.73071771007914,48.90385740112946,52.39239764223839,0,0,0,0,0,0,1.4953992541745653
1658237400,49.68,51.135,49.589,50.9,49.300566802915725,49.842077928166844,49.569238267419635,52.33387224450355,0,0,0,0,0,0,1.5335135931620962
1658323800,50.954,51.761,50.44701,51.177,49.641736475112864,49.96921336357953,50.10515884494642,52.288504705503414,0,0,0,0,0,0,1.517833336507661
1658410200,51.255,51.781,50.602,51.768,50.028329843274165,50.140526376571955,50.659439229964285,52.26809275626798,0,0,0,0,0,0,1.4936309553285425
1658496600,51.881,51.979,50.668,51.252,50.25081532631523,50.24638100737462,50.85695948664286,52.22824598151237,1,0,0,0,0,0,1.4805858870907895
1658755800,51.046,51.332,50.65317,51.311,50.44357617607609,50.34777329238656,51.008306324428574,52.19227555086483,0,0,0,0,0,0,1.4233176094414473
1658842200,51.463,51.681,50.892,51.109,50.56456232588044,50.42027107406403,51.04187088295238,52.14979415671326,0,0,0,0,0,0,1.3780092087670577
1658928600,51.82,53.019,51.693,52.779,50.96718735753854,50.64491192415317,51.62091392196825,52.17446889566568,0,0,0,0,0,0,1.4160085509979818
1659015000,52.859,53.6515,52.058,53.361,51.40242601980426,50.903586978995726,52.2009426146455,52.22099952720821,0,0,0,0,0,0,1.428686511640983
1659101400,53.198,53.783,53.027,53.548,51.792530379839846,51.15543583813899,52.649961743097,52.27303876143534,0,0,0,0,0,0,1.3806374750951986
1659360600,53.143,53.97853,53.044,53.637,52.127888492596234,51.39177528212576,52.978974495398,52.32652743745748,0,0,0,0,0,0,1.3487726554455417
1659447000,53.322,53.92,52.723,53.121,52.3084542212151,51.55646335049473,53.02631633026533,52.357683224223855,0,1,0,0,0,0,1.337931751485146
1659533400,53.529,54.8,53.412,54.674,52.738553453721444,51.85337160282857,53.57554422017689,52.44851917621508,0,0,0,0,0,0,1.3622937692362067
1659619800,54.841,55.315,54.501,55.28,53.20063464395391,52.179717164463945,54.14369614678459,52.55955763989292,1,0,0,0,0,0,1.3231299285764777
1659706200,54.49,55.2,54.328,55.144,53.55397379959865,52.46202981546738,54.47713076452306,52.660908320681436,0,0,0,0,0,0,1.296620647963872
1659965400,54.935,55.299,53.874,54.553,53.73561492694435,52.66116983304192,54.50242050968204,52.7351079943802,0,0,0,0,0,0,1.305790601680738
1660051800,53.909,53.935,52.775,53.28,53.652775849318104,52.72010603941888,54.094947006454696,52.75647630832608,0,1,0,0,0,0,1.3395198444178278
1660138200,54.606,55.102,53.924,55.041,53.90518024035118,52.94114355947423,54.41029800430313,52.84606547270545,0,0,0,0,0,0,1.373982712673697
1660224600,55.395,55.7765,54.425,54.543,54.021147469378235,53.093701315714775,54.45453200286875,52.91261192475621,0,0,0,0,0,0,1.372376804625576
1660311000,54.781,55.841,54.565,55.823,54.34875702040038,53.35363452374194,54.910688001912504,53.02674479045205,0,0,0,0,0,0,1.3670641757237492
1660570200,55.423,55.9785,55.05,55.896,54.63007392578213,53.59576456909985,55.23912533460834,53.13926460259118,1,0,0,0,0,0,1.3357381631720529
1660656600,55.752,55.794,54.601,55.165,54.72733321200356,53.74521556251891,55.21441688973889,53.21870520641114,0,0,0,0,0,0,1.3328282943740493
1660743000,54.437,54.471,53.104,53.859,54.56945444618473,53.756052175612346,54.76261125982593,53.24381480615972,0,1,0,0,0,0,1.384840559061617
1660829400,54.341,56.056,54.163,55.845,54.801371819605684,53.954999587458786,55.12340750655062,53.34582206866326,1,0,0,0,0,0,1.4428519477000725
1660915800,55.086,55.558,54.787,54.843,54.808940579677376,54.039571055319854,55.029938337700415,53.404534928715684,0,0,0,0,0,0,1.415362522864353
1661175000,54.257,54.309,52.705,52.875,54.457315019736036,53.92865952624177,54.31162555846694,53.38376885307977,0,0,0,0,0,0,1.4669794855168996
1661261400,53.385,53.762,52.891,52.978,54.1883486525113,53.83812052374256,53.86708370564463,53.36785634903743,0,0,0,0,0,0,1.4255523794085498
1661347800,52.956,53.13,52.34401,53.084,53.98755798841834,53.766299521481365,53.60605580376309,53.35672472750655,0,0,0,0,0,0,1.3798693523079397
1661434200,53.345,55.048,53.226,55.013,54.1740019905241,53.8850329003879,54.075037202508724,53.42167669897688,0,0,0,0,0,0,1.4215929700002297
1661520600,54.8835,55.099,52,52.086,53.79436526497426,53.71369643368429,53.41202480167248,53.36929722058563,1,0,0,0,0,0,1.5414077578573557
1661779800,52,52.274,51.2,51.418,53.36229885316076,53.49505867809531,52.74734986778165,53.29277576095482,0,0,0,0,0,0,1.508021489438973
1661866200,51.684,51.791,50.139,50.639,52.86715360713153,53.22305308970528,52.0445665785211,53.188706123270315,0,0,0,0,0,0,1.5183056687647603
1661952600,51.016,51.016,49.654,49.911,52.32967113310762,52.907619462114305,51.33337771901407,53.060168628240106,0,0,0,0,0,0,1.5071409781387055
1662039000,49.147,49.329,48.084,49.201,51.76082183617896,52.55460808477009,50.62258514600938,52.90882868203461,0,1,0,0,0,0,1.529988051128798
1662125400,51.8,51.981,49.83,50.022,51.44467241141915,52.31340731479198,50.42239009733959,52.79561971411169,1,0,0,0,0,0,1.6192746189053124
1662471000,49.853,50.4,49.037,49.82,51.14927742752476,52.07593995147846,50.22159339822639,52.678928744930836,0,0,0,0,0,0,1.6009692889835043
1662557400,50.291,50.943,49.908,50.513,51.03359062252026,51.92708852752813,50.318728932150925,52.59399036277669,0,0,0,0,0,0,1.5668286254846824
1662643800,50.26,51.274,49.8695,51.193,51.06257414569839,51.85717533443021,50.61015262143395,52.53904956423642,0,0,0,0,0,0,1.5552337236643479
1662730200,51.544,52.597,51.544,52.24,51.27665157375323,51.89363482638924,51.153435080955965,52.5273221303448,0,0,0,0,0,0,1.5444313148311806
1662989400,52.675,53.126,52.456,52.906,51.57289674216173,51.99005055720931,51.73762338730398,52.5421722428803,1,0,0,0,0,0,1.497400506628953
1663075800,51.384,51.827,50.168,50.365,51.35327915267778,51.83528383747509,51.280082258202654,52.456792939237936,0,0,0,0,0,0,1.5860147561554565
1663162200,50.713,51.3,50.277,51.075,51.3026829431,51.762875852953655,51.21172150546844,52.40260498083645,0,0,0,0,0,0,1.5457994164300664
1663248600,50.893,51.156,49.728,50.014,51.06837695344546,51.59631624791045,50.81248100364563,52.30893419727424,0,0,0,0,0,0,1.537385172399347
1663335000,49.772,50.369,48.986,50.25,50.9195811437281,51.46809565287136,50.624987335763755,52.228191679734074,0,0,0,0,0,0,1.526357660085108
1663594200,49.442,50.339,49.442,50.184,50.78583911759572,51.34580082878838,50.477991557175834,52.14802730013666,0,0,0,0,0,0,1.4814035415076001
1663680600,49.6,49.883,48.972,49.306,50.51677745985104,51.15153408318948,50.08732770478389,52.03657524915091,0,0,0,0,0,0,1.4621604313999141
1663767000,49.099,49.988,48.177,48.214,50.098090648969034,50.87176893240953,49.462885136522594,51.886670337419496,0,0,0,0,0,0,1.4870775434427774
1663853400,48.243,48.321,47.3,47.761,49.67316507642921,50.575505224561006,48.895590091015066,51.7248793437952,0,0,0,0,0,0,1.4537862903397218
1663939800,47.495,47.799,46.2,46.868,49.16313506253299,50.22240948888853,48.21972672734338,51.53441348717578,0,0,0,0,0,0,1.4641586981725985
1664199000,46.898,47.33,46.131,46.226,48.62911050570881,49.84179906137534,47.55515115156225,51.32624040924732,0,0,0,0,0,0,1.4452187911602699
1664285400,46.955,46.989,45.651,46.475,48.237454050125386,49.52115153172055,47.19510076770817,51.135995687316054,0,0,0,0,0,0,1.437560306077393
1664371800,46.134,46.875,45.635,46.596,47.939007859193495,49.24256567155668,46.99540051180544,50.95795664075464,0,0,0,0,0,0,1.4234488556432936
1664458200,46.09,46.137,44.488,45.013,47.407006430249226,48.83974989331319,46.334600341203625,50.72482108621524,0,0,0,0,0,0,1.4723453659544867
1664544600,44.906,45.78185,44.3635,44.401,46.86045980656755,48.41701180823574,45.690066894135754,50.4768281024421,0,1,0,0,0,0,1.4684885541005948
1664803800,44.924,46.09536,44.6965,45.678,46.64546711446436,48.15615354078472,45.686044596090504,50.28863876509143,0,0,0,0,0,0,1.484622228807695
1664890200,46.85,48.016,46.586,47.986,46.88920036637993,48.13994844166237,46.452696397393666,50.19833920567608,0,0,0,0,0,0,1.5455777838928597
1664976600,47.255,48.80861,47.146,48.48,47.17843666340176,48.17233430436119,47.12846426492911,50.13095335447309,0,0,0,0,0,0,1.5539372279005126
1665063000,48.379,48.97,47.8715,47.95,47.31872090641962,48.151159608707744,47.40230950995274,50.045425771944736,1,0,0,0,0,0,1.5214059973361904
1665149400,47.238,47.334,45.902,46.048,47.087680741616055,47.95085869359272,46.950873006635156,49.88866397696651,0,0,0,0,0,0,1.5590198546693197
1665408600,46,46.01,43.184,43.77,46.48446606132223,47.55268167515532,45.890582004423436,49.64871637002665,0,0,0,0,0,0,1.65223272219294
1665495000,43.52,43.87,42.558,43.076,45.864744959263646,47.12633103942624,44.95238800294896,49.390962786888345,0,0,0,0,0,0,1.627930384893444
1665581400,43.225,43.572,42.801,43.057,45.354245875761166,46.738775702338025,44.32059200196597,49.14257208936331,0,0,0,0,0,0,1.5667210716867697
1665667800,41.742,44.377,41.50682,43.797,45.071110261986405,46.45860658782964,44.14606133464398,48.93294181134907,0,1,0,0,0,0,1.6598252808520009
1665754200,44.328,44.396,42.641,42.71,44.641817487079784,46.10159643660777,43.66737422309599,48.68890487757067,0,0,0,0,0,0,1.666623475076858
1666013400,43.955,44.124,43.339,43.537,44.440941580338006,45.85734915693084,43.62391614873066,48.48686939217574,0,0,0,0,0,0,1.6485789411427967
1666099800,44.821,44.855,43.016,43.483,44.26677038391291,45.631220665794565,43.57694409915377,48.29063921993355,1,0,0,0,0,0,1.6621804453468825
1666186200,43.323,43.83,43.088,43.53,44.132812132292386,45.43110441190937,43.561296066102514,48.10394748581851,0,0,0,0,0,0,1.5964532706792478
1666272600,43.513,44.219,42.814,43.03,43.93230083551195,45.20242780125133,43.38419737740168,47.904969153041314,0,1,0,0,0,0,1.5827780370593014
1666359000,43.209,45.066,42.917,44.973,44.12151886541887,45.18057753446549,43.913798251601115,47.7899899705691,0,0,0,0,0,0,1.6232224629836371
1666618200,45.273,45.87899,45.111,45.652,44.39978816261544,45.22547491213545,44.493198834400744,47.70614722662522,0,0,0,0,0,0,1.5719915727705203
1666704600,45.799,46.426,45.683,46.007,44.692008496685354,45.29990587288445,44.99779922293383,47.63951400205168,0,0,0,0,0,0,1.514992174715483
1666791000,45.799,47.1755,45.5343,46.118,44.9512796791062,45.37781959927641,45.371199481955884,47.57984678628495,0,0,0,0,0,0,1.5240070193786628
1666877400,46.605,47.077,45.49101,45.54,45.058319737450525,45.39326535172627,45.427466321303925,47.499852794665934,0,1,0,0,0,0,1.5284343751373295
1666963800,45.696,47.434,45.5645,47.29,45.46407978518679,45.573906746799956,46.04831088086928,47.49162327330649,0,0,0,0,0,0,1.5545462054846628
1667223000,46.685,47.281,46.50101,47.012,45.745519824243736,45.71086800900948,46.369540587246185,47.47281451749055,0,0,0,0,0,0,1.4998636193786155
1667309400,47.5795,47.6825,46.317,46.79,45.935425310744876,45.81364248434191,46.50969372483079,47.44603747758896,0,0,0,0,0,0,1.4902662179944284
1667395800,47.028,48.045,45.572,45.603,45.8749843451549,45.793581295356965,46.207462483220525,47.373761498075666,1,0,0,0,0,0,1.5604614881376835
1667482200,45.094,45.28593,44.136,44.412,45.60898719149037,45.66200212437059,45.608974988813685,47.25761398834721,0,1,0,0,0,0,1.5537856675564203
1667568600,45.686,46.889,45.328,46.53,45.77644406576485,45.744668588716245,45.91598332587579,47.22908010645124,0,0,0,0,0,0,1.6197295484452476
1667831400,46.677,47.774,46.157,47.522,46.09381787198942,45.913938246933746,46.45132221725053,47.240567161100216,0,0,0,0,0,0,1.619534580699159
1667917800,48.1245,48.88,47.35,48.211,46.478760077082256,46.13270603294006,47.037881478167016,47.27862335086099,0,0,0,0,0,0,1.6131392535063622
1668004200,47.85,47.9,46.903,46.947,46.56389460852185,46.210257839326715,47.00758765211135,47.26561851357232,0,0,0,0,0,0,1.591343592541622
1668090600,49.1,50.717,48.7192,50.657,47.3080955887906,46.63375709272417,48.2240584347409,47.39861386598125,0,0,0,0,0,0,1.7469619073600773
1668177000,50.48,51.9,50.2,51.809,48.126441845374124,47.12663736960758,49.41903895649393,47.571570184962376,0,0,0,0,0,0,1.7436074854057857
1668436200,51.539,52.502,51.3,51.322,48.70745241894247,47.526195715359236,50.053359304329284,47.71864586398346,0,0,0,0,0,0,1.70492123644823
1668522600,52.996,53.257,51.591,52.442,49.386461070043836,47.99436755199169,50.84957286955286,47.9038754379449,1,0,0,0,0,0,1.7213554338447847
1668609000,51.672,51.854,51.028,51.173,49.71128633003587,48.297094451802,50.95738191303524,48.03207640116275,0,0,0,0,0,0,1.699401474284443
1668695400,50.5,51.27399,50.314,51.211,49.98396154275662,48.574609265916095,51.04192127535683,48.156740071705386,0,1,0,0,0,0,1.6465863689784113
1668781800,51.687,51.773,51.1,51.516,50.26251398952814,48.85474171678123,51.19994751690455,48.28847575516792,0,0,0,0,0,0,1.5770444854799535
1669041000,51.294,52.085,51.111,51.744,50.5318750823412,49.129909172325874,51.38129834460303,48.42398650986722,0,0,0,0,0,0,1.533969879374243
1669127400,52.297,53.028,51.901,53.005,50.98153415827917,49.49896544162817,51.92253222973535,48.60363409771556,0,0,0,0,0,0,1.5161148879903685
1669213800,53.035,54.148,52.88,53.364,51.41470976586477,49.86706397099692,52.40302148649023,48.790315113491424,1,0,0,0,0,0,1.4983923959910566
1669386600,53.069,53.458,52.948,52.991,51.70130799025299,50.16458168804483,52.599014324326824,48.95504785413882,0,0,0,0,0,0,1.4277929391345523
1669645800,52.524,52.876,51.624,52.221,51.79579744657063,50.36043105108818,52.473009549551215,49.083124408878476,0,0,0,0,0,0,1.4234505863392268
1669732200,52.3,52.585,51.483,52.139,51.85819791083052,50.52981857003216,52.361673033034144,49.20296266735383,0,1,0,0,0,0,1.4004898301721396
1669818600,52.411,55.166,51.783,55.103,52.44816192704315,50.965359658600526,53.27544868868943,49.43433668039878,0,0,0,0,0,0,1.5420976994455577
1669905000,55.103,55.242,54.1955,55.075,52.92576884939894,51.35675397682905,53.87529912579296,49.655539163520395,1,0,0,0,0,0,1.5066978637708746
1669991400,53.705,54.27,53.608,54.08,53.135629058599136,51.61611074094056,53.94353275052864,49.82904743161763,0,0,0,0,0,0,1.5038623020729553
1670250600,53.777,53.948,52.5485,53.064,53.12260559339929,51.754004956089084,53.65035516701909,49.955908316652234,0,0,0,0,0,0,1.5058364233534587
1670337000,53.065,53.357,52.175,52.582,53.024313667326695,51.83286162693774,53.29423677801273,50.0588923042345,0,0,0,0,0,0,1.4827052502567832
1670423400,51.96,52.49985,51.605,51.85,52.81080209144911,51.83449385294367,52.81282451867516,50.1291318217155,0,1,0,0,0,0,1.4465834466670133
1670509800,52.081,53.242,52.03848,53.108,52.864838074822,51.95578015266332,52.91121634578344,50.24595018164822,0,0,0,0,0,0,1.4426846290479407
1670596200,55.094,55.264,54.1,54.472,53.157049333945274,52.19542013812396,53.43147756385562,50.41167762550515,0,0,0,0,0,0,1.493635726973088
1670855400,54.475,55.687,54.224,55.663,53.612676727773405,52.525665839255005,54.17531837590375,50.61761183626965,0,0,0,0,0,0,1.4914474607607247
1670941800,57.582,58.184,56.503,57.104,54.24746277726915,52.961697664087865,55.151545583935835,50.8719799995532,0,0,0,0,0,0,1.5649869278492443
1671028200,56.855,58.565,56.773,57.444,54.82865136322021,53.3885836008414,55.915697055957224,51.129706274080526,1,0,0,0,0,0,1.5812021472885838
1671114600,56.378,56.64876,55.77,55.8,55.00526020627108,53.61824230552317,55.877131370638146,51.312855047645996,0,0,0,0,0,0,1.5878305653393991
1671201000,55.745,55.98,55.087,55.591,55.11175835058543,53.80612399071144,55.781754247092096,51.480625437934386,0,0,0,0,0,0,1.538199810672299
1671460200,55.402,55.648,54.572,54.963,55.08471137775172,53.91630265826273,55.508836164728066,51.61718914625068,0,0,0,0,0,0,1.5051855384814206
1671546600,54.517,54.9,54.0915,54.402,54.960582036342316,53.96255954795199,55.13989077648538,51.72639741502516,0,1,0,0,0,0,1.4599222857327476
1671633000,54.767,56.191,54.695,56.123,55.17193075700735,54.16831578148037,55.467593850990255,51.898813202671235,1,0,0,0,0,0,1.4834278367518372
1671719400,55.335,55.494,54.72,55.309,55.19685243755147,54.276952373720334,55.414729233993505,52.03254601825275,0,0,0,0,0,0,1.4776829912695628
1671805800,55,55.36175,54.745,55.243,55.2052429034512,54.368956909556495,55.35748615599567,52.1584461743997,0,0,0,0,0,0,1.4161877776074514
1672151400,55.155,55.8105,54.694,55.354,55.232289648278254,54.46277053721778,55.35632410399712,52.28376201069775,0,0,0,0,0,0,1.3947815077783474
1672237800,55.164,55.777,54.245,54.489,55.097146075864025,54.46526858129228,55.06721606933141,52.370241931846856,0,1,0,0,0,0,1.404582828651323
1672324200,55.185,56.26,55.05006,55.781,55.22148315297966,54.59057633545492,55.30514404622094,52.503997150205805,0,0,0,0,0,0,1.430755483747657
1672410600,55.182,55.965,54.801,55.913,55.347213488801536,54.71652144636398,55.50776269748062,52.637683536472245,0,0,0,0,0,0,1.4117015206228245
1672756200,56.5,56.757,55.079,55.348,55.34735649083762,54.77666226099598,55.45450846498708,52.74397045661059,0,0,0,0,0,0,1.4307228405783368
1672842600,56.299,56.816,55.603,56.024,55.4703825834126,54.89545633137731,55.644338976658055,52.872599066155274,0,0,0,0,0,0,1.4333854948227416
1672929000,55.571,55.984,55.112,55.502,55.47613120461031,54.95322239505566,55.59689265110537,52.97571282826683,0,0,0,0,0,0,1.3961436737639743
1673015400,56.312,59.1,56.2305,58.843,56.08828916740844,55.32367740505036,56.67892843407025,53.20580252127597,0,0,0,0,0,0,1.5534191256379761
1673274600,59.23,60.1675,56.056,57.689,56.379327500606905,55.548946223616994,57.015618956046836,53.38161418710828,1,0,0,0,0,0,1.7361391880924064
1673361000,57.20001,57.513,54.999,57.493,56.58181340958747,55.734094202320136,57.17474597069789,53.542845003300116,0,1,0,0,0,0,1.8042721032286628
1673447400,57.3,57.834,56.687,57.814,56.80584733511702,55.932180468765836,57.38783064713193,53.710341277680506,0,0,0,0,0,0,1.7573240958551872
1673533800,57.559,58.511,57.376,58.194,57.05823872873211,56.1475918526929,57.65655376475462,53.88617103149696,0,0,0,0,0,0,1.7128723747226744
1673620200,57.715,58.193,57.6675,57.9,57.211286232598994,56.314487866722146,57.73770250983641,54.04357608908531,0,0,0,0,0,0,1.6281314908139124
1673965800,57.49,58.536,57.454,57.924,57.34087055394463,56.467774736558134,57.79980167322427,54.19574957578785,0,0,0,0,0,0,1.5891220986129186
1674052200,58.321,58.756,57.372,57.429,57.356894089591066,56.559319999743074,57.67620111548285,54.32254371007068,1,0,0,0,0,0,1.5744705201405673
1674138600,56.912,57.006,56.031,56.322,57.168731527847235,56.53671809500564,57.22480074365523,54.400953760656144,0,0,0,0,0,0,1.56186548298767
1674225000,56.303,57.136,55.911,57.078,57.152234886420466,56.58826875262415,57.17586716243682,54.50593596612061,0,1,0,0,0,0,1.5378036627742648
1674484200,57.2,58.47925,56.978,58.163,57.336010361616744,56.73824315713614,57.50491144162455,54.64935024195902,0,0,0,0,0,0,1.5351926868618173
1674570600,57.844,58.669,57.563,58.503,57.548190295868245,56.90631523740889,57.8376076277497,54.800473761882195,0,0,0,0,0,0,1.5045360663716871
1674657000,57.767,58.697,57.604,58.568,57.73361024207402,57.06457092908423,58.08107175183313,54.94821988886721,0,0,0,0,0,0,1.475140633059424
1674743400,59.041,60.056,58.62601,59.858,58.11986292533329,57.330611792980974,58.67338116788875,55.14076028538222,1,0,0,0,0,0,1.476059159269465
1674829800,59.332,59.925,59.019,59.099,58.29788784799996,57.499029717458974,58.81525411192583,55.29598537222998,0,0,0,0,0,0,1.4353406478930746
1675089000,58.3,58.961,57.976,58.145,58.27009005745451,57.5605506967486,58.59183607461722,55.4077114360641,0,1,0,0,0,0,1.4130306016149976
1675175400,58.207,58.723,58.0735,58.501,58.31207368337187,57.65011729705826,58.561557383078146,55.52901686994394,0,0,0,0,0,0,1.3584927014996404
1675261800,58.357,60.83,58.27,60.275,58.66896937730426,57.90010612590985,59.1327049220521,55.715133855436335,0,0,0,0,0,0,1.444314651392523
1675348200,60.763,61.314,59.975,60.577,59.015884035976214,58.15504839963272,59.6141366147014,55.9057952728702,1,0,0,0,0,0,1.4367921762930569
1675434600,59.8,60.804,59.625,59.762,59.15154148398054,58.308091409191505,59.66342440980093,56.0570189876596,0,0,0,0,0,0,1.4183784494149816
1675693800,59.334,60.322,59.226,60.13,59.32944303234771,58.48160651307803,59.818949606533955,56.21674373324158,0,1,0,0,0,0,1.3953514173139117
1675780200,60.066,61.701,59.972,61.445,59.71408975373904,58.76383446421345,60.36096640435597,56.421773390761516,1,0,0,0,0,0,1.4191834589343466
1675866600,60.668,61.018,60.062,60.171,59.797164343968305,58.897850229526455,60.29764426957065,56.568801885241456,0,0,0,0,0,0,1.416598926153322
1675953000,61.26,61.49299,59.548,59.941,59.82331628142861,58.99719782671441,60.17876284638043,56.70104494856532,0,0,0,0,0,0,1.454341145713799
1676039400,59.631,59.846,58.963,59.325,59.732713321168866,59.02841708131304,59.89417523092029,56.803945146660794,0,1,0,0,0,0,1.4203167781628134
1676298600,59.5,60.148,59.34704,60.112,59.8016745355018,59.13161545452132,59.966783487280196,56.93367278796821,0,0,0,0,0,0,1.3776512940083268
1676385000,59.417,60.558,59.3315,60.231,59.87973371086511,59.23631874456691,60.054855658186796,57.062979737459656,0,0,0,0,0,0,1.366854773007732
1676471400,59.886,60.828,59.67,60.769,60.04141849070782,59.382288387941486,60.29290377212453,57.20831386540242,0,0,0,0,0,0,1.3519365749357513
1676557800,60.075,60.894,59.955,60.054,60.043706037851855,59.44626092242325,60.21326918141636,57.31990940009252,1,0,0,0,0,0,1.3224411052974834
1676644200,60,60.085,59.245,59.559,59.95557766733334,59.45699797743056,59.99517945427757,57.4077168745987,0,0,0,0,0,0,1.2879810263476634
1676989800,59,59.309,57.984,58.154,59.62801809145455,59.33290293196099,59.38145296951838,57.4369828795164,0,0,0,0,0,0,1.3084823816085442
1677076200,58.225,58.30875,57.21,57.617,59.26237843846281,59.16948360510756,58.793301979678915,57.44404237443732,0,1,0,0,0,0,1.2935014972079342
1677162600,58.575,58.594,57.368,58.38,59.101945995105936,59.09429469033541,58.655534653119275,57.48074659504763,0,0,0,0,0,0,1.2886799616930815
1677249000,57.753,58.024,57.361,57.775,58.86068308690486,58.968647576970135,58.36202310207952,57.49228594426145,0,0,0,0,0,0,1.269417107286433
1677508200,58.587,58.98,58.426,58.545,58.803286162013066,58.92830018868727,58.423015401386344,57.53356884840806,0,0,0,0,0,0,1.264815885337402
1677594600,58.556,59.85756,58.218,59.429,58.917052314374324,58.975985885002764,58.75834360092423,57.60789948180382,0,0,0,0,0,0,1.2915833220990158
1677681000,59.4,59.821,59.03,59.357,58.9970428026699,59.012272943573926,58.957895733949485,57.676491658987985,0,0,0,0,0,0,1.2558273705205143
1677767400,58.939,60.094,58.613,59.865,59.15485320218447,59.09348504418593,59.26026382263299,57.76231551549826,0,0,0,0,0,0,1.2719111297690493
1677853800,61.77,63.573,61.575,63.276,59.90415261996911,59.491819801882514,60.598842548422,57.97853843645911,0,0,0,0,0,0,1.4459174776426884
1678113000,63.5,64.405,63.173,63.292,60.52012487088382,59.85374172551275,61.496561698948,58.1869094781666,1,0,0,0,0,0,1.4306376578110676
1678199400,63.487,63.578,62.351,62.515,60.88282943981403,60.10719489451154,61.836041132632,58.3566385182385,0,0,0,0,0,0,1.416092110824563
1678285800,62.778,63.2725,62.367,63.226,61.30886045075693,60.404223952177105,62.299360755087996,58.54759387046444,0,0,0,0,0,0,1.3796212457656658
1678372200,63.008,64.244,62.188,62.252,61.48034036880112,60.580202623398336,62.28357383672533,58.692864699073674,1,0,0,0,0,0,1.427934013925261
1678458600,62.819,63.016,61.282,61.483,61.48082393811001,60.666183325931826,62.01671589115022,58.80228176969823,0,0,0,0,0,0,1.4497958700734568
1678714200,60.709,62.439,60.688,61.647,61.51103776754455,60.75959443774784,61.893477260766815,58.913839347357126,0,1,0,0,0,0,1.4713104507824954
1678800600,62.339,63.337,61.85,63.246,61.82648544617282,60.99639496748615,62.34431817384454,59.08372800040195,0,0,0,0,0,0,1.4869311328694603
1678887000,62.767,63.007,61.62,62.604,61.96785172868685,61.14950020867794,62.43087878256303,59.221777882739126,0,0,0,0,0,0,1.496864623378785
1678973400,62.185,63.707,61.781,63.65,62.273696868925605,61.38764304594671,62.837252521708685,59.39543365204347,0,0,0,0,0,0,1.5275171502803004
1679059800,63.65,63.95699,62.708,63.097,62.42338834730277,61.55043894633274,62.92383501447246,59.54059311666922,0,0,0,0,0,0,1.5076223538317073
1679319000,63.274,64.474,63.1595,64.371,62.77749955688408,61.81906380858676,63.40622334298164,59.730020837584156,0,0,0,0,0,0,1.498292185700871
1679405400,64.309,64.659,63.433,63.675,62.94068145563243,61.9958196363404,63.49581556198776,59.884725902776935,0,0,0,0,0,0,1.4788427438650948
1679491800,63.69,64.84999,63.067,63.092,62.968193918244715,62.100217766212744,63.361210374658505,60.01050135757,1,0,0,0,0,0,1.5005675478747311
1679578200,63.89,64.818,63.153,63.923,63.14179502401841,62.27381607419248,63.54847358310567,60.16393267688098,0,0,0,0,0,0,1.516669865883679
1679664600,63.803,63.93,62.85526,63.617,63.22819592874233,62.401738352840816,63.571315722070445,60.29934708170918,0,0,0,0,0,0,1.4851034468919875
1679923800,63.9,63.91,62.599,62.684,63.129251214425544,62.42862041447503,63.27554381471363,60.39286288242646,0,0,0,0,0,0,1.4726674863997027
1680010200,62.523,62.6535,61.886,62.47,63.00938735725726,62.43256132738217,63.00702920980908,60.474319239978364,0,1,0,0,0,0,1.4244769516568663
1680096600,63.278,63.401,62.464,62.55,62.925862383210486,62.44374596286958,62.85468613987272,60.555718485469406,0,0,0,0,0,0,1.3896571693956619
1680183000,63.273,63.605,62.93,63.375,63.007523768081306,62.532436823548665,63.02812409324848,60.66627854486276,0,0,0,0,0,0,1.3657530858674003
1680269400,63.054,64.2215,62.591,64.154,63.21597399206652,62.68687141178212,63.403416062165654,60.8030519352603,0,0,0,0,0,0,1.384663579734015
1680528600,63.9,64.39,63.644,64.247,63.40343326623625,62.83545508685049,63.684610708110434,60.93810872211284,0,0,0,0,0,0,1.339044752610157
1680615000,64.315,64.4235,63.2,63.441,63.41026358146602,62.89312603095996,63.60340713874029,61.03626132124567,1,0,0,0,0,0,1.330791555995146
1680701400,63.114,63.17,62.57,62.901,63.317670203017656,62.8938759327733,63.36927142582686,61.10938832825564,0,0,0,0,0,0,1.2979493019954929
1680787800,62.416,62.84001,61.897,62.264,63.12609380246899,62.83388774869965,63.00084761721791,61.15466721734366,0,0,0,0,0,0,1.2769529232815293
1681133400,61.805,62.787,61.64506,62.739,63.055713111111,62.82485082025207,62.91356507814527,61.21679791470273,0,0,0,0,0,0,1.2673091430471342
1681219800,63.078,63.088,62.082,62.157,62.89231072727263,62.76124598022806,62.66137671876351,61.25366858471439,1,0,0,0,0,0,1.2486442042580532
1681306200,62.734,62.752,61.626,61.67,62.67007241322306,62.65731779163491,62.33091781250901,61.26999530688245,0,0,0,0,0,0,1.239883903953907
1681392600,61.907,62.65,61.711,62.424,62.62533197445523,62.63509704957444,62.361945208339336,61.31525039288706,0,0,0,0,0,0,1.221320767957199
1681479000,62.048,62.803,61.521,61.954,62.50327161546337,62.57023066390069,62.225963472226226,61.34029939708756,0,1,0,0,0,0,1.2256549988173988
1681738200,61.861,62.834,61.781,62.736,62.5455858671973,62.58601821971967,62.39597564815082,61.39503275406452,0,0,0,0,0,0,1.2133224989018707
1681824600,63.162,63.55,62.71331,63.232,62.67038843679779,62.64754029403208,62.67465043210054,61.467070685277676,0,0,0,0,0,0,1.186420177551737
1681911000,62.679,63.679,62.555,63.45,62.81213599374365,62.72396502793379,62.93310028806703,61.544832619188355,0,0,0,0,0,0,1.181961593440899
1681997400,62.786,64.273,62.714,63.302,62.90120217669935,62.77901597765438,63.056066858711354,61.61374114392607,1,0,0,0,0,0,1.2088929081951203
1682083800,63.06,63.38,62.199,63.29,62.97189269002674,62.82768112263968,63.13404457247424,61.67947678534073,0,0,0,0,0,0,1.206900557609755
1682343000,63.364,63.885,63.1785,63.454,63.059548564567336,62.88733053953114,63.24069638164949,61.74906593101365,0,0,0,0,0,0,1.1711576606376295
1682429400,63.399,63.599,62.174,62.202,62.90363064373691,62.8220609643377,62.894464254433,61.766828051366055,0,0,0,0,0,0,1.18928925630637
1682515800,61.997,62.31256,61.351,61.619,62.670061435784746,62.707483729638874,62.46930950295533,61.761030872881115,0,0,0,0,0,0,1.173022880855915
1682602200,61.619,62.009,60.323,61.841,62.519322992914795,62.624961469673266,62.25987300197022,61.76416691708186,0,1,0,0,0,0,1.2096641036519211
1682688600,61.907,62.678,61.456,62.65,62.54308244874847,62.62734609160915,62.389915334646815,61.79890546935316,0,0,0,0,0,0,1.210545239105355
1682947800,62.65,63.899,62.62,63.795,62.77070382170329,62.73855122574161,62.85827688976455,61.87718368624127,1,0,0,0,0,0,1.2154348648835442
1683034200,62.576,62.65,60.502,61.234,62.49130312684815,62.59526063281384,62.316851259843034,61.85196079658475,0,0,0,0,0,0,1.3638323745347196
1683120600,61.69,62.195,61.24,61.32,62.27833892196667,62.47380723921252,61.98456750656202,61.831099588875546,0,0,0,0,0,0,1.335058633496525
1683207000,61,61.396,60.129,61.016,62.04882275433637,62.334968454525615,61.661711671041346,61.79913489911572,0,1,0,0,0,0,1.3301973025324878
1683293400,61.595,63.147,61.337,63.012,62.223945889911576,62.3994476493327,62.11180778069423,61.8466982364053,1,0,0,0,0,0,1.3873974952087387
1683552600,62.978,63.073,62.058,62.906,62.34795572810947,62.44769073034863,62.376538520462816,61.88823948203647,0,0,0,0,0,0,1.3607976741224002
1683639000,62.273,62.407,61.586,61.851,62.257600141180475,62.390863041744,62.20135901364188,61.8867791101919,0,0,0,0,0,0,1.3578835545422288
1683725400,62.206,62.8,61.827,62.627,62.32476375187493,62.413352275863616,62.34323934242792,61.91580738038046,0,0,0,0,0,0,1.3303918720749266
1683811800,62.658,62.848,61.799,62.767,62.40517034244313,62.447033011495655,62.48449289495195,61.949187483110634,0,0,0,0,0,0,1.3102924526410031
1683898200,62.838,63.27,62.421,63.115,62.53423028018074,62.51064891516273,62.694661929967964,61.99490562102786,0,0,0,0,0,0,1.2773429917380745
1684157400,63.187,64.002,62.847,63.98,62.797097501966064,62.650587113718665,63.12310795331197,62.07275245941892,0,0,0,0,0,0,1.2686042066139258
1684243800,64.046,64.691,63.873,64.144,63.04198886524496,62.79281691241213,63.46340530220798,62.1539778531672,0,0,0,0,0,0,1.2364181918557886
1684330200,64.735,66.09,64.458,65.747,63.53380907156406,63.07416768265859,64.22460353480533,62.29488068245476,0,0,0,0,0,0,1.2871026067232323
1684416600,65.6,67.936,65.6,67.79,64.30766196764333,63.52329457002444,65.41306902320355,62.510375557652615,0,0,0,0,0,0,1.3620238491001453
1684503000,68,68.495,67.841,68.225,65.01990524625363,63.97107603954592,66.35037934880236,62.734478476960355,0,0,0,0,0,0,1.3150935741644205
1684762200,68.14,68.468,67.412,67.837,65.53210429238933,64.33925927387489,66.84591956586824,62.934577360216814,0,0,0,0,0,0,1.296586890295533
1684848600,69.064,69.899,68.202,68.65,66.09899442104582,64.74980600969633,67.44727971057883,63.15871158138478,0,0,0,0,0,0,1.3512592552744234
1684935000,68.144,68.431,67.606,67.953,66.43608634449203,65.05487210401097,67.61585314038588,63.34672289191871,0,0,0,0,0,0,1.3293121656119653
1685021400,69.941,73.239,69.077,72.88,67.60770700912984,65.80012237981944,69.37056876025726,63.72057689615719,0,0,0,0,0,0,1.6119327252111106
1685107800,74.7425,81.498,74.702,81.273,70.0923057347426,67.27372977221759,73.3380458401715,64.40890721395495,0,0,0,0,0,0,2.1123661019817463
1685453400,83.512,92.17799,79.881,80.334,71.95443196478939,68.51756503200639,75.67003056011434,65.03342065654495,1,0,0,0,0,0,2.8398392375544783
1685539800,79.49,82.167,79.013,80.796,73.56198978937314,69.68693979086292,77.37868704007623,65.65156102295495,0,0,0,0,0,0,2.8622792920148723
1685626200,80.062,80.579,78.516,78.995,74.54980982766894,70.57342171554265,77.91745802671748,66.17483313970182,0,1,0,0,0,0,2.82068791401381
1685712600,79.064,82.377,78.72,81.2,75.75893531354731,71.58547679025287,79.01163868447833,66.76405536951744,1,0,0,0,0,0,2.8804244915842516
1685971800,80.92,80.92,79.448,80.23,76.57185616562963,72.4087647149907,79.41775912298556,67.29213162953636,0,0,0,0,0,0,2.799822742185377
1686058200,80.2,80.2,77.638,79,77.01333686278788,73.0365014088011,79.27850608199037,67.75126372249572,0,1,0,0,0,0,2.784978260600707
1686144600,78.982,80.545,78.751,79.263,77.42236652409917,73.62950127462956,79.27333738799358,68.20270436082922,0,0,0,0,0,0,2.7141940991292275
1686231000,79.491,80.501,78.878,80.42,77.96739079244477,74.27621543895056,79.65555825866238,68.68181399373788,0,0,0,0,0,0,2.63625166347714
1686317400,80.58,81.77489,80.388,80.462,78.42095610290936,74.86533777809812,79.9243721724416,69.14378207241482,0,0,0,0,0,0,2.547011544657344
1686576600,81.112,85.8,81.112,85.536,79.71460044783493,75.88159132304116,81.79491478162772,69.7866141480064,0,0,0,0,0,0,2.7463678628961046
1686663000,86.113,86.326,84.1,85.112,80.69594582095584,76.7606778637039,82.90060985441848,70.38760967161399,0,0,0,0,0,0,2.7091987298320968
1686749400,85.59,88.854,84.722,88.618,82.13631930805478,77.88994663858925,84.80640656961232,71.10252693939383,0,0,0,0,0,0,2.8108273919869475
1686835800,88.441,88.797,87.102,88.343,83.26480670659028,78.88547553015218,85.98527104640822,71.7786239221627,0,0,0,0,0,0,2.731125435416451
1686922200,88.9275,88.995,86.5445,86.811,83.90956912357386,79.6402873844234,86.26051403093881,72.36812886639161,1,0,0,0,0,0,2.7110807614581334
1687267800,86.266,87.707,86.10102,86.803,84.43564746474225,80.32245049066879,86.44134268729253,72.93420224418018,0,0,0,0,0,0,2.632144992782552
1687354200,86,86.6,84.46,84.766,84.49571156206184,80.74564568203367,85.88289512486169,73.39819431303586,0,0,0,0,0,0,2.6114917790123697
1687440600,84.509,84.891,83.531,84.243,84.44976400532333,81.07872704564952,85.33626341657445,73.82348081056386,0,0,0,0,0,0,2.5220995090829144
1687527000,83.401,83.602,81.885,82.215,84.04344327708273,81.18694351749242,84.2958422777163,74.15255999446332,0,1,0,0,0,0,2.5103781155769913
1687786200,82.5,83.7,82.022,82.163,83.70154449943132,81.27990127773124,83.58489485181087,74.46669489664123,0,0,0,0,0,0,2.4509225358929205
1687872600,82.868,85,82.1,84.84,83.90853640862562,81.6189582988997,84.00326323454058,74.87349117520432,0,0,0,0,0,0,2.4829994976148555
1687959000,83.873,85.853,83.706,84.794,84.06952978887551,81.92134322281402,84.26684215636038,75.26253073696101,0,0,0,0,0,0,2.458999533499508
1688045400,85.445,86.284,84.641,86.257,84.4672516454436,82.33426291587935,84.93022810424026,75.69368639433509,0,0,0,0,0,0,2.4007138525352576
1688131800,86.852,87.457,86.433,86.743,84.88102407354476,82.75414263817656,85.53448540282683,76.12699281024352,0,0,0,0,0,0,2.3149485773541665
1688391000,86.862,87.673,86.492,87.644,85.38338333290027,83.2198433393026,86.23765693521788,76.57864015101829,0,0,0,0,0,0,2.2339522504002973
1688563800,86.74,87.69,86.175,86.186,85.5293136360093,83.50233444984521,86.22043795681192,76.95539936078228,1,0,0,0,0,0,2.1825985182288474
1688650200,84.5,85.39,84.433,84.8,85.39671115673488,83.62592164509805,85.74695863787461,77.26303075839866,0,1,0,0,0,0,2.15191290978393
1688736600,85.043,85.799,84.466,84.675,85.26549094641945,83.72583386937443,85.38963909191641,77.55369621885362,0,0,0,0,0,0,2.09341913051365
1688995800,84.828,87.917,84.828,87.773,85.7214016834341,84.11127826276734,86.18409272794428,77.95445322987896,0,0,0,0,0,0,2.1754606211912466
1689082200,88.111,88.3,86.463,88.205,86.17296501371881,84.50115652345616,86.85772848529618,78.35643545615822,0,0,0,0,0,0,2.1512848625347294
1689168600,88.9,89.759,88.2,88.995,86.68606228395176,84.92914161646034,87.57015232353079,78.77363406572064,0,0,0,0,0,0,2.108978800925106
1689255000,89.894,89.894,87.827,89.036,87.11332368686962,85.32027098632126,88.0587682156872,79.17607978863356,0,0,0,0,0,0,2.1059803151447416
1689341400,88.616,90.335,88.616,88.858,87.43053756198424,85.65719755905258,88.32517881045813,79.55576293417734,0,0,0,0,0,0,2.078338864062974
1689600600,89.101,91.321,88.978,91.035,88.08589436889619,86.16936922009519,89.22845254030541,80.00592909362136,1,0,0,0,0,0,2.105814659487047
1689687000,90.598,90.99,89.82601,90.343,88.49627721091507,86.56685786580042,89.5999683602036,80.41130442328327,0,0,0,0,0,0,2.041755755237972
1689773400,89.727,90.5965,88.563,90.137,88.79459044529415,86.90687140239085,89.77897890680241,80.79270424982118,0,1,0,0,0,0,2.04116605843526
1689859800,89.254,90.69999,88.6,88.834,88.80175581887703,87.09040745930601,89.46398593786827,81.10804918120074,0,0,0,0,0,0,2.045367768547027
1689946200,90.449,91.115,89.383,89.675,88.96052748817212,87.3365591298483,89.53432395857885,81.44400803683993,0,0,0,0,0,0,2.062198642222239
1690205400,90.08,90.544,89.423,90.159,89.17843158123173,87.6053630222437,89.74254930571924,81.78577242755209,0,0,0,0,0,0,1.9949701677777931
1690291800,90.062,92.318,90.062,91.799,89.65489856646234,88.00475702012525,90.4280328704795,82.17844801862847,1,0,0,0,0,0,2.0136151557936652
1690378200,90.9,91.062,88.765,89.309,89.59200791801464,88.12897063725619,90.055021913653,82.45807750809402,0,0,0,0,0,0,2.0864997875226896
1690464600,90.85,90.985,88.6,89.353,89.54855193292107,88.2455448622794,89.821014609102,82.72846662542366,0,1,0,0,0,0,2.1078212312710694
1690551000,89.932,90.356,89.395,89.979,89.62681521784451,88.4106358277766,89.873676406068,83.01280126756392,0,0,0,0,0,0,2.0289054290374215
1690810200,89.75,90.1,89.1,89.865,89.67012154187277,88.54914670132169,89.870784270712,83.28151494334573,0,0,0,0,0,0,1.9554121841061771
1690896600,89.898,92.062,89.77008,92,90.09373580698681,88.87779939643391,90.58052284714132,83.62341631811648,1,0,0,0,0,0,1.979448456670022
1690983000,91.23,91.3,89.029,89.23,89.93669293298922,88.91134231105926,90.13034856476088,83.84328234485702,0,0,0,0,0,0,2.0502735669078778
1691069400,88.662,89.533,88.108,88.498,89.67511239971846,88.87197637667266,89.58623237650725,84.02582029211753,0,0,0,0,0,0,2.0056111692716003
1691155800,88.498,89.362,87.33715,88.165,89.40054650886056,88.80464529318003,89.11248825100483,84.18814106497567,0,1,0,0,0,0,2.006985371466486
1691415000,88.768,89.737,88.5266,89.706,89.45608350724955,88.89048859859146,89.31032550066989,84.40452768987858,1,0,0,0,0,0,1.9759149877903075
1691501400,89.009,89.06,87.34,88.316,89.24879559684054,88.8357753987256,88.97888366711327,84.55791876086373,0,0,0,0,0,0,2.003778202948143
1691587800,88.272,88.353,84.87201,85.073,88.48956003377862,88.47741583694221,87.67692244474217,84.57811802514358,0,0,0,0,0,0,2.109293331308989
1691674200,85.312,86.15,83.707,84.29,87.72600366400069,88.078614328662,86.54794829649478,84.56681927905952,0,0,0,0,0,0,2.1331295219297766
1691760600,83.401,83.64,82.348,82.976,86.86236663418238,87.59265105926562,85.35729886432985,84.50443420929247,0,1,0,0,0,0,2.1194774132205074
1692019800,83.113,85.418,82.738,85.41,86.59829997342194,87.38477952981175,85.37486590955324,84.53994659324178,0,0,0,0,0,0,2.1595147408476145
1692106200,84.921,85.462,83.646,84.252,86.17169997825432,87.08641957459159,85.00057727303549,84.52865456997739,1,0,0,0,0,0,2.134977973644214
1692192600,84.779,85.45,83.196,83.299,85.64939089129899,86.72571294844,84.43338484869032,84.48043282213514,0,0,0,0,0,0,2.1434795469553416
1692279000,83.651,83.942,82.701,82.71,85.11495618379008,86.34326409620762,83.85892323246021,84.41100408401219,0,0,0,0,0,0,2.0790167221728173
1692365400,82,82.817,81.2,82.584,84.65478233219189,85.98523894418784,83.43394882164014,84.33935686503132,0,1,0,0,0,0,2.046015527731901
1692624600,83.406,86.734,83.177,86.514,84.992821908157,86.03559713997947,84.4606325477601,84.42463698797127,0,0,0,0,0,0,2.1963001328939074
1692711000,87.341,87.475,85.088,85.579,85.09939974303754,85.99211169807667,84.83342169850673,84.46990612569789,0,0,0,0,0,0,2.209921551972914
1692797400,85.077,87.819,85,87.658,85.56459978975799,86.15076772683128,85.77494779900448,84.59492941488621,0,0,0,0,0,0,2.2534271554034206
1692883800,90.235,90.9855,85.246,85.446,85.54303619162017,86.08364699094258,85.66529853266965,84.6283047319495,1,0,0,0,0,0,2.502432358588891
1692970200,85.702,86.944,83.767,85.182,85.47739324768924,85.99777584894805,85.50419902177977,84.65001827187305,0,1,0,0,0,0,2.5506157615468275
1693229400,85.639,86.41299,84.711,86.108,85.59204902083665,86.00827338714348,85.70546601451984,84.70719402591725,0,0,0,0,0,0,2.4899996357220537
1693315800,85.84,89.2835,85.64199,88.993,86.2104037443209,86.29253306455838,86.80131067634656,84.87526484843029,0,0,0,0,0,0,2.5722503760276214
1693402200,89.239,89.871,87.911,89.228,86.75905760898982,86.57210134412425,87.61020711756437,85.04596034457028,0,0,0,0,0,0,2.5285182063113623
1693488600,89.801,92.367,89.377,92.289,87.76450168008257,87.11656788277908,89.16980474504291,85.33000111537145,1,0,0,0,0,0,2.572124048717694
1693575000,90.187,90.187,86.466,87.252,87.6713195564312,87.12946617965726,88.53053649669528,85.40537362065099,0,1,0,0,0,0,2.8043294738092874
1693920600,86.951,88.3,86.7,87.217,87.58871600071643,87.13780273397562,88.09269099779685,85.47641779239017,0,0,0,0,0,0,2.7183059399657665
1694007000,87.25,87.737,86.674,87.227,87.52294945513162,87.14629771169223,87.80412733186456,85.54506807504153,0,0,0,0,0,0,2.6000698013967822
1694093400,85.95,86.169,84.052,85.703,87.1920495541986,87.00884078676916,87.10375155457638,85.55126148386343,0,1,0,0,0,0,2.6411362441541546
1694179800,85.5,86.083,85.012,85.755,86.93076781707158,86.88942737850543,86.65416770305092,85.55925122959427,0,0,0,0,0,0,2.5289836552860008
1694439000,86.877,86.9,84.565,85.914,86.7459009412404,86.79652953293349,86.40744513536728,85.57316294608077,1,0,0,0,0,0,2.51512767990843
1694525400,85.024,85.8265,84.166,84.452,86.32882804283305,86.57324100598744,85.75563009024485,85.52919577172466,0,1,0,0,0,0,2.460332845629257
1694611800,84.719,85.911,84.424,85.293,86.14049567140886,86.4513132911315,85.60142006016324,85.51993319244134,0,0,0,0,0,0,2.390809070941453
1694698200,85.903,87.667,85.5,87.164,86.32658736751634,86.51918821578565,86.12228004010882,85.5844064005809,1,0,0,0,0,0,2.389608423017063
1694784600,86.816,86.816,84.29,85.168,86.115935118877,86.39050362380607,85.80418669340588,85.56807673781303,0,0,0,0,0,0,2.424207821372987
1695043800,84.258,85.633,84,85,85.91303782453573,86.25807470725312,85.53612446227059,85.5457992186831,0,0,0,0,0,0,2.367692976989202
1695130200,84.599,85.103,83.85,84.92,85.73248549280197,86.13063902084805,85.33074964151373,85.52125807285239,0,0,0,0,0,0,2.288072050061402
1695216600,84.999,84.999,83.035,83.057,85.24603358501979,85.83791149505299,84.57283309434249,85.42462050136798,0,0,0,0,0,0,2.264924046485587
1695303000,79.511,82.25,79.509,80.836,84.44420929683437,85.36153897171461,83.32722206289499,85.24467459935356,0,1,0,0,0,0,2.3565723288794738
1695389400,81.124,83.05799,81.038,82.908,84.16489851559176,85.12786859345607,83.18748137526333,85.1530403013397,0,0,0,0,0,0,2.346959305388083
1695648600,82.8,83.85599,82.301,83.389,84.02382605821144,84.96226206074597,83.25465425017555,85.08386225030677,1,0,0,0,0,0,2.2903900692889345
1695735000,82.917,83.0265,81.121,81.619,83.58658495671845,84.64385615019873,82.7094361667837,84.94798529931434,0,0,0,0,0,0,2.2887907786254393
1695821400,81.926,82.368,80.43801,81.681,83.24011496458783,84.36167937398933,82.36662411118914,84.819868228753,0,1,0,0,0,0,2.2631621515807643
1695907800,82.017,83.886,81.468,83.2,83.23282133466277,84.25104324313321,82.6444160741261,84.75634398448817,0,0,0,0,0,0,2.2742219978964235
1695994200,83.645,84.404,82.291,83.058,83.20103563745135,84.13742007712052,82.78227738275073,84.68974225960628,1,0,0,0,0,0,2.262706140903822
1696253400,82.906,83.856,82.35,83.495,83.25448370336929,84.07623721263286,83.01985158850049,84.64288962197466,0,0,0,0,0,0,2.208655702267835
1696339800,82.7,83.575,80.891,81.483,82.93239575730215,83.82926224000116,82.50756772566699,84.51897238189723,0,1,0,0,0,0,2.242608866391561
1696426200,82.033,83.058,81.63025,82.381,82.83214198324721,83.69133250285819,82.465378483778,84.43513032770518,0,0,0,0,0,0,2.194922518792164
1696512600,82.011,82.863,81.54801,82.386,82.75102525902045,83.5670151216336,82.43891898918532,84.35477227563831,0,0,0,0,0,0,2.132070196021295
1696599000,81.94,84.8385,81.172,84.526,83.07374793919855,83.65834701481135,83.13461265945688,84.36148708835837,0,1,0,0,0,0,2.241672324876917
1696858200,84.046,85.661,83.783,85.588,83.53088467752609,83.84212348959123,83.95240843963792,84.40958563391294,0,0,0,0,0,0,2.2156957302428513
1696944600,85.715,87.2545,85.572,85.841,83.95090564524861,84.03249268105873,84.58193895975862,84.46571953062224,0,0,0,0,0,0,2.1776103209397895
1697031000,85.971,87.534,85.655,87.456,84.58819552793068,84.35854099714837,85.53995930650575,84.58298543138216,0,0,0,0,0,0,2.1562810123012333
1697117400,87.643,91.793,87.643,90.56,85.673978159216,84.9491561402771,87.21330620433717,84.81737815956325,0,0,0,0,0,0,2.3120466542797167
1697203800,90.9,92.591,88.209,88.318,86.15470940299491,85.26999841263167,87.58153746955811,84.95465744742351,1,0,0,0,0,0,2.4599004646883076
1697463000,89.097,91.5785,89.097,90.257,86.9005804206322,85.74495094476198,88.47335831303874,85.16259244948533,0,0,0,0,0,0,2.517086145782
1697549400,88.515,89.298,86.6,88.44,87.18047488960816,86.00162228335608,88.46223887535916,85.29111823578002,0,0,0,0,0,0,2.5985085639404297
1697635800,87.9945,89.563,87.52,88.703,87.45729763695213,86.25889635160789,88.54249258357278,85.42491752065139,0,0,0,0,0,0,2.558829380801828
1697722200,88.702,88.949,86.567,86.783,87.3346980665972,86.3088109847881,87.95599505571519,85.47817565709643,0,0,0,0,0,0,2.546198710744555
1697808600,87.49,87.49,85.184,85.363,86.97620750903407,86.21873374814162,87.0916633704768,85.47365896466127,0,0,0,0,0,0,2.5290416599770866
1698067800,85.796,87.35999,84.282,86.222,86.83907887102788,86.21904481974718,86.80177558031787,85.50300567192946,0,1,0,0,0,0,2.5682522556930087
1698154200,86.4,88.3,86.312,88.111,87.07033725811372,86.39923102739031,87.23818372021191,85.60527995930477,1,0,0,0,0,0,2.5332342374292227
1698240600,87.707,87.873,84.608,84.963,86.68718502936578,86.26244712001981,86.47978914680793,85.58009250992026,0,0,0,0,0,0,2.6025032204699925
1698327000,84.791,85.4415,81.834,82.675,85.95769684220836,85.92078548954174,85.21152609787195,85.4661673134528,0,1,0,0,0,0,2.674288704722136
1698413400,83,84.021,82.854,83.836,85.57193377998865,85.72223449053777,84.7530173985813,85.40223918351347,0,0,0,0,0,0,2.5794109400991267
1698672600,84.11,84.943,82.715,84.125,85.30885491089981,85.57011692001036,84.54367826572087,85.3521513723953,0,0,0,0,0,0,2.554310158663474
1698759000,84.389,84.55,83.26,84.137,85.0957903816453,85.43362959429508,84.40811884381391,85.3044983773994,0,0,0,0,0,0,2.464002290187511
1698845400,84.2,85.3825,83.557,85.294,85.13182849407343,85.42033153769555,84.70341256254261,85.30408667632491,0,0,0,0,0,0,2.4183949837455456
1698931800,86.2,88.05,86,87.13,85.4951324042419,85.58315710553407,85.51227504169508,85.3756911203906,0,0,0,0,0,0,2.442509627763721
1699018200,87.75,88.75,87.10567,88.268,85.9992901489252,85.83885642881654,86.43085002779672,85.48911499802234,0,0,0,0,0,0,2.385496797209169
1699281000,88.156,88.589,87.121,88.083,86.37814648548425,86.05258438797686,86.98156668519782,85.59083597849205,0,0,0,0,0,0,2.319961311694229
1699367400,88.232,90.177,87.6155,89.782,86.99702894266893,86.40776682721716,87.91504445679854,85.75519535188452,0,0,0,0,0,0,2.3372140751446415
1699453800,90,91.29084,89.9,91.113,87.74538731672912,86.8558842722441,88.98102963786569,85.96530533808513,0,0,0,0,0,0,2.278044498348596
1699540200,91.25,92.97999,90.856,91.138,88.36222598641474,87.26370481774465,89.70001975857713,86.16815610914061,0,0,0,0,0,0,2.2670406056094112
1699626600,92.174,95.895,91.821,95.752,89.70582126161206,88.07211388272135,91.71734650571808,86.54399312446843,0,0,0,0,0,0,2.444894848065881
1699885800,95.005,95.24,94.048,94.693,90.61258103222805,88.70267446531932,92.70923100381205,86.86356202154809,0,0,0,0,0,0,2.3919737874897464
1699972200,96.234,97.677,95.52521,97.296,91.8277481172775,89.52108642100319,94.23815400254136,87.27267723638934,0,0,0,0,0,0,2.4342613740976224
1700058600,97.951,98.175,96.691,97.54,92.8663393686816,90.28479247614574,95.33876933502758,87.67531734476623,0,0,0,0,0,0,2.366385561662078
1700145000,96.4,96.87,95.052,95.955,93.42791402892131,90.82481224032233,95.54417955668505,88.00001078222637,0,1,0,0,0,0,2.3750723072576436
1700231400,95.821,98.389,95.1,97.773,94.21792966002653,91.48654440791069,96.2871197044567,88.38326526135475,0,0,0,0,0,0,2.4403528567392407
1700490600,97.3,99.987,97.3,99.571,95.19121517638534,92.25649255953824,97.3817464696378,88.8219999569879,1,0,0,0,0,0,2.4579705098292948
1700577000,97.5,99.1,97.163,98.12,95.72372150795164,92.81492183958223,97.62783097975854,89.18662740965503,0,0,0,0,0,0,2.454401187698631
1700663400,98.369,98.79899,97.1,97.2,95.99213577923315,93.23254833105058,97.48522065317236,89.50087731515876,0,0,0,0,0,0,2.400443245720158
1700836200,97.496,97.986,96.675,97.887,96.3366565466453,93.6758294423791,97.61914710211491,89.82974487142704,0,0,0,0,0,0,2.322625871025861
1701095400,97.615,98.101,94.933,95.024,96.09799171998252,93.804226638343,96.7540980680766,90.03344115097892,0,0,0,0,0,0,2.383009737381156
1701181800,93.994,95.086,93.416,94.635,95.83199322544024,93.88334791088175,96.04773204538441,90.21389443917582,0,0,0,0,0,0,2.3320804704253595
1701268200,94.834,95.94299,93.937,94.083,95.51399445717838,93.90236239555968,95.3928213635896,90.36562406901206,0,0,0,0,0,0,2.3087882939664053
1701354600,94.1,94.2415,91.837,92.573,94.97926819223686,93.77575645312542,94.45288090905973,90.45218783101159,0,0,0,0,0,0,2.3156248443973766
1701441000,92.246,93.39,90.8,93,94.6194012481938,93.7018748861611,93.96858727270649,90.55210203371702,0,0,0,0,0,0,2.335223069797564
1701700200,92.064,93.097,91.644,92.397,94.21532829397674,93.57760108747908,93.444724848471,90.62445097357126,0,0,0,0,0,0,2.2722071362405947
1701786600,91.16,91.727,90.5845,91.312,93.68745042234461,93.36182955533822,92.73381656564733,90.65141368049004,0,0,0,0,0,0,2.2393709122234093
1701873000,92.036,92.097,90.31,90.364,93.08318670919104,93.07632197863934,91.94387771043155,90.64014255576494,0,1,0,0,0,0,2.207058704207451
1701959400,90.554,92.412,90.364,92.226,92.92733458024722,92.99533893305464,92.03791847362103,90.70233304377416,0,0,0,0,0,0,2.1956973681926333
1702045800,92.784,95.073,91.05262,94.43,93.20054647474772,93.13197332038277,92.83527898241402,90.84851606166536,0,0,0,0,0,0,2.3260318418931587
1702305000,95.701,103.951,95.609,102.924,94.96844711570269,94.06454728987012,96.19818598827602,91.32206445140397,0,0,0,0,0,0,2.8399581389007897
1702391400,102.799,107.939,102.458,107.228,97.19745673102948,95.31820945273964,99.87479065885069,91.94582662978029,0,0,0,0,0,0,3.028603986122161
1702477800,106.8,109.978,106.254,108.969,99.33773732538775,96.61828474295491,102.90619377256712,92.6134020560634,0,0,0,0,0,0,3.0782751299705775
1702564200,109.218,112.146,109.028,110.649,101.39433053895361,97.95454333886397,105.48712918171141,93.32068040680602,0,0,0,0,0,0,3.0853269064012507
1702650600,109.522,114.98799,109.46184,112.974,103.4997249864166,99.38496778278169,107.98275278780761,94.09139882222539,0,0,0,0,0,0,3.2596714130868754
1702909800,112.08,115.182,111.864,114.7,105.53613862524995,100.84354227965962,110.22183519187175,94.8995792605695,1,0,0,0,0,0,3.263837740723527
1702996200,114.2,115.046,113.2505,113.958,107.06738614793177,102.09253825302537,111.46722346124783,95.64696830917461,0,0,0,0,0,0,3.1589564735289897
1703082600,113.27,114.136,110.926,111.038,107.7893159392169,102.94448699083247,111.32414897416521,96.25053817940305,0,1,0,0,0,0,3.16260243970549
1703169000,113.265,113.542,111.5,112.729,108.68744031390474,103.87634537265795,111.79243264944347,96.89675236844607,0,0,0,0,0,0,3.115559408297955
1703255400,112.798,113.2,111.353,112.198,109.32572389319479,104.66888390859529,111.92762176629564,97.49680129517368,0,0,0,0,0,0,3.024948021990959
1703601000,112.424,113.55,112.302,113.189,110.02813773079573,105.48032353634812,112.34808117753043,98.11218163653942,0,0,0,0,0,0,2.905451734705891
1703687400,113.6,113.957,112.29601,112.617,110.49883996156015,106.16000700907688,112.43772078502029,98.68099804294964,1,0,0,0,0,0,2.816561610798327
1703773800,113.169,113.224,111.905,112.241,110.81559633218558,106.73914919868861,112.37214719001352,99.21276282557906,0,0,0,0,0,0,2.709592924312733
1703860200,112.146,112.438,111.467,111.625,110.96276063542456,107.20446832262303,112.12309812667569,99.69951722457596,0,0,0,0,0,0,2.585407715433252
1704205800,109.212,110.2,107.709,108.538,110.52189506534737,107.33147133951607,110.92806541778378,100.04612439223965,0,0,0,0,0,0,2.680450021473734
1704292200,107.02,107.5,105.531,105.858,109.67391414437512,107.19114073575264,109.23804361185586,100.27404108274006,0,0,0,0,0,0,2.703775019939895
1704378600,105.796,106.9497,104.737,104.901,108.80611157267055,106.97303209425239,107.79236240790391,100.45549045204437,0,0,0,0,0,0,2.668698232801332
1704465000,105.16,105.546,104.151,104.928,108.10100037763954,106.77826713289502,106.8375749386026,100.63088298333675,0,1,0,0,0,0,2.577719787601237
1704724200,105.65,107.79999,105.20018,107.485,107.98900030897781,106.84557502500026,107.05338329240173,100.899671885951,0,0,0,0,0,0,2.598739088486863
1704810600,106.562,108.85499,106.471,108.249,108.03627298007275,106.9792345464288,107.45192219493448,101.18788083159997,0,0,0,0,0,0,2.583399867880658
1704897000,108.035,108.2955,106.26047,108.057,108.04004152915043,107.08187887534034,107.65361479662299,101.45725805389017,0,0,0,0,0,0,2.5442305916034686
1704983400,108.432,110.13,107.4505,109.998,108.3960339783958,107.3596046967365,108.43507653108199,101.79218911060036,0,0,0,0,0,0,2.5538926922032203
1705069800,111.21,111.56899,110.001,110.768,108.82730052777839,107.68421377323779,109.212717687388,102.14418169449839,0,0,0,0,0,0,2.483685357045847
1705415400,111.234,112.62431,109.863,111.496,109.31251861363687,108.04724103292942,109.973811791592,102.51091966726315,0,0,0,0,0,0,2.503515688685429
1705501800,110.629,111.311,109.0215,110.367,109.50424250206653,108.26817045836471,110.104874527728,102.8190012489391,0,1,0,0,0,0,2.501443139493612
1705588200,112.49,114.6548,112.188,114.391,110.39274386532716,108.8512970813776,111.53358301848533,103.27280512152973,0,0,0,0,0,0,2.6290400581012103
1705674600,115.731,121.7,115.6,121.12,112.34315407163132,110.01974497838926,114.72905534565689,103.97269511676386,0,0,0,0,0,0,2.963322911093981
1705933800,121.625,123.133,120.82177,122.05,114.10803514951654,111.165483551876,117.16937023043792,104.68160903375352,0,0,0,0,0,0,2.916744846015839
1706020200,122.1,122.698,120.352,122.631,115.65766512233171,112.25743749931638,118.98991348695861,105.38550671870436,0,0,0,0,0,0,2.8759773570147074
1706106600,124.2295,128.45499,123.10093,125.387,117.42663510008958,113.50787202319101,121.12227565797241,106.16987900424537,1,0,0,0,0,0,3.0865496886565147
1706193000,128.1,128.1,122.88,123,118.43997417280058,114.41188421145854,121.7481837719816,106.82988374917693,0,0,0,0,0,0,3.238938996609621
1706279400,121.97,122.121,120.023,120.488,118.81234250501865,114.99056190560535,121.3281225146544,107.36549615116999,0,1,0,0,0,0,3.220229068280363
1706538600,121.491,122.367,120.4995,121.777,119.35137114046981,115.63688934316674,121.47774834310293,107.9306531648496,0,0,0,0,0,0,3.124426991974623
1706625000,121.677,122.8,120.429,120.816,119.61766729674802,116.13013797715087,121.25716556206862,108.43596088387511,1,0,0,0,0,0,3.0706107782621497
1706711400,118.945,119.722,117.431,118,119.32354597006656,116.30822007456507,120.17144370804574,108.8110212413702,0,1,0,0,0,0,3.093067151243425
1706797800,118.735,120.309,117.911,120.001,119.44671943005446,116.65991340079697,120.11462913869717,109.24984393778705,0,0,0,0,0,0,3.04341949758318
1706884200,120.875,123.469,120.515,122.434,119.98986135186274,117.20982641024487,120.88775275913144,109.76686966571697,0,0,0,0,0,0,3.073746676327238
1707143400,122.696,124.77522,122.215,124.31,120.77534110606952,117.88603341879298,122.02850183942097,110.33718850235552,0,0,0,0,0,0,3.037066199446721
1707229800,126.357,127.21099,121.194,122.265,121.04618817769324,118.30307785509841,122.10733455961397,110.80494581598863,0,0,0,0,0,0,3.2499178994862405
1707316200,123.4,125.951,122.67,125.706,121.89342669083992,119.00811805937475,123.30688970640932,111.3893008820283,0,0,0,0,0,0,3.281066620951509
1707402600,126.7,129.597,126.501,127.476,122.90844001977811,119.81458300610096,124.69659313760621,112.0201518278311,1,0,0,0,0,0,3.3246332908835443
1707489000,125.203,128.575,124.899,128.344,123.89672365254573,120.62690843409135,125.91239542507081,112.6603027365436,0,0,0,0,0,0,3.3497309129632904
1707748200,129.001,129.007,125.9,126.5,124.37004662481014,121.18625048798741,126.10826361671387,113.2030359625615,0,0,0,0,0,0,3.3323929906087697
1707834600,123.512,125.587,122.709,125.165,124.5145836021174,121.56517901294099,125.79384241114258,113.67213259148066,0,1,0,0,0,0,3.3651506341367146
1707921000,126.924,127.3,124.13179,126.222,124.82502294718697,122.00868577361328,125.93656160742839,114.16428425455985,0,0,0,0,0,0,3.351083445984092
1708007400,127.995,128,124.485,126.507,125.13083695678934,122.43709665231678,126.12670773828559,114.64831232300848,1,0,0,0,0,0,3.3627917712709423
1708093800,125.904,127.56846,124.239,124.548,125.02486660100946,122.63813506638185,125.60047182552373,115.03653536916501,0,0,0,0,0,0,3.360410930465875
1708439400,123.586,123.772,121.256,122.655,124.59398176446228,122.63974125053596,124.61864788368248,115.33529868802128,0,0,0,0,0,0,3.3555244354325984
1708525800,121.8,122.805,120.264,122.745,124.25780326183278,122.64976589334206,123.99409858912166,115.62587521005966,0,1,0,0,0,0,3.297344118615985
1708612200,128.171,131.098,127.647,130.49,125.39092994149955,123.39645485588092,126.15939905941444,116.20878206456713,0,0,0,0,0,0,3.658462395857701
1708698600,130.837,131.962,128.882,129.637,126.16294267940873,123.99079248865417,127.31859937294296,116.73537884634881,1,0,0,0,0,0,3.617143653296435
1708957800,131,131.87899,130.146,130.913,127.02658946497078,124.65005034687758,128.5167329152953,117.29136398962925,0,0,0,0,0,0,3.5189183923466887
1709044200,130.913,131.194,129.222,129.623,127.49866410770336,125.12366459955591,128.88548861019686,117.77495755866339,0,0,0,0,0,0,3.408424221464781
1709130600,129.3,129.852,128.29734,128.942,127.76108881539366,125.48731559007439,128.90432574013124,118.21288079165699,0,1,0,0,0,0,3.276012491360155
1709217000,130.331,130.8395,128.7275,130.049,128.17707266714027,125.92176172435302,129.28588382675417,118.67704232923907,0,0,0,0,0,0,3.192868741977286
1709303400,132.593,140.776,132,139.917,130.3116049094784,127.25464156012892,132.82958921783612,119.5099818457395,0,0,0,0,0,0,3.7310209746931946
1709562600,140.315,143.817,138.519,140.226,132.11422219866415,128.49000903059283,135.29505947855742,120.32237471453404,1,0,0,0,0,0,3.842948047929395
1709649000,139.5,139.5,133.237,134.275,132.5070908898161,129.04096055148875,134.95503965237162,120.86953649043465,0,0,0,0,0,0,4.067666044505867
1709735400,139.158,139.483,134.706,135,132.96034709166773,129.60848811801364,134.97002643491442,121.42367231433917,0,0,0,0,0,0,4.149118469898306
1709821800,138.199,141.431,137.289,140.701,134.36773852954633,130.66491782105996,136.88035095660962,122.17964594907097,1,0,0,0,0,0,4.312110007762714
1709908200,139.425,141.3,130.158,130.872,133.73214970599244,130.68463993333995,134.87756730440643,122.52052257851918,0,0,0,0,0,0,4.799959292922521
1710163800,127.793,129.902,125.256,129.312,132.92848612308472,130.5539123206409,133.02237820293763,122.78685502642038,0,0,0,0,0,0,4.858247914856627
1710250200,130.7,130.779,125.928,129.188,132.24839773706933,130.42382543296083,131.74425213529176,123.03788031950194,0,0,0,0,0,0,4.857730206652582
1710336600,128.288,128.288,125.2355,125.787,131.07359814851128,129.98222301077408,129.75850142352783,123.14568893442343,0,0,0,0,0,0,4.793070906177397
1710423000,126.254,127.313,124.771,126.227,130.1923984851456,129.6245827240337,128.5813342823519,123.26652466248525,0,0,0,0,0,0,4.632280127164726
1710509400,125.346,126.737,123.007,123.55,128.98468966966456,129.0460510360305,126.90422285490126,123.2776413423878,0,0,0,0,0,0,4.567831546652958
1710768600,125.398,126.288,123.17,123.724,128.02820063881646,128.539189032599,125.84414856993418,123.29514560347063,0,0,0,0,0,0,4.464272150463461
1710855000,121.695,124.027,120.402,123.801,127.25961870448619,128.08793293425626,125.16309904662279,123.31498303078551,0,1,0,0,0,0,4.404324139716071
1710941400,123.902,128.799,122.659,127.6,127.32150621276142,128.04146313099375,125.9753993644152,123.48302291193117,0,0,0,0,0,0,4.528300986879208
1711027800,132.832,140.361,131.6,134.8,128.6812323558957,128.68513330899435,128.91693290961013,123.92682593499269,1,0,0,0,0,0,5.1163509163878365
1711114200,135,137.622,134.615,135.347,129.89319010936921,129.31959680337584,131.06028860640674,124.37467589832632,0,0,0,0,0,0,4.965682993788706
1711373400,134.503,135.84399,133.747,135.158,130.8504282713021,129.87563520305434,132.42619240427115,124.79755135329391,0,0,0,0,0,0,4.760776351375226
1711459800,136.469,137.99377,133.051,133.149,131.26835040379262,130.18738423133487,132.6671282695141,125.12505914336082,1,0,0,0,0,0,4.773775897705568
1711546200,135,135,129.602,131.873,131.37828669401213,130.34791906644583,132.40241884634273,125.38968427499373,0,1,0,0,0,0,4.818363333583741
1711632600,131.79,133.009,131.153,132.541,131.58968911328265,130.5567839172605,132.44861256422848,125.67012802891554,0,0,0,0,0,0,4.606765952613474
1711978200,132.568,136.298,132.541,135.026,132.2144729108676,130.98242354418807,133.30774170948567,126.03702496895806,0,0,0,0,0,0,4.546068384569654
1712064600,131.579,134.237,130.34138,133.876,132.5165687452553,131.2580022542654,133.49716113965712,126.34443575448913,0,1,0,0,0,0,4.555964928528966
1712151000,132.8,137.682,132.527,136.321,133.20828351884526,131.74019251576394,134.43844075977142,126.73567356803858,0,0,0,0,0,0,4.598753147919754
1712237400,138.532,140.398,131.5,131.75,132.9431410608734,131.74112656188166,133.54229383984762,126.93231382027236,1,0,0,0,0,0,4.905842208782628
1712323800,132.6,136.123,131.4195,133.943,133.12493359526005,131.9508287940834,133.6758625598984,127.2072426900656,0,0,0,0,0,0,4.891389193869584
1712583000,133.365,134.25,131.57501,133.61,133.21312748703096,132.1088450994088,133.6539083732656,127.45833121202381,0,0,0,0,0,0,4.733074965736043
1712669400,135.737,135.948,130.864,133.408,133.24855885302532,132.23257413756033,133.5719389155104,127.69165155665033,0,1,0,0,0,0,4.75814103961204
1712755800,132.3,133.575,131.548,132.237,133.06463906156617,132.23299564826888,133.12695927700693,127.86990051521306,0,0,0,0,0,0,4.563059536782608
1712842200,133.268,139.187,132.365,138.246,134.00670468673596,132.80566272938614,134.8333061846713,128.27680637736157,1,0,0,0,0,0,4.73355528415528
1712928600,135.201,136.6505,133.662,134.407,134.07948565278397,132.95817104087317,134.6912041231142,128.51720612726896,0,0,0,0,0,0,4.722872763858474
1713187800,137,137,130.6,131.069,133.53212462500505,132.77824998936143,133.4838027487428,128.6172764752192,0,0,0,0,0,0,4.842667566440012
1713274200,131.538,133.6319,131.1,132.906,133.41828378409505,132.7904166570413,133.2912018324952,128.7854617114851,0,0,0,0,0,0,4.679827025980011
1713360600,134.311,134.7,128.142,128.263,132.48095945971414,132.35923411827548,131.6151345549968,128.76497301691708,0,0,0,0,0,0,4.81398223841001
1713447000,128.8,129.265,125.546,125.899,131.28423955794793,131.74397372605875,129.70975636999788,128.65258191821445,0,0,0,0,0,0,4.735769221380722
1713533400,125.899,126,119.756,120.471,129.3181960019574,130.67035718071983,126.63017091333192,128.33173556848055,0,1,0,0,0,0,4.8434999912820995
1713792600,122.45,123.32,120.054,122.446,128.06870581978333,129.88708506827032,125.23544727555462,128.1009224089323,0,0,0,0,0,0,4.730821420476234
1713879000,122.817,125.79,122.802,124.919,127.49603203436818,129.41393410938744,125.12996485036975,127.97614113799376,0,0,0,0,0,0,4.631762747585076
1713965400,126.39,128.562,124.496,125.682,127.16620802811943,129.0585118132553,125.31397656691317,127.88617481885676,0,0,0,0,0,0,4.591351122757572
1714051800,127.245,130.803,125.7,129.442,127.57998838664317,129.0950344977072,126.68998437794211,127.94718757105845,0,0,0,0,0,0,4.6291831854177445
1714138200,131,135.583,130.313,134.407,128.82126322543533,129.60093597411603,129.2623229186281,128.200513548664,1,0,0,0,0,0,4.737170100745048
1714397400,134.408,135.298,132.5695,133.862,129.73776082081073,130.0067515956288,130.7955486124187,128.42253262518696,0,0,0,0,0,0,4.593693664977544
1714483800,132.888,134.835,129.905,130.027,129.7903497624815,130.00868001509272,130.53936574161247,128.48545291439532,0,0,0,0,0,0,4.617715546050578
1714570200,127.833,129.237,124.1345,124.286,128.78955889657578,129.46366287079817,128.45491049440832,128.32076848637982,0,0,0,0,0,0,4.708771578475535
1714656600,125.628,126.445,122.331,123.857,127.89273000628928,128.92969497834122,126.92227366293888,128.1457187418159,0,1,0,0,0,0,4.66628789429871
1714743000,125.9,128.388,124.714,127.811,127.87787000514578,128.8231525994516,127.21851577529259,128.13259251664664,0,0,0,0,0,0,4.6566244732773745
1715002200,128.6225,131.077,127.507,131.031,128.45116636784655,129.0334237804562,128.48934385019507,128.24625555520953,0,0,0,0,0,0,4.579008439471847
1715088600,131.644,131.899,129.6755,130.311,128.789317937329,129.15509770612704,129.0965625667967,128.32722592559347,0,0,0,0,0,0,4.41075783665243
1715175000,129.35,133.7905,128.849,132.537,129.47071467599645,129.47718363887685,130.24337504453115,128.49231510498197,0,0,0,0,0,0,4.448667991177258
1715261400,131.783,132.161,130.2,130.567,129.67003928036073,129.58097567326953,130.35125002968744,128.57367529694346,0,0,0,0,0,0,4.297834563236027
1715347800,131.531,134.4,131.531,133.28,130.3263957748406,129.93326370438672,131.32750001979161,128.7582370500045,0,0,0,0,0,0,4.264632094433453
1715607000,134.8,135.839,133.011,133.751,130.94905108850594,130.29685763730228,132.13533334652774,128.95403167549452,0,0,0,0,0,0,4.162015516259635
1715693400,133.234,138.199,132.58,138.003,132.23158725423212,131.0307759575592,134.0912222310185,129.3088931784163,0,0,0,0,0,0,4.266085836526804
1715779800,138,143.895,136.9975,143.617,134.3016622989172,132.22946396160117,137.26648148734566,129.86999540671368,0,0,0,0,0,0,4.454043991060604
1715866200,142.6,144.54,140.506,141.213,135.55826915365952,133.08503882240106,138.58198765823045,130.3148191162543,1,0,0,0,0,0,4.4240408488419884
1715952600,141.242,141.953,138.178,139.529,136.2802202166305,133.69874941074383,138.8976584388203,130.67615954306788,0,0,0,0,0,0,4.3776807882104185
1716211800,139.6,141.694,139.316,141.403,137.21163472269768,134.43248756210156,139.73277229254685,131.09681995314367,0,0,0,0,0,0,4.234846446195387
1716298200,139.868,140.939,139.346,139.92,137.70406477311627,134.95510779428236,139.79518152836457,131.4428270138047,0,0,0,0,0,0,4.079285985752859
1716384600,139.601,140.5,138.422,139.224,137.98041663254966,135.36166895673165,139.60478768557638,131.74797105247902,0,0,0,0,0,0,3.9363369867705127
1716471000,142.843,142.9,137.8,139.329,138.22561360844972,135.73951000847148,139.51285845705092,132.04526630532297,1,1,0,0,0,0,4.019455773429761
1716557400,139.979,141.35844,139.20242,140.784,138.69077477054978,136.2199376267123,139.9365723047006,132.3879617443299,0,0,0,0,0,0,3.886353218184779
1716903000,141,141.71813,139.254,141.245,139.15517935772255,136.69851499559684,140.3727148698004,132.7352965778856,0,0,0,0,0,0,3.784765845457296
1716989400,139.91,139.91,138.3,139.067,139.13914674722753,136.92408499601618,139.93747657986694,132.98359867287047,0,0,0,0,0,0,3.724782570781774
1717075800,137.9,138.278,135.56399,136.408,138.64257461136796,136.87493404401462,138.76098438657795,133.1178889209932,0,0,0,0,0,0,3.7089416728687916
1717162200,136.136,136.255,130.726,132.855,137.59028831839197,136.4920831826799,136.7923229243853,133.1075795515425,0,0,0,0,0,0,3.84987441052102
1717421400,135.27,135.3,130.253,132.19,136.60841771504798,136.08236097480562,135.25821528292354,133.0715960397173,0,1,0,0,0,0,3.935383381198092
1717507800,132.04,133.199,130.701,133.082,135.96725085776652,135.79661231053842,134.53281018861568,133.07200403815975,0,0,0,0,0,0,3.832713139683944
1717594200,134.6,141.435,134.054,141.309,136.93847797453623,136.32160161429667,136.79154012574378,133.39502348764367,0,0,0,0,0,0,4.155590772563663
1717680600,142.187,142.26899,138.82401,140.127,137.51820925189327,136.68402050817318,137.9033600838292,133.6590225665596,0,0,0,0,0,0,4.104832860237688
1717767000,140.7775,142.5,139.702,140.664,138.09017120609448,137.06306617406145,138.82357338921946,133.93372756394942,0,0,0,0,0,0,4.011487655934997
1718026200,140.98,144.90499,140.9125,144.047,139.17323098680458,137.72820272891275,140.56471559281297,134.33032648301023,0,0,0,0,0,0,4.027880680511069
1718112600,143.82,146.501,141.623,146.103,140.43318898920376,138.5258024690163,142.41081039520864,134.79199995426472,0,0,0,0,0,0,4.088603489045994
1718199000,150,150.58,147.64,149.551,142.09097280934853,139.57582128149093,144.79087359680577,135.37078426978374,0,0,0,0,0,0,4.11634609697128
1718285400,171,173.585,165.252,167.899,146.78334138946698,142.27326687372988,152.4935823978705,136.64640057292948,0,0,0,0,0,0,5.539035661473333
1718371800,168.686,174.724,168.21,173.504,151.64164295501843,145.24762240956514,159.49705493191368,138.09179662889304,0,0,0,0,0,0,5.630890257082379
1718631000,180,184.3,177.858,182.887,157.3226169631969,148.83232503722562,167.29370328794246,139.84847127089722,0,0,0,0,0,0,5.999826667290782
1718717400,183.959,185.162,178.501,180.252,161.4915956971611,151.8246750336803,171.61313552529498,141.43292337792087,1,0,0,0,0,0,6.04705333391287
1718890200,180.346,180.475,172.22201,173.456,163.6669419340409,153.88480122094884,172.22742368353,142.6887303042769,0,0,0,0,0,0,6.204620238633377
1718976600,169.566,171.3999,165.142,165.863,164.06622521876074,155.02558205704895,170.10594912235334,143.59752519430526,0,0,0,0,0,0,6.3552902215881355
1719235800,164.205,166.1,159.066,159.221,163.18527517898605,155.42514567066334,166.47763274823555,144.21021048080308,0,0,0,0,0,0,6.403769491474697
1719322200,160.013,160.604,156.4,158.079,162.2568615100795,155.67789370202874,163.6780884988237,144.75408457959512,0,1,0,0,0,0,6.246643099226505
1719408600,159.762,161.818,157.359,159.2,161.70106850824686,156.0133323970736,162.18539233254913,145.3205910666698,0,0,0,0,0,0,6.118954306424612
1719495000,159.2,160.562,157.1,158.666,161.14923787038379,156.26596740687611,161.01226155503275,145.84394043660433,0,0,0,0,0,0,5.929171855965713
1719581400,159.588,163.923,158.6,160.553,161.04083098485947,156.67425622526886,160.85917437002183,146.42076630183553,0,0,0,0,0,0,5.885873866253876
1719840600,160.82,164.875,159.35,164.08,161.59340716943046,157.37956515619564,161.9327829133479,147.113285270391,0,0,0,0,0,0,5.860097161521457
1719927000,164.08,165.91999,162.2,165.748,162.34878768407947,158.17655895084368,163.20452194223193,147.84405839704235,0,0,0,0,0,0,5.7072323642699265
1720013400,167,172.922,166.446,172.922,164.27118992333774,159.58088666981095,166.4436812948213,148.8275070873544,0,0,0,0,0,0,5.81200148110779
1720186200,175.556,176.547,169.60001,170.331,165.37297357363997,160.60470698697182,167.7394541965475,149.67078131922287,0,0,0,0,0,0,5.89307208960009
1720445400,170.5,175.68999,170.5,174.586,167.04806928752362,161.93625870249832,170.02163613103167,150.64784871846902,0,0,0,0,0,0,5.85492336891437
1720531800,175.656,177.098,170.556,173.331,168.19042032615567,163.02147215940323,171.12475742068779,151.5373840628428,1,0,0,0,0,0,5.904000271134771
1720618200,174.6,176.64899,172.63628,174.469,169.33198026685463,164.11171290612674,172.2395049471252,152.4366631192019,0,0,0,0,0,0,5.768908108910859
1720704600,176.466,176.487,166.85,170.595,169.5616202183356,164.72916881982894,171.6913366314168,153.14875476158616,0,1,0,0,0,0,6.0452003868457975
1720791000,171.103,172.591,169.131,170.067,169.6535074513655,165.23753369413095,171.1498910876112,153.812215359171,0,0,0,0,0,0,5.860543216356812
1721050200,170,173.5099,169.26,171.42,169.9746879147536,165.82634000897562,171.2399273917408,154.50271671763488,0,0,0,0,0,0,5.745497272331326
1721136600,172.4,172.81,166.4,169.375,169.86565374843477,166.16430762716843,170.6182849278272,155.08594351302176,0,0,0,0,0,0,5.792961752879088
1721223000,162.31,162.84,155.61,155.98,167.34098943053755,165.1943735674381,165.73885661855147,155.1210045517268,0,0,0,0,0,0,6.3623930562448665
1721309400,158.89,161.51,153.9,160.52,166.10080953407618,164.74919513244402,163.99923774570098,155.3327298634238,0,1,0,0,0,0,6.451507837941661
1721395800,161.84,163.95,157.12,157.35,164.50975325515324,164.04450988173505,161.78282516380065,155.4118384962307,0,0,0,0,0,0,6.478542992374399
1721655000,160.23,162.99,157.9,161.06,163.88252539057993,163.76027084537932,161.54188344253376,155.63333502579027,0,0,0,0,0,0,6.418647064347657
1721741400,160.395,165.33,159.9,163.77,163.86206622865632,163.76119743153367,162.28458896168917,155.95241992673968,1,0,0,0,0,0,6.348029416894254
1721827800,160.355,161.405,151.1,151.34,161.58532691435516,162.57822624757807,158.63639264112612,155.77154071392636,0,0,0,0,0,0,6.799598744258951
1721914200,151.26,153.55,145.52,149.26,159.3443583844724,161.30982374780874,155.5109284274174,155.51618617612533,0,1,0,0,0,0,6.887484548240455
1722000600,153.5,153.58,149.9202,151.63,157.9417477691138,160.38793577182696,154.21728561827828,155.36378671823806,0,0,0,0,0,0,6.70409279479471
1722259800,152.02,155,149.15,150.22,156.53779362927492,159.41956093641488,152.88485707885218,155.16206959203265,0,0,0,0,0,0,6.643086166595088
1722346200,153.28,153.47,143.35,143.52,154.17092206031583,157.9053170377087,149.7632380525681,154.70551784332548,0,1,0,0,0,0,6.891437154695439
1722432600,151.47,161.33,151,160.68,155.35439077662204,158.16957255792693,153.40215870171207,154.9398112612343,1,0,0,0,0,0,7.671334500788623
1722519000,157.5,158.91,146.17,147.02,153.8390469990544,157.10770850479102,151.27477246780805,154.6292304274604,0,0,0,0,0,0,8.159810607875151
1722605400,141.925,145.35,139.6,143.82,152.01740209013542,155.84221245671569,148.78984831187202,154.20533903814825,0,0,0,0,0,0,8.106966993026928
1722864600,129.61,145.42,128.5,142.08,150.2106017101108,154.5315255560761,146.55323220791468,153.72983554645617,0,1,0,0,0,0,8.73646935066786
1722951000,141.73,148.91,140.25,143.92,149.0668559446361,153.52090407454506,145.67548813860978,153.34513611326182,0,0,0,0,0,0,8.731007254191585
1723037400,148.25,150.1,135.83,136.27,146.74015486379318,151.8779608293503,142.54032542573987,152.6755229323496,1,0,0,0,0,0,9.126649593177898
1723123800,141.2,146.27,138.4,145.74,146.5583085249217,151.29339313131692,143.60688361715992,152.4035416408849,0,0,0,0,0,0,9.189031765093763
1723210200,144.2,149.55,144.11,148.26,146.86770697493594,151.00449854738198,145.15792241143996,152.24104981183058,0,0,0,0,0,0,8.921243781872779
1723469400,148.08,151.13,146.37,148.62,147.18630570676578,150.77740344763131,146.31194827429331,152.09904785842545,0,0,0,0,0,0,8.62401208316758
1723555800,151.55,156.38,149.81,156.16,148.81788648735383,151.29003169071404,149.5946321828622,152.25830088358524,0,0,0,0,0,0,8.562296934369895
1723642200,158.02,160.25,154.72,157.69,150.43099803510768,151.89955248207463,152.29308812190814,152.47130869207209,0,0,0,0,0,0,8.345704296200617
1723728600,161.2,166.67,160.3351,166.13,153.28536202872445,153.25483319806753,156.90539208127208,153.00694364532416,0,0,0,0,0,0,8.391011132186287
1723815000,164.47,166.09,162.68,165.72,155.5462052962291,154.4419919411087,159.84359472084805,153.5054948749193,0,0,0,0,0,0,8.038081765601552
1724074200,164.86,167.83,160.42,167.71,157.75780433327836,155.7056117562412,162.4657298138987,154.06253429158912,0,0,0,0,0,0,7.9932187823443
1724160600,167.05,168.3699,164.15,165.95,159.24729445450046,156.68126777945633,163.6271532092658,154.52870941740915,0,0,0,0,0,0,7.72369601217685
1724247000,165.12,166.47,162.88,165.78,160.43505909913674,157.5478137052224,164.3447688061772,154.96993649907938,0,0,0,0,0,0,7.428432011307075
1724333400,170.84,172.42,161.49,162.34,160.7814119902028,158.00421239996314,163.67651253745146,155.2589585971547,1,0,0,0,0,0,7.678544010499425
1724419800,165.025,168.28,163.46,166.36,161.79570071925684,158.80000169520474,164.571008358301,155.69429355412902,0,0,0,0,0,0,7.5543622954637515
1724679000,164.96,165.7,158.66,159.62,161.40011877030105,158.87809677185192,162.92067223886733,155.84824282651613,0,0,0,0,0,0,7.564764988644913
1724765400,157.6,162.03,155.83,161.39,161.39827899388268,159.11732565072316,162.41044815924488,156.06556663724098,0,0,0,0,0,0,7.467281775170275
1724851800,160.08,162.28,156.25,158.18,160.81313735863128,159.02805654113047,161.00029877282992,156.14848559264328,0,0,0,0,0,0,7.3646187912295416
1724938200,158.49,163.2,155.41,156.93,160.1071123843347,158.82824163245138,159.64353251521996,156.1791332164612,0,0,0,0,0,0,7.395003163284573
1725024600,161.12,163.24,158.71,162.82,160.60036467809203,159.20840909602745,160.70235501014665,156.43955936483528,1,0,0,0,0,0,7.317502937335675
1725370200,160.38,160.74,151.38,152.79,159.1802983729844,158.59713203926293,158.06490334009777,156.29643938974368,0,0,0,0,0,0,7.611967013240269
1725456600,150.3,157.79,149.15,154.12,158.26024412335087,158.1707385117141,156.74993556006518,156.21108882544002,0,0,0,0,0,0,7.685397940865963
1725543000,150.565,156.36,150.11,152.82,157.27110882819616,157.66114436774131,155.43995704004345,156.07810494993257,0,0,0,0,0,0,7.582869516518394
1725629400,143.25,143.5,136.6,136.995,153.58454358670596,155.69294014224215,149.29163802669564,155.32974789307247,0,0,0,0,0,0,8.199807408195651
1725888600,139.11,141.585,134.9,140.82,151.26371748003214,154.2764696525048,146.46775868446375,154.7607381717755,0,1,0,0,0,0,8.09160687903882
1725975000,141.22,149.86,141.04,148.21,150.7084961200263,153.69871063798053,147.0485057896425,154.5038464787647,0,0,0,0,0,0,8.159349244821762
1726061400,148.39,158.87,145.04,158.27,152.08331500729423,154.13407152960144,150.78900385976166,154.65153877371512,0,0,0,0,0,0,8.564395727334494
1726147800,158.1,166.32,156.83,164.56,154.3518031877862,155.12701709821084,155.37933590650778,155.04010588062826,0,0,0,0,0,0,8.630510318239171
1726234200,166.735,168.08,164.0401,167.69,156.776929880916,156.323491660286,159.4828906043385,155.5361801598193,1,0,0,0,0,0,8.30260958122209
1726493400,165.19,165.5,160.41,164.02,158.09385172074946,157.0564924545445,160.99526040289234,155.8688789770813,0,0,0,0,0,0,8.229566039706226
1726579800,165.49,166.02,160.7,162.47,158.88951504424955,157.57206460173074,161.4868402685949,156.12774646817616,0,0,0,0,0,0,8.021739894012926
1726666200,163.77,167.47,161.36,161.67,159.3950577634769,157.96234416347068,161.5478935123966,156.34508974393395,0,0,0,0,0,0,7.885187044440573
1726752600,167.68,170,165.66,167.42,160.85413817011747,158.8630732907592,163.50526234159773,156.7793999500542,0,0,0,0,0,0,7.916959398409104
1726839000,167.18,172.02,166.47,171.1,162.717022139187,160.02849488211547,166.03684156106516,157.3409921088756,0,0,0,0,0,0,7.747890869951312
1727098200,172,173.32,168.3501,172.94,164.57574538660757,161.2581620361997,168.33789437404343,157.95271790852755,0,0,0,0,0,0,7.549462950669075
1727184600,172.81,175.99,171.68,174.84,166.44197349813345,162.5516704137045,170.50526291602895,158.61496426505587,0,0,0,0,0,0,7.318072739906998
1727271000,174.65,177.14,173.76,175.52,168.0925237712001,163.78674942192313,172.17684194401932,159.2779068428968,0,0,0,0,0,0,7.03678182991364
1727357400,178.5,180.25,175,178.09,169.91024672189099,165.14896376269235,174.1478946293462,160.01563598631262,1,0,0,0,0,0,6.909154556348381
1727443800,178.17,178.47,171.76,172.69,170.4156564088199,165.86715769005497,173.66192975289746,160.5126698692023,0,0,0,0,0,0,6.894929230894926
1727703000,171.87,172.92,169.6302,172.5,170.79462797085264,166.49885695766878,173.27461983526499,160.98276124688064,0,0,0,0,0,0,6.637420000116715
1727789400,172.16,172.25,165.8,167.47,170.19015015797035,166.59134677122412,171.33974655684332,161.23716276661082,0,1,0,0,0,0,6.641890000108377
1727875800,167.55,172.84,167.0201,170.66,170.27557740197574,166.97883755491708,171.1131643712289,161.6066857953712,0,0,0,0,0,0,6.583176428672064
1727962200,169.62,174.94,169.19,171.89,170.5691087834347,167.44656731159165,171.37210958081926,162.00995301908213,0,0,0,0,0,0,6.523663826624059
1728048600,176.3,176.8998,172.6,176.64,171.67290718644657,168.3221323295353,173.1280730538795,162.58368035166714,0,0,0,0,0,0,6.415530696150912
1728307800,174.82,178.31,173.86,175.08,172.29237860709264,168.96573877434145,173.778715369253,163.07373210258214,0,0,0,0,0,0,6.275135646425846
1728394200,175.42,181.6,174.89,180.73,173.82649158762126,170.08614460535654,176.09581024616867,163.76613476522598,0,0,0,0,0,0,6.306197385966857
1728480600,179.24,186.42,176.42,185.95,176.0307658444174,171.59698797627496,179.38054016411243,164.63609026462888,1,0,0,0,0,0,6.570040429826366
1728567000,183.56,186.31,182.53,185.69,177.78699023634152,172.9391795975821,181.4836934427416,165.46173378366305,0,0,0,0,0,0,6.370751827695911
1728653400,181.14,182.59,177.4,181.48,178.4584465570067,173.75259106447905,181.48246229516107,166.0899010862645,0,0,0,0,0,0,6.507840982860488
1728912600,183.3,184.951647,180.13,182.31,179.1587290011873,174.56758239167152,181.75830819677404,166.72598339660706,0,0,0,0,0,0,6.387398555513312
1728999000,180.79,181.7,173.3652,175.98,178.5807782736987,174.70209835436947,179.83220546451602,167.08888600850483,0,1,0,0,0,0,6.570070087262363
1729085400,178.51,179.25,175.33,176.82,178.26063676938986,174.90380327300096,178.828136976344,167.4704983218968,0,0,0,0,0,0,6.380779366743623
1729171800,181.37,185.51,180.69,181.53,178.85506644768262,175.53486962795324,179.72875798422933,168.02185132888124,1,0,0,0,0,0,6.545723697690506
1729258200,182.32,182.71,178.68,179.89,179.0432361844676,175.94964394910056,179.78250532281956,168.48726892382706,0,0,0,0,0,0,6.36602914785547
1729517400,179.38,181.7199,178.25,179.99,179.21537506001894,176.33443976347195,179.85167021521303,168.9383564170103,0,0,0,0,0,0,6.159162780151507
1729603800,178.66,180.69,177.41,179.38,179.24530686728824,176.62449311933176,179.694446810142,169.34783263595108,0,0,0,0,0,0,5.953508295854971
1729690200,177.585,178.98,172.57,173.51,178.20252380050854,176.32787472701446,177.63296454009466,169.51105488552162,0,0,0,0,0,0,6.014686274722473
1729776600,174.26,174.3,169.5,171.35,176.95661038223426,175.85379141967974,175.53864302672977,169.58317038020704,0,1,0,0,0,0,5.927922969385155
1729863000,174.19,176.796,172.72,173,176.2372266763735,175.58200176066262,174.69242868448652,169.7171636986303,0,0,0,0,0,0,5.893499900143358
1730122200,173,173.9728,171.345,172.02,175.47045818976014,175.24276349774237,173.801619122991,169.80747100456637,0,0,0,0,0,0,5.66023562156169
1730208600,172.435,180.23,171.2101,179.24,176.15582942798557,175.6234526884336,175.61441274866067,170.1773741024265,1,0,0,0,0,0,5.900211648592996
1730295000,177.47,179.19,175.62,176.64,176.2438604410791,175.7202667181066,175.95627516577377,170.4308104121353,0,0,0,0,0,0,5.737339387979211
1730381400,174.45,174.45,167.38,169.77,175.06679490633746,175.1535746497155,173.8941834438492,170.40489627832605,0,1,0,0,0,0,5.988958003123552
1730467800,168.26,171.3255,167.5,168.92,173.94919583245792,174.55990087355212,172.23612229589946,170.34666505172504,0,0,0,0,0,0,5.834425288614727
1730730600,169.28,172.45,168.42,168.55,172.9675238629201,173.98752936178525,171.00741486393298,170.2762075987162,0,0,0,0,0,0,5.705537767999389
1730817000,170.05,174.4,170.05,173.9,173.13706497875282,173.9791932320914,171.97160990928865,170.4183171046489,0,0,0,0,0,0,5.715856498856575
1730903400,179.63,180.21,175.96,179.55,174.30305316443412,174.5097462576065,174.49773993952576,170.7764223162313,0,0,0,0,0,0,5.75829532036682
1730989800,181.9853,184.8722,181.79,183.81,176.03158895271883,175.39548470926303,177.60182662635052,171.28754300971244,0,0,0,0,0,0,5.727145654626331
1731076200,182.99,185.05,181.83,183.64,177.41493641586086,176.18067664171417,179.61455108423368,171.77195308776294,1,0,0,0,0,0,5.548063822153021
1731335400,183.4,183.63,176.8201,178.91,177.68676615843162,176.44061219964615,179.37970072282246,172.05187649608595,0,0,0,0,0,0,5.638909263427805
1731421800,178.9,179.56,173.2,176.22,177.42008140235313,176.41960151396557,178.32646714854832,172.21533231976886,0,0,0,0,0,0,5.690415744611534
1731508200,174.705,175.5926,172.6,173.58,176.72188478374346,176.14916327454029,176.74431143236555,172.26884869938576,0,0,0,0,0,0,5.542528905710711
1731594600,174.77,175.57,169.87,170.38,175.56881482306284,175.5997191531555,174.6228742882437,172.19477620137062,0,0,0,0,0,0,5.553776841017088
1731681000,168.47,169.135,163.43,164.84,173.6181212188696,174.5749839957121,171.36191619216248,171.90635360523842,0,0,0,0,0,0,5.653507066658724
1731940200,165.66,166.3463,162.22,165.67,172.1730082699842,173.72689028183476,169.46461079477498,171.66179071875848,0,0,0,0,0,0,5.544420847611674
1732026600,166.66,166.8,164.31,165.35,170.93246131180524,172.9290912073743,168.09307386318332,171.41426951410128,0,0,0,0,0,0,5.326247929925126
1732113000,165.54,165.54,160.86,163.25,169.5356501642043,172.0072729971482,166.47871590878887,171.09410208217574,0,0,0,0,0,0,5.2800873635019006
1732199400,166.25,166.34,160.6,163.94,168.51825922525805,171.23896128313407,165.6324772725259,170.81354905934532,0,1,0,0,0,0,5.312938266108908
1732285800,164.3,164.9092,162.4,164.23,167.73857572975658,170.57144116093082,165.1649848483506,170.5553706648612,0,0,0,0,0,0,5.112671247101129
1732545000,165.395,167.225,162.89,164.82,167.20792559707357,170.02368485988978,165.0499898989004,170.33045416819996,1,0,0,0,0,0,5.05712330087962
1732631400,164.6,166.37,162.69,164.74,166.7592118521511,169.52047677799553,164.94665993260028,170.1112206714078,0,0,0,0,0,0,4.95875735081679
1732717800,163.2,163.2,157.54,159.67,165.4702642426691,168.58233613247214,163.1877732884002,169.70176103723495,0,1,0,0,0,0,5.118846111472735
1732890600,159.57,162.69,159.08,162.08,164.8538525621838,167.96306602461766,162.81851552560013,169.40286844753945,0,0,0,0,0,0,5.011071389224681
1733149800,162.95,168.3797,162.75,166.51,165.15497027815036,167.82467878417788,164.0490103504001,169.2894226260673,0,0,0,0,0,0,5.103116289994347
1733236200,164.48,168.27,164.03,168.15,165.69952113666847,167.85566175711332,165.41600690026672,169.24473938582938,0,0,0,0,0,0,5.041465126423323
1733322600,173.44,175.39,168.56,170.56,166.5832445663651,168.11321778024538,167.13067126684447,169.2963182334439,0,0,0,0,0,0,5.198503331678799
1733409000,170.75,172.3981,169.2,170.47,167.28992737248052,168.33767322974583,168.243780844563,169.34234496938728,0,0,0,0,0,0,5.055617379416028
1733495400,170.1,180.68,169.3301,179.53,169.5153951229386,169.40360911262718,172.00585389637533,169.74186085294073,0,0,0,0,0,0,5.505208995172027
1733754600,178.95,180.7933,176.0209,178.94,171.22895964604066,170.31183681618649,174.3172359309169,170.1025721920411,0,0,0,0,0,0,5.452865495516881
1733841000,177.81,178.5,169.73,171.81,171.33460334676053,170.45451902416872,173.48149062061125,170.16953014529437,0,0,0,0,0,0,5.721232245837105
1733927400,180.01,184.87,176.4296,183.2,173.49194819280407,171.66837435520026,176.72099374707417,170.68052896312597,0,0,0,0,0,0,6.245429942563026
1734013800,180.93,182,175.99,180.66,174.79523033956696,172.524719654705,178.03399583138278,171.07188076849357,0,0,0,0,0,0,6.314327803808523
1734100200,213.9,228.7,211.11,224.8,183.88700664146387,177.50331778282833,193.62266388758852,173.17886583639577,0,0,0,0,0,0,9.294732960679342
1734359400,231.79,251.88,230.81,250,195.90755088847044,184.40776370827325,212.41510925839233,176.1914593330077,1,0,0,0,0,0,10.565109177773675
1734445800,240.65,242.47,233.8,240.23,203.96617799965762,189.72416716462817,221.6867395055949,178.70277465328192,0,0,0,0,0,0,10.967601379361268
1734532200,239.41,239.85,219.22,223.62,207.53960018153805,192.95234172037786,222.3311596703966,180.46423447080028,0,0,0,0,0,0,11.684915566549748
1734618600,227.91,228.05,217.58,218.32,209.49967287580387,195.36830917557998,220.99410644693106,181.94877429547478,0,1,0,0,0,0,11.598135883224767
1734705000,220.36,230.29,218.91,220.79,211.55245962565772,197.7894225874295,220.9260709646207,183.47195961722088,0,0,0,0,0,0,11.62469760585157
1734964200,226.69,233.3994,225.13,232.35,215.33383060281085,201.08090615053146,224.73404730974713,185.38874551458477,0,0,0,0,0,0,11.695033491147887
1735050600,240.115,240.228,234.8,239.68,219.76040685684524,204.75701032667132,229.71603153983142,187.51781431793438,0,0,0,0,0,0,11.422388241780181
1735223400,240,247.28,237.6,245.36,224.41487833741883,208.6239617241312,234.93068769322096,189.7861353250742,1,0,0,0,0,0,11.297931938795884
1735309800,245.64,245.78,236.3532,241.75,227.56671863970632,211.77882251230918,237.20379179548064,191.8239339397772,0,0,0,0,0,0,11.164279657453323
1735569000,234.695,238.77,231.62,235.58,229.02367888703245,214.0456013206607,236.66252786365376,193.5398580990016,0,0,0,0,0,0,11.090402539063799
1735655400,235.88,237.46,231.31,231.84,229.53573727120838,215.74030595678823,235.05501857576917,195.04182444806037,0,0,0,0,0,0,10.737516643416384
1735828200,236.155,239.5,230.2425,231.98,229.9801486764432,217.28694348471316,234.0300123838461,196.490380352058,0,0,0,0,0,0,10.631801168886641
1735914600,233.59,236.4893,229,232.55,230.44739437163534,218.7405679147405,233.53667492256406,197.90448308334985,0,0,0,0,0,0,10.40733679968045
1736173800,236.5,241.75,233.3,236.41,231.53150448588346,220.42337097047948,234.49444994837603,199.41450335459103,1,0,0,0,0,0,10.321098456846132
1736260200,239.5,239.5,227.6,228.64,231.005776397541,221.20590706852906,232.54296663225068,200.56060126225412,0,0,0,0,0,0,10.43387713849998
1736346600,229.7,232.47,226.06,229.31,230.6974534161699,221.97772544295486,231.4653110881671,201.68802866373434,0,0,0,0,0,0,10.14645734289284
1736519400,227.3,227.83,221.25,224.31,229.53609824959355,222.19984682934012,229.08020739211142,202.57516479456828,0,0,0,0,0,0,9.997424675543352
1736778600,219.99,229.26,219.51,225.29,228.76408038603108,222.49414713130773,227.81680492807428,203.4659426457617,0,1,0,0,0,0,9.979751484433113
1736865000,226.57,230.26,223.1,224.7,228.02515667947998,222.70422835689746,226.7778699520495,204.29865077730045,0,0,0,0,0,0,9.778340664116461
1736951400,228.55,230.34,225.58,228,228.02058273775634,223.20858756100247,227.18524663469967,205.22811545270042,0,0,0,0,0,0,9.48274490239386
1737037800,235.22,238.6,229.21,229.41,228.27320405816428,223.79919826947844,227.92683108979978,206.17642465063375,0,0,0,0,0,0,9.562548837937154
1737124200,237.08,238.1,232.66,237.44,229.93989422940714,225.0983222438138,231.09788739319984,207.40244721335398,0,0,0,0,0,0,9.500223920941645
1737469800,241.5,242.75,237.4,240.31,231.82536800587857,226.54705345868868,234.16859159546655,208.69293947949697,0,0,0,0,0,0,9.203779355160098
1737556200,246.75,246.99,240.69,240.91,233.477119277537,227.91495312928976,236.41572773031103,209.95635361755592,0,0,0,0,0,0,9.02350940122009
1737642600,238.41,240.4,236.12,240.28,234.71400668162119,229.09257664078598,237.703818486874,211.14551622078903,0,0,0,0,0,0,8.721115872561512
1737729000,244.7,249.59,241.91,244.7,236.52964183041732,230.57899791309208,240.03587899124935,212.4613783297777,1,0,0,0,0,0,8.763179024521405
1737988200,213.4,218.43,196.23,202.13,230.27516149761416,227.86956954041665,227.40058599416622,212.05622623841387,0,1,0,0,0,0,11.599380522769875
1738074600,208.01,209.95,198.89,207.36,226.10876849804797,225.9162772032341,220.72039066277748,211.87206050357412,0,0,0,0,0,0,11.560853342572027
1738161000,208.84,211.45,202.77,206.35,222.5162651347665,224.05282223149752,215.93026044185166,211.6555091112771,0,0,0,0,0,0,11.355078103816881
1738247400,218.57,221.96,213.7,215.66,221.26967147389988,223.25350582849777,215.8401736279011,211.8125479696584,0,0,0,0,0,0,11.659001096401392
1738333800,219.66,226.8,216.3,221.27,221.26973120591808,223.06460051149799,217.65011575193407,212.1834284414365,1,0,0,0,0,0,11.62192958951558
1738593000,215.46,220.9377,213.51,217.73,220.62614371393298,222.55654331992676,217.6767438346227,212.40094105157624,0,1,0,0,0,0,11.346077475978754
1738679400,219.35,223.03,215.3,222.43,220.95411758412698,222.54449157517183,219.26116255641514,212.7942374809262,0,0,0,0,0,0,11.087786227694556
1738765800,233.94,237.9299,227.5,232,222.96245984155843,223.44501618706022,223.50744170427677,213.54740463853693,1,0,0,0,0,0,11.402937211430658
1738852200,234.5,234.8,228.56,231.36,224.48928532491144,224.19882416924497,226.1249611361845,214.24593778996686,0,0,0,0,0,0,11.034155982042753
1738938600,235,235.65,224.11,224.87,224.55850617492754,224.26274567693594,225.70664075745634,214.6625676805564,0,1,0,0,0,0,11.070287697611127
1739197800,227.43,235.82,227.12,235.04,226.46423232494072,225.28915085056107,228.8177605049709,215.46168267347576,0,0,0,0,0,0,11.06169571921033
1739284200,232.48,237.89,229.9739,235.04,228.02346281131514,226.21780315050765,230.89184033664725,216.22945982353554,1,0,0,0,0,0,10.837010310695307
1739370600,230.355,236.48,230,236.35,229.5373786638033,227.18277427903072,232.71122689109816,217.01850061476944,0,0,0,0,0,0,10.525795288502783
1739457000,236.06,236.95,230.7276,235.8,230.67603708856635,228.00346244293257,233.74081792739878,217.75503000242554,0,0,0,0,0,0,10.218409910752584
1739543400,234.53,235.74,228.9,233.04,231.10584852700882,228.4831326864628,233.50721195159917,218.35444059056573,0,0,0,0,0,0,9.981380631413115
1739889000,230.1,232.2,224.3001,228.53,230.63751243118904,228.487596240133,231.8481413010661,218.75348213603374,0,0,0,0,0,0,9.892703443455035
1739975400,227.85,229.0653,224.4,228.73,230.29069198915465,228.51068231250127,230.8087608673774,219.1447181306991,0,0,0,0,0,0,9.519317483208246
1740061800,228.645,228.98,222.75,226.74,229.64511162749017,228.34204590178686,229.45250724491828,219.44257232165208,0,0,0,0,0,0,9.284366234407656
1740148200,225.65,227.75,215.63,218.66,227.64781860431015,227.41994629209287,225.85500482994553,219.41188321099906,0,0,0,0,0,0,9.486911503378538
1740407400,218.6,219.48,207.54,207.93,224.06276067625376,225.56376093094119,219.8800032199637,218.96161328115596,0,0,0,0,0,0,9.662132110280071
1740493800,207,208.6425,200.92,202.54,220.14953146238943,223.37102179466106,214.10000214664245,218.31762844660082,0,0,0,0,0,0,9.523586959545781
1740580200,206.91,213.54,206,212.94,218.8387075601368,222.37759114755048,213.7133347644283,218.10674105653806,0,0,0,0,0,0,9.62904503386394
1740666600,217.28,219.25,197.4,197.8,215.0134880037483,220.0368681811171,208.40888984295222,217.31039827000714,1,0,0,0,0,0,10.501970388587946
1740753000,195.76,201.19,193.15,199.43,212.18012654852134,218.07430930672498,205.41592656196815,216.60920618098726,0,0,0,0,0,0,10.326115360831663
1741012200,204,204.06,184.53,187.37,207.6691944487902,215.15008937275118,199.40061770797877,215.46257064447795,0,0,0,0,0,0,10.98353569220083
1741098600,189.215,193.95,180.48,187.48,203.99843182173743,212.5148427658225,195.42707847198585,214.3652149329298,0,0,0,0,0,0,11.161140285615057
1741185000,191.86,194.08,187.1,191.58,201.74053512687607,210.52104821669656,194.1447189813239,213.47167709242277,0,0,0,0,0,0,10.862487408071127
1741271400,181.04,186.83,177.61,179.45,197.68771055835313,207.56190076748737,189.2464793208826,212.13749367703363,0,1,0,0,0,0,11.084452593208905
1741357800,187.73,195.48,181.56,194.96,197.19176318410712,206.36171974201238,191.15098621392173,211.46386647401272,0,0,0,0,0,0,11.437705979408268
1741613400,189.6,191.978,180.43,184.45,194.8750789688149,204.27488929039217,188.9173241426145,210.40449916130635,0,0,0,0,0,0,11.658584123736249
1741699800,188.05,195.6155,185.345,190.09,194.00506461084856,202.92394745321195,189.30821609507632,209.60785213537275,0,0,0,0,0,0,11.62336382918366
1741786200,196.215,199.98,192.4527,194.23,194.04596195433064,202.09595245766795,190.94881073005087,209.00479911045616,1,0,0,0,0,0,11.499552127099111
1741872600,193.15,196.32,189.465,191.36,193.55760523536142,201.0734807950329,191.08587382003392,208.31284620416378,0,0,0,0,0,0,11.167798403734889
1741959000,196.2,197.5,193.2,195.54,193.91804064711388,200.54648262407738,192.57058254668928,207.81195027458872,0,0,0,0,0,0,10.808669946325253
1742218200,188.05,196.72,187.5,194.5,194.02385143854772,199.97062713607002,193.21372169779286,207.28991300891857,0,0,0,0,0,0,10.695193521587736
1742304600,190.44,192.89,186.9,188.67,193.05042390426632,198.89437693263477,191.69914779852857,206.55972034190216,0,0,0,0,0,0,10.474108270045756
1742391000,189.34,198.27,186.9,195.57,193.50852864894517,198.57776960571718,192.9894318656857,206.12875091672953,1,0,0,0,0,0,10.53810053647106
1742477400,191.52,193.8365,188.94,190.54,192.96879616731877,197.81226773850602,192.1729545771238,205.5174273513676,0,0,0,0,0,0,10.258950498151696
1742563800,188.21,192.07,187.37,191.66,192.73083322780627,197.22633747769592,192.00196971808253,204.97399882778456,0,0,0,0,0,0,9.861882605426574
1742823000,194.295,196.69,190.67,191.25,192.4615908227506,196.65716247982013,191.75131314538837,204.43580279532242,1,0,0,0,0,0,9.587462419324677
1742909400,190.885,191.6,187.68,188.26,191.69766521861413,195.85743271983725,190.58754209692557,203.80145758766272,0,0,0,0,0,0,9.182643675087197
1742995800,186.66,188.06,177.582,179.27,189.43808972432066,194.27767722270988,186.81502806461705,202.8394396430485,0,0,0,0,0,0,9.289454841152397
1743082200,177.655,178.38,170.46,171.99,186.2657097744442,192.15504129673752,181.87335204307803,201.62965769626229,0,0,0,0,0,0,9.255208066784368
1743168600,171.93,173.3,166.47,169.12,183.14830799727252,189.96122783990538,177.62223469538534,200.35476915915396,0,0,0,0,0,0,9.081978919156914
1743427800,164.485,167.94,160.62,167.43,180.29043381595025,187.81539661705725,174.2248231302569,199.06360174114792,0,1,0,0,0,0,9.040408996359991
1743514200,166.37,168.71,163.42,168.52,178.15035494032293,185.97773979638512,172.32321542017127,197.86581343757348,0,0,0,0,0,0,8.772522639477137
1743600600,166.08,173.43,165.5,172.09,177.04847222390057,184.6550979110151,172.24547694678085,196.8549972243353,1,0,0,0,0,0,8.712342450943057
1743687000,160.54,163.425,153.7,154.01,172.8596590922823,181.7365171575851,166.16698463118723,195.17480125475353,0,0,0,0,0,0,9.403603704447125
1743773400,148.17,152.8,139.1701,146.29,168.0288119845946,178.36065838067222,159.54132308745815,193.25775022515535,0,0,0,0,0,0,9.791910582700902
1744032600,144.49,160.43,138.1,154.14,165.50357344194103,176.0539290110844,157.74088205830543,191.72372080456103,0,1,0,0,0,0,10.687488398222268
1744119000,167.62,169.78,153.09,156.03,163.78110554340628,174.14688815288588,157.17058803887028,190.3239670475194,0,0,0,0,0,0,11.116239226920678
1744205400,160.5,187.33,157.51,185.15,167.6663590809688,175.19480356689675,166.4970586925802,190.12106637898924,1,0,0,0,0,0,12.557936424997774
1744291800,175.3,176.95,166.4,172.3,168.50883924806539,174.91910798909706,168.43137246172014,189.4222010307936,0,0,0,0,0,0,13.000226680355075
1744378200,173.62,182.66,173.31,181.94,170.95086847568987,175.58776437108781,172.93424830781342,189.12878138252717,0,0,0,0,0,0,12.81163906032971
1744637400,185.075,186,175.82,178.36,172.2979832982917,175.8517868119366,174.74283220520894,188.7064762302712,1,0,0,0,0,0,12.623664841734731
1744723800,179.725,182.2644,178.08,178.95,173.5074408804205,176.1468547346093,176.1452214701393,188.32386931928016,0,0,0,0,0,0,12.02086021018225
1744810200,170.43,176.08,166.92,174.61,173.7079061748895,176.00048761702746,175.63348098009286,187.78607052244564,0,0,0,0,0,0,12.02151305231209
1744896600,176.25,176.25,169.9156,170.99,173.21374141581867,175.5232983201677,174.08565398672857,187.12740109019288,0,0,0,0,0,0,11.615290691432653
1745242200,166.99,168,161.61,166.21,171.94033388566982,174.63631752777079,171.4604359911524,186.30711085136178,0,1,0,0,0,0,11.455627070616034
1745328600,167.43,170.52,165.2229,169.58,171.51118227009349,174.1547634775069,170.8336239941016,185.65114571993584,0,0,0,0,0,0,11.015732279857746
1745415000,177.78,180.45,175.82,176.91,172.49278549371286,174.41716695583958,172.8590826627344,185.30835569170307,0,0,0,0,0,0,11.005322831296477
1745501400,179.69,188.57,178.295,188.15,175.33955176758326,175.72505581718818,177.9560551084896,185.419792723401,0,0,0,0,0,0,11.05208548620387
1745587800,186.92,193.37,186.89,192.31,178.42508780984085,177.3045743107893,182.74070340565973,185.68999693032646,1,0,0,0,0,0,10.725507951475024
1745847000,190.53,193.1,187.68,192.47,180.97870820805161,178.7489005669046,185.9838022704398,185.955879403647,0,0,0,0,0,0,10.346543097798236
1745933400,191.72,193.25,190.1,191.17,182.83167035204224,179.9318624176756,187.71253484695987,186.16035472115104,0,0,0,0,0,0,9.832504305098363
1746019800,185.895,193.2,184.02,192.47,184.5840939243982,181.12597075884935,189.2983565646399,186.4077917909098,0,1,0,0,0,0,9.785896854734192
1746106200,198.14,201.4,196.235,197.33,186.90153139268944,182.66921163895893,191.97557104309328,186.83611368146236,0,0,0,0,0,0,9.724761365110323
1746192600,203.9,205.68,201.08,203.64,189.94488932129136,184.6664295781057,195.86371402872885,187.49508961552266,1,0,0,0,0,0,9.6265641247453
1746451800,200.25,203.2347,200,200.72,191.90400035378383,186.19534104685752,197.48247601915256,188.01371355216884,0,0,0,0,0,0,9.198952401549207
1746538200,196.44,201.91,195.94,200.09,193.39236392582313,187.51864189953776,198.35165067943504,188.4872934128681,0,1,0,0,0,0,8.968312944295691
1746624600,199.285,206.23,198.43,204.81,195.46829775749165,189.16543790910558,200.50443378629004,189.12739955353993,0,0,0,0,0,0,8.88486201970314
1746711000,208,211.1625,203.69,207.77,197.70497089249318,190.93730096538124,202.92628919086002,189.85848192398936,0,0,0,0,0,0,8.783979018295772
1746797400,209.33,209.96,206.52,208.2,199.61315800294895,192.58136754010684,204.68419279390667,190.57775714265645,0,0,0,0,0,0,8.402266231274647
1747056600,219.49,221.8,215.88,221.58,203.60712927514004,195.34314206009665,210.3161285292711,191.7935313723562,0,0,0,0,0,0,8.773532929040744
1747143000,222,235.28,222,232.42,208.84583304329638,198.8742713877065,217.68408568618074,193.3867262204991,1,0,0,0,0,0,9.125423434109262
1747229400,230.23,233.5,228.35,232.12,213.07749976269704,202.04053125554398,222.49605712412048,194.9056781334207,0,0,0,0,0,0,8.841464617387173
1747315800,230.16,234.455,228.07,232.64,216.6343179876612,204.9547663740636,225.8773714160803,196.38545546152184,0,0,0,0,0,0,8.666002859002376
1747402200,232.32,232.64,226.39,228.61,218.81171471717735,207.20764576700992,226.78824761072022,197.64916309048178,0,0,0,0,0,0,8.493431226216492
1747661400,221.85,231.2499,221.6,230.63,220.96049385950874,209.43834617015185,228.06883174048014,198.94252924379623,0,1,0,0,0,0,8.5760361386296
1747747800,226.49,231.77,226.34,231.68,222.9094949759617,211.55659891585168,229.27255449365342,200.22635162639244,0,0,0,0,0,0,8.35131927158463
1747834200,228.39,236.5,227.8301,229.73,224.14958679851412,213.2873990191039,229.42503632910228,201.3833574449653,1,0,0,0,0,0,8.374075037900015
1747920600,228.34,233.6899,227.43,230.53,225.309661926057,214.92955149347495,229.79335755273485,202.52636303535883,0,0,0,0,0,0,8.22306253519287
1748007000,226.94,230.65,226.18,228.72,225.92972339404665,216.24292754171543,229.43557170182322,203.5535644849526,0,1,0,0,0,0,7.954986639821951
1748352600,232.865,236.48,231.1308,235.65,227.6970464133109,218.09122015679014,231.5070478012155,204.81224823064073,0,0,0,0,0,0,7.941059022691811
1748439000,237.15,240.99,234.425,239.43,229.83031070179982,220.12348490376252,234.148031867477,206.16980712355678,0,0,0,0,0,0,7.842769092499538
1748525400,245.905,246.07,237.4,241.97,232.03752693783622,222.20410538911847,236.755354578318,207.5737362559663,0,0,0,0,0,0,7.9018570144638565
1748611800,241.215,243.17,234.9,242.07,233.86161294913873,224.09609535205956,238.526903052212,208.92653091259507,0,0,0,0,0,0,7.928152942002151
1748871000,243.25,250,243.19,248.71,236.56131968565896,226.4402767471015,241.92126870147467,210.4866669552384,0,0,0,0,0,0,7.928284874716283
1748957400,250.075,257.88,249.4,256.85,240.25017065190278,229.33644086642516,246.8975124676498,212.30483687856238,0,0,0,0,0,0,8.016978812236548
1749043800,258.06,265.43,257.59,261.08,244.0374123515568,232.35963697438467,251.62500831176652,214.21758837352073,1,0,0,0,0,0,8.057194611362508
1749130200,262.95,264.89,259.06,259.93,246.92697374218284,234.9853858339671,254.39333887451102,216.010231966716,0,0,0,0,0,0,7.898109281979471
1749216600,251.14,255.32,246.1348,246.93,246.92752397087688,236.12296813549403,251.905559249674,217.22277188958986,0,0,0,0,0,0,8.319330047552365
1749475800,245.045,248.17,241.11,244.28,246.44615597617198,236.89982831306602,249.36370616644933,218.28383965862557,0,1,0,0,0,0,8.229377901298623
1749562200,244.215,246.2795,241.4,244.63,246.11594579868617,237.63603514039306,247.7858041109662,219.31702241711085,0,0,0,0,0,0,7.9901009083487216
1749648600,246.355,254.77,243.8,252.91,247.35122838074324,239.09069846035564,249.4938694073108,220.63439408702806,0,0,0,0,0,0,8.20295084346667
1749735000,250.185,257.89,249.5,256.07,248.93645958424446,240.70777479746462,251.6859129382072,222.02402569145832,1,0,0,0,0,0,8.216311497504764
1749821400,250.66,254,248.35,248.7,248.89346693256365,241.468939102468,250.69060862547147,223.07014233100898,0,0,0,0,0,0,8.180860676254424
1750080600,250.35,255.19,249.565,252.1,249.47647294482482,242.48142109270916,251.1604057503143,224.2085681219498,0,0,0,0,0,0,8.060084913664822
1750167000,250.95,253.96,247.92,249.37,249.45711422758396,243.13747622673685,250.56360383354289,225.19529094069688,0,0,0,0,0,0,7.915793134117336
1750253400,250.89,255.64,249.41,251.26,249.78491164075052,243.9110499194286,250.79573588902858,226.21743639400287,1,0,0,0,0,0,7.798236481680382
1750426200,253.21,253.52,244.17,249.99,249.82220043334135,244.48999754614968,250.52715725935238,227.1496937903165,0,1,0,0,0,0,7.909076732988928
1750685400,249.105,254.21,246.46,253.77,250.53998217273383,245.37380730365925,251.60810483956826,228.1936273671668,0,0,0,0,0,0,7.897714109204005
1750771800,258.77,265.87,258.77,263.77,252.94543995950949,247.1258256556917,255.6620698930455,229.58877923512105,0,0,0,0,0,0,8.197877387118004
1750858200,266,269.87,263.43,264.65,255.0735417850532,248.79479464086393,258.65804659536366,230.96372906903787,0,0,0,0,0,0,8.072314716609574
1750944600,265.075,271.67,264.125,270.17,257.818352369589,250.83052848459118,262.4953643969091,232.5012298898599,0,0,0,0,0,0,8.034649379708892
1751031000,270.3,271.85,266.88,269.35,259.9150155751183,252.5942876765349,264.78024293127277,233.94627969810068,0,0,0,0,0,0,7.81574585258683
1751290200,274.73,277.705,272.13,275.65,262.77592183418767,254.79006980257918,268.40349528751517,235.58171970993988,1,0,0,0,0,0,7.854264005973483
1751376600,274.4,274.5,262.6555,264.74,263.1330269552445,255.73768220233356,267.1823301916768,236.7251816820991,0,1,0,0,0,0,8.221423719832517
1751463000,263.99,272,262.73,269.9,264.3633856906546,257.0864743735399,268.0882201277845,238.02615494946778,0,0,0,0,0,0,8.296322025558764
1751549400,270.73,275.8,270.12,275.18,266.3300428378083,258.8096672903456,270.45214675185633,239.4831684808612,0,0,0,0,0,0,8.125156166590283
1751895000,275.13,277.56,272.66,274.18,267.75730777638864,260.27350850078886,271.69476450123756,240.84382854043525,0,0,0,0,0,0,7.894787868976691
1751981400,276.345,276.345,271.1545,271.8,268.49234272613614,261.37126959595184,271.72984300082504,242.05779604865347,0,0,0,0,0,0,7.701624449764073
1752067800,272.96,279.45,272.72,277.9,270.2028258668387,262.94543439633736,273.78656200055,243.46337267419648,0,0,0,0,0,0,7.697936989066638
1752154200,279.785,281.18,272.7,275.4,271.1477666183226,264.13158350144806,274.32437466703334,244.71578943207112,1,0,0,0,0,0,7.753798632704736
1752240600,274.14,276.47,271.89,274.38,271.7354454149912,265.10762316797684,274.3429164446889,245.87909180728403,0,0,0,0,0,0,7.527098730368686
1752499800,274.13,278.355,269.58,275.6,272.4380917031746,266.10689715197907,274.76194429645926,247.04461761876308,0,1,0,0,0,0,7.616234535342353
1752586200,279.805,283.36,277.8501,280.94,273.9838932116883,267.51957361369534,276.8212961976395,248.37384830038022,0,0,0,0,0,0,7.626503497103613
1752672600,280.105,281.51,275.67,280.81,275.2250035368359,268.7853285076291,278.1508641317597,249.6458542493849,0,0,0,0,0,0,7.498896104453353
1752759000,281.14,288.28,279.91,286.45,277.26591198468395,270.4676781735692,280.91724275450645,251.08915408274237,0,0,0,0,0,0,7.56111781127811
1752845400,287.11,287.53,281,283.34,278.3702916238323,271.69361358561025,281.7248285030043,252.3538931383211,0,0,0,0,0,0,7.487466539043957
1753104600,283.955,290.54,283.63,288.21,280.15932951040827,273.2666027679331,283.8865523353362,253.760014976034,1,0,0,0,0,0,7.466933214826535
1753191000,287.655,288,276.43,278.59,279.8739968721522,273.7735929805109,282.1210348902241,254.7337398789346,0,0,0,0,0,0,7.775009413767495
1753277400,276.78,284,273,283.69,280.56781562266997,274.7180126966527,282.6440232601494,255.86927949152542,0,1,0,0,0,0,8.005365884212674
1753363800,289.79,291.2,283.5,288.71,282.0482127821845,276.0505829160191,284.66601550676626,257.15715088401464,0,0,0,0,0,0,7.983554035340339
1753450200,288.07,292.5943,287.27,290.18,283.5267195490601,277.39624168592206,286.5040103378442,258.4521645748376,0,0,0,0,0,0,7.793607318530315
1753709400,292.46,295.45,290.59,294.3,285.4854978128673,279.00612343011994,289.1026735585628,259.857962042491,0,0,0,0,0,0,7.613349652921005
1753795800,297.5,302.19,294.87,297.42,287.6554073014369,280.7598259605847,291.87511570570854,261.3309831388639,0,0,0,0,0,0,7.633110391998074
1753882200,297.15,303.255,295.8,302.62,290.3762423375393,282.8417472976719,295.4567438038057,262.95016027067317,0,0,0,0,0,0,7.620388221141068
1753968600,302.8,306.949,290.225,293.7,290.98056191253215,283.8758666026555,294.87116253587044,264.1560363384899,1,0,0,0,0,0,8.270646205345276
1754055000,286.535,292.6365,281.61,288.64,290.55500520116266,284.3295935928788,292.79410835724696,265.1161917761962,0,1,0,0,0,0,8.543457190677755
1754314200,292.2,298.48,291.4,297.72,291.857731528224,285.604870393557,294.4360722381646,266.3947724908552,0,0,0,0,0,0,8.636067391343632
1754400600,297.81,301.2,291.45,292.93,292.0526894321833,286.30250178464684,293.9340481587764,267.4353696480766,0,0,0,0,0,0,8.715634006247658
1754487000,292.9,302.81,291.9044,301.67,293.8012913536045,287.7660730432519,296.51269877251764,268.7779041716814,0,0,0,0,0,0,8.872060148658539
1754573400,306.17,310.34,299.8807,303.76,295.6119656529491,289.2893041819898,298.92846584834507,270.14975106690963,1,0,0,0,0,0,8.985434423754358
1754659800,304.05,307.87,302.5518,304.97,297.313426443322,290.7827037837051,300.9423105655634,271.51525102507003,0,0,0,0,0,0,8.723489107771902
1754919000,305.05,308.31,301.29,303.9,298.5109852718089,292.0319700900189,301.92820704370894,272.78524118094964,0,0,0,0,0,0,8.601811314359622
1755005400,306.63,313.44,304.665,312.83,301.1144424951164,294.0127348433504,305.5621380291393,274.3556238797359,0,0,0,0,0,0,8.668824791905365
1755091800,316.75,317.35,304.75,309.09,302.5645438596407,295.4486648582694,306.7380920194262,275.717756276609,1,0,0,0,0,0,8.949623021054984
1755178200,307.01,314.1651,307.0001,311.23,304.14008133970606,296.9516491574818,308.23539467961746,277.11039328536947,0,0,0,0,0,0,8.822149948122487
1755264600,311.03,311.5,299.76,306.34,304.5400665506686,297.8457778091502,307.6035964530783,278.25665237221773,0,0,0,0,0,0,9.030567808970881
1755523800,302.7,306.17,299,305.76,304.7618726323652,298.5995132558978,306.9890643020522,279.3352150242876,0,0,0,0,0,0,8.909812965472959
1755610200,302.415,302.8999,292.39,294.91,302.97062306284425,298.2481310410504,302.9627095347015,279.9459909056881,0,0,0,0,0,0,9.228397753653462
1755696600,295.46,295.49,281.87,291.17,300.8250552332362,297.5740233228551,299.03180635646765,280.3861481250729,0,1,0,0,0,0,9.5420836283925
1755783000,290.06,292.385,286.17,289.6,298.78413609992054,296.8145925302022,295.8878709043118,280.7474756495798,0,0,0,0,0,0,9.304434797793034
1755869400,291.745,300.09,289.0101,294,297.91429317266227,296.5465360987544,295.25858060287453,281.2671824868512,0,0,0,0,0,0,9.431253740807815
1756128600,292.81,298.4016,291.71,294.23,297.2444216867237,296.3259136131588,294.91572040191636,281.77552827168057,0,0,0,0,0,0,9.235564187892972
1756215000,294.35,300.2499,293.99,298.01,297.38361774368303,296.48630279285794,295.9471469346109,282.41217422181074,0,0,0,0,0,0,9.023016745900618
1756301400,297.53,301.18,293.78,300.25,297.9047781539225,296.8447501459191,297.3814312897406,283.1116968013476,0,0,0,0,0,0,8.90708697833629
1756387800,302.928,311,302.333,308.65,299.8584548532093,297.96905965583153,301.13762085982705,284.11319888756924,1,0,0,0,0,0,9.038723622740841
1756474200,307.01,307.01,293.66,297.39,299.4096448798985,297.91391111718093,299.88841390655136,284.6338577547234,0,0,0,0,0,0,9.463814792545064
1756819800,289.34,298.71,287.17,298.24,299.1969821744624,297.9449672012589,299.33894260436756,285.1674319604205,0,1,0,0,0,0,9.612113735934699
1756906200,302.29,304.45,296.4,302.39,299.7775308700147,298.3683036582819,300.35596173624504,285.84282678550204,0,0,0,0,0,0,9.500534183367936
1756992600,305.06,308.78,302.2501,306.1,300.9270707118302,299.10465569082646,302.2706411574967,286.63722573509017,0,0,0,0,0,0,9.288346027413082
1757079000,355.78,356.34,331.42,334.89,307.1021487642247,302.51278372027156,313.14376077166446,288.52949139253764,1,0,0,0,0,0,12.213464168312145
1757338200,342.75,354.1656,341.2501,345.65,314.11084898891113,306.6210900326266,323.9791738477763,290.7695113379283,0,0,0,0,0,0,12.717902442004133
1757424600,349.545,350.98,335.83,336.67,318.2125128091091,309.48289098190025,328.20944923185084,292.5695305011468,0,0,0,0,0,0,12.891623696146697
1757511000,351.52,372.97,350.55,369.57,327.55023775290744,315.20547279314786,341.99629948790056,295.5891567560038,0,0,0,0,0,0,14.563650574993362
1757597400,371.18,374.23,358.7604,359.63,333.3829217978334,319.4363801461814,347.8741996586004,298.1005623734154,1,0,0,0,0,0,14.628361248208122
1757683800,362.91,364.385,357.16,359.87,338.19875419822733,323.28720108464034,351.87279977240024,300.5228932607325,0,0,0,0,0,0,14.09954973047897
1757943000,359.87,365.5,356.34,364.09,342.90625343491325,327.1731819337222,355.94519984826684,303.01572097599785,0,0,0,0,0,0,13.746724749730474
1758029400,365.425,365.69,356.99,360,346.0142073558381,330.299545559082,357.29679989884454,305.25039858478226,1,0,0,0,0,0,13.38624441046401
1758115800,358.85,359.93,341.5,346.17,346.0425332911403,331.81101741059797,353.5878665992297,306.8550888363594,0,0,0,0,0,0,13.751512666859439
1758202200,350,350.7,343.79,345.35,345.9166181472966,333.10044432387434,350.84191106615316,308.36469319571785,0,0,0,0,0,0,13.26283319065519
1758288600,344.65,346.27,336.43,344.94,345.7390512114245,334.22802105493395,348.87460737743544,309.7990189527485,0,1,0,0,0,0,13.01834510560839
1758547800,342.425,346.67,337.94,338.79,344.47558735480186,334.6624952401783,345.51307158495695,310.9359201702878,0,0,0,0,0,0,12.712034740922077
1758634200,340.24,345.215,337.0216,338.94,343.46911692665606,335.06987664587564,343.32204772330465,312.0341193792961,0,0,0,0,0,0,12.3892751165705
1758720600,339.755,340.0799,333.81,339.31,342.7129138490822,335.473697917697,341.9846984822031,313.1037617565786,0,0,0,0,0,0,11.952176893958322
1758807000,332.99,338.062,327.3,336.1,341.5105658765218,335.5333457350592,340.0231323214687,314.0055750210265,0,1,0,0,0,0,11.956307115818442
1758893400,337.43,339.08,330.5801,334.53,340.24137208079054,335.4377889983869,338.1920882143125,314.81045443196666,0,0,0,0,0,0,11.70942089325998
1759152600,336,341.05,327.55,327.9,337.99748624791954,334.71990433187386,334.76139214287497,315.32376994443854,1,0,0,0,0,0,11.837319400884267
1759239000,330.12,331.05,324.61,329.91,336.52703420284325,334.26181820502876,333.1442614285833,315.89577896622524,0,0,0,0,0,0,11.45179658653539
1759325400,328.145,337.95,324.5,333.39,335.9566643477808,334.17878789978795,333.2261742857222,316.58182684990265,0,1,0,0,0,0,11.594525401782862
1759411800,347.61,347.61,335.25,338.18,336.36090719363887,334.5598557188558,334.8774495238148,317.4288140322594,1,0,0,0,0,0,11.782059301655517
1759498200,341.5,344.4,335.74,338.37,336.72619679479544,334.9227266027743,336.0416330158765,318.2500370113865,0,0,0,0,0,0,11.559055065822978
1759757400,335.92,344.13,334.56,335.49,336.50143374119625,334.9767526406053,335.8577553439177,318.9261139913321,0,0,0,0,0,0,11.41697970397848
1759843800,337.025,338.11,326.58,336.41,336.4848094246151,335.11325238911905,336.04183689594515,319.6117565799073,0,1,0,0,0,0,11.425052582265733
1759930200,333.82,346.54,332.62,345.5,338.123934983776,336.1024664472982,339.1945579306301,320.6269818120678,0,0,0,0,0,0,11.603263112103898
1760016600,345.75,347.31,340.4,345.02,339.3777649867258,336.9517553570793,341.1363719537534,321.5835707606142,0,0,0,0,0,0,11.268030032667907
1760103000,345.39,350.6,324.05,324.63,336.6963531709575,335.7782548468813,335.63424796916894,321.70303857392344,0,1,0,0,0,0,12.359599316048772
1760362200,352.77,359.38,343.5201,356.7,340.333379867147,337.7708020043212,342.6561653127793,323.0754684337696,0,0,0,0,0,0,13.958913650616719
1760448600,350.125,350.67,339.6532,344.13,341.02367443675666,338.37643990867156,343.14744354185285,323.9011363383276,0,0,0,0,0,0,14.17947696128695
1760535000,354.47,359.4,347.5,351.33,342.8975518118918,339.6101122983219,345.87496236123525,324.97677805055,0,0,0,0,0,0,14.257371464052166
1760621400,356.8,363.24,349.485,354.15,344.9434514824569,340.9948635080055,348.6333082408235,326.1208259701363,1,0,0,0,0,0,14.221487788048439
1760707800,349.61,350.97,340.78,349.33,345.74100575837383,341.7886860310526,348.8655388272157,327.0309896575819,0,1,0,0,0,0,14.160667231759264
1760967000,353.8,356.59,347.84,349.24,346.3771865295786,342.49833498047616,348.9903592181438,327.9019312396375,0,0,0,0,0,0,13.774191000919316
1761053400,350,351.1,341.31,342.66,345.70133443329155,342.51373164900224,346.8802394787625,328.48067903416154,0,0,0,0,0,0,13.48960592942508
1761139800,347.3,348.01,335.51,340.3,344.7192736272385,342.302900063383,344.686826319175,328.9441818171356,0,1,0,0,0,0,13.418919791609003
1761226200,340.4,346.57,340.4,344.29,344.64122387683153,342.49214767639415,344.55455087945,329.5459786086205,0,0,0,0,0,0,12.90828266363693
1761312600,352.51,358.3,350.875,354.13,346.3664558992258,343.6005145643566,347.74636725296665,330.51005787887067,0,0,0,0,0,0,12.986976759091434
1761571800,361.54,362.75,355.08,362.05,349.21800937209383,345.3576084153703,352.5142448353111,331.7469183542091,0,0,0,0,0,0,12.67504984772776
1761658200,362.62,374.06,362.53,372.97,353.53655312262225,347.9873599948588,359.3328298902074,333.3635097912989,0,0,0,0,0,0,12.627546287175775
1761744600,373.19,386.48,373.19,385.98,359.4353616457818,351.6057066620151,368.21521992680493,335.4269015641891,1,0,0,0,0,0,12.690578695234649
1761831000,386.4,386.4,370.06,376.47,362.53256861927605,353.9737345989661,370.9668132845366,337.0364348361817,0,0,0,0,0,0,12.951251645575029
1761917400,378.27,378.82,365.1,369.63,363.8230106884986,355.46480749430265,370.52120885635776,338.3146138622138,0,0,0,0,0,0,13.006162242319666
1762180200,372,374.85,361.98,362.55,363.5915541996807,356.13958773294047,367.86413923757186,339.2650211617348,0,0,0,0,0,0,12.996436367868261
1762266600,358.52,368.95,351,351.94,361.4730897997387,355.73962699646995,362.5560928250479,339.76207915539226,0,0,0,0,0,0,13.350262341591955
1762353000,350.89,364.8699,350.0913,358.98,361.0198007452408,356.0482339491871,361.3640618833653,340.5157231100828,0,0,0,0,0,0,13.452286460049672
1762439400,360.11,363.5,352.71,355.59,360.0325642461061,356.0045926206931,359.4393745889102,341.10687122341284,0,0,0,0,0,0,13.262123141474698
1762525800,354.185,354.5,337.27,349.43,358.10482529226863,355.3784409425318,356.1029163926068,341.4332684303378,0,1,0,0,0,0,13.62340005994079
1762785000,357.9,360,354.61,358.39,358.1566752391289,355.6652560908621,356.8652775950712,342.0982382958148,0,0,0,0,0,0,13.405300055659305
1762871400,358.97,361.885,349.67,351.96,357.03000701383274,355.31237455839903,355.23018506338076,342.4849740489201,1,0,0,0,0,0,13.32027862311221
1762957800,358.035,358.87,351.68,355.22,356.70091482949954,355.30357698140864,355.22679004225387,342.98438683131536,0,0,0,0,0,0,12.882401578604197
1763044200,351.58,353.55,334.16,339.98,353.6607484968633,353.844188697465,350.1445266948359,342.86656773989125,0,0,0,0,0,0,13.466515751561042
1763130600,331.47,344.74,329.06,342.46,351.6242487701609,352.7599802500874,347.5830177965573,342.85062390695435,0,1,0,0,0,0,13.624621769306684
1763389800,339.815,352.2,337.52,342.65,349.99256717558615,351.7971249881743,345.9386785310382,342.84275630276005,0,0,0,0,0,0,13.70000592864192
1763476200,343.2,347.97,335.51,340.5,348.2666458709341,350.72120832263386,344.1257856873588,342.75088350657336,0,0,0,0,0,0,13.61143407659607
1763562600,340.705,359.69,337.8,354.42,349.38543753076425,351.0734741966687,347.55719045823923,343.2084959180803,0,0,0,0,0,0,14.202760213982064
1763649000,366,376.08,345.18,346.82,348.91899434335255,350.6683814160336,347.3114603054928,343.350123529136,0,0,0,0,0,0,15.39542019869763
1763735400,345.155,348.6,331.8,340.2,347.3337226445612,349.6713927097447,344.9409735369952,343.22658927309146,0,1,0,0,0,0,15.495747327362086
1763994600,347.73,382,347.66,377.96,352.90213670918644,352.3655457850071,355.9473156913301,344.5886838114016,0,0,0,0,0,0,17.374622518264793
1764081000,384.93,388.13,371.75,385.03,358.7435663984253,355.476446186435,365.64154379422007,346.1746177795819,0,0,0,0,0,0,17.30357805267445
1764167400,385.55,399.87,383.26,397.57,365.802917962348,359.4853560734412,376.28436252948006,348.19012296469634,0,0,0,0,0,0,17.254036763197703
1764340200,399.35,403,397.16,402.96,372.5587510601029,363.6257983521611,385.17624168632005,350.3379612798063,1,0,0,0,0,0,16.438748422969294
1764599400,394.85,395.42,385.1,386.08,375.017159958266,365.7642937471934,385.4774944575467,351.7396098570688,0,0,0,0,0,0,16.540266392757196
1764685800,388.31,393.5,379.79,381.57,376.20858542039946,367.26959910460357,384.17499630503113,352.90942907836023,0,0,0,0,0,0,16.338104507560253
1764772200,380,382.3,370.65,380.61,377.00884261669046,368.5401134755937,382.9866642033541,353.99572597724807,0,1,0,0,0,0,16.00323989987738
1764858600,380.68,383.89,376.53,381.03,377.7399621409285,369.72962647791815,382.3344428022361,355.0558935859834,0,0,0,0,0,0,15.385865621314709
1764945000,386.165,393.53,385.1452,390.24,380.01269629712334,371.6829953847831,384.96962853482404,356.4356624649645,0,0,0,0,0,0,15.179732362649373
1765204200,402.48,407.285,397.4,401.1,383.8467515158282,374.48461487194663,390.346419023216,358.1872051133972,0,0,0,0,0,0,15.312965765317276
1765290600,398.745,406.93,395.51,406.29,387.927342149314,377.51369916985647,395.66094601547735,360.07358922659733,0,0,0,0,0,0,15.03489678208033
1765377000,402.2,414.61,399.56,412.97,392.48055266762054,380.89048972510824,401.4306306769849,362.1479582765347,1,0,0,0,0,0,15.035975583360306
1765463400,404.825,409.3,394.19,406.37,395.00590672805316,383.3171097512884,403.07708711798995,363.8821559911804,0,0,0,0,0,0,15.303405898834573
1765549800,379.96,382,355.15,359.93,388.6284691411344,381.0897659654514,388.69472474532665,363.72716948172234,0,0,0,0,0,0,17.868876906060677
1765809000,361.89,362,337.51,339.81,379.7523838427463,377.15835968302747,372.39981649688445,362.7892412667528,0,0,0,0,0,0,18.34181426991349
1765895400,336.02,347.4999,335.06,341.3,372.76104132588335,373.7432778084534,362.033210997923,361.9465259229586,0,0,0,0,0,0,17.92024896491967
1765981800,346.61,346.61,321.42,326.02,364.26267017572275,369.19820373145785,350.02880733194866,360.53764255343077,0,1,0,0,0,0,18.439516895996835
1766068200,336,336.025,323.63,329.88,358.0112755983186,365.45361289989046,343.3125382212991,359.33538206113934,0,0,0,0,0,0,18.00776568913992
1766154600,333.335,343.45,332.5775,340.36,354.80195276226067,363.0637450046628,342.3283588141994,358.59124943129075,0,0,0,0,0,0,17.690782425629926
1766413800,346.03,346.24,337.22,341.45,352.3743249873042,361.0052930994568,342.0355725427996,357.91904357124014,0,0,0,0,0,0,17.071440823799215
1766500200,340.81,350.11,338.54,349.32,351.8189931714307,359.8924080423657,344.4637150285331,357.58182617628955,0,0,0,0,0,0,16.67848076495641
1766586600,350.685,352.86,347.14,350.22,351.5282671402615,358.9712263240451,346.38247668568874,357.2931271105527,0,0,0,0,0,0,15.895732138888098
1766759400,351.06,353.25,347.75,352.13,351.6376731147594,358.31968095985036,348.2983177904592,357.09065153758985,1,0,0,0,0,0,15.153179843253232
1767018600,348.72,350.33,344.69,349.39,351.22900527571227,357.46923515415034,348.6622118603061,356.7886652027824,0,1,0,0,0,0,14.602238425878001
1767105000,349.97,352.68,349.3,349.85,350.9782770437646,356.7435937108979,349.05814124020407,356.5165606850262,0,0,0,0,0,0,13.800649966886715
1767191400,349.73,349.88,345.42,346.1,350.09131758126193,355.72991811938385,348.07209416013603,356.10806810914283,0,0,0,0,0,0,13.133460683537661
1767364200,352.775,360.66,345.56,347.62,349.6419871119416,354.95754496515684,347.92139610675736,355.77520269309804,1,0,0,0,0,0,13.273927777570687
1767623400,354.74,355.03,336.5,343.42,348.51071672795223,353.85873115895146,346.42093073783826,355.2906849404275,0,0,0,0,0,0,13.649361507744207
1767709800,343.6,349.05,338,343.77,347.6487682319609,352.89789962000367,345.53728715855885,354.83889337413626,0,0,0,0,0,0,13.463692828619623
1767796200,341.7,349.7,335.88,343.5,346.89444673524076,352.0028615609557,344.8581914390392,354.394230888876,0,0,0,0,0,0,13.489143340861078
1767882600,342.78,343.68,330.5,332.48,344.2736382379243,350.14354141229325,340.73212762602617,353.53484928539064,0,1,0,0,0,0,13.467061673656715
1767969000,337.92,347.39,333.5,344.97,344.4002494673926,349.65082318255105,342.1447517506841,353.1989728428263,0,0,0,0,0,0,13.570128696966947
1768228200,340.95,353.9,340.95,352.21,345.8202041096848,349.89455430802235,345.4998345004561,353.160189594088,0,0,0,0,0,0,13.525833790040735
1768314600,352.88,359.49,350.91,354.61,347.4183488170149,350.343644373925,348.5365563336374,353.2170449041238,1,0,0,0,0,0,13.172559947894968
1768401000,348.97,350.69,334.4201,339.89,346.04955812301216,349.3480591954559,345.6543708890916,352.69441569219737,0,1,0,0,0,0,13.67379852304533
1768487400,349.12,349.68,341.67,343.02,345.4987293733736,348.74538689112677,344.7762472593944,352.315026841523,0,0,0,0,0,0,13.396384342827806
1768573800,346.265,354.51,344.05,351.71,346.6280513054875,349.02773099673374,347.0874981729296,352.29130029871817,1,0,0,0,0,0,13.260214032625822
1768919400,344.1,345.4,331.8,332.6,344.0774965226716,347.463185187521,342.2583321152864,351.5190924438665,0,0,0,0,0,0,13.735198744581117
1769005800,335.505,335.8,324.2001,328.8,341.29976988218584,345.68573897918566,337.7722214101909,350.62814764214625,0,0,0,0,0,0,13.582677405682464
1769092200,335.35,336.99,324.89,325.49,338.425266267243,343.76233526688225,333.67814760679397,349.6423379306895,0,0,0,0,0,0,13.476771876705147
1769178600,319.3,321.99,314.11,320.05,335.0843087641079,341.5040176224173,329.13543173786263,348.4818540902703,0,1,0,0,0,0,13.327002456940493
1769437800,319.8,328.68,317.6,324.85,333.22352535245193,339.9179207059966,327.70695449190845,347.5551147141813,0,0,0,0,0,0,13.16650228144474
1769524200,329.76,334.76,327.02,332.79,333.14470256109706,339.2390711149493,329.40130299460566,346.97609060774283,0,0,0,0,0,0,12.933894975627256
1769610600,338.85,339.99,326.7,333.24,333.16202936817035,338.66773100876367,330.68086866307044,346.43742038783137,1,0,0,0,0,0,12.95933104879674
1769697000,332.56,335.95,320.28,330.73,332.7198422103212,337.9117566269766,330.6972457753803,345.8214431177203,0,1,0,0,0,0,13.152950259596974
1769783400,332.44,338.2,328.33,331.3,332.46168908117187,337.2820655196455,330.8981638502535,345.2519747601627,0,0,0,0,0,0,12.918453812482905
1770042600,326.11,336.055,325.75,331.11,332.2159274300497,336.69424975586975,330.968775900169,344.6973875146661,0,0,0,0,0,0,12.731778540162697
1770129000,336.74,338.9,308.65,320.33,330.0548497154952,335.13574977912026,327.4225172667793,343.74180369056154,1,0,0,0,0,0,13.98308007300822
1770215400,319.51,319.51,295.3,308.05,326.0539679490415,332.5561545620612,320.9650115111862,342.3421251144611,0,1,0,0,0,0,14.77214578207906
1770301800,314.335,326.53,306.7001,310.51,323.2277919583067,330.4565207942458,317.4800076741241,341.0938064825215,0,0,0,0,0,0,15.133413940501981
1770388200,320.1,335,316.3,332.92,324.99001160225095,330.6911378614605,322.62667178274944,340.77326505183436,0,0,0,0,0,0,15.801741516180412
1770647400,330.77,352.34,330.65,343.94,328.43546403820534,331.95293425560715,329.731114521833,340.89745073607617,1,0,0,0,0,0,16.22233140788181
1770733800,347.47,348.01,339.84,340.44,330.61810694034983,332.7612262312636,333.30074301455534,340.87951149152417,0,0,0,0,0,0,15.647164878747398
1770820200,346.8,347.2,333.74,342.76,332.82572386028625,333.7134903997147,336.4538286763702,340.9532561389154,0,0,0,0,0,0,15.490938815979726
1770906600,343.83,346.2881,329.56,331.17,332.524683158416,333.4712532187895,334.69255245091347,340.5695990354285,0,0,0,0,0,0,15.579307471981172
1770993000,329.85,334.32,324.69,325.17,331.187468038704,332.6806576741429,331.518368300609,339.9656931909019,,,0,0,0,0,15.154356938268231
1771338600,319.675,335.75,316.31,332.54,331.43338294075784,332.6672617051769,331.858912200406,339.6744895363567,,,,,,,15.4604742998205