time,open,high,low,close,EMA1,EMA2,EMA3,EMA4,Fractal High,Fractal Low,HH,LH,LL,HL,ATR
1249306200,1.65,1.691,1.556,1.642999,,,,,0,0,0,0,0,0,
1249911000,1.663,1.7,1.55,1.660001,,,,,0,0,0,0,0,0,
1250515800,1.627,1.797,1.62,1.782001,,,,,0,0,0,0,0,0,
1251120600,1.752,1.9,1.714999,1.847,,,,,1,0,0,0,0,0,
1251725400,1.835001,1.844,1.694,1.775999,,,1.7416,,0,0,0,0,0,0,
1252416600,1.775999,1.792999,1.653999,1.688,,,1.7237333333333333,,0,0,0,0,0,0,
1252935000,1.664,1.789999,1.617999,1.62,,,1.6891555555555555,,0,0,0,0,0,0,
1253539800,1.628,1.78488,1.587,1.713,,,1.6971037037037038,,0,1,0,0,0,0,
1254144600,1.732001,1.785001,1.59002,1.609,,,1.6677358024691358,,0,0,0,0,0,0,
1254749400,1.610001,1.71993,1.592,1.625,1.6963000000000001,,1.6534905349794238,,0,0,0,0,0,0,
1255354200,1.622,1.795,1.603999,1.642999,1.6866089090909093,,1.6499933566529492,,1,0,0,0,0,0,
1255959000,1.646001,1.691,1.561,1.605,1.671770925619835,,1.6349955711019661,,0,0,0,0,0,0,
1256563800,1.591,1.612,1.47184,1.5,1.6405398482344105,,1.5899970474013108,,0,0,0,0,0,0,
1257172200,1.51,1.574,1.433,1.529,1.620259875828154,,1.5696646982675404,,0,1,0,0,0,0,0.1595680714285714
1257777000,1.526,1.595,1.509,1.558,1.6089398984048533,,1.5657764655116937,,0,0,0,0,0,0,0.15431320918367344
1258381800,1.563,1.621001,1.525,1.544,1.5971326441494254,,1.5585176436744625,,0,0,0,0,0,0,0.1501480513848396
1258986600,1.554,1.598,1.501,1.586,1.595108527031348,,1.5676784291163084,,0,1,0,0,0,0,0.14635176200020822
1259591400,1.587,1.671001,1.525,1.652,1.6054524312074665,,1.5957856194108722,,0,0,0,0,0,0,0.14632670757162192
1260196200,1.65,1.699001,1.634,1.658,1.6150065346242908,,1.6165237462739148,,0,0,0,0,0,0,0.14051772845936322
1260801000,1.674001,1.713,1.614,1.639,1.6193689828744198,1.64384995,1.6240158308492765,,0,0,0,0,0,0,0.13755217642655157
1261405800,1.678999,1.7,1.623,1.678,1.6300291678063434,1.6471023357142855,1.6420105538995176,,0,0,0,0,0,0,0.13322702096751218
1262010600,1.675,1.828999,1.675,1.828999,1.6662055009324628,1.6644258275510202,1.7043400359330116,,0,0,0,0,0,0,0.13471073375554704
1262615400,1.83,1.93,1.800999,1.917,1.7118045007629241,1.6884805106413991,1.7752266906220078,,0,0,0,0,0,0,0.13430289563015083
1263220200,1.92,1.955,1.814999,1.824001,1.7322038642605744,1.701387223913647,1.7914847937480052,,1,0,0,0,0,0,0.13470990308514005
1263911400,1.789999,1.849001,1.73,1.756,1.7365304343950154,1.706588440683776,1.7796565291653368,,0,0,0,0,0,0,0.13358783857905862
1264429800,1.767,1.8,1.6842,1.738,1.7367976281413762,1.7095800177615115,1.7657710194435579,,0,0,0,0,0,0,0.13231727868055446
1265034600,1.738,1.78,1.660001,1.72,1.7337435139338533,1.71057239702232,1.750514012962372,,0,0,0,0,0,0,0.13143740163194342
1265639400,1.708,1.739,1.65,1.736,1.7341537841276982,1.7129940734963847,1.7456760086415812,,0,1,0,0,0,0,0.12840615865823318
1266330600,1.739999,1.762,1.717,1.753,1.737580368831753,1.7168041617348242,1.7481173390943874,,0,0,0,0,0,0,0.12244857589693081
1266849000,1.75,1.839,1.713,1.814999,1.7516564835896162,1.7261560510934124,1.770411226062925,,0,0,0,0,0,0,0.12270224904715003
1267453800,1.87,1.994,1.812,1.936,1.7851734865733224,1.746141189084516,1.82560748404195,,0,0,0,0,0,0,0.12693780268663932
1268058600,1.948,2,1.909,1.964999,1.817869034469082,1.7669847901240858,1.8720713226946333,,0,0,0,0,0,0,0.1243708167804508
1268659800,1.956,2.028,1.903,2.011,1.8529837554747035,1.790224333921792,1.9183808817964223,,0,0,0,0,0,0,0.12441575843899003
1269264600,1.987,2.03,1.931,1.991,1.8780776181156664,1.8093458259292403,1.9425872545309482,,0,0,0,0,0,0,0.12260034712191929
1269869400,2.009,2.08,1.994,2.05,1.9093362330037271,1.8322652710788365,1.978391503020632,,0,0,0,0,0,0,0.12020032232749647
1270474200,2.069,2.083,1.978999,2.000999,1.9260021906394131,1.8483351500237093,1.985927335347088,,0,0,0,0,0,0,0.11904322787553245
1271079000,1.992,2.2,1.967,2.188,1.9736381559777016,1.8806841833547847,2.0532848902313923,,0,1,0,0,0,0,0.12718299731299443
1271683800,2.167999,2.288,2.097,2.149001,2.0055223094363015,1.9062381658924243,2.0851902601542616,,1,0,0,0,0,0,0.13174135464778053
1272288600,2.135001,2.202499,2.049001,2.050999,2.0137907986297012,1.9200249119979078,2.0737931734361745,,0,0,0,0,0,0,0.13329540074436763
1272893400,2.064999,2.147,1.83812,1.928999,1.9983741079697555,1.920879587045726,2.0255284489574494,,0,1,0,0,0,0,0.14583715783405563
1273498200,2,2.092,1.972,2.023,2.002851542884345,1.930605340660419,2.0246856326383,,0,0,0,0,0,0,0.14706314656019454
1274103000,2.025,2.088,1.892999,1.981,1.9988785350871916,1.9354048320260933,2.0101237550922,,0,0,0,0,0,0,0.15048727894875208
1274707800,1.975,2.155,1.852,2.064999,2.010900437798611,1.947747133737894,2.0284155033948,,0,1,0,0,0,0,0.16138104473812692
1275399000,2.066,2.2,2.034,2.081,2.023645812744318,1.9604378829057136,2.0459436689298665,,0,0,0,0,0,0,0.161710970113975
1275917400,2.088,2.198,2.05519,2.192999,2.0544373013362605,1.982586560724217,2.094962112619911,,0,0,0,0,0,0,0.16036090082011964
1276522200,2.214999,2.3694,2.131,2.303999,2.099812155638759,2.0131972692266724,2.1646410750799405,,1,0,0,0,0,0,0.1659351221901111
1277127000,2.339,2.339999,2.073,2.147,2.108391763704439,2.02594038644318,2.1587607167199603,,0,0,0,0,0,0,0.1731539706051032
1277731800,2.153999,2.186,2.036,2.157001,2.117229806667268,2.0384223496390677,2.1581741444799736,,0,1,0,0,0,0,0.17150011556188155
1278423000,2.181,2.221001,2.05,2.200999,2.132460569091401,2.053905840149633,2.1724490963199825,,0,0,0,0,0,0,0.17146446445031857
1278941400,2.185001,2.3,2.145,2.199001,2.144558829256601,2.067724426802049,2.181299730879988,1.8452998599999995,0,0,0,0,0,0,0.17028843127529578
1279546200,2.205,2.313,2.160001,2.288,2.170639042119037,2.088703052820901,2.2168664872533252,1.862660649803921,1,0,0,0,0,0,0.16905347189848893
1280151000,2.289,2.306,2.109,2.175999,2.171613579915576,2.0970169525522437,2.203243991502217,1.874948428242983,0,0,0,0,0,0,0.1710496524771683
1280755800,2.198,2.28,2.125101,2.259,2.1875020199309256,2.11244390945203,2.2218293276681447,1.8900092741942385,0,0,0,0,0,0,0.16989603444308485
1281360600,2.267999,2.292999,1.928101,1.999001,2.153229107216212,2.101639822837551,2.14755321844543,1.8942834595199547,0,1,0,0,0,0,0.18382474626857878
1281965400,1.999001,2.085001,1.971001,2.042999,2.133187269540537,2.096054982567308,2.112701812296953,1.9001154414995642,0,0,0,0,0,0,0.17883726439225173
1282570200,2.044,2.102,1.971001,2.031,2.1146077659877123,2.0898592699418503,2.0854678748646354,1.905248169283895,0,0,0,0,0,0,0.17542024550709087
1283175000,2.021001,2.136,1.97,2.098,2.1115881721717646,2.090634577566436,2.089645249909757,1.912807064606095,1,0,0,0,0,0,0.17474737082801298
1283866200,2.078999,2.099001,1.841,1.864999,2.066753777231444,2.0691454749410614,2.0147631666065045,1.910932238543111,0,1,0,0,0,0,0.180694058626012
1284384600,1.877,2.032001,1.861,2.003999,2.055343817734818,2.0629410487561985,2.0111751110710028,1.9145819154629888,0,0,0,0,0,0,0.1800016972955826
1284989400,2.014,2.192,1.978999,2.158,2.0740085781466693,2.071994282207989,2.060116740714002,1.9241277226997344,0,0,0,0,0,0,0.18235879034589814
1285594200,2.198,2.3,2.173,2.263,2.108370654847275,2.0901853029500854,2.1277444938093346,1.9374168316134703,1,0,0,0,0,0,0.1794760196069054
1286199000,2.260001,2.297,2.184,2.22,2.1286668994204976,2.1025486074310296,2.158496329206223,1.9484985244913735,0,0,0,0,0,0,0.17472773249212645
1286803800,2.225999,2.272,2.153999,2.269,2.154182008616771,2.1184011210090268,2.1953308861374823,1.9610672098054374,0,1,0,0,0,0,0.1706758230284031
1287408600,2.275999,2.278,2.189999,2.247749,2.171194188868267,2.1307199666272147,2.2128035907583214,1.9723096329503222,0,0,0,0,0,0,0.16477047852637433
1288013400,2.25,2.495,2.241,2.467999,2.2251586999831274,2.162841779329385,2.2978687271722142,1.9917484316581526,0,0,0,0,0,0,0.17114401577449043
1288618200,2.45,2.57,2.377,2.537,2.281857118168013,2.198475895583729,2.377579151448143,2.013130846102931,0,0,0,0,0,0,0.17270515750488397
1289226600,2.514999,2.581,2.385001,2.572,2.3346103694101927,2.23404961981385,2.4423861009654284,2.0350472835106594,0,0,0,0,0,0,0.17436900339739228
1289831400,2.595,2.596001,2.442,2.527,2.369590302244703,2.261949656022055,2.470590733976952,2.054339546902398,0,0,0,0,0,0,0.17291414601186422
1290436200,2.533,2.705,2.533,2.703999,2.430391883654757,2.304049593543764,2.5483934893179683,2.0798163882003435,0,0,0,0,0,0,0.17327742129673104
1291041000,2.707001,2.848,2.60912,2.655,2.471229722990256,2.337473441777691,2.5839289928786453,2.1023726082709184,1,0,0,0,0,0,0.17796331977553595
1291645800,2.685001,2.689,2.448,2.639999,2.5019150460829365,2.3662853997036253,2.6026189952524303,2.1234559961818626,0,1,0,0,0,0,0.1824659397915691
1292250600,2.660001,2.839999,2.591,2.817,2.5592032195224026,2.4092105997318516,2.674079330168287,2.150653800253162,0,0,0,0,0,0,0.18721830123502844
1292855400,2.789,2.846001,2.739,2.813,2.6053480887001474,2.4476667330907227,2.720386220112191,2.1766281610275477,0,0,0,0,0,0,0.18148849400395498
1293460200,2.810001,2.894,2.782001,2.841251,2.6482395271183026,2.485150948986844,2.760674480074794,2.2026918017715653,0,0,0,0,0,0,0.1765249587179582
1294065000,2.87,2.87,2.697,2.827499,2.6808321585513384,2.5177555252738113,2.7829493200498625,2.2271940448393472,0,1,0,0,0,0,0.17627317595238975
1294669800,2.825999,2.933,2.792999,2.900999,2.720862493360186,2.5542549038191624,2.822299213366575,2.2536177685711376,0,0,0,0,0,0,0.17368230624150474
1295361000,2.76501,2.85,2.723,2.777,2.731069312749243,2.575468722503052,2.807199475577717,2.2741425619605047,0,0,0,0,0,0,0.1739906415099687
1295879400,2.822,2.944,2.739999,2.805,2.7445112558857443,2.5973288441694278,2.8064663170518114,2.2949605007071514,0,0,0,0,0,0,0.17613423854497093
1296484200,2.803999,3.122,2.795,3.12,2.8127819366337907,2.647107049486625,2.9109775447012076,2.3273149908754984,0,0,0,0,0,0,0.18691036436318728
1297089000,3.117,3.335001,3.056,3.328999,2.906639584518556,2.7120491400117084,3.0503180298008052,2.3665967167235182,0,0,0,0,0,0,0.1934882669086739
1297693800,3.358,3.460001,3.331,3.385001,2.993614387333364,2.7761397933439267,3.1618790198672033,2.4065341395971056,1,0,0,0,0,0,0.18902496212948292
1298385000,3.324001,3.459,3.091499,3.436,3.0740481350909343,2.838983622549267,3.2532526799114687,2.4469053498089837,0,0,0,0,0,0,0.20177325054880554
1298903400,3.434,3.453,3.1841,3.278999,3.1113119287107645,2.8808898489731463,3.261834786607646,2.4795364733458864,0,0,0,0,0,0,0.20656801836674799
1299508200,3.3,3.3,3.014999,3.123,3.1134370325815346,2.903947958594751,3.2155565244050974,2.504770337136244,0,0,0,0,0,0,0.21217037419769455
1300109400,3.109,3.128,2.827,3.032001,3.098630481203074,2.916143486347632,3.1543713496033985,2.525446049405411,0,1,0,0,0,0,0.2185153474692878
1300714200,3.08,3.133,3.035001,3.085001,3.096152393711606,2.932225154314524,3.131247899735599,2.547389380801277,0,0,0,0,0,0,0.21012132265005296
1301319000,3.087,3.18951,3.061,3.152,3.1063065039458593,2.953156091998855,3.1381652664903994,2.5710996011620115,0,0,0,0,0,0,0.20429194246076346
1301923800,3.159,3.314,2.996001,3.257001,3.1337055032284304,2.9820937022846783,3.1777771776602664,2.5979976952340893,1,1,0,0,0,0,0.21241387514213747
1302528600,3.23,3.263,3.05802,3.174001,3.1410319571868976,3.0003705877813758,3.1765184517735108,2.62058606012687,0,0,0,0,0,0,0.21188288406055622
1303133400,3.139,3.306,3.053,3.260001,3.1626626922438255,3.025097293706959,3.204345967849007,2.645661155808169,0,0,0,0,0,0,0.21481982091337365
1303738200,3.253999,3.382001,3.185001,3.346001,3.1959969300176754,3.0556595514491534,3.251564311899338,2.673125463423535,0,0,0,0,0,0,0.21354697656241836
1304343000,3.374001,3.5,3.192,3.491,3.2496338518326433,3.097120546549234,3.331376207932892,2.7051989746618275,0,0,0,0,0,0,0.22029362109367417
1304947800,3.5,3.617999,3.464999,3.489,3.2931549696812534,3.134442399258831,3.3839174719552614,2.7359362697731284,1,0,0,0,0,0,0.21548693387269746
1305552600,3.47,3.521001,3.366,3.439,3.3196722479210257,3.163447885043704,3.402278314636841,2.763507396448692,0,0,0,0,0,0,0.21116651002464765
1306157400,3.392,3.512,3.148,3.500999,3.352640748299021,3.1955956102776373,3.435185209757894,2.792428635803645,0,1,0,0,0,0,0.22208318788002995
1306848600,3.386,3.425,3.298,3.389,3.3592515213355627,3.2140150759654813,3.4197901398385957,2.8158235912623257,0,0,0,0,0,0,0.22072003160288498
1307367000,3.400999,3.464,3.325,3.377,3.3624785174563696,3.2295374496830545,3.405526759892397,2.8378305092520386,0,0,0,0,0,0,0.21488288648839318
1307971800,3.377,3.446001,3.2185,3.25,3.3420278779188477,3.231486263998954,3.3536845065949312,2.853994018693135,0,1,0,0,0,0,0.2157841803106508
1308576600,3.246001,3.628999,3.219,3.552,3.380204627388148,3.2620113817133394,3.4197896710632874,2.8813668022737966,0,0,0,0,0,0,0.2296566674313186
1309181400,3.555,3.899001,3.5,3.866,3.468531058772121,3.3195341072644498,3.568526447375525,2.9199798688512946,0,0,0,0,0,0,0.24175269118622442
1309872600,3.875,3.945,3.703,3.796001,3.528071048086281,3.364911906572597,3.64435129825035,2.9543336387002634,1,0,0,0,0,0,0.2417703561014941
1310391000,3.741,3.812,3.495,3.550999,3.532239766616048,3.3826344868990166,3.6132338655002334,2.977732280319861,0,0,0,0,0,0,0.2471439020942445
1310995800,3.528,3.739,3.439999,3.707001,3.564014536322221,3.4135265357657767,3.6444895770001557,3.006331053640651,0,0,0,0,0,0,0.2508479805160842
1311600600,3.664,3.695,3.241,3.363,3.52746643880909,3.4087144847404645,3.550659718000104,3.020318071144939,0,0,0,0,0,0,0.2662160533363639
1312205400,3.4,3.410001,2.909,2.934,3.41956344993471,3.363503581431849,3.345106478666736,3.0169330487470982,0,0,0,0,0,0,0.2829864066694808
1312810200,2.861,3.2,2.642,3.103999,3.3621880954011263,3.3387888593907205,3.2647373191111573,3.020347399776624,0,1,0,0,0,0,0.3026302347645179
1313415000,3.119,3.239999,2.814999,2.828999,3.2652446235100125,3.2902374442106517,3.1194912127407717,3.012843540961854,0,0,0,0,0,0,0.31137093228133805
1314019800,2.878999,3.346001,2.725999,3.152,3.2446546919627375,3.2770719733334466,3.1303274751605143,3.0183006570025657,0,0,0,0,0,0,0.33341600854695674
1314624600,3.197,3.45,3.050999,3.113,3.22071747524224,3.2614460711112137,3.1245516501070094,3.022014356727955,0,0,0,0,0,0,0.33810065079360274
1315315800,3.049001,3.335001,3.022099,3.23,3.222405207016378,3.25845120719586,3.1597011000713398,3.0301706564641138,0,0,0,0,0,0,0.33630074716548825
1315834200,3.185001,3.761,3.1797,3.649001,3.2999680784679457,3.295646425558159,3.3228010667142267,3.054438513073364,0,0,0,0,0,0,0.3538006937965248
1316439000,3.599001,3.799001,3.297,3.48,3.3327011551101373,3.3132039088383345,3.375200711142818,3.071127198835193,1,0,0,0,0,0,0.36438642995391585
1317043800,3.482001,3.514999,3.227,3.277,3.32257367236284,3.309755917520398,3.3424671407618787,3.0792006420181264,0,0,0,0,0,0,0.3589301849572076
1317648600,3.278999,3.342999,3.086,3.288,3.316287550115051,3.307683925375598,3.3243114271745857,3.0873888521350628,0,1,0,0,0,0,0.3516493860316928
1318253400,3.3,3.581,3.291,3.57,3.3624170864577687,3.33266640867316,3.4062076181163903,3.1063147795023154,0,0,0,0,0,0,0.34746014417228616
1318858200,3.535001,3.597,3.312,3.384,3.366341252556356,3.337555322132859,3.3988050787442603,3.1172043959924207,1,0,0,0,0,0,0.34299870530283716
1319463000,3.408,3.561,3.109,3.359,3.3650064793642915,3.33959767240592,3.38553671916284,3.1266865765417378,0,1,0,0,0,0,0.35078451206692024
1320067800,3.302,3.47,3.228,3.438,3.378278028570784,3.3489693226529753,3.4030244794418936,3.1388949460891205,0,0,0,0,0,0,0.34301418977642595
1320676200,3.434,3.486,3.289,3.428999,3.387500023376096,3.356591196686025,3.4116826529612623,3.150271575654253,0,0,0,0,0,0,0.33258460479239554
1321281000,3.412,3.431,2.950999,2.986,3.3145000191258966,3.321296797001642,3.2697884353075084,3.1438295530795766,0,0,0,0,0,0,0.3431143473072244
1321885800,2.937,3.022,2.831,2.844,3.228954561103006,3.275839959191962,3.1278589568716724,3.1320715313901815,0,0,0,0,0,0,0.3322490367852798
1322490600,2.933,3.164,2.812,3.116,3.208417368175187,3.2606171059355846,3.1239059712477815,3.131441275257233,0,0,0,0,0,0,0.33365981987204557
1323095400,3.152,3.194,2.978999,3.061,3.181614210325153,3.2416059529893384,3.1029373141651875,3.128678872305969,1,0,0,0,0,0,0.3251841898811852
1323700200,2.862,3.009,2.759,2.88,3.126775262993307,3.2071672907998776,3.028624876110125,3.118926759666519,0,0,0,0,0,0,0.32352817631824343
1324305000,2.883,2.961,2.739,2.939,3.092634306085433,3.1816275488189367,2.9987499174067502,3.1118708083070477,0,1,0,0,0,0,0.3162761637240831
1324996200,2.927,2.953,2.864999,2.886,3.0550644322517178,3.153472544169514,2.9611666116045003,3.1030131295499084,0,0,0,0,0,0,0.29997079488664863
1325601000,2.948,3.017,2.802,2.831,3.0143254445695873,3.1227608732962273,2.917777741069667,3.0923459479989317,0,0,0,0,0,0,0.29390145239474513
1326119400,2.93,3.2,2.925,3.157001,3.040266454647844,3.1260218377442057,2.997518827379778,3.0948814402342677,0,0,0,0,0,0,0.29926563436654907
1326810600,3.17,3.5,3.147,3.381,3.102218008348236,3.1503054722447574,3.125345884919852,3.1061017759113554,0,0,0,0,0,0,0.3031038033403671
1327329000,3.385001,3.455,3.328,3.398,3.1559965522849205,3.1738954272690663,3.216230589946568,3.117548765091302,0,0,0,0,0,0,0.2905249602446266
1327933800,3.360001,3.548,3.335001,3.5125,3.2208153609603896,3.2061434818148693,3.3149870599643787,3.133037048813212,0,0,0,0,0,0,0.2849873916557247
1328538600,3.5,3.539999,3.395,3.449001,3.2623036589675913,3.229272769261072,3.359658373309586,3.1454277919970077,0,0,0,0,0,0,0.2749882208231729
1329143400,3.485001,3.594991,3.4015,3.524001,3.3098849937007566,3.2573421245695413,3.4144392488730575,3.1602738001539876,0,0,0,0,0,0,0.26916699076437484
1329834600,3.548,3.739999,3.5278,3.632001,3.368451540300619,3.293023922229585,3.486959832582038,3.178772906030302,0,0,0,0,0,0,0.2653692057097766
1330353000,3.621001,3.78,3.553999,3.660001,3.4214605329732337,3.3279741201124815,3.544640221721359,3.197644595989898,0,0,0,0,0,0,0.2625571910162211
1330957800,3.652,3.682001,3.460001,3.677,3.4679222542508277,3.361214680101769,3.5887601478142392,3.216442847127549,0,1,0,0,0,0,0.25966024880077676
1331559000,3.673,3.88,3.610001,3.789999,3.526481662568859,3.4020512819968385,3.655839765209493,3.23893524527941,0,0,0,0,0,0,0.2603987310292927
1332163800,3.777,3.860001,3.75,3.810001,3.5780306330108846,3.4409036360923775,3.7072268434729954,3.2613299807586484,0,0,0,0,0,0,0.24965603595577177
1332768600,3.846001,3.922,3.75,3.897,3.636025063372542,3.4843413850359606,3.77048456231533,3.286258216807329,1,0,0,0,0,0,0.24410917624464523
1333373400,3.889,3.900999,3.709,3.761,3.6587477791229888,3.510689824556345,3.7673230415435532,3.304875541638414,0,0,0,0,0,0,0.24038702079859917
1333978200,3.724001,3.845,3.657001,3.728,3.671339092009718,3.531386031741455,3.7542153610290354,3.321468657652594,0,0,0,0,0,0,0.23664501931298496
1334583000,3.739,3.794501,3.361,3.428,3.627095620735224,3.5215397430041735,3.6454769073526903,3.3256463573524924,0,0,0,0,0,0,0.25070616079062885
1335187800,3.377,3.5315,3.238,3.460001,3.596714780601547,3.5156789103371096,3.5836516049017937,3.3309151668680808,0,0,0,0,0,0,0.2537628635912982
1335792600,3.442,3.495,3.1565,3.163,3.517857547764902,3.4820904426859562,3.4434344032678625,3.32433025836345,0,0,0,0,0,0,0.2598155161919197
1336397400,3.156,3.199001,3.061,3.094,3.4407925390803746,3.445129448144437,3.3269562688452416,3.3152976992119423,0,0,0,0,0,0,0.25111447932106834
1337002200,3.067999,3.166,2.971001,3.002,3.3610120774293972,3.4029266435592525,3.2186375125634945,3.303011514929121,0,0,0,0,0,0,0.2471062307981349
1337607000,3,3.359,2.97,3.314999,3.352646063351325,3.3945525822678952,3.250758008375663,3.303481612382881,0,1,0,0,0,0,0.25724150002683954
1338298200,3.355,3.450999,3.086,3.098,3.30634677910563,3.3663094791947623,3.199838672250442,3.2954235099364935,1,0,0,0,0,0,0.2649384643106367
1338816600,3.122,3.403999,3.0175,3.384,3.32046554654097,3.367994290700023,3.2612257815002947,3.2988970977821213,0,0,0,0,0,0,0.27362135971701984
1339421400,3.409,3.449001,3.2655,3.407001,3.3361992653517025,3.371709215395259,3.3098175210001965,3.303136466496548,0,0,0,0,0,0,0.26718419116580416
1340026200,3.395,3.553999,3.381,3.48,3.362344853469575,3.3820226234528534,3.366545014000131,3.3100722913398206,0,0,0,0,0,0,0.2604566775111039
1340631000,3.438,3.594,3.392999,3.589999,3.4037365164751066,3.4018298974097245,3.4410296760000874,3.321049809326494,0,0,0,0,0,0,0.2562098434031679
1341235800,3.577,3.619,3.407001,3.448,3.4117844225705416,3.4062270500373697,3.4433531173333916,3.3260282481764354,0,0,0,0,0,0,0.2530519260172273
1341840600,3.45,3.4599,3.214,3.314999,3.394187073012261,3.397538664319525,3.4005684115555943,3.3255957286401046,0,1,0,0,0,0,0.25254107415885396
1342445400,3.297,3.639999,3.238,3.528,3.4185166961009408,3.4099635534319512,3.4430456077037297,3.333533151046375,0,0,0,0,0,0,0.2632166402903644
1343050200,3.464,3.647,3.373,3.613,3.4538772968098606,3.4293003578670036,3.4996970718024865,3.344492635319066,0,0,0,0,0,0,0.2639868802696241
1343655000,3.632001,3.764,3.572,3.711,3.5006268792080677,3.4561288952130034,3.5701313812016577,3.3588654731496908,0,0,0,0,0,0,0.2588449602503652
1344259800,3.719,3.77,3.677,3.714999,3.5396036284429644,3.4807831909070033,3.6184205874677717,3.3728314938104873,0,0,0,0,0,0,0.2469988916610534
1344864600,3.714999,3.788,3.598,3.684,3.5658575141806073,3.500137172725384,3.6402803916451814,3.385034180327723,1,0,0,0,0,0,0.24292754225669247
1345469400,3.695,3.695,3.541,3.605,3.572974329784133,3.5101241086562998,3.6285202610967877,3.3936602909031066,0,0,0,0,0,0,0.236575574952643
1346074200,3.607001,3.686,3.564,3.657001,3.588251906187018,3.5241123840223665,3.6380138407311917,3.4039873775343574,0,0,0,0,0,0,0.2283916053131685
1346765400,3.637,3.683,3.505,3.62,3.5940242868802876,3.533244537924998,3.632009227154128,3.4124584607683044,0,0,0,0,0,0,0.22479220493365645
1347283800,3.596001,3.619,3.445,3.506,3.5780198710838715,3.5306498200273793,3.5900061514360853,3.4161267564244495,0,0,0,0,0,0,0.22123561886696672
1347888600,3.519,3.611501,3.322,3.550999,3.5731069854322586,3.532587837167629,3.5770037676240567,3.4214158640156476,0,0,0,0,0,0,0.2261117175193262
1348493400,3.5,3.514,3.239,3.486501,3.5573604426263934,3.5281986145802358,3.546836178416038,3.4239682222895436,0,1,0,0,0,0,0.2322465234108029
1349098200,3.514,3.553999,3.4,3.444,3.536749453057958,3.5201796989059275,3.5125574522773584,3.4247537821997573,0,0,0,0,0,0,0.22665741459574557
1349703000,3.4,3.423,3.253999,3.29787,3.4933168252292384,3.4990073466291727,3.4409949681849055,3.4197779476036883,0,0,0,0,0,0,0.22403909926747803
1350307800,3.310001,3.460001,3.28,3.319,3.4616228570057404,3.481863789807347,3.400329978789937,3.415825871227073,0,0,0,0,0,0,0.22089352074837248
1350912600,3.348,3.399001,3.259,3.383,3.4473277920956056,3.4724481907780755,3.394553319193291,3.4145385821593446,0,0,0,0,0,0,0.21511548355206017
1351517400,3.362,3.485001,3.2815,3.397,3.438177284441859,3.4652626487992113,3.395368879462194,3.413850794623684,0,0,0,0,0,0,0.2142858775840559
1352125800,3.3,3.528,3.299001,3.348,3.421781414543339,3.454094777485001,3.379579252974796,3.4112684105207944,1,0,0,0,0,0,0.21533681489948048
1352730600,3.358,3.389,3.167999,3.194,3.3803666118990954,3.429323846295953,3.317719501983197,3.4027480806964494,0,1,0,0,0,0,0.21574139954951757
1353335400,3.228,3.374001,3.200999,3.355,3.3757545006447143,3.4222453847439573,3.3301463346554647,3.4008756069436474,0,0,0,0,0,0,0.21318851386740917
1353940200,3.375,3.542999,3.341,3.510001,3.400162955072948,3.43060306238739,3.39009788977031,3.405155034122328,0,0,0,0,0,0,0.21238926287687993
1354545000,3.539,3.558,3.395,3.425,3.4046787814233213,3.4300694373981147,3.40173192651354,3.4059332680783148,1,0,0,0,0,0,0.20886145838567421
1355149800,3.438,3.500999,3.05,3.113969,3.351822457528172,3.3999646338363894,3.3058109510090268,3.3944836889379886,0,1,0,0,0,0,0.2261569970724118
1355754600,3.139,3.25,3.100999,3.136,3.312582010704868,3.3748251448995905,3.2492073006726847,3.3843470736855186,0,0,0,0,0,0,0.2206458544243824
1356359400,3.128999,3.1565,3.069,3.115109,3.2766778269403467,3.350090273956772,3.2045078671151233,3.373788717854714,0,0,0,0,0,0,0.2111354362512122
1356964200,3.133,3.306,3.097,3.25,3.2718273129511926,3.34055786691327,3.219671911410082,3.368934258331,0,0,0,0,0,0,0.21098290509041132
1357569000,3.237,3.436501,3.209,3.434,3.301313256050976,3.3494571176834347,3.2911146076067213,3.3714858560435097,0,0,0,0,0,0,0.21216276901252476
1358173800,3.384,3.497,3.364,3.444,3.327256300405344,3.3584612017135838,3.3420764050711473,3.374329547963372,0,0,0,0,0,0,0.2065082855116301
1358865000,3.445,3.5,3.359,3.416,3.3433915185134633,3.363941087264671,3.366717603380765,3.3759636833373574,0,0,0,0,0,0,0.20182912226079938
1359383400,3.439999,3.63,3.411,3.625999,3.394774696965561,3.388898983715655,3.4531447355871765,3.385768989873147,1,0,0,0,0,0,0.20305561352788512
1359988200,3.575,3.621001,3.4535,3.532001,3.4197249338809135,3.4025277471713067,3.479430157058118,3.391503578505573,0,0,0,0,0,0,0.20087299827589336
1360593000,3.538,3.578,3.478,3.514,3.4368658549934747,3.413144152202611,3.490953438038745,3.3963073597406486,0,0,0,0,0,0,0.19366778411332955
1361284200,3.5,3.573,3.296001,3.409,3.431799335903752,3.4127494710404576,3.463635625359163,3.3968051103390544,0,0,0,0,0,0,0.1996200138195203
1361802600,3.413,3.437,3.266,3.37,3.420563093012161,3.408678092846128,3.432423750239442,3.3957539295414443,0,1,0,0,0,0,0.197575727118126
1362407400,3.356,3.541,3.300999,3.527,3.439915257919041,3.419946845908402,3.463949166826295,3.4009008342653093,0,0,0,0,0,0,0.20060610375254556
1363008600,3.508,3.698,3.497,3.6,3.4690215746610336,3.437094765345697,3.509299444550863,3.4087086446862775,1,0,0,0,0,0,0.2006342391987923
1363613400,3.558,3.608,3.503999,3.58,3.4891994701772093,3.450704787693726,3.532866296367242,3.415425952737796,0,0,0,0,0,0,0.19373186497030717
1364218200,3.587,3.598,3.525,3.589999,3.5075266574177166,3.4639709031514663,3.5519105309114947,3.4222719545912157,0,0,0,0,0,0,0.18510816032957095
1364823000,3.582001,3.6,3.333,3.433,3.493976356069041,3.461021293327517,3.51227368727433,3.4226926622543052,0,0,0,0,0,0,0.19095757744888728
1365427800,3.425,3.592,3.397,3.491,3.4934352004201243,3.463876408248706,3.5051824581828868,3.4253713813815874,0,0,0,0,0,0,0.19124632191682392
1366032600,3.467999,3.473,3.083,3.125999,3.426628618525556,3.4316976074631147,3.3787879721219247,3.413631287994074,0,0,0,0,0,0,0.20672872749419363
1366637400,3.136,3.319,3.057001,3.211,3.387423415157273,3.4106787877047227,3.322858648081283,3.4056849629746986,0,1,0,0,0,0,0.2106766041017512
1367242200,3.235001,3.278999,3.125,3.188,3.3511646124014054,3.389471284113797,3.277905765387522,3.3971482977600047,0,0,0,0,0,0,0.206628203808769
1367847000,3.205,3.414,3.196001,3.406,3.3611346828738773,3.3910454475315306,3.320603843591681,3.397495423338044,0,0,0,0,0,0,0.2080119035367141
1368451800,3.383,3.478,3.333,3.442999,3.376019104169536,3.39599340490948,3.3614022290611207,3.3992798773247874,0,0,0,0,0,0,0.20351105328409164
1369056600,3.424001,3.524001,3.3675,3.410001,3.382197630684166,3.3973274615847675,3.3776018193740804,3.399700313508129,0,0,0,0,0,0,0.20015319233522796
1369747800,3.453,3.826601,3.400999,3.773,3.4532526069234084,3.4331057985766944,3.5094012129160537,3.414339516899967,1,0,0,0,0,0,0.2162566785969974
1370266200,3.767999,3.819,3.614999,3.728999,3.503388314755516,3.461286103474152,3.5826004752773692,3.4266791044725173,0,0,0,0,0,0,0.21538127298292614
1370871000,3.75,3.78,3.562,3.759,3.5498631666181493,3.4896398079051854,3.6414003168515796,3.439711296453987,0,0,0,0,0,0,0.21556832491271713
1371475800,3.78,3.887,3.661501,3.738,3.5840698635966675,3.513293159533263,3.6736002112343864,3.451408892671478,0,0,0,0,0,0,0.21627765884752306
1372080600,3.698,3.784,3.610001,3.738,3.6120571611245462,3.5346938110062855,3.695066807489591,3.4626477596255376,0,0,0,0,0,0,0.21325775464412855
1372685400,3.785001,3.917999,3.734,3.881,3.6609558591019016,3.5676753528152108,3.7570445383263937,3.4790537298363007,0,0,0,0,0,0,0.21116784359811938
1373290200,3.892999,3.903,3.719,3.895,3.7035093392651923,3.5988491287375717,3.8030296922175957,3.4953653482740927,0,0,0,0,0,0,0.20922728334111088
1373895000,3.898,3.974001,3.745,3.785001,3.7183260048533393,3.6165778783816123,3.7970201281450637,3.506723609126089,1,0,0,0,0,0,0.21063969167388866
1374499800,3.823,3.823,3.63,3.678,3.710994003970914,3.62242760425003,3.757346752096709,3.513440330336831,0,1,0,0,0,0,0.2093797136971823
1375104600,3.662,3.752,3.634,3.749001,3.7179043668852936,3.6344822133690746,3.754564834731139,3.522678003656955,0,0,0,0,0,0,0.20285259129024072
1375709400,3.722,3.760001,3.667999,3.683,3.7115581183606947,3.639102954952972,3.7307098898207594,3.528965140768447,0,0,0,0,0,0,0.1949346919123664
1376314200,3.684,3.812,3.575,3.625,3.69582027865875,3.6377598163860223,3.6954732598805062,3.5327312136794884,0,1,0,0,0,0,0.19793935677576877
1376919000,3.632001,3.713,3.608,3.674001,3.691853137084432,3.6412113576825917,3.6883158399203375,3.5382712052999006,0,0,0,0,0,0,0.19130083129178527
1377523800,3.695,3.945,3.6355,3.850999,3.720788748523626,3.6611911331413927,3.7425435599468915,3.550535040386179,0,0,0,0,0,0,0.19974362905665774
1378215000,3.882001,3.92,3.803999,3.856,3.745372612428421,3.679744358556498,3.7803623732979275,3.56251405841025,0,0,0,0,0,0,0.19376201269546786
1378733400,3.887,3.967,3.861,3.899001,3.7733050465323443,3.7006259434558793,3.8199085821986185,3.575709624747103,0,0,0,0,0,0,0.1878504403600773
1379338200,3.937,4.258,3.903999,4.162,3.8439768562537364,3.7445663297934146,3.933939054799079,3.5987014041687853,0,0,0,0,0,0,0.20007533747721462
1379943000,4.258,4.277,4.142,4.27,3.921435609662148,3.7946076317178514,4.045959369866052,3.625026839299421,0,0,0,0,0,0,0.195427099085985
1380547800,4.210001,4.372501,4.197,4.35,3.999356407905394,3.847502142982818,4.147306246577368,3.6534571593268947,0,0,0,0,0,0,0.19400380629412892
1381152600,4.35,4.367,4.183,4.328999,4.059291424649868,3.893358986508264,4.207870497718245,3.6799489962160363,0,0,0,0,0,0,0.19328924870169115
1381757400,4.313,4.628,4.300999,4.606,4.158692983804437,3.9612295592217626,4.340580331812164,3.716264721854623,0,0,0,0,0,0,0.20284008808014178
1382362200,4.614999,4.721001,4.471001,4.563,4.232203350385449,4.018541029772071,4.414720221208109,3.7494700268799317,1,0,0,0,0,0,0.2062086532172745
1382967000,4.535,4.628,4.44,4.472,4.275802741224458,4.0617275983652075,4.433813480805406,3.7778045356297385,0,0,0,0,0,0,0.2049080351303263
1383575400,4.509,4.55,4.31,4.435,4.304747697365466,4.097277350901854,4.434208987203604,3.8035769067815135,0,0,0,0,0,0,0.20741460404958872
1384180200,4.444,4.538,4.258,4.461,4.333157206935381,4.131917603196916,4.443139324802403,3.8293582045547874,0,0,0,0,0,0,0.21259927518890384
1384785000,4.461,4.472,4.245,4.33,4.332583169310766,4.150782593368638,4.405426216534935,3.8489912161408744,0,1,0,0,0,0,0.21362789838969645
1385389800,4.393,4.509,4.34,4.473,4.358113502163354,4.181469965428768,4.42795081102329,3.873462148841232,0,0,0,0,0,0,0.2111544770761467
1385994600,4.549,4.831,4.442,4.696,4.419547410860926,4.2304728258641235,4.517300540682194,3.905718535161184,0,0,0,0,0,0,0.22385772871356482
1386599400,4.709,4.754,4.5605,4.565,4.445993336158939,4.262332556734207,4.533200360454796,3.9315727102529023,0,0,0,0,0,0,0.22168931951973872
1387204200,4.971,5.454,4.836,5.165,4.5767218204936775,4.348300884664282,4.743800240303197,3.9799424078900434,1,0,0,0,0,0,0.26935436812547164
1387809000,5.228,5.306,5.18,5.278,4.704226944040282,4.436843657553398,4.921866826868798,4.030846627188473,0,0,0,0,0,0,0.26018619897365225
1388413800,5.279,5.33,5.189,5.285,4.809822045123867,4.517620452072122,5.042911217912532,4.080029112396768,0,0,0,0,0,0,0.25167289904696283
1389018600,5.28,5.417,5.243,5.33,4.904399855101346,4.594989932827158,5.138607478608354,4.129047578577287,0,0,0,0,0,0,0.2461248348293226
1389623400,5.362,5.7175,5.239,5.614,5.033418063264738,4.692038510653143,5.297071652405569,4.187281006868374,0,0,0,0,0,0,0.26272306091294245
1390314600,5.661,5.718,5.415,5.449,5.108978415398422,4.76413008106713,5.347714434937046,4.236760183069614,1,0,0,0,0,0,0.26559998513344657
1390833000,5.462,5.594,5.296,5.46375,5.173482339871436,4.830760549536927,5.3863929566246975,4.284877430792374,0,0,0,0,0,0,0.26791427190962896
1391437800,5.48,5.684,5.296,5.657,5.261394641712993,4.909450021009601,5.476595304416465,4.338686158996595,0,0,0,0,0,0,0.276491823916084
1392042600,5.619,5.98,5.557,5.808,5.360777434128813,4.995026209484877,5.587063536277643,4.396306309624179,0,0,0,0,0,0,0.2869566936363637
1392733800,5.851,5.95,5.749,5.855,5.450636082469028,5.076928475248222,5.676375690851763,4.453509983756564,0,0,0,0,0,0,0.2808169298051949
1393252200,5.851,6.349,5.839,6.17,5.581429522020114,5.181030525224582,5.840917127234508,4.520823317726895,0,0,0,0,0,0,0.2971871491048238
1393857000,6.115,6.423,6.0851,6.275,5.707533245289184,5.285218094250812,5.985611418156339,4.589614560168977,0,0,0,0,0,0,0.30009520988305066
1394458200,6.293,6.45,6.045,6.268,5.8094362916002416,5.3788163709888295,6.0797409454375595,4.6554335970250955,0,0,0,0,0,0,0.30758840917711844
1395063000,6.303,6.583,6.276,6.39,5.914993329491106,5.475119573751798,6.183160630291706,4.723455808906464,1,0,0,0,0,0,0.30811780852160997
1395667800,6.403,6.498,6.184,6.411,6.005176360492723,5.564251042918293,6.259107086861137,4.78963401247876,0,0,0,0,0,0,0.30853796505578074
1396272600,6.45,6.558,6.004,6.18,6.0369624767667736,5.622893800735599,6.232738057907425,4.844158168852141,0,0,0,0,0,0,0.32607096755179643
1396877400,6.1,6.256,5.846,5.853,6.003514753718269,5.644808676856019,6.106158705271617,4.883720593603038,0,0,0,0,0,0,0.3320658984409538
1397482200,5.845,6.166,5.727,6.089,6.019057525769493,5.68711261239354,6.100439136847744,4.930986452677429,0,1,0,0,0,0,0.3397040485523143
1398087000,6.097,6.548,6.082,6.234,6.0581379756295854,5.739197125498918,6.144959424565163,4.982085023160667,0,0,0,0,0,0,0.3487251879414347
1398691800,6.291,6.4989,6.0005,6.427,6.125203798242388,5.804702161165688,6.238972949710108,5.038748355585739,0,0,0,0,0,0,0.35941624594561794
1399296600,6.387,6.893,6.302,6.741,6.237166744016499,5.893873383911813,6.406315299806739,5.105503322033357,0,0,0,0,0,0,0.37595794266378807
1399901400,6.793,6.96,6.711,6.848,6.348227336013499,5.984742585444021,6.5535435332044925,5.173836525090873,0,0,0,0,0,0,0.3668895181878032
1400506200,6.91,7.061,6.692,7.055,6.476731456738317,6.086671863020781,6.720695688802995,5.247607641753976,0,0,0,0,0,0,0.3670402668886744
1401197400,7.103,7.2,6.941,7.067,6.584053010058623,6.1800364474949925,6.836130459201997,5.318956361685192,0,0,0,0,0,0,0.35932310496805486
1401715800,7.121,7.235,7.06,7.163,6.689316099138874,6.273652023924041,6.945086972801332,5.391271798481851,0,0,0,0,0,0,0.34615716889890813
1402320600,7.188,7.25,7.091,7.142,6.771622262931806,6.35635183116937,7.010724648534222,5.459927806384523,1,0,0,0,0,0,0.3327887996918433
1402925400,7.147,7.195,7.034,7.157,6.84169094239875,6.432604037724668,7.059483099022814,5.526479657114542,0,0,0,0,0,0,0.3205181711424259
1403530200,7.161,7.23,7.006,7.094,6.887565316508068,6.495594129369938,7.070988732681876,5.58795104311005,0,1,0,0,0,0,0.3136240160608241
1404135000,7.092,7.537,7.092,7.518,7.002189804415692,6.5929661170489915,7.219992488454584,5.663639237497891,0,0,0,0,0,0,0.3230080149136224
1404739800,7.543,7.555,7.205,7.32,7.059973476340112,6.662207439234802,7.25332832563639,5.728594561517582,0,0,0,0,0,0,0.3249360138483636
1405344600,7.457,7.526,7.166,7.5,7.139978298823728,6.741997206926725,7.335552217090926,5.798061441458069,0,0,0,0,0,0,0.3274405842877662
1405949400,7.452,7.644,6.971,6.992,7.11307315358305,6.765806996743227,7.221034811393951,5.8448825614008895,1,0,0,0,0,0,0.3521233996957829
1406554200,7.002,7.1172,6.871,7.044,7.100514398386132,6.792301568481967,7.162023207595967,5.891906774679286,0,1,0,0,0,0,0.34455744257465554
1407159000,7.032,7.16,6.932,7.043,7.090057235043199,6.816177609578923,7.122348805063978,5.937047685476177,0,0,0,0,0,0,0.33623191096218014
1407763800,7.051,7.489,7.046,7.479,7.160774101398981,6.879303551523788,7.241232536709319,5.9975164036927975,0,0,0,0,0,0,0.3440724887505958
1408368600,7.531,7.664,7.435,7.621,7.244451537508257,6.949941308521522,7.367821691139546,6.0611824270773935,0,0,0,0,0,0,0.3358530252684104
1408973400,7.7,8.48,7.495,8.209,7.419823985234029,7.069851660090901,7.648214460759697,6.145410567192005,0,0,0,0,0,0,0.3822206663206668
1409664600,8.297,8.8059,8.23956,8.788,7.668583260646024,7.233484835320339,8.028142973839799,6.2490415253413385,0,0,0,0,0,0,0.3975549044406192
1410183000,8.807,8.967,8.74,8.785,7.871568122346747,7.38124818433745,8.280428649226533,6.348490877288737,0,0,0,0,0,0,0.3853724112662893
1410787800,8.814,9.088,8.567,8.91,8.060373918283702,7.526843595352931,8.490285766151022,6.448942215434276,1,0,0,0,0,0,0.39506009617584
1411392600,8.864,8.917,8.577,8.75,8.185760478595755,7.643334681509795,8.576857177434015,6.5391797756133245,0,0,0,0,0,0,0.39112723216328
1411997400,8.641,8.79199,8.084,8.347,8.215076755214708,7.710350426127909,8.500238118289342,6.610074686373586,0,0,0,0,0,0,0.41376028700876005
1412602200,8.407,8.451,6.87501,7.136,8.018880981539306,7.655650385544298,8.045492078859562,6.6306992084765835,0,1,0,0,0,0,0.49677669507956296
1413207000,7.08,7.97,6.88,7.715,7.963629893986705,7.661302729778175,7.935328052573041,6.673220808144168,0,0,0,0,0,0,0.5391497882881656
1413811800,7.667,8.299,7.58,8.185,8.00387900417094,7.7111786602754915,8.018552035048694,6.732506266648318,0,0,0,0,0,0,0.5519962319818681
1414416600,8.151,8.792,8.0121,8.625,8.116810094321679,7.798209264058778,8.220701356699129,6.8067217071719135,0,0,0,0,0,0,0.5682750725545918
1415025000,8.644,8.793,8.474,8.504,8.187208258990465,7.865427429386513,8.31513423779942,6.873281640223995,0,0,0,0,0,0,0.5504697102292637
1415629800,8.492,8.905,8.35,8.9015,8.317079484628563,7.964101007540179,8.51058949186628,6.952819615117172,0,0,0,0,0,0,0.5507933023557449
1416234600,8.878,9.2,8.759,9.021,8.445065032877915,8.064758054441114,8.680726327910854,7.033924728249832,0,0,0,0,0,0,0.5429509236160487
1416839400,9.055,9.44334,9.038,9.34,8.607780481445566,8.186209668303865,8.900484218607236,7.124359052632191,0,0,0,0,0,0,0.5343358576434737
1417444200,9.305,10.5,8.972,10.399,8.933456757546372,8.396951604655879,9.39998947907149,7.252776344685831,1,0,0,0,0,0,0.605311867811797
1418049000,10.4,10.417,9.725,9.92,9.112828256174303,8.542003832783891,9.573326319380993,7.357373350776583,0,0,0,0,0,0,0.6115038772538115
1418653800,9.997,10.235,9.55,10.015,9.276859482324431,8.682289182042568,9.720550879587329,7.461594003687305,0,0,0,0,0,0,0.6167536003071107
1419258600,10.1,10.25,10,10.062,9.419612303719989,8.813690212324229,9.834367253058218,7.563570709425058,0,0,0,0,0,0,0.5905569145708885
1419863400,10.062,10.303,9.913,10.009,9.526773703043627,8.92752923972192,9.892578168705478,7.659469897290742,0,0,0,0,0,0,0.5762314206729678
1420468200,10.007,10.58,9.518,10.4895,9.701814847944785,9.076288359748403,10.09155211247032,7.770451469946007,0,1,0,0,0,0,0.6109291763391844
1421073000,10.507,10.738,10.001,10.382,9.825484875591188,9.200641849296174,10.188368074980213,7.872865137791262,0,0,0,0,0,0,0.6199342351720999
1421764200,10.369,10.75,10.152,10.698,9.984123989120063,9.343247387458444,10.358245383320142,7.98365474023082,0,0,0,0,0,0,0.6183675040883785
1422282600,10.674,10.834,10.227,10.288,10.039374172916414,9.433223826748115,10.33483025554676,8.074021221006083,0,0,0,0,0,0,0.6175555395106371
1422887400,10.325,10.711,9.916,10.474,10.118397050567975,9.532345367057818,10.381220170364507,8.168138035868589,0,1,0,0,0,0,0.6302301438313059
1423492200,10.395,11.02,10.182,11.015,10.281415768646525,9.673550570195168,10.592480113576338,8.2797796815208,0,0,0,0,0,0,0.6450708478433554
1424183400,11.02,11.216,10.909,11.206,10.449521992528975,9.819498134938485,10.796986742384226,8.394533419500377,0,0,0,0,0,0,0.6209229301402585
1424701800,11.3,12.989,11.161,12.762,10.86997253934189,10.099736407801487,11.451991161589484,8.565806618735657,0,0,0,0,0,0,0.7071427208445258
1425306600,12.721,13.154,12.437,12.789,11.218886623097909,10.355856749915631,11.897660774392989,8.731422045451906,0,0,0,0,0,0,0.707846812212774
1425907800,12.779,12.859,12.155,12.5,11.451816327989198,10.560060868971286,12.098440516261993,8.879209416218497,0,0,0,0,0,0,0.7075720399118616
1426512600,12.687,13.418,12.67,13.329,11.79312245017298,10.823769357640687,12.508627010841328,9.053711007739341,0,0,0,0,0,0,0.7226026084895857
1427117400,13.5,13.628,11.696,12.821,11.980009277414256,11.013981799770146,12.612751340560886,9.20144783096525,1,1,0,0,0,0,0.8089881364546153
1427722200,12.983,13.09,12.361,12.502,12.074916681520754,11.155697818839656,12.575834227040591,9.33088124935877,0,0,0,0,0,0,0.8032746981364285
1428327000,12.337,12.797,12.25,12.682,12.185295466698799,11.301059931331118,12.611222818027061,9.462297670952543,0,0,0,0,0,0,0.7849693625552551
1428931800,12.725,12.74664,12.094,12.185,12.185241745480836,11.385244699775773,12.469148545351374,9.569070311307344,0,0,0,0,0,0,0.7755172652298797
1429536600,12.25,12.8,11.587,11.95,12.142470519029775,11.439030918844747,12.296099030234249,9.662440103020781,1,0,0,0,0,0,0.8067660319991742
1430141400,12,12.343,11.456,12.28,12.16747587920618,11.519123212288104,12.290732686822832,9.765089510745456,0,1,0,0,0,0,0.812497029713519
1430746200,12.283,12.493,11.539,12.333,12.197571173895964,11.596635287308285,12.304821791215222,9.865791882873085,0,0,0,0,0,0,0.8226043847339819
1431351000,12.357,12.95,12.13,12.787,12.304740051369425,11.710003355183686,12.465547860810148,9.980349063936885,0,0,0,0,0,0,0.8224183572529832
1431955800,12.795,13.38299,12.728,13.264,12.479150951120438,11.858003035642382,12.731698573873432,10.109119688880536,0,0,0,0,0,0,0.8104591888777701
1432647000,13.436,14.924,13.064,14.807,12.902396232734905,12.138859889390726,13.423465715915622,10.293350289316594,0,0,0,0,0,0,0.8854263896722151
1433165400,14.824,15.05,13.931,14.381,13.171233281328558,12.352397042782085,13.742643810610415,10.453650277970846,1,0,0,0,0,0,0.9021102189813427
1433770200,14.357,14.398,13.65101,14.047,13.330463593814274,12.513787800612363,13.844095873740278,10.594565953344539,0,0,0,0,0,0,0.8910302033398183
1434375000,13.916,14.402,13.901,14.289,13.504742940393497,12.682855629125472,13.992397249160184,10.739445719880047,0,0,0,0,0,0,0.8631709031012598
1434979800,14.416,14.514,13.475,13.515,13.506607860321951,12.762107473970666,13.833264832773457,10.848290985767104,1,0,0,0,0,0,0.8757301243083127
1435584600,13.285,13.775,13.104,13.764,13.553406431172505,12.857525809782983,13.810176555182304,10.962632515737022,0,0,0,0,0,0,0.8611065440005762
1436189400,13.616,13.761,12.372,12.984,13.44987798914114,12.869570970756032,13.534784370121535,11.041901828845374,0,1,0,0,0,0,0.8990275051433921
1436794200,13.138,13.5,12.846,13.366,13.434627445660933,12.916849925922124,13.478522913414357,11.133042933596535,0,0,0,0,0,0,0.8815255404902926
1437399000,13.455,13.638,12.538,12.848,13.327967910086217,12.910292790120018,13.268348608942905,11.200296151886867,0,0,0,0,0,0,0.8971308590267003
1438003800,12.735,12.955,12.352,12.514,13.179973744615996,12.872550619632397,13.016899072628602,11.251813949852089,0,0,0,0,0,0,0.8761215119533645
1438608600,12.642,12.749,11.876,12.255,13.01179670014036,12.813736274905503,12.762932715085736,11.291154579269653,0,0,0,0,0,0,0.8758985468138386
1439213400,12.349,12.74,12.062,12.196,12.863470027387567,12.754904248724026,12.57395514339049,11.32663871341594,0,0,0,0,0,0,0.8617629363271359
1439818200,12.132,12.577,11.133,11.145,12.551020931498918,12.601580034559833,12.097636762260327,11.319515626615315,0,0,0,0,0,0,0.9033512980180547
1440423000,10.109,12.772,10,12.762,12.589380762135479,12.616858126506516,12.319091174840219,11.376083641257852,0,1,0,0,0,0,1.0368262053024793
1441027800,12.664,12.804,11.81,12.115,12.503129714474483,12.569062114458276,12.251060783226812,11.405060753365387,0,0,0,0,0,0,1.0337671906380164
1441719000,12.54,13.179,12.48,13.108,12.613106130024576,12.620389532128916,12.536707188817875,11.47184268460596,0,0,0,0,0,0,1.0359266770210152
1442237400,13.25,13.495,12.66,12.759,12.639632288201925,12.63359052906902,12.61080479254525,11.522319442072392,1,0,0,0,0,0,1.021574771519514
1442842200,12.837,12.938,11.945,12.674,12.645880963074303,12.637439050110066,12.631869861696833,11.567483385520534,0,0,0,0,0,0,1.0195337164109772
1443447000,12.596,12.817,11.80571,12.333,12.588993515242612,12.608444854861489,12.532246574464555,11.597503644911885,0,0,0,0,0,0,1.0189448795244789
1444051800,12.396,12.487,11.153,11.691,12.425721967016683,12.52106915439849,12.251831049643037,11.60117016864083,0,1,0,0,0,0,1.0414488167013018
1444656600,11.759,12.199,11.238,12.107,12.367772518468195,12.48163399683673,12.203554033095358,11.6210066326157,0,0,0,0,0,0,1.035702472651209
1445261400,12.1,12.984,11.737,12.958,12.475086606019433,12.527002187614183,12.455036022063572,11.673437745062143,1,0,0,0,0,0,1.0507951531761226
1445866200,12.806,12.806,11.872,12.313,12.4456163140159,12.506621026889023,12.407690681375716,11.698518617804805,0,0,0,0,0,0,1.0533097850921138
1446474600,12.366,12.979,12.006,12.967,12.540413347831192,12.550466643375783,12.594127120917143,11.748262985734028,0,0,0,0,0,0,1.0475733718712485
1447079400,12.837,12.894,11.521,11.754,12.397429102770975,12.474612677339994,12.314084747278095,11.748487966685635,0,1,0,0,0,0,1.0760324167375879
1447684200,11.747,12.667,11.708,12.64,12.441532902267161,12.490363850926661,12.422723164852064,11.783449222894042,0,0,0,0,0,0,1.0676729583991886
1448289000,12.675,13.045,12.341,13.004,12.543799647309495,12.539281579409836,12.616482109901376,11.831313959251139,0,0,0,0,0,0,1.0416963185135324
1448893800,12.943,14.789,12.712,14.756,12.946017893253224,12.750397619466042,13.32965473993425,11.946007529476585,0,0,0,0,0,0,1.1156465814768515
1449498600,14.669,14.972,14.43,14.442,13.218014639934456,12.911502608088323,13.7004364932895,12.04388958714417,1,0,0,0,0,0,1.0746718256570764
1450103400,14.414,14.55,13.855,14.02,13.363830159946373,13.017073788270388,13.806957662193,12.121384113138516,0,0,0,0,0,0,1.0475524095387139
1450708200,14.31,14.7285,14.186,14.632,13.594406494501577,13.170876284625589,14.081971774795333,12.219839638113477,0,0,0,0,0,0,1.0233343802859487
1451313000,14.59,14.889,14.393,14.515,13.761787131864926,13.2988880670422,14.226314516530222,12.309845926814909,1,0,0,0,0,0,0.9856676388369523
1451917800,14.207,14.33,12.806,12.82,13.590553107889486,13.253279679704846,13.757543011020148,12.329851968900599,0,0,0,0,0,0,1.0373342360628843
1452522600,12.95,13.167,11.93,11.997,13.300816179182306,13.133633995923432,13.1706953406801,12.31679895051234,0,0,0,0,0,0,1.0515960763441068
1453213800,12.276,12.648,11.717,12.451,13.146304146603704,13.068621234406915,12.930796893786733,12.322061736766758,0,1,0,0,0,0,1.0429820708909563
1453732200,12.443,13.434,12.009,13.371,13.187157938130303,13.097419212082448,13.077531262524488,12.363196570619042,0,0,0,0,0,0,1.0702690658273164
1454337000,13.334,13.869,12.698,12.836,13.12331104028843,13.072522144265072,12.997020841682993,12.381737881575159,1,0,0,0,0,0,1.0774641325539365
1454941800,12.699,12.699,11.425,12.166,12.949254487508716,12.986186701954113,12.72001389445533,12.37327757249378,0,1,0,0,0,0,1.101288123085798
1455633000,12.327,13.1991,12.295,12.867,12.934299126143495,12.974835587482293,12.76900926297022,12.392639236317553,0,0,0,0,0,0,1.096417542865384
1456151400,13,13.497,12.541,13.311,13.002790194117406,13.006851245817312,12.949672841980147,12.428653383912943,0,0,0,0,0,0,1.0863877183749993
1456756200,13.334,14.786,13.29,14.606,13.29428288609606,13.159151127168045,13.501781894653432,12.514039525720278,0,0,0,0,0,0,1.1156457384910707
1457361000,14.476,15.002,13.941,14.882,13.582958724987686,13.32323197219966,13.961854596435622,12.60690072079007,0,0,0,0,0,0,1.1117424714559943
1457962200,14.711,15.3,14.608,15.249,13.88587532044447,13.506638451037787,14.390903064290415,12.710512457229676,0,0,0,0,0,0,1.0817608663519946
1458567000,15.259,15.561,15.083,15.3,14.142988898545475,13.677434789034189,14.69393537619361,12.812060988318708,0,0,0,0,0,0,1.0386350901839951
1459171800,15.328,15.792,15.116,15.78,14.440627280628116,13.877679094840456,15.055956917462407,12.92845075348268,0,0,0,0,0,0,1.0127325837422811
1459776600,15.8,15.8328,15.371,15.615,14.654149593241186,14.043138228665175,15.242304611641604,13.033805625895125,0,0,0,0,0,0,0.9733802563321182
1460381400,15.743,15.965,15.3,15.549,14.816849667197333,14.186553635458967,15.344536407761069,13.132440699389434,1,0,0,0,0,0,0.9513530951655383
1460986200,15.535,15.67658,14.873,15.033,14.856149727706908,14.267167574939066,15.24069093850738,13.20697243666828,0,0,0,0,0,0,0.9407978740822857
1461591000,15.025,15.411,14.325,14.575,14.805031595396562,14.296484948754394,15.018793959004919,13.26062057640678,0,0,0,0,0,0,0.9511694545049796
1462195800,14.616,14.683,13.918,14.189,14.693025850779005,14.286248286968261,14.742195972669945,13.297027612626122,0,1,0,0,0,0,0.9378716363260525
1462800600,14.2,14.622,13.952,14.005,14.567930241546458,14.259462735828427,14.496463981779964,13.324791235660392,0,0,0,0,0,0,0.9187379480170488
1463405400,14.087,14.767,13.988,14.673,14.587033833992557,14.2988472371781,14.555309321186643,13.377662167595279,0,0,0,0,0,0,0.908756666015831
1464010200,14.819,15.425,14.788,15.33,14.722118591448455,14.397052262208756,14.813539547457761,13.45422443553272,0,0,0,0,0,0,0.8975597613004146
1464701400,15.4,16.6,15.33,16.256,15.001006120276008,14.57409490390316,15.294359698305174,13.564097987080455,1,0,0,0,0,0,0.9241626354932422
1465219800,16.34,16.595,16,16.082,15.197550462044006,14.717704913055242,15.556906465536782,13.662839242489065,0,0,0,0,0,0,0.9006510186722962
1465824600,16.014,16.225,15.493,15.6,15.270723105308733,14.80173301657379,15.571270977024522,13.738806331018905,0,0,0,0,0,0,0.8886045173385609
1466429400,15.84,15.96,14.84,14.872,15.1982279952526,14.80842511023343,15.338180651349681,13.783245298429929,0,0,0,0,0,0,0.9051327661000924
1467034200,14.65,15.7239,14.227,15.422,15.238913814297582,14.866860814020722,15.366120434233121,13.847510188687579,0,1,0,0,0,0,0.9474018542358001
1467725400,15.158,15.5251,14.716,15.514,15.288929484425294,14.928493117447319,15.415413622822081,13.912862730307674,0,0,0,0,0,0,0.9375231503618144
1468243800,15.71,16.157,15.628,16.116,15.439305941802512,15.041589011023765,15.648942415214721,13.99926027029561,0,0,0,0,0,0,0.9164857824788278
1468848600,16.242,16.377,15.669,15.967,15.535250316020237,15.129723390926264,15.754961610143148,14.076426534205586,0,0,0,0,0,0,0.9015939408731972
1469453400,15.964,16.76,15.927,16.198,15.655750258562012,15.231464020361859,15.902641073428766,14.159625493648504,0,0,0,0,0,0,0.896694373667969
1470058200,16.278,17.02,16.12803,17.012,15.902341120641646,15.401038875565492,16.272427382285844,14.271483317426993,0,0,0,0,0,0,0.8963569184059713
1470663000,17,17.3155,16.7855,17.247,16.146824553252255,15.576844696940206,16.597284921523897,14.388170246155346,0,0,0,0,0,0,0.8701885670912591
1471267800,17.337,17.581,17.176,17.493,16.39158372538821,15.759335678183996,16.895856614349263,14.509928275717881,0,0,0,0,0,0,0.8369608122990264
1471872600,17.5,17.865,17.406,17.716,16.632386684408534,15.945684661214091,17.169237742899508,14.635656578630906,0,0,0,0,0,0,0.8099636114205245
1472477400,17.73,17.942,16.88,17.311,16.75577092360698,16.075714693479416,17.216491828599672,14.74057200691989,1,0,0,0,0,0,0.8279662106047728
1473168600,17.362,17.4,16.067,16.078,16.63253984658753,16.075932341719472,16.83699455239978,14.793020163511267,0,0,0,0,0,0,0.8640400527044318
1473687000,15.913,17.3,15.87501,17.124,16.72189623811707,16.17574830917476,16.932663034933185,14.884431137491218,0,1,0,0,0,0,0.9041079060826868
1474291800,17.155,17.358,16.551,16.665,16.71155146755033,16.222343708300976,16.84344202328879,14.954257367393524,0,0,0,0,0,0,0.8971716270767808
1474896600,16.51,17.465,16.276,17.252,16.809814837086634,16.32040621227231,16.97962801552586,15.044364921613386,0,0,0,0,0,0,0.9180165108570107
1475501400,17.301,17.495,16.808,17.421,16.92093941216179,16.425224668246376,17.126752010350575,15.137566297236392,0,0,0,0,0,0,0.9015153315100815
1476106200,17.473,17.59,16.68,17.009,16.936950428132374,16.48082231888958,17.087501340233718,15.210955854207514,0,0,0,0,0,0,0.9021213792593613
1476711000,16.97,17.458,16.873,17.292,17.00150489574467,16.55807733613819,17.155667560155813,15.292565428552317,0,0,0,0,0,0,0.8794698521694067
1477315800,17.416,17.7,16.904,16.935,16.989413096518366,16.59397473269646,17.08211170677054,15.356974627432619,0,0,0,0,0,0,0.8735077198715918
1477920600,17,17.534,16.583,17.217,17.030792533515026,16.653310472439653,17.12707447118036,15.42991679890585,0,0,0,0,0,0,0.8790428827379068
1478529000,17.439,17.802,16.33001,16.754,16.980466618330475,16.662899951254925,17.002716314120242,15.481841630321307,1,0,0,0,0,0,0.9213962482566276
1479133800,16.647,16.916,16.302,16.816,16.950563596815844,16.677480908278266,16.940477542746827,15.534161566387139,0,0,0,0,0,0,0.8994393733811543
1479738600,16.913,17.776,16.913,17.675,17.08227930648569,16.77248272653748,17.185318361831218,15.618116014764114,0,0,0,0,0,0,0.9037651324253576
1480343400,17.606,17.707,16.062,16.422,16.962228523488292,16.739103419248195,16.93087890788748,15.649640876930228,0,1,0,0,0,0,0.9567104801092606
1480948200,16.601,18.19,16.24,17.909,17.134368791944965,16.85052214122456,17.256919271924986,15.738243195481983,0,0,0,0,0,0,1.027659731530028
1481553000,17.805,18.194,17.623,17.842,17.263029011591335,16.944948603965077,17.451946181283322,15.820743462325828,0,0,0,0,0,0,0.9950411792778829
1482157800,17.907,18.399,17.812,18.194,17.432296464029275,17.063905879777927,17.69929745418888,15.913812346156186,1,0,0,0,0,0,0.965895380758034
1482849000,18.211,18.37,17.602,17.677,17.476788016023953,17.122295795989555,17.691864969459253,15.982956960032414,0,0,0,0,0,0,0.9517599964181745
1483453800,17.829,18.09,17.331,17.659,17.50991746765596,17.17341048208579,17.6809099796395,16.04868413807036,0,1,0,0,0,0,0.9379914252454479
1483972200,17.665,18.078,17.54,18.045,17.60720520080942,17.256419007601426,17.802273319759667,16.12697103461662,0,0,0,0,0,0,0.9094206091564873
1484663400,17.948,19.1535,17.756,19.108,17.880076982480436,17.43276005449653,18.237515546506444,16.24387413129832,0,0,0,0,0,0,0.9442834227881668
1485181800,19.101,20.579,18.842,20.571,18.36933571293854,17.731640049306385,19.015343697670964,16.41356534183564,0,0,0,0,0,0,1.000906035446155
1485786600,20.445,20.66,19.886,20.616,18.777820128767896,18.00634099699149,19.548895798447308,16.57836670097934,0,0,0,0,0,0,0.9846984614857154
1486391400,20.615,20.875,20.363,20.552,19.100398287173732,18.24878471156373,19.883263865631537,16.73419545780368,0,0,0,0,0,0,0.9509342856653072
1486996200,20.678,21.041,20.48,21.041,19.453234962233054,18.514709977129087,20.269175910421026,16.903089753576083,0,0,0,0,0,0,0.9230818366892138
1487687400,21.1,21.5955,20.261,21.037,19.741192241827044,18.754928074545365,20.52511727361402,17.065203880886823,0,1,0,0,0,0,0.9524688483542701
1488205800,21.067,22.498,21.019,21.832,20.1213391069494,19.047982543636284,20.96074484907601,17.252137062028517,0,0,0,0,0,0,0.9900782163289653
1488810600,21.637,22.641,21.517,22.635,20.578368360231327,19.38960325376616,21.51882989938401,17.463229726262693,0,0,0,0,0,0,0.9996440580197534
1489411800,22.586,22.775,22.085,22.118,20.858301385643813,19.64945056293129,21.718553266256006,17.64576973699749,1,0,0,0,0,0,0.9775266253040567
1490016600,22.118,22.298,21.539,21.897,21.04715567916312,19.863502890271167,21.778035510837338,17.812484649272097,0,0,0,0,0,0,0.961917580639481
1490621400,21.683,22.445,21.597,21.896,21.20149101022437,20.057074043578677,21.817357007224892,17.972622506163386,0,0,0,0,0,0,0.9537806105938037
1491226200,21.9,22.05,21.559,21.825,21.314856281092666,20.225447944190233,21.81990467148326,18.123696133372665,0,0,0,0,0,0,0.9207248526942463
1491831000,21.707,21.905,20.844,21.132,21.281609684530363,20.311786235219735,21.590603114322175,18.24166883402472,0,1,0,0,0,0,0.9307445060732287
1492435800,21.238,21.912,21.206,21.766,21.369680650979387,20.450282784246426,21.64906874288145,18.379877899357083,0,0,0,0,0,0,0.9199770413537122
1493040600,22.069,22.409,21.968,22.081,21.499011441710408,20.605589185746766,21.793045828587633,18.525019942519553,0,0,0,0,0,0,0.9001929669713042
1493645400,22.209,22.649,21.991,22.645,21.707372997763063,20.799818787104215,22.077030552391754,18.68658778791094,0,0,0,0,0,0,0.882893469330497
1494250200,22.652,23.605,22.386,23.596,22.050759725442507,21.066121759760957,22.583353701594504,18.879113757012473,0,0,0,0,0,0,0.906901078664033
1494855000,23.561,24.129,22.768,23.41,22.297894320816596,21.289348258831343,22.85890246772967,19.056795570462963,0,0,0,0,0,0,0.9393367159023164
1495459800,23.553,24.16,23.42201,24.121,22.629368080668122,21.55902937703788,23.279601645153114,19.25539182260167,0,0,0,0,0,0,0.9258126647664365
1496151000,24.05,25.582,23.381,25.453,23.142755702364827,21.929883722081893,24.00406776343541,19.49843528053886,0,0,0,0,0,0,1.0168974744259767
1496669400,25.4,25.678,24.145,24.334,23.359345574662132,22.158847177121714,24.114045175623605,19.688065269537336,1,0,0,0,0,0,1.053761940538407
1497274200,24.03975,24.79115,23.513,23.625,23.407646379269018,22.298480779300597,23.951030117082404,19.84245486681038,0,0,0,0,0,0,1.0697896590713778
1497879000,24.481,24.687,23.9845,24.526,23.610983401220107,22.510625466986255,24.1426867447216,20.026123303406052,0,0,0,0,0,0,1.0692332548519938
1498483800,24.599,24.79,23.05701,23.305,23.555350055543723,22.586280184416136,23.8634578298144,20.15470670327248,0,0,0,0,0,0,1.1166444509339943
1499088600,23.451,24.019,22.75,23.962,23.629286409081228,22.717301119233646,23.896305219876268,20.30401232275199,0,1,0,0,0,0,1.1275269901529945
1499693400,24.051,25.04,23.881,25.029,23.883779789248276,22.93746291740187,24.27387014658418,20.489305957153874,0,0,0,0,0,0,1.1297750622849234
1500298200,25.079,25.5,24.606,25.311,24.143274373021317,23.1635140681255,24.619580097722785,20.6783919980498,0,0,0,0,0,0,1.1129339864074288
1500903000,25.329,25.849,24.75,25.037,24.305769941562897,23.341941299732596,24.758720065148523,20.849317802047846,1,0,0,0,0,0,1.1119387016640412
1501507800,25.098,25.728,24.546,24.917,24.416902679460552,23.491946890234253,24.81148004343235,21.008834750987145,0,0,0,0,0,0,1.1169430801166098
1502112600,24.939,25.429,23.87,24.417,24.416920374104087,23.58004718640242,24.67998669562157,21.14248829016412,0,1,0,0,0,0,1.1485185743939945
1502717400,24.686,25.474,24.6,24.937,24.51148030608516,23.709280787697427,24.765657797081047,21.291292670942,0,0,0,0,0,0,1.1419815333658518
1503322200,25.189,25.936,24.378,24.559,24.520120250433315,23.79020642696434,24.6967718647207,21.419438056395254,1,0,0,0,0,0,1.171697138125434
1503927000,24.704,25.534,24.003,25.273,24.657007477627257,23.931424862491546,24.888847909813798,21.570558132615048,0,1,0,0,0,0,1.1973616282593313
1504618200,25.012,25.273,24.31001,24.411,24.612278845331392,23.9770986851114,24.7295652732092,21.6819480097674,0,0,0,0,0,0,1.180620797669379
1505136600,24.708,25.119,24.324,25.055,24.692773600725683,24.079755953196027,24.8380435154728,21.81422455840397,0,0,0,0,0,0,1.153076454978709
1505741400,25.105,25.283,23.786,23.924,24.55299658241192,24.064922052891642,24.533362343648534,21.896960850231267,1,0,0,0,0,0,1.1776424224802295
1506346200,23.719,24.428,23.153,24.254,24.498633567427937,24.08292947642577,24.440241562432355,21.989393758065336,0,1,0,0,0,0,1.1845965351602135
1506951000,24.531,24.575,23.751,24.574,24.512336555168314,24.129698097718556,24.484827708288236,22.090750865592184,0,0,0,0,0,0,1.1588396397916267
1507555800,24.6,25.128,24.304,24.796,24.563911726955894,24.19315542174536,24.58855180552549,22.19683906694151,0,0,0,0,0,0,1.1349225226636535
1508160600,24.858,24.947,23.83644,24.424,24.53847323114573,24.215140619674372,24.53370120368366,22.284178711375176,0,0,0,0,0,0,1.1331823424733924
1508765400,24.518,25.299,24.271,25.29,24.675114461846505,24.317508179705385,24.78580080245577,22.40205405602713,0,0,0,0,0,0,1.1256693180110073
1509370200,25.33,27.8,24.887,27.363,25.16382092332896,24.607555019733443,25.64486720163718,22.59660095579077,0,0,0,0,0,0,1.2533357952959354
1509978600,27.83,28.18,26.25,26.496,25.40603530090551,24.787406922615972,25.928578134424786,22.7495185653676,0,0,0,0,0,0,1.301668952774797
1510583400,26.25,27.465,25.80301,27.186,25.729665246195417,25.01584435855731,26.34771875628319,22.923498229470834,0,0,0,0,0,0,1.32740617043374
1511188200,27.262,28.299,27.139,28.238,26.18572611052352,25.322716324408994,26.977812504188794,23.131910063609233,0,0,0,0,0,0,1.3154485868313301
1511793000,28.026,28.568,26.405,27.156,26.36213954497379,25.497314769703376,27.03720833612586,23.289717512095145,1,0,0,0,0,0,1.3759879734862352
1512397800,27.391,27.57,25.42,25.991,26.294659627705826,25.544332410684007,26.688472224083906,23.395650158679647,0,1,0,0,0,0,1.431274546808647
1513002600,25.934,26.6,25.5715,26.573,26.34526696812295,25.642300752523624,26.649981482722605,23.52025211324123,0,0,0,0,0,0,1.402504936322315
1513607400,26.408,26.651,25.87,26.235,26.325218428464233,25.698748299902327,26.51165432181507,23.62671281468275,0,0,0,0,0,0,1.3581117265850067
1514298600,25.723,26.235,25.339,25.69,26.209724168743463,25.697915128483057,26.237769547876713,23.70762603763637,0,1,0,0,0,0,1.325103746114649
1514903400,25.977,27.426,25.757,27.162,26.382865228971923,25.83735178291324,26.54584636525114,23.843091683219257,1,0,0,0,0,0,1.354453478535031
1515421800,27.092,27.385,26.073,26.429,26.391253369158846,25.893699232159598,26.506897576834092,23.944499852504777,0,0,0,0,0,0,1.3514210872111003
1516113000,26.518,27.006,26.046,26.639,26.436298211129966,25.964680257668206,26.550931717889394,24.050166524955568,0,0,0,0,0,0,1.3234624381245932
1516631400,26.565,26.677,24.52406,25.079,26.189516718197243,25.8803297569379,26.060287811926262,24.090512935741625,0,0,0,0,0,0,1.382710835401408
1517236200,24.828,25.314,23.409,23.548,25.70924095125229,25.658203113420004,25.222858541284175,24.06923791865372,0,0,0,0,0,0,1.4200172043013075
1517841000,23.468,24.4,22.49,23.55,25.316651687388237,25.45742186452286,24.665239027522784,24.048875647333965,0,1,0,0,0,0,1.4550159754226428
1518445800,23.786,25.237,23.75,24.889,25.23889683513583,25.403286448854015,24.739826018348523,24.08182170037969,0,0,0,0,0,0,1.471586262892454
1519137000,24.875,25.574,24.752,25.371,25.26291559238386,25.400211548963156,24.950217345565683,24.132377712129507,1,0,0,0,0,0,1.425187244114422
1519655400,25.196,25.567,24.023,25.087,25.230930939223157,25.37038187763333,24.995811563710454,24.169813880281293,0,0,0,0,0,0,1.4336738695348203
1520260200,24.99,25.4275,24.342,25.378,25.25767076845531,25.371107413096823,25.123207709140303,24.2171937281134,0,0,0,0,0,0,1.4088043074251904
1520861400,26.065,27.385,25.441,25.487,25.299366992372526,25.382144802325698,25.244471806093536,24.26699005250111,1,0,0,0,0,0,1.451532571180534
1521466200,25.31,25.649,24.006,24.248,25.108209357395705,25.27413101162801,24.91231453739569,24.26624534455989,0,0,0,0,0,0,1.4652088160962102
1522071000,24.767,25.425,23.476,23.565,24.827625837869213,25.1113566295682,24.46320969159713,24.23874552712617,0,0,0,0,0,0,1.4997653292321953
1522675800,23.395,24.168,22.544,22.887,24.474784776438447,24.899513141037893,23.937806461064753,24.18573589861142,0,1,0,0,0,0,1.5086392342870385
1523280600,22.998,25.2,22.926,24.694,24.514642089813275,24.879940460939046,24.189870974043167,24.20566782415607,0,0,0,0,0,0,1.5660935746951072
1523885400,24.909,25.285,23.501,23.712,24.36870716439268,24.76870803608771,24.03058064936211,24.186308301640146,1,0,0,0,0,0,1.5816583193597424
1524490200,23.799,23.832,22.586,23.278,24.170396770866738,24.626735842174593,23.779720432908075,24.150688368242495,0,0,0,0,0,0,1.5576827251197611
1525095000,23.258,23.412,22.198,23.052,23.96705190343642,24.476761000062726,23.53714695527205,24.107602549880045,0,1,0,0,0,0,1.5331339590397781
1525699800,23.13,24.45,23.1,24.338,24.034497011902527,24.46354566672342,23.804097970181367,24.116637744002396,0,0,0,0,0,0,1.5234815333940797
1526304600,24.628,24.842,23.588,23.599,23.95531573701116,24.38120798417833,23.73573198012091,24.096338224629754,0,0,0,0,0,0,1.5042328524373596
1526909400,23.946,25.068,23.603,25.003,24.14580378482731,24.440426271399442,24.15815465341394,24.131893588369763,0,0,0,0,0,0,1.5017162201204055
1527600600,24.864,25.77,24.84675,25.634,24.41638491485871,24.55409995983759,24.65010310227596,24.190799722159184,0,0,0,0,0,0,1.4603972043975195
1528119000,25.8,26.648,25.374,25.797,24.667405839429854,24.67247139223401,25.032402068183973,24.25378796834902,0,0,0,0,0,0,1.4470831183691253
1528723800,25.786,27.181,25.632,27.023,25.095695686806245,24.896331259640295,25.69593471212265,24.362384518609844,1,0,0,0,0,0,1.4543628956284735
1529328600,26.9,26.9,25.415,25.971,25.254841925568744,24.998680663484077,25.7876231414151,24.42546747866436,0,0,0,0,0,0,1.465336974512154
1529933400,25.642,25.642,24.2265,24.264,25.074688848192608,24.928711076485595,25.2797487609434,24.41913542067752,0,0,0,0,0,0,1.4852771906184288
1530538200,24.009,24.86,23.742,24.768,25.018927239430315,24.913405259677443,25.109165840628933,24.43281638457252,0,0,0,0,0,0,1.4590431055742552
1531143000,24.9,25.18,19.74567,20.246,24.151122286806622,24.468890473041498,23.488110560419287,24.268627506746146,0,1,0,0,0,0,1.7429921694618085
1531747800,20.16,21.148,20.053,21.033,23.58419096193269,24.141662808942307,22.669740373612857,24.141740153540415,0,0,0,0,0,0,1.6967070145002505
1532352600,21.041,22.977,21.04,22.105,23.315247150672203,23.947694922376375,22.48149358240857,24.061867990656477,0,0,0,0,0,0,1.714370799178804
1532957400,22.111,22.884,21.325,21.781,23.036293123277257,23.741343025007197,22.247995721605715,23.972422187101323,0,0,0,0,0,0,1.7032728849517464
1533562200,21.663,22.1835,21.046,21.223,22.706603464499572,23.501500832149368,21.906330481070476,23.86460170917578,0,0,0,0,0,0,1.6628605360266218
1534167000,21.165,21.3979,20.277,20.927,22.38303919822692,23.25631027670657,21.579886987380316,23.74940164214928,0,1,0,0,0,0,1.6241490691675773
1534771800,20.948,21.171,20.468,20.9,22.11339570764021,23.031899774163087,21.353257991586876,23.63766040128068,0,0,0,0,0,0,1.558352707084179
1535376600,21.025,21.932,20.863,21.903,22.075141942614717,22.924385509957077,21.536505327724583,23.569634503191242,0,0,0,0,0,0,1.5233989422924519
1536067800,21.859,23.541,21.392,23.258,22.290207043957494,22.956158318532594,22.11033688514972,23.557413542281783,0,0,0,0,0,0,1.5680847321287052
1536586200,23.466,24.095,22.283,23.634,22.53453303596522,23.02071466914854,22.618224590099814,23.560416932780537,0,0,0,0,0,0,1.585507251262369
1537191000,24,24.877,23.431,24.81,22.948254302153362,23.191122795896298,23.348816393399876,23.609420190318556,0,0,0,0,0,0,1.5755424476007711
1537795800,24.805,25.01,24.385,24.673,23.261844429034568,23.332253958191888,23.79021092893325,23.651129202462926,0,0,0,0,0,0,1.5076465584864303
1538400600,24.788,25.21413,24.24,24.423,23.472963623755554,23.436134533602186,24.001140619288833,23.681398645503595,1,0,0,0,0,0,1.4695382328802569
1539005400,24.331,24.57267,22.719,23.295,23.440606601254544,23.422693149449596,23.765760412859223,23.66624575744463,0,0,0,0,0,0,1.4969762162459526
1539610200,23.103,23.974,22.65301,22.828,23.329223582844627,23.36605570664487,23.453173608572815,23.633373374799746,0,0,0,0,0,0,1.4844057722283848
1540215000,23.056,23.243,20.92,21.315,22.963001113236512,23.17071706791679,22.740449072381878,23.542456771866423,0,0,0,0,0,0,1.544305359926357
1540819800,21.619,23.423,20.823,22.077,22.801910001738964,23.066553537639003,22.51929938158792,23.484987878852053,0,1,0,0,0,0,1.619712119931617
1541428200,21.902,24.262,21.371,23.899,23.0013809105137,23.145834153101955,22.97919958772528,23.501223648308834,1,0,0,0,0,0,1.7105183970793587
1542033000,23.1,23.931,22.028,23.761,23.13949347223848,23.204421376616054,23.239799725150185,23.511410956218292,0,0,0,0,0,0,1.724267083002262
1542637800,23.653,24.108,22.258,22.99,23.112312840922392,23.18400029312881,23.156533150100124,23.490963467739142,0,0,0,0,0,0,1.7332480056449577
1543242600,23.422,23.863,23.155,23.741,23.226619597118322,23.2370478842594,23.351355433400084,23.50076882194545,0,0,0,0,0,0,1.6718017195274608
1543847400,24.52,24.704,21.761,22.856,23.159234215824082,23.20075760956803,23.186236955600055,23.47548377010445,0,1,0,0,0,0,1.762601596704071
1544452200,22.795,26.159,22.651,25.483,23.58173708567425,23.41811402770441,23.951824637066704,23.55420989676702,1,0,0,0,0,0,1.8872729112252087
1545057000,25.399,26.132,23.845,24.491,23.747057615551658,23.52029364411351,24.131549758044468,23.59094676356047,0,0,0,0,0,0,1.9158248461376939
1545661800,24.2,25.806,23.34954,25.359,24.04013804908772,23.69540853515032,24.540699838696312,23.660282184597314,0,0,0,0,0,0,1.9544416428421445
1546266600,25.783,25.85,23.03327,23.323,23.909749312889954,23.659941055612194,24.13479989246421,23.647055432260164,0,1,0,0,0,0,2.01603366835342
1546871400,23.365,25.292,23.076,25.057,24.11834034690996,23.792994288411034,24.44219992830947,23.702347376093098,0,0,0,0,0,0,2.030316977756747
1547476200,24.811,26.222,24.59,26.082,24.475369374744513,24.01099483237189,24.988799952206314,23.795667086834545,0,0,0,0,0,0,2.001865765059837
1548167400,25.8,26.831,25.365,26.794,24.89693857933642,24.276042943574566,25.590533301470877,23.913248769703777,0,0,0,0,0,0,1.9635896389841343
1548685800,26.156,27.375,25.865,26.681,25.221313383093435,24.50508647275794,25.954022200980585,24.021788033636962,0,0,0,0,0,0,1.9311903790566962
1549290600,26.75,28,26.495,27.406,25.6185291316219,24.7813639515429,26.438014800653722,24.154502228396296,0,0,0,0,0,0,1.9007482091240748
1549895400,27.44,28.409,27.328,28.193,26.086614744054284,25.106281670443575,27.02300986710248,24.312874690027815,0,0,0,0,0,0,1.8421947656152124
1550586600,28.115,28.6625,27.466,27.65,26.370866608771685,25.348540558972758,27.23200657806832,24.44374234924241,1,0,0,0,0,0,1.7960737109284115
1551105000,28.078,28.083,26.863,27.275,26.535254498085923,25.53201288668964,27.246337718712212,24.554772061036825,0,0,0,0,0,0,1.7549255887192392
1551709800,27.5,28.044,25.92,26.419,26.514117316615756,25.616487849862054,26.970558479141474,24.62787903903538,0,1,0,0,0,0,1.7812880466678649
1552311000,26.489,29.95479,26.405,29.029,26.97136871359471,25.94148900701805,27.656705652760984,24.800472017896737,0,0,0,0,0,0,1.907609614763017
1552915800,29.023,30.098,29.021,29.265,27.38839258385022,26.258013863492522,28.19280376850732,24.97555154660667,0,0,0,0,0,0,1.8482803565656585
1553520600,29.22,30.33,28.9002,30.071,27.876139386786544,26.621155400302758,28.81886917900488,25.17537305458288,0,0,0,0,0,0,1.818388902525254
1554125400,30.311,30.74,29.975,30.428,28.340114043734445,26.983712028845353,29.355246119336588,25.381358424991394,0,0,0,0,0,0,1.7431468380591641
1554730200,30.414,31.744,30.029,31.703,28.951547853964545,27.433168026098176,30.13783074622439,25.62926593773683,0,0,0,0,0,0,1.7411363496263665
1555335000,31.703,32.24458,31.3165,31.862,29.480720971425537,27.85496154742216,30.712553830816262,25.873686881354992,0,0,0,0,0,0,1.683060896081626
1555939800,31.732,31.809,30.511,31.041,29.764408067529985,28.158393781001003,30.82203588721084,26.076326611497933,0,0,0,0,0,0,1.6593422606472241
1556544600,31.124,32.32,31.044,31.571,30.09287932797908,28.483403897096146,31.071690591473896,26.29180399928233,1,0,0,0,0,0,1.6321749563152796
1557149400,30.679,31.193,29.666,30.396,30.14799217743743,28.665555906896515,30.84646039431593,26.452752862055572,0,0,0,0,0,0,1.6516624594356168
1557754200,29.382,30.777,28.82,28.989,29.937266326994262,28.696360106239705,30.227306929543953,26.552213534131823,0,0,0,0,0,0,1.6734722837616443
1558359000,27.8,27.995,25.574,25.594,29.147581540268032,28.400897238978782,28.682871286362637,26.514636532793322,0,0,0,0,0,0,1.7978671206358126
1559050200,25.657,25.773,25.009,25.164,28.423293987492027,28.092621311456995,27.509914190908425,26.46167039425241,0,1,0,0,0,0,1.724019469161826
1559568600,25.255,27.78744,25.12,27.487,28.253058717038932,28.034943091318233,27.50227612727228,26.50187939839937,0,0,0,0,0,0,1.791406649935981
1560173400,27.673,29.175,25.747,26.593,27.95122985939549,27.897615177859354,27.199184084848188,26.505452755324885,1,0,0,0,0,0,1.9083061749405539
1560778200,26.484,28.545,26.134,27.399,27.85082443041449,27.850128018063224,27.265789389898792,26.540493823743518,0,0,0,0,0,0,1.9442128767305145
1561383000,27.552,28.93,27.5,28.786,28.02085635215731,27.939258683009584,27.77252625993253,26.628552889479067,0,0,0,0,0,0,1.9146976712497634
1561987800,30.168,30.575,28.197,28.266,28.065427924492344,27.970376903675337,27.937017506621686,26.692766501656358,1,0,0,0,0,0,1.9477906947319232
1562592600,28,28.593,27.241,28.539,28.15153193822101,28.024531484277688,28.13767833774779,26.765167815316893,0,1,0,0,0,0,1.9052342165367857
1563197400,29.11035,29.449,28.23914,29,28.305798858544463,28.117433247679813,28.42511889183186,26.852808293147604,0,0,0,0,0,0,1.8555646296413013
1563802200,29.3,30.488,29.224,30.092,28.63056270244547,28.30548722409126,28.980745927887906,26.97983541890652,1,0,0,0,0,0,1.829310013238351
1564407000,30.123,30.255,27.591,27.853,28.489187665637203,28.262393202749234,28.604830618591937,27.0140771671847,0,0,0,0,0,0,1.8889307265784687
1565011800,27.195,28.055,26.25,27.573,28.322608090066804,28.196736707249308,28.26088707906129,27.035995709648045,0,1,0,0,0,0,1.8829356746800066
1565616600,27.338,28.55,26.485,27.378,28.150861164600112,28.118761782749374,27.96659138604086,27.049407642603022,0,0,0,0,0,0,1.8959402693457204
1566221400,27.95,28.941,27.105,27.213,27.980340952854636,28.03249875582086,27.715394257360575,27.05582302916761,0,0,0,0,0,0,1.8916588215353118
1566826200,27.695,28.59,27.047,28.264,28.031915325062883,28.05454649336173,27.898262838240385,27.10320251821986,0,0,0,0,0,0,1.866754619997075
1567517400,28,29.368,27.093,29.191,28.24265799323327,28.162780160660613,28.32917522549359,27.18507692927006,0,0,0,0,0,0,1.895915004282998
1568035800,29.5,30.233,28.389,29.032,28.38617472173631,28.24556300250246,28.56345015032906,27.25750528498496,1,0,0,0,0,0,1.8922067896913555
1568640600,28.68,29.1945,28.182,28.426,28.393415681420617,28.262747478454607,28.517633433552707,27.30332860714241,0,0,0,0,0,0,1.8293705904276876
1569245400,28.362,28.89,27,27.414,28.215340102980505,28.181914385268453,28.14975562236847,27.30766866176428,0,0,0,0,0,0,1.8337012625399958
1569850200,27.579,28.17,26.722,28.143,28.20218735698405,28.178208253338124,28.147503748245647,27.3404267534598,0,1,0,0,0,0,1.8061511723585677
1570455000,28.001,28.408,26.891,28.091,28.18197147389604,28.16990270540116,28.128669165497097,27.36986099842216,0,0,0,0,0,0,1.7854975171900986
1571059800,28.042,29.1715,27.988,28.673,28.271249387733125,28.217816733458193,28.310112776998064,27.420964488680113,0,0,0,0,0,0,1.7424976945336632
1571664600,28.844,29.19,27.87,28.982,28.400476771781648,28.29059609217646,28.534075184665376,27.482181567555404,0,0,0,0,0,0,1.7123192877812587
1572269400,29.116,29.659,28.652,29.659,28.62929917691226,28.42092027387394,28.90905012311025,27.567546996278722,0,0,0,0,0,0,1.6619393386540258
1572877800,29.952,31.95,29.91001,31.341,29.122335690200938,28.699023104933563,29.7197000820735,27.71552554544426,0,0,0,0,0,0,1.7068722430358811
1573482600,31.12,31.6405,30.611,31.291,29.516638291982584,28.945878047320843,30.243466721382333,27.855740229936643,0,0,0,0,0,0,1.658488511390461
1574087400,31.182,32.567,30.803,31.492,29.875794966167568,29.188365852337906,30.659644480921557,27.99833865229207,1,0,0,0,0,0,1.6660250462911423
1574692200,31.661,32.01842,31.5,31.621,30.19310497231892,29.42004529497239,30.980096320614372,28.140403803182576,0,0,0,0,0,0,1.5846246858417747
1575297000,31.772,31.793,30.313,31.605,30.449813159170027,29.628136219260732,31.18839754707625,28.27627032070483,0,1,0,0,0,0,1.577151493995934
1575901800,31.6,33.016,31.062,31.542,30.648392584775475,29.81040896028352,31.306265031384168,28.404338151265424,0,0,0,0,0,0,1.6040692444247957
1576506600,31.797,33.12,31.691,31.9,30.875957569361752,30.00941763073271,31.504176687589446,28.541422929647172,1,0,0,0,0,0,1.6022071555373099
1577111400,32.054,32.23344,31.522,31.653,31.01723801129598,30.165949284948642,31.553784458392965,28.663445559857088,0,0,0,0,0,0,1.5385809301417879
1577716200,31.652,32.25,31.275,31.419,31.090285645605803,30.285287448286866,31.50885630559531,28.771506518294064,0,0,0,0,0,0,1.4983251494173744
1578321000,31.0845,31.65765,29.88,29.922,30.877870073677474,30.250688643688118,30.979904203730207,28.81662390973351,0,1,0,0,0,0,1.5182769244589907
1578925800,30.002,30.915,29.967,30.879,30.878075514827025,30.310527820479727,30.94626946915347,28.89750140346945,0,0,0,0,0,0,1.4807571441404914
1579617000,30.78,33.158,30.633,32.4,31.15478905758575,30.50952517091023,31.43084631276898,29.034854289607903,1,0,0,0,0,0,1.5553459195590278
1580135400,31.641,32.543,30.3622,30.516,31.03864559257016,30.510141821299733,31.125897541845987,29.092938435113474,0,0,0,0,0,0,1.600021211019097
1580740200,30.563,31.988,30.364,31.523,31.126710030284677,30.606604504985473,31.258265027897323,29.188234967069807,0,0,0,0,0,0,1.60173398166059
1581345000,31.237,32.57,31.03,31.777,31.244944570232917,30.718070742605903,31.431176685264884,29.28975516443962,1,0,0,0,0,0,1.5973244115419762
1582036200,31.5,31.683,30.229,30.45,31.10040919382693,30.692540195691056,31.104117790176588,29.335254961912575,0,0,0,0,0,0,1.5938012392889782
1582554600,29.42,29.88,26.274,27.262,30.402516613131127,30.36582208181572,29.823411860117726,29.253950845759142,0,0,0,0,0,0,1.778244007911194
1583159400,27.676,28.848,26.25,26.945,29.773877228925468,30.040029502595175,28.863941240078486,29.163403753768588,0,0,0,0,0,0,1.8367980073461088
1583760600,25.108,26.368,20.116,23.422,28.618990460029927,29.40974097853849,27.04996082671899,28.938250665385507,0,0,0,0,0,0,2.193383863964244
1584365400,20.818,21.88,15.567,19.222,26.910446740024486,28.439479932963398,24.440640551145993,28.55722122752725,0,1,0,0,0,0,2.5977850165382264
1584970200,19.28835,24.48,17.775,23.069,26.212001878201853,27.92800565363355,23.98342703409733,28.341996865663436,0,0,0,0,0,0,2.891157515356924
1585575000,23.22,25.271,21.968,23.426,25.705456082165153,27.499243210430357,23.79761802273155,28.149212674853104,0,0,0,0,0,0,2.9205748356885723
1586179800,24.458,26.75,24.356,25.43,25.655373158135124,27.30217242848461,24.341745348487702,28.042576883682393,0,0,0,0,0,0,2.949390918853674
1586784600,25.35,26.838,25.28,26.588,25.824941674837827,27.23415600672417,25.090496898991802,27.98553465294975,0,0,0,0,0,0,2.850005853221269
1587389400,26,26.526,24.68001,26.481,25.944225006685496,27.16242686322663,25.5539979326612,27.926533294010543,0,0,0,0,0,0,2.7827190065626075
1587994200,26.435,27.699,25.82035,25.97,25.948911369106316,27.04886240006219,25.6926652884408,27.84980649816699,0,0,0,0,0,0,2.7181426489509923
1588599000,25.921,27.555,25.532,27.503,26.231472938359712,27.09211360005627,26.296110192293867,27.836206243336914,0,0,0,0,0,0,2.6684896025973504
1589203800,27.337,27.772,25.475,26.041,26.196841495021584,26.992007542908052,26.211073461529246,27.765805998500174,0,1,0,0,0,0,2.641954630983254
1589808600,26.862,28.131,26.8,27.665,26.46377940501766,27.056102062631094,26.695715641019497,27.7618528220884,0,0,0,0,0,0,2.6025293001987353
1590499800,28.5,29.2,28,29.127,26.948001331378087,27.253330437618608,27.506143760679663,27.815388005535915,0,0,0,0,0,0,2.5262772073273974
1591018200,29.042,32.811,28.737,31.708,27.81345563476389,27.67758468165493,28.906762507119776,27.968039456299213,1,0,0,0,0,0,2.6368288353754403
1591623000,31.75,31.921,29.273,30.025,28.215554610261364,27.901148045306844,29.27950833807985,28.04870457566003,0,0,0,0,0,0,2.637626775705766
1592227800,29.5,31.91184,29.241,30.277,28.590362862941117,28.127419660039525,29.6120055587199,28.13608870994787,0,0,0,0,0,0,2.6399991488696393
1592832600,30.55,31.744,30.3,30.741,28.98138779695182,28.376332073369095,29.9883370391466,28.238242093871484,0,0,0,0,0,0,2.556213495378951
1593437400,30.807,31.938,30.44506,31.547,29.44786274296058,28.678300447333942,30.507891359431067,28.367997305876525,0,0,0,0,0,0,2.4802653885661683
1594042200,32,32.433,31.255,31.944,29.901705880604112,28.989319452349758,30.98659423962071,28.508232705646073,1,0,0,0,0,0,2.387246432240013
1594647000,32.168,32.353,30.519,31.271,30.150668447767,29.20662236164978,31.08139615974714,28.616576521110932,0,0,0,0,0,0,2.3477288299371546
1595251800,31.185,31.923,30.418,30.579,30.228546911809364,29.33732499387361,30.91393077316476,28.693534304596778,0,1,0,0,0,0,2.287533913513072
1595856600,30.83,31.84,30.6,31.675,30.49153838238948,29.559960708742793,31.167620515443176,28.810454527945925,0,0,0,0,0,0,2.2142100625478527
1596461400,31.8,33.158,31.728,32.593,30.873622312864118,29.848821593624432,31.64274701029545,28.958789644497067,0,0,0,0,0,0,2.161980772365863
1597066200,32.422,33.588,32.276,32.782,31.22060007416155,30.128171918041154,32.022498006863636,29.108719462359925,0,0,0,0,0,0,2.1012678600540156
1597671000,32.951,33.318,32.5,33.002,31.54449096976854,30.401869830608664,32.34899867124243,29.261397130502672,0,0,0,0,0,0,2.0096058700501573
1598275800,33.20102,34.482,33.114,34.482,32.07858352071971,30.790453656264983,33.05999911416162,29.466126654796685,0,0,0,0,0,0,1.9717768793322887
1598880600,34.352,37.896,34.352,36.295,32.84520469877067,31.314696165192128,34.138332742774416,29.733925609510543,1,0,0,0,0,0,2.084078530808554
1599571800,35.266,36.783,35,35.97,33.413349298994184,31.75805843517383,34.748888495182946,29.978477546392483,0,0,0,0,0,0,2.062572921465086
1600090200,36.441,37.2,35.5,35.973,33.8787403355407,32.15948144134775,35.1569256634553,30.21355685829866,0,0,0,0,0,0,2.0366748556461514
1600695000,35.001,36.18,34.348,35.68,34.206242092715115,32.494768923124155,35.33128377563686,30.427927177581065,0,1,0,0,0,0,2.022055223099998
1601299800,36.168,37.1,35.615,35.683,34.47474353040327,32.79840997806471,35.44852251709124,30.634008464734748,0,0,0,0,0,0,1.9836941357357123
1601904600,36.084,38,35.99,37.67,35.05569925214813,33.262370932534736,36.18901501139416,30.909929701411816,0,0,0,0,0,0,2.0075016974688755
1602509400,38.179,38.78,37.502,37.865,35.56648120630302,33.70071655800762,36.74767667426278,31.18267755625841,1,0,0,0,0,0,1.955394433363956
1603114200,38.124,38.3605,36.711,37.272,35.87657553242974,34.04083879057832,36.92245111617518,31.421474514836515,0,0,0,0,0,0,1.9335448309808163
1603719000,36.96,36.9955,34.442,34.963,35.71047089016979,34.128663667666096,36.26930074411679,31.56035786719587,0,1,0,0,0,0,1.997577343053615
1604327400,35.504,38.367,34.666,38.062,36.13802163741165,34.50326712788837,36.866867162744526,31.81532422534505,0,0,0,0,0,0,2.119250389978357
1604932200,38.91,39.389,36.036,37.35,36.358381339700436,34.774384544279954,37.02791144182969,32.03237033415505,0,0,0,0,0,0,2.20737536212276
1605537000,37.481,38.885,37.4,38.333,36.71740291430036,35.11330030196758,37.46294096121979,32.279453850462694,0,0,0,0,0,0,2.1593485505425627
1606141800,38.537,39.917,38.3,39.495,37.222420566245745,35.530605035113524,38.14029397414653,32.562416444562196,0,0,0,0,0,0,2.1206093683609515
1606746600,39.402,41.24,39.274,41.168,37.93979864511015,36.06749979367414,39.149529316097684,32.89989030948133,0,0,0,0,0,0,2.109565842049455
1607351400,41.641,42.67,39.828,40.582,38.42019889145376,36.4974521942766,39.62701954406512,33.20114951303108,0,0,0,0,0,0,2.161882567617351
1607956200,40.65291,43.565,40.6,43.456,39.33579909300762,37.16017103291692,40.90334636271008,33.60330051252006,0,0,0,0,0,0,2.2205338127875405
1608561000,42.815,43.6,42.37,43.146,40.02856289427896,37.73024998216293,41.65089757514006,33.977524021833,0,0,0,0,0,0,2.149781397588431
1609165800,43.434,43.85,42.679,43.785,40.71155145895551,38.306892841004554,42.36226505009337,34.36213092293759,0,0,0,0,0,0,2.0798684406178287
1609770600,43.933,44.999,42.054,44.564,41.411996648236325,38.90280780852793,43.096176700062244,34.762204220077294,0,1,0,0,0,0,2.1416635520022695
1610375400,44.061,45.85,44.042,44.585,41.988906348556995,39.44396896962051,43.59245113337483,35.14741189772132,0,0,0,0,0,0,2.1178304411449647
1611066600,44.828,46.947,44.828,46.502,42.80946883063754,40.11616240108522,44.56230075558322,35.592689862516565,0,0,0,0,0,0,2.1352711239203246
1611585000,46.956,47,44.151,45.05,43.21683813415799,40.58605169621996,44.72486717038881,35.96356476986885,0,0,0,0,0,0,2.1862517579260152
1612189800,45.585,47.852,45.359,46.601,43.83214029158381,41.15890391562758,45.35024478025921,36.380719092619096,0,0,0,0,0,0,2.230233775217014
1612794600,46.875,48.702,46.549,48.632,44.704842056750394,41.87062735223448,46.444163186839475,36.86116148114384,0,0,0,0,0,0,2.224717076987227
1613485800,49.0875,49.514,47.506,48.996,45.485052591886685,42.54923427106929,47.29477545789298,37.33703750149114,1,0,0,0,0,0,2.209237285773854
1614004200,48.4,48.661,45.521,46.987,45.75813393881638,42.971878626205545,47.192183638595324,37.71546740339345,0,0,0,0,0,0,2.299648908218579
1614609000,47.97,49.08599,43.3,45.014,45.62283685903158,43.16636637609073,46.46612242573022,38.001684367966256,0,0,0,0,0,0,2.5486732719172522
1615213800,44.683,45.745,41.926,45.117,45.530866521025835,43.35214100693923,46.01641495048681,38.28071635353621,0,1,0,0,0,0,2.639410895351734
1615815000,45.518,48.727,45.319,47.446,45.87907260811205,43.74203233961168,46.49294330032454,38.64013924163282,0,0,0,0,0,0,2.7087386885408953
1616419800,47.291,48.3,44.931,48.204,46.301786679364405,44.166981640601044,47.06329553354969,39.015192604706044,0,0,0,0,0,0,2.755900210787974
1617024600,48.04,48.116,45.162,47.595,46.536916374025424,44.49345957959142,47.240530355699796,39.35165563981561,0,0,0,0,0,0,2.7763359100174045
1617629400,48.03,48.9635,47.654,48.509,46.89547703329353,44.875892000582716,47.66335357046653,39.71076718335225,1,0,0,0,0,0,2.675776202159019
1618234200,48.193,48.919,47.519,47.879,47.074299390876526,45.16190228624151,47.73523571364436,40.03109003890707,0,0,0,0,0,0,2.5846493305762315
1618839000,47.653,47.68,44.9,46.613,46.99042677435352,45.30010206850422,47.36115714242957,40.28920415502836,0,0,0,0,0,0,2.612817235535072
1619443800,46.70204,47.426,45.384,45.62,46.74125826992561,45.33056853817049,46.78077142828638,40.49825497247823,0,0,0,0,0,0,2.572044575853996
1620048600,45.975,45.984,43.731,45.258,46.47157494812095,45.32365724882092,46.27318095219092,40.68491164022418,0,0,0,0,0,0,2.5492556775787105
1620653400,44.838,44.8532,41.914,44.162,46.05165223028078,45.21302322512369,45.56945396812728,40.8212680464899,0,1,0,0,0,0,2.606023129180231
1621258200,44.214,45.93,42.57,45.124,45.882988188411545,45.20454482273096,45.42096931208485,40.99000263290206,0,0,0,0,0,0,2.6598786199530715
1621863000,45.692,47.462,45.553,47.233,46.128444881427626,45.397731030089915,46.0249795413899,41.23482605906276,0,0,0,0,0,0,2.6368872899564235
1622554200,47.544,47.84,46.326,47.5,46.377818539349875,45.5979471224623,46.516653027593264,41.48051915478579,1,0,0,0,0,0,2.5566810549595362
1623072600,47.3,47.448,46.021,47.07,46.50366971401353,45.73814263460875,46.70110201839551,41.69971448204909,0,0,0,0,0,0,2.4797038367481408
1623677400,47.049,47.657,46.0505,46.35,46.47572976601107,45.79641476464601,46.58406801226367,41.882078620007945,0,0,0,0,0,0,2.4173321341232734
1624282200,46.117,47.365,45.844,46.22,46.42923344491815,45.8367562156321,46.46271200817578,42.052193183929205,0,0,0,0,0,0,2.3533084102573256
1624887000,46.6,47.859,45.571,46.817,46.49973645493303,45.93011276652428,46.58080800545052,42.23904835318688,0,1,0,0,0,0,2.348643523810374
1625578200,47.04,48.088,46.156,48.018,46.775784372217935,46.128959169712445,47.05987200363368,42.46567390796387,0,0,0,0,0,0,2.318883272109633
1626096600,48.132,49.402,46.726,46.807,46.781459940905584,46.19353448688269,46.975581335755784,42.6359219900045,1,0,0,0,0,0,2.344391609816088
1626701400,46.348,48.358,45.75901,48.315,47.060285406195476,46.39557882146529,47.422054223837186,42.85863093157295,0,1,0,0,0,0,2.3625772091149386
1627306200,48.216,48.634,46.78001,48.54,47.329324423250846,46.59980940989717,47.794702815891455,43.081429718570085,0,0,0,0,0,0,2.326249551321015
1627911000,48.905,49.46,47.996,48.543,47.54999270993251,46.78487518038315,48.044135210594305,43.29560894529283,1,0,0,0,0,0,2.264660297655228
1628515800,48.649,48.897,47.6731,48.616,47.74381221721751,46.95926802034666,48.23475680706287,43.50425173175193,0,0,0,0,0,0,2.1903202763941403
1629120600,48.483,48.89118,46.266,47.517,47.70257363226887,47.01238535174222,47.995504538041914,43.66161440893813,0,1,0,0,0,0,2.2213816852231303
1629725400,47.633,49.64447,47.5695,49.594,48.046469335492716,47.25825341348106,48.52833635869461,43.894256981136635,0,0,0,0,0,0,2.2146737077071923
1630330200,50,50.785,49.016,49.768,48.35947491085768,47.49727689791143,48.941557572463076,44.12459984462147,0,0,0,0,0,0,2.182839871442393
1631021400,49.76,50.599,48.811,49.815,48.62411583615628,47.718012431443675,49.232705048308716,44.34775279189122,0,0,0,0,0,0,2.1546370234822216
1631539800,50.2,51.07,49.32605,50.6,48.98336750230968,47.99248743797285,49.688470032205814,44.59293895691509,1,0,0,0,0,0,2.125302236090634
1632144600,49.9,50.729,48.7,50.492,49.257664320071555,48.230536253404004,49.956313354803875,44.82427468409489,0,0,0,0,0,0,2.118423504941303
1632749400,49.97756,50.582,47.75,48.735,49.162634443694905,48.27858041974648,49.54920890320258,44.977636461189206,0,0,0,0,0,0,2.169393254588353
1633354200,48.49304,49.99,47.278,49.285,49.18488272665947,48.37442990358015,49.46113926880172,45.14655267839747,0,1,0,0,0,0,2.2081508792606135
1633959000,49.124,50.586,47.955,50.325,49.39217677635774,48.56019848419157,49.749092845867814,45.34962904395051,0,0,0,0,0,0,2.2383543878848555
1634563800,50.039,52.138,49.866,51.541,49.782871907929064,48.84408434283999,50.346395230578544,45.592427904972055,0,0,0,0,0,0,2.2407576458930802
1635168600,51.749,53.607,51.518,53.167,50.39816792466923,49.25579059590285,51.2865968203857,45.88946994791433,0,0,0,0,0,0,2.2299178140435747
1635773400,53.0336,55.967,52.493,55.892,51.39704648382028,49.8878105391502,52.82173121359047,46.28172602838828,0,0,0,0,0,0,2.3187808273261763
1636381800,56.197,56.584,54.805,56.322,52.29249257767114,50.50059048780256,53.98848747572698,46.67546226256913,0,0,0,0,0,0,2.2802250539457356
1636986600,56.769,57.721,55.98301,56.872,53.12513029082184,51.107391393726125,54.94965831715132,47.075326487566414,1,0,0,0,0,0,2.241493978663897
1637591400,57.168,57.204,54.33201,54.659,53.404015692490596,51.44563983241888,54.852772211434214,47.37272544883832,0,1,0,0,0,0,2.2865294087593333
1638196200,55.62,56.9,54.4,55.812,53.84183102112867,51.861483657902795,55.17251480762281,47.70367739202113,0,0,0,0,0,0,2.3017773081336665
1638801000,56.46474,64.47499,55.595,63.168,55.53749810819618,52.93829473810253,57.83767653841521,48.310121415863435,0,0,0,0,0,0,2.7716496432669766
1639405800,63.4,64.086,60.564,63.496,56.984498452160516,53.94379047733086,59.723784358943476,48.905646066221735,0,0,0,0,0,0,2.8252460973193356
1640010600,62.63,67.073,62.509,66.48,58.710953279040424,55.137715193775534,61.97585623929565,49.59483641656598,0,0,0,0,0,0,2.949442804653668
1640615400,66.48,67.776,66.327,66.541,60.13459813739671,56.22374231817786,63.4975708261971,50.25939185121045,1,0,0,0,0,0,2.842268318606977
1641220200,66.6317,67.21862,61.846,61.915,60.45830756696094,56.76576685930378,62.97004721746473,50.716474523712,0,0,0,0,0,0,3.023007724420765
1641825000,60.886,63.099,59.2,59.637,60.30897891842259,57.039217634608185,61.859031478309824,51.066299052193884,0,0,0,0,0,0,3.0855786012478528
1642516200,58.832,59.104,53.134,53.323,59.03880093325485,56.685292145597884,59.01368765220655,51.15479712857844,0,0,0,0,0,0,3.329680129730149
1643034600,53.089,57.417,51.34,56.01,58.48810985448124,56.6209786079219,58.012458434804365,51.34519724118321,0,1,0,0,0,0,3.5259172633208524
1643639400,55.94,60.48,55.6,59.016,58.584089880939196,56.849075883357905,58.346972289869576,51.64601303564661,0,0,0,0,0,0,3.6226374587979344
1644244200,59.016,61.464,56.9075,57.342,58.358255357132066,56.89602103732382,58.01198152657972,51.86938507346439,1,0,0,0,0,0,3.6893419260266533
1644849000,57.5,60.6039,57.007,57.999,58.29293620128987,57.00106665281679,58.00765435105315,52.10976212940697,0,0,0,0,0,0,3.6827389313104644
1645540200,57.999,59.021,54.902,58.801,58.385311437418984,57.172488876358045,58.2721029007021,52.37216361452826,0,1,0,0,0,0,3.7139004362168597
1646058600,58.1,60.591,56.53,59.599,58.60598208516099,57.40358517384775,58.7144019338014,52.65556896297814,0,0,0,0,0,0,3.7386932622013695
1646663400,59.708,60.1635,56.361,57.785,58.456712615131714,57.43991039538606,58.40460128920093,52.85672312129272,0,0,0,0,0,0,3.743250886329843
1647264600,57.696,61.321,56.475,61.041,58.92658304874413,57.7828713101112,59.283400859467285,53.17767515575183,0,0,0,0,0,0,3.8220186801634255
1647869400,60.56,63.0405,58.886,62.887,59.646658858063375,58.26897880438632,60.48460057297819,53.55843299278117,0,0,0,0,0,0,3.8457673458660375
1648474200,62.588,64.531,61.578,62.698,60.20144815659731,58.69079034682572,61.22240038198546,53.916847385221125,1,0,0,0,0,0,3.7819982497327493
1649079000,62.6425,63.672,58.597,58.7,59.928457582670525,58.69166745665184,60.38160025465697,54.104421997565396,0,0,0,0,0,0,3.8743555176089814
1649683800,58.258,59.8585,57.286,57.385,59.4660107494577,58.567222936970715,59.382733503104646,54.23307211530793,0,0,0,0,0,0,3.7813658377797688
1650288600,57.285,61.587,57.285,58.695,59.32582697682903,58.57939218106874,59.15348900206976,54.4080496794135,0,0,0,0,0,0,3.8185539922240714
1650893400,58.149,58.876,55.3395,55.439,58.619131162860114,58.280307211443144,57.91532600137984,54.44847910375023,0,1,0,0,0,0,3.79840727849378
1651498200,55.714,60.407,55.638,58.01,58.50838004234009,58.25456366749618,57.946884000919894,54.588146589877674,0,0,0,0,0,0,3.8819496157442246
1652103000,57.288,59.159,55.826,58.824,58.56576548918735,58.308795699163205,58.23925600061326,54.754258488313845,0,0,0,0,0,0,3.8427389289053515
1652707800,58.438,60.9,51.244,54.319,57.7936263093351,57.92881515638576,56.93250400040884,54.73718952798781,1,1,0,0,0,0,4.257971862554969
1653312600,52.4,58.5455,51.426,58.328,57.89078516218326,57.966832760539496,57.3976693336059,54.878005624929465,0,0,0,0,0,0,4.462366729515328
1654003800,58.45,59.094,56.098,56.332,57.607369678149944,57.81113440239288,57.04244622240393,54.93502501218713,0,0,0,0,0,0,4.357626248835662
1654522200,57.152,57.627,53.97219,54.127,56.97457519121359,57.460264459307844,56.07063081493595,54.90333775680725,0,0,0,0,0,0,4.3074250882045435
1655127000,52.678,53.383,48.787,49.865,55.681925156447484,56.73690593937376,54.0020872099573,54.70575588399127,0,0,0,0,0,0,4.3811804390470765
1655818200,50.408,51.18,49.101,50.909,54.81412058254794,56.18186727848102,52.97105813997153,54.55686349638377,0,0,0,0,0,0,4.216738979115143
1656336600,51.38,51.415,46.943,47.784,53.5359168402665,55.38207039481616,51.24203875998102,54.291261006329506,0,0,0,0,0,0,4.2349719091783475
1657027800,47.2,50.139,46.391,49.869,52.86920468749077,54.85701607150033,50.78435917332068,54.11783900608129,0,1,0,0,0,0,4.200188201379894
1657546200,48.949,49.474,47.22875,49.446,52.24680383521972,54.34168120754792,50.33823944888045,53.93462963329379,0,0,0,0,0,0,4.088764044138473
1658151000,50.016,51.979,48.819,51.252,52.065930410634316,54.04742585444812,50.642826299253635,53.82942847120383,0,0,0,0,0,0,4.022423755271439
1658755800,51.046,53.783,50.65317,53.548,52.3353976087008,53.999861487357826,51.61121753283576,53.81839206056839,0,0,0,0,0,0,3.958667058466336
1659360600,53.143,55.315,52.723,55.144,52.84605258893702,54.10882705999041,52.788811688557175,53.87037668564414,0,0,0,0,0,0,3.861047982861597
1659965400,54.935,55.841,52.775,55.823,53.38731575458483,54.27208162570561,53.80020779237145,53.94695014895221,0,0,0,0,0,0,3.8042588412286262
1660570200,55.423,56.056,53.104,54.843,53.65198561738759,54.32645480420984,54.147805194914305,53.982089358797225,1,0,0,0,0,0,3.7433832097122957
1661175000,54.257,55.099,52,52.086,53.367260959680756,54.11307815618985,53.46053679660954,53.907732913354195,0,0,0,0,0,0,3.6973558375899884
1661779800,52,52.274,48.084,50.022,52.75903169428425,53.72345166512415,52.31435786440636,53.75535123047756,0,1,0,0,0,0,3.7325447063335604
1662471000,49.853,52.597,49.037,52.24,52.66466229532348,53.582170554159944,52.28957190960424,53.69592569202746,0,0,0,0,0,0,3.720220084452592
1662989400,52.675,53.126,48.986,50.25,52.22563278708285,53.26482097757328,51.609714606402825,53.56079135116364,1,0,0,0,0,0,3.7502043641345497
1663594200,49.442,50.339,46.2,46.868,51.25151773488597,52.65559993209011,50.02914307093522,53.29832894523565,0,0,0,0,0,0,3.777975480982082
1664199000,46.898,47.33,44.3635,44.401,50.0059690558158,51.86944755760534,48.15309538062348,52.94941408463818,0,0,0,0,0,0,3.720012946626219
1664803800,44.924,48.97,44.6965,46.048,49.28633831839474,51.31502398069055,47.451396920415654,52.67877039504452,0,0,0,0,0,0,3.78065487901006
1665408600,46,46.01,41.50682,42.71,48.09064044232297,50.49549788729145,45.870931280277105,52.287838222689835,0,1,0,0,0,0,3.834978101937913
1666013400,43.955,45.066,42.814,44.973,47.523796725536975,49.96954570754941,45.57162085351807,52.00098182180004,0,0,0,0,0,0,3.729336808942348
1666618200,45.273,47.434,45.111,47.29,47.4812882299848,49.71435087825899,46.14441390234538,51.81623743663141,0,0,0,0,0,0,3.6387413225893233
1667223000,46.685,48.045,44.136,46.53,47.30832673362393,49.41107936604385,46.272942601563585,51.608934007743905,0,0,0,0,0,0,3.658045513832943
1667831400,46.677,51.9,46.157,51.809,48.12663096387412,49.63945275975396,48.118295067709056,51.61677973293042,0,0,0,0,0,0,3.806970834273447
1668436200,51.539,53.257,50.314,51.516,48.74287987953337,49.8181715445393,49.2508633784727,51.61282758654099,0,0,0,0,0,0,3.7452586318253434
1669041000,51.294,54.148,51.111,52.991,49.515265355981846,50.1203456831546,50.49757558564847,51.66687356353938,0,0,0,0,0,0,3.694668729552105
1669645800,52.524,55.242,51.483,54.08,50.345217109439695,50.49745561809226,51.69171705709898,51.76150597281235,0,0,0,0,0,0,3.699263820298383
1670250600,53.777,55.264,51.605,54.472,51.09554127135975,50.87598365446443,52.61847803806599,51.86779985623147,0,0,0,0,0,0,3.6963878331342133
1670855400,54.475,58.565,54.224,55.591,51.91289740383979,51.32503283022972,53.60931869204399,52.013807705006705,1,0,0,0,0,0,3.7424315593389124
1671460200,55.402,56.191,54.0915,55.243,52.51837060314165,51.698172560684036,54.15387912802933,52.14044269696723,0,0,0,0,0,0,3.625079305100418
1672151400,55.155,56.26,54.245,55.913,53.135575948024986,52.09958469776175,54.74025275201955,52.28838612061557,0,0,0,0,0,0,3.5100736404503885
1672756200,56.5,59.1,55.079,58.843,54.173289412020445,52.741814726546345,56.10783516801303,52.54542980216006,0,0,0,0,0,0,3.546568380418218
1673274600,59.23,60.1675,54.999,57.9,54.850873155289456,53.23307046687526,56.70522344534202,52.75541294717339,1,0,0,0,0,0,3.6624206389597735
1673965800,57.49,58.756,55.911,57.078,55.25580530887319,53.59925423193476,56.82948229689468,52.9249261649313,0,0,0,0,0,0,3.604033450462647
1674484200,57.2,60.056,56.978,59.099,55.954567979987154,54.12303954317907,57.58598819792979,53.16704670748301,0,0,0,0,0,0,3.5664596325724576
1675089000,58.3,61.314,57.976,59.762,56.646828347262215,54.660083396209636,58.31132546528652,53.425672326797404,0,0,0,0,0,0,3.5501410873887105
1675693800,59.334,61.701,58.963,59.325,57.13376864775999,55.104361167999194,58.64921697685768,53.657018510060254,1,0,0,0,0,0,3.4921310097180887
1676298600,59.5,60.894,59.245,59.559,57.57471980271272,55.5286124853326,58.952477984571786,53.8884687645677,0,0,0,0,0,0,3.360478794738225
1676989800,59,59.309,57.21,57.775,57.61113438403768,55.74255415339616,58.559985323047854,54.04088175419249,0,1,0,0,0,0,3.28823030939978
1677508200,58.587,63.573,58.218,63.276,58.641109950576286,56.46002518640605,60.131990215365235,54.40304325402808,0,0,0,0,0,0,3.4674995730140816
1678113000,63.5,64.405,61.282,61.483,59.15781723228969,56.93840374008166,60.58232681024349,54.680688616615214,0,0,0,0,0,0,3.4428924606559335
1678714200,60.709,63.95699,60.688,63.097,59.87403228096429,57.52493671721674,61.42055120682899,55.010740043414614,0,0,0,0,0,0,3.4304708563233666
1679319000,63.274,64.84999,62.85526,63.617,60.55457186624351,58.105133220338956,62.15270080455266,55.348240433868945,1,0,0,0,0,0,3.3279179380145547
1679923800,63.9,64.2215,61.886,64.154,61.20901334510833,58.68121577078286,62.81980053636844,55.6935643384231,0,0,0,0,0,0,3.2570309424420865
1680528600,63.9,64.4235,61.897,62.264,61.400829100543184,59.02243331642259,62.63453369091229,55.95122848201435,0,0,0,0,0,0,3.2048501608390807
1681133400,61.805,63.088,61.521,61.954,61.50140562771715,59.30163014342997,62.407689127274864,56.18663128664124,0,0,0,0,0,0,3.087860863636289
1681738200,61.861,64.273,61.781,63.29,61.82660460449585,59.68147489167473,62.70179275151658,56.465194765596486,0,0,0,0,0,0,3.045299373376554
1682343000,63.364,63.885,60.323,62.65,61.97631285822388,59.96419156865809,62.68452850101105,56.7077361473378,0,0,0,0,0,0,3.0822065609925144
1682947800,62.65,63.899,60.129,63.012,62.164619611274084,60.2544590383097,62.793685667340704,56.95496218077553,0,1,0,0,0,0,3.1313346637787633
1683552600,62.978,63.27,61.586,63.115,62.33741604558789,60.526891510851634,62.9007904448938,57.196532291333355,0,0,0,0,0,0,3.027953616365995
1684157400,63.187,68.495,62.847,68.225,63.407885855481,61.26004470029434,64.67552696326253,57.62902122108499,0,0,0,0,0,0,3.2150997866255664
1684762200,68.14,81.498,67.412,81.273,66.65608842721173,63.16604044312345,70.20801797550835,58.556236075160086,0,0,0,0,0,0,3.9915926590094544
1685453400,83.512,92.17799,78.516,81.2,69.3004359859005,64.88356040092121,73.87201198367224,59.44422681731067,1,0,0,0,0,0,4.682335326223064
1685971800,80.92,81.77489,77.638,80.462,71.32981126119132,66.3672213151192,76.06867465578149,60.26845321663182,0,0,0,0,0,0,4.643374945778559
1686576600,81.112,88.995,81.112,86.811,74.14457285006563,68.31424785653641,79.649449770521,61.30933740421489,0,0,0,0,0,0,4.921205306794377
1687267800,86.266,87.707,81.885,82.215,75.61192324096278,69.63812901305675,80.50463318034734,62.12916730993195,0,0,0,0,0,0,4.9855477848804926
1687786200,82.5,87.457,82.022,86.743,77.63575537896955,71.26716434514658,82.58408878689822,63.094415650718936,0,0,0,0,0,0,5.017651514531885
1688391000,86.862,87.69,84.433,84.675,78.91561803733872,72.54410107418025,83.28105919126548,63.94071307618094,0,0,0,0,0,0,4.891890692065322
1688995800,84.828,90.335,84.828,88.858,80.72332384873168,74.09780573378212,85.14003946084365,64.91786158299738,0,0,0,0,0,0,4.946755642632084
1689600600,89.101,91.321,88.563,89.675,82.35090133078046,75.58134804485049,86.65169297389576,65.88872975621317,0,0,0,0,0,0,4.790415953872649
1690205400,90.08,92.318,88.6,89.979,83.73782836154764,76.95255299295997,87.76079531593051,66.83344623636167,1,0,0,0,0,0,4.713814814310317
1690810200,89.75,92.062,87.33715,88.165,84.54276865944807,78.02040508886854,87.89553021062034,67.66997775650435,0,0,0,0,0,0,4.71460304185958
1691415000,88.768,89.737,82.348,82.976,84.25790163045751,78.4923665089763,86.25568680708022,68.27021392291594,0,0,0,0,0,0,4.905631396012467
1692019800,83.113,85.462,81.2,82.584,83.95355587946524,78.8820458890738,85.03179120472015,68.83153886711531,0,1,0,0,0,0,4.859657724868719
1692624600,83.406,90.9855,83.177,85.182,84.17690935592611,79.48204151868582,85.08186080314677,69.47273342134609,0,0,0,0,0,0,5.112646458806667
1693229400,85.639,92.367,84.711,87.252,84.73601674575772,80.22203756452527,85.80524053543118,70.16995956168546,1,0,0,0,0,0,5.294314568891906
1693920600,86.951,88.3,84.052,85.755,84.92128642834723,80.74898636790381,85.78849369028745,70.78113761808996,0,0,0,0,0,0,5.219577813971055
1694439000,86.877,87.667,84.166,85.168,84.96614344137501,81.16984480905583,85.58166246019164,71.3453282997335,0,0,0,0,0,0,5.096822255830266
1695043800,84.258,85.633,79.509,82.908,84.59193554294319,81.33538339866956,84.69044164012776,71.7987664056263,0,1,0,0,0,0,5.170192094699532
1695648600,82.8,84.404,80.43801,83.058,84.31303817149897,81.4994421226058,84.14629442675184,72.24030497795468,0,0,0,0,0,0,5.084177659363851
1696253400,82.906,84.8385,80.891,84.526,84.3517585039537,81.78768572997667,84.2728629511679,72.72209693960352,0,0,0,0,0,0,5.0029863979807185
1696858200,84.046,92.591,83.783,88.318,85.07289332141667,82.40962042235985,85.62124196744526,73.33370098118769,1,0,0,0,0,0,5.2747730838392375
1697463000,89.097,91.5785,85.184,85.363,85.12563999025001,82.69089466784939,85.53516131163018,73.8054381976117,0,0,0,0,0,0,5.354753577850722
1698067800,85.796,88.3,81.834,83.836,84.89115999202274,82.7999523185304,84.96877420775346,74.19879356241125,0,1,0,0,0,0,5.434128322289956
1698672600,84.11,88.75,82.715,88.268,85.50513090256406,83.32071876438465,86.0685161385023,74.75052714819905,0,0,0,0,0,0,5.477047727840673
1699281000,88.156,95.895,87.121,95.752,87.36819801118878,84.50465031063374,89.29634409233486,75.57411431885791,0,0,0,0,0,0,5.712544318709196
1699885800,95.005,98.389,94.048,97.773,89.25998019097264,85.76830266200196,92.12189606155657,76.44465885537329,0,0,0,0,0,0,5.614576867372825
1700490600,97.3,99.987,96.675,97.887,90.82852924715944,86.92246431323987,94.04359737437105,77.28553497869198,1,0,0,0,0,0,5.450107091131909
1701095400,97.615,98.101,90.8,93,91.22334211131226,87.50127723578845,93.69573158291404,77.90178850893936,0,0,0,0,0,0,5.58231372747963
1701700200,92.064,95.073,90.31,94.43,91.8063708183464,88.16115559428479,93.94048772194269,78.54995366545154,0,1,0,0,0,0,5.523791318373942
1702305000,95.701,114.98799,95.609,112.974,95.65503066955614,90.52428363292434,100.28499181462846,79.89991626680639,0,0,0,0,0,0,6.597662652775803
1702909800,112.08,115.182,110.926,112.198,98.66284327509139,92.58844709645535,104.25599454308563,81.16650778575516,1,0,0,0,0,0,6.430401034720388
1703601000,112.424,113.957,111.467,111.625,101.01959904325659,94.40145213488817,106.71232969539042,82.36095846082358,0,0,0,0,0,0,6.148943817954645
1704205800,109.212,110.2,104.151,104.928,101.73021739902812,95.40398050299406,106.11755313026028,83.24594048196775,0,1,0,0,0,0,6.243590688100743
1704724200,105.65,111.56899,105.20018,110.768,103.37345059920483,96.86722045508986,107.66770208684018,84.32523693365529,0,0,0,0,0,0,6.271976353236404
1705415400,111.234,121.7,109.0215,121.12,106.60009594480395,99.17700898317655,112.15180139122678,85.76816881860998,0,0,0,0,0,0,6.729585185148089
1705933800,121.625,128.45499,120.023,120.488,109.12516940938505,101.20662717525498,114.93053426081785,87.12973082572331,0,0,0,0,0,0,6.851185529066084
1706538600,121.491,123.469,117.431,122.434,111.54495678949687,103.2282817299926,117.4316895072119,88.51421196981259,0,0,0,0,0,0,6.793100848418506
1707143400,122.696,129.597,121.194,128.344,114.59932828231561,105.62025489856474,121.06912633814126,90.07616444158465,0,0,0,0,0,0,6.908093644960042
1707748200,129.001,129.007,122.709,124.548,116.40817768553096,107.42289728917763,122.22875089209417,91.42800113014997,0,0,0,0,0,0,6.864515527462896
1708439400,123.586,131.962,120.264,129.637,118.8134181063435,109.53852611877976,124.69816726139611,92.92639324269311,0,1,0,0,0,0,7.209764418358404
1708957800,131,140.776,128.29734,139.917,122.65043299609923,112.4317141074674,129.7711115075974,94.76916213513651,0,0,0,0,0,0,7.5861141027613765
1709562600,140.315,143.817,130.158,130.872,124.14526336044483,114.18793181151813,130.13807433839827,96.1849596984645,1,0,0,0,0,0,8.019891666849851
1710163800,127.793,130.779,123.007,123.55,124.03703365854577,115.0795573532783,127.94204955893218,97.25809853381882,0,0,0,0,0,0,8.008827976360577
1710768600,125.398,140.361,120.402,135.347,126.0933911751738,117.00978998629942,130.41036637262147,98.7517809442573,0,1,0,0,0,0,8.86241169233482
1711373400,134.503,137.99377,129.602,132.541,127.26568368877857,118.4889528447471,131.12057758174765,100.076848358208,0,0,0,0,0,0,8.82879442859662
1711978200,132.568,140.398,130.34138,133.943,128.47974119990974,119.9607668595331,132.06138505449843,101.40493273631749,1,0,0,0,0,0,8.916496255125434
1712583000,133.365,139.187,130.864,134.407,129.55742461810797,121.3365985871966,132.84325670299896,102.69913145254033,0,0,0,0,0,0,8.874103665473617
1713187800,137,137,119.756,120.471,127.90534741481561,121.25416062651121,128.71917113533263,103.39606747400933,0,1,0,0,0,0,9.471953403654073
1713792600,122.45,135.583,120.054,134.407,129.08746606666733,122.5068119954149,130.61511409022177,104.61218247502858,0,0,0,0,0,0,9.904599589107352
1714397400,134.408,135.298,122.331,127.811,128.85538132727328,123.01197275775634,129.68040939348117,105.52194002502746,0,0,0,0,0,0,10.123342475599685
1715002200,128.6225,134.4,127.507,133.28,129.65985744958724,123.9898801141605,130.88027292898744,106.61049139659501,0,0,0,0,0,0,9.892603727342564
1715607000,134.8,144.54,132.58,139.529,131.45424700420773,125.46979629376426,133.7631819526583,107.90141330261089,1,0,0,0,0,0,10.040274889675237
1716211800,139.6,142.9,137.8,140.784,133.1505657307154,126.92829188483434,136.10345463510552,109.19092650643007,0,0,0,0,0,0,9.68739811184129
1716903000,141,141.71813,130.726,132.855,133.096826506949,127.49274027675487,135.0206364234037,110.11892938853086,0,0,0,0,0,0,9.78059324670977
1717421400,135.27,142.5,130.253,140.664,134.47267623295826,128.74714596468297,136.90175761560246,111.31677529486298,0,1,0,0,0,0,9.956765157659074
1718026200,140.98,174.724,140.9125,173.504,141.5692805542386,133.00970349185602,149.10250507706832,113.75548998918208,0,0,0,0,0,0,11.678424789254853
1718631000,180,185.162,165.142,165.863,145.98632045346793,136.138588873584,154.68933671804555,115.79892175431219,1,0,0,0,0,0,12.274251590022363
1719235800,164.205,166.1,156.4,160.553,148.63480764374648,138.46377088562363,156.6438911453637,117.55398364629994,0,0,0,0,0,0,12.090376476449336
1719840600,160.82,176.547,159.35,170.331,152.57956989033804,141.4987450869928,161.2062607635758,119.62367056213131,0,0,0,0,0,0,12.455135299560098
1720445400,170.5,177.098,166.85,170.067,155.7591026375493,144.21953126918396,164.15984050905055,121.60184034400851,1,0,0,0,0,0,12.297482778162948
1721050200,170,173.5099,153.9,157.35,156.04835670344943,145.47005210069025,161.88989367270037,123.00372895796896,0,0,0,0,0,0,12.81979829400845
1721655000,160.23,165.33,145.52,151.63,155.24501912100408,146.0567138053864,158.46992911513357,124.12632782236233,0,0,0,0,0,0,13.319098415864989
1722259800,152.02,161.33,139.6,143.82,153.16774291718517,145.84369344296866,153.58661941008904,124.89862869207361,0,0,0,0,0,0,13.919877100446062
1722864600,129.61,150.1,128.5,148.26,152.2754260231515,146.07381787697165,151.81107960672603,125.8147609002276,0,1,0,0,0,0,14.468457307557058
1723469400,148.08,166.67,146.37,165.72,154.71989401894214,147.94488284106959,156.447386404484,127.37967223747357,0,0,0,0,0,0,14.88499607130298
1724074200,164.86,172.42,160.42,166.36,156.83627692458901,149.69870352287248,159.75159093632269,128.90831254188637,1,0,0,0,0,0,14.678924923352767
1724679000,164.96,165.7,155.41,162.82,157.92422657466375,150.94835080640843,160.77439395754845,130.23818263828298,0,0,0,0,0,0,14.412573143113287
1725370200,160.38,160.74,136.6,136.995,154.11891265199762,149.61946025341715,152.8479293050323,130.50315586815424,0,0,0,0,0,0,15.255960775748052
1725888600,139.11,168.08,134.9,167.69,156.58638307890715,151.34046403880598,157.79528620335486,131.96146348116778,0,1,0,0,0,0,16.536249291766048
1726493400,165.19,172.02,160.41,171.1,159.22522251910584,153.22232460653873,162.23019080223656,133.49630805053374,0,0,0,0,0,0,16.184374342354186
1727098200,172,180.25,168.3501,172.69,161.6733638792684,155.0763889297255,165.7167938681577,135.0333155779638,0,0,0,0,0,0,15.878340460757459
1727703000,171.87,176.8998,165.8,176.64,164.39457044667415,157.13006617451356,169.3578625787718,136.6649502611809,0,0,0,0,0,0,15.537016142131924
1728307800,174.82,186.42,173.86,181.48,167.50101218364247,159.44910749122656,173.39857505251453,138.42240319211498,1,0,0,0,0,0,15.324372131979642
1728912600,183.3,185.51,173.3652,179.89,169.7535554229802,161.3958591587288,175.562383368343,140.04858345909088,0,0,0,0,0,0,15.097259836838239
1729517400,179.38,181.7199,169.5,173,170.34381807334745,162.50101542932606,174.70825557889535,141.34079587245986,0,0,0,0,0,0,14.891734134206937
1730122200,173,180.23,167.38,168.92,170.08494206001154,163.11234729319978,172.77883705259688,142.42233328922615,0,0,0,0,0,0,14.745895981763583
1730730600,169.28,185.05,168.42,183.64,172.54949804910035,165.06736183670455,176.39922470173124,144.03871237592315,1,0,0,0,0,0,14.880474840209043
1731335400,183.4,183.63,163.43,164.84,171.1477711310821,165.04570832844698,172.54614980115417,144.85444914549478,0,0,0,0,0,0,15.261155208765539
1731940200,165.66,166.8,160.6,164.23,169.88999456179445,164.96802182097585,169.77409986743612,145.61427466920088,0,0,0,0,0,0,14.613929836710858
1732545000,165.395,167.225,157.54,162.08,168.4699955505591,164.69297212374005,167.20939991162408,146.25998938805574,0,1,0,0,0,0,14.261863419802939
1733149800,162.95,180.68,162.75,179.53,170.48090545045744,166.10602239766956,171.31626660774938,147.56469568656337,0,0,0,0,0,0,14.571730318388443
1733754600,178.95,228.7,169.73,224.8,180.35710445946518,171.69592502646293,189.1441777384996,150.5935311498354,0,0,0,0,0,0,17.74303529564641
1734359400,231.79,251.88,217.58,220.79,187.7085400122897,176.37155121441884,199.69278515899973,153.34633384984184,1,0,0,0,0,0,18.92567563167167
1734964200,226.69,247.28,225.13,241.75,197.5342600100552,182.59807014637894,213.7118567726665,156.81314428710294,0,0,0,0,0,0,19.465984515123694
1735569000,234.695,239.5,229,232.55,203.90075819004517,187.35539679910477,219.99123784844434,159.78321706015774,0,0,0,0,0,0,18.986271335472
1736173800,236.5,241.75,221.25,224.31,207.61152942821877,190.87488281823764,221.43082523229623,162.31367913622998,0,0,0,0,0,0,19.094394811509716
1736778600,219.99,238.6,219.51,237.44,213.03488771399716,195.30965588316738,226.7672168215308,165.25980936618174,0,0,0,0,0,0,19.09408089640188
1737469800,241.5,249.59,236.12,244.7,218.79218085690678,200.01349818000858,232.74481121435386,168.37511095966482,1,0,0,0,0,0,18.692360832373172
1737988200,213.4,226.8,196.23,221.27,219.2426934283783,202.03792692476966,228.9198741429026,170.44942033379562,0,1,0,0,0,0,20.81933505863223
1738593000,215.46,237.9299,213.51,224.87,220.26584007776407,204.2124100747916,227.56991609526838,172.58356071286246,0,0,0,0,0,0,21.07651826872993
1739197800,227.43,237.89,227.12,233.04,222.58841460907968,206.95789482957335,229.39327739684558,174.9544014692208,0,0,0,0,0,0,20.501052678106362
1739889000,230.1,232.2,215.63,218.66,221.87415740742884,208.07238103628066,225.8155182645637,176.66834650964353,0,0,0,0,0,0,20.280263201098762
1740407400,218.6,219.48,193.15,199.43,217.79340151516905,207.24929712806346,217.02034550970913,177.56096037201044,0,0,0,0,0,0,20.712387258163137
1741012200,204,204.06,177.61,194.96,213.6418739669565,206.0788878777717,209.66689700647277,178.24327565153945,0,1,0,0,0,0,21.122216739722912
1741613400,189.6,199.98,180.43,195.54,210.3506241547826,205.07518427036487,204.95793133764852,178.92157856716534,0,0,0,0,0,0,21.00991554402842
1742218200,188.05,198.27,186.9,191.66,206.95232885391303,203.79754767318727,200.52528755843235,179.42112450570787,0,0,0,0,0,0,20.32135014802639
1742823000,194.295,196.69,166.47,169.12,200.073723607747,200.49492408526467,190.05685837228825,179.01715883881735,0,0,0,0,0,0,21.0283965660245
1743427800,164.485,173.43,139.1701,146.29,190.29486476997482,195.3325503628585,175.46790558152549,177.73374084513824,0,0,0,0,0,0,21.973503954165608
1744032600,144.49,187.33,138.1,181.94,188.77579844816123,194.0570693759196,177.62527038768366,177.8986921845446,0,1,0,0,0,0,23.920396528868064
1744637400,185.075,186,166.92,170.99,185.5420169121319,191.86020562583204,175.4135135917891,177.62776307926833,0,0,0,0,0,0,23.574653919663206
1745242200,166.99,193.37,161.61,192.31,186.7725592917443,191.9030431852766,181.0456757278594,178.20353707615976,0,0,0,0,0,0,24.15932149683012
1745847000,190.53,205.68,184.02,203.64,189.83936669324532,193.02084859620263,188.57711715190626,179.2010454261143,0,0,0,0,0,0,23.980798532770823
1746451800,200.25,211.1625,195.94,208.2,193.17766365810982,194.46648206323096,195.11807810127084,180.33825933097256,0,0,0,0,0,0,23.35520578043005
1747056600,219.49,235.28,215.88,228.61,199.6199066293626,197.71824567625657,206.2820520675139,182.23126876897365,0,0,0,0,0,0,23.621262510399333
1747661400,221.85,236.5,221.6,228.72,204.9108326967512,200.67079370708927,213.76136804500925,184.05435626822958,0,0,0,0,0,0,22.998315188227952
1748352600,232.865,246.07,231.1308,242.07,211.66704493370554,204.61357525879507,223.19757869667282,186.32947955182843,0,0,0,0,0,0,22.594864103354528
1748871000,243.25,265.43,243.19,246.93,218.07849130939545,208.64371094843364,231.1083857977819,188.70597054979595,1,0,0,0,0,0,22.649516667400633
1749475800,245.045,257.89,241.11,248.7,223.64603834405082,212.45859562001138,236.97225719852125,191.05867758705887,0,0,0,0,0,0,22.230265476872013
1750080600,250.35,255.64,244.17,249.99,228.4358495542234,216.0330150847722,241.31150479901416,193.36970983854675,0,0,0,0,0,0,21.461675085666872
1750685400,249.105,271.85,246.46,269.35,235.87478599891006,221.11082317193674,250.65766986600946,196.34932906056454,0,0,0,0,0,0,21.742269722404956
1751290200,274.73,277.705,262.6555,275.18,243.02118854456276,226.26026858413326,258.831779910673,199.44072792093456,0,0,0,0,0,0,21.26421474223317
1751895000,275.13,281.18,271.1545,274.38,248.72279062736953,230.84310014754914,264.0145199404487,202.37952290442732,0,0,0,0,0,0,20.461449403502233
1752499800,274.13,288.28,269.58,283.34,255.01682869512052,235.8428048954016,270.4563466269658,205.55444357484194,0,0,0,0,0,0,20.335631588966358
1753104600,283.955,292.5943,273,290.18,261.410132568735,241.0177758577443,277.03089775131053,208.87309284641677,0,0,0,0,0,0,20.282679332611618
1753709400,292.46,306.949,281.61,288.64,266.3610175562377,245.55322577605438,280.9005985008737,212.00120685243965,0,0,0,0,0,0,20.64384509456793
1754314200,292.2,310.34,291.4,304.97,273.38083254601264,251.2119661783349,288.9237323339158,215.64704187783417,0,0,0,0,0,0,20.719284730670218
1754919000,305.05,317.35,299.76,306.34,279.3734084467376,256.4622551137316,294.7291548892772,219.20362847086028,1,0,0,0,0,0,20.495764392765206
1755523800,302.7,306.17,281.87,294,282.03278872914893,260.03727843623335,294.48610325951813,222.1368195112187,0,1,0,0,0,0,20.779638364710546
1756128600,292.81,311,291.71,297.39,284.82500896021276,263.5946804899254,295.45406883967877,225.0879246284258,0,0,0,0,0,0,20.67323562437408
1756819800,289.34,356.34,287.17,334.89,293.92773460381045,270.3847109194563,308.5993792264525,229.39388836848755,0,0,0,0,0,0,24.137290222633073
1757338200,342.75,374.23,335.83,359.87,305.91723740311767,278.9071194033176,325.68958615096835,234.51059862854686,1,0,0,0,0,0,25.22319806387357
1757943000,359.87,365.69,336.43,344.94,313.0122851480054,285.1959651744302,332.10639076731223,238.8411633882117,0,0,0,0,0,0,25.511541059311174
1758547800,342.425,346.67,327.3,334.53,316.92459693927714,289.89444468162736,332.9142605115415,242.5936667847524,0,0,0,0,0,0,25.072859555074665
1759152600,336,347.61,324.5,338.37,320.8237611321358,294.5111642357581,334.73284034102767,246.34960142064446,0,0,0,0,0,0,24.93265530114076
1759757400,335.92,350.6,324.05,324.63,321.51580456265657,297.3796247847335,331.36522689401846,249.41942097277604,0,1,0,0,0,0,25.04817992248785
1760362200,352.77,363.24,339.6532,349.33,326.5729310058099,302.32727956713984,337.3534845960123,253.33748289541228,0,0,0,0,0,0,26.016881356595864
1760967000,353.8,358.3,335.51,354.13,331.58330718657174,307.260871989317,342.94565639734157,257.29013062500394,0,0,0,0,0,0,25.78638983112473
1761571800,361.54,386.48,355.08,369.63,338.5008876981042,313.2007889427154,351.8404375982277,261.6956156985332,1,0,0,0,0,0,26.255219128901537
1762180200,372,374.85,337.27,349.43,340.4879990257216,316.6511899957901,351.03695839881846,265.13617978878676,0,0,0,0,0,0,27.064132048265716
1762785000,357.9,361.885,329.06,342.46,340.8465446574086,319.10917190095296,348.17797226587896,268.1684864637363,0,1,0,0,0,0,27.475622616246735
1763389800,339.815,376.08,331.8,340.2,340.7289910833343,321.1178221961003,345.51864817725266,270.99325170045256,0,0,0,0,0,0,28.675935286514825
1763994600,347.73,403,347.66,402.96,352.0437199772735,328.9123153202812,364.6657654515018,276.16841830043484,0,0,0,0,0,0,31.113368480335197
1764599400,394.85,395.42,370.65,390.24,358.98849816322377,334.75304719454016,373.1905103010012,280.6418136612021,0,0,0,0,0,0,31.198842160311255
1765204200,402.48,414.61,355.15,359.93,359.1596803153649,337.15085222363155,368.7703402006675,283.75115430193927,1,0,0,0,0,0,33.217496291717595
1765809000,361.89,362,321.42,340.36,355.7415566216622,337.45648534519046,359.300226800445,285.97110903519655,0,1,0,0,0,0,33.743389413737766
1766413800,346.03,353.25,337.22,352.13,355.0849099631782,338.8539629313628,356.91015120029664,288.56557534754177,0,0,0,0,0,0,32.4781473127565
1767018600,348.72,360.66,344.69,347.62,353.7276536062367,339.6888236045663,353.8134341335311,290.8814351378343,0,0,0,0,0,0,31.29899393327389
1767623400,354.74,355.03,330.5,344.97,352.1353529505573,340.1917927850838,350.8656227556874,293.0025553285074,0,0,0,0,0,0,30.815494366611468
1768228200,340.95,359.49,334.4201,351.71,352.058016050456,341.2887649007901,351.1470818371249,295.3048080607228,0,0,0,0,0,0,30.405094768996367
1768919400,344.1,345.4,314.11,320.05,346.23837676855493,339.26602538642913,340.7813878914166,296.275207744616,0,0,0,0,0,0,30.91901657121091
1769437800,319.8,339.99,317.6,331.3,343.5223082651813,338.50735630200734,337.62092526094443,297.64872900953304,0,0,0,0,0,0,30.3098011018387
1770042600,326.11,338.9,295.3,332.92,341.5946158533302,337.97522713038757,336.05395017396296,299.0319161071984,0,1,0,0,0,0,31.259101023135937
1770647400,330.77,352.34,324.69,325.17,338.6083220618156,336.7556816893983,332.425966782642,300.0569390049553,,,0,0,0,0,31.001308092911938
1771338600,319.675,335.75,316.31,332.54,337.5049907778491,336.35418819516985,332.46397785509464,301.3307845341728,,,,,,,30.175500371989653