time,open,high,low,close,EMA1,EMA2,EMA3,EMA4,Fractal High,Fractal Low,HH,LH,LL,HL,ATR
1337347800,42.05,45,38,38.2318,,,,,0,0,0,0,0,0,
1337607000,36.53,36.66,33,34.03,,,,,0,0,0,0,0,0,
1337693400,32.61,33.59,30.94,31,,,,,0,1,0,0,0,0,
1337779800,31.37,32.5,31.36,32,,,,,0,0,0,0,0,0,
1337866200,32.95,33.21001,31.77,33.03,,,33.65836,,0,0,0,0,0,0,
1337952600,32.89999,32.95,31.11,31.91,,,33.07557333333334,,0,0,0,0,0,0,
1338298200,31.48,31.69,28.64999,28.84,,,31.66371555555556,,0,0,0,0,0,0,
1338384600,28.69501,29.55,27.86,28.19,,,30.505810370370373,,0,0,0,0,0,0,
1338471000,28.545,29.67,26.83,29.60001,,,30.20387691358025,,0,0,0,0,0,0,
1338557400,28.892,29.14999,27.39,27.72,31.455181,,29.37591794238683,,0,0,0,0,0,0,
1338816600,27.2,27.64999,26.44,26.89999,30.626964454545455,,28.550608628257887,,0,0,0,0,0,0,
1338903000,26.7,27.75999,25.75,25.869,29.761880008264463,,27.656739085505258,,0,0,0,0,0,0,
1338989400,26.07001,27.17,25.52,26.81,29.225174552216377,,27.374492723670173,,0,1,0,0,0,0,
1339075800,27,27.35001,26.14999,26.31,28.695142815449763,,27.019661815780115,,0,0,0,0,0,0,2.5944171428571434
1339162200,26.55,27.75999,26.44,27.10001,28.40511866718617,,27.04644454385341,,0,0,0,0,0,0,2.5126723469387757
1339421400,27.17999,28.07001,26.83501,27.005,28.150551636788684,,27.032629695902273,,0,0,0,0,0,0,2.421410036443149
1339507800,27.48,27.77,26.96001,27.39999,28.014085884645286,,27.155083130601515,,0,0,0,0,0,0,2.306308605268638
1339594200,27.66,28.10001,27.10001,27.27,27.878797541982507,,27.193388753734343,,0,0,0,0,0,0,2.2130008477494494
1339680600,27.64999,28.32001,27.38,28.28999,27.953559807076598,,27.558922502489562,,0,0,0,0,0,0,2.129930072910203
1339767000,28.505,30.10001,28.35001,30.01401,28.32818711488085,29.37599,28.377285001659708,,0,0,0,0,0,0,2.107079353416617
1340026200,29.955,32.08,29.41,31.41,28.88851673035706,29.56970523809524,29.388190001106473,,0,0,0,0,0,0,2.1472879710297157
1340112600,31.535,32.17999,30.7,31.911,29.438059143019412,29.79268569160998,30.229126667404316,,0,0,0,0,0,0,2.0996238302418786
1340199000,31.92,31.9288,31.14999,31.60001,29.831141117015882,29.964811816218553,30.686087778269545,,0,0,0,0,0,0,2.0052799852246017
1340285400,31.67,32.5,31.50999,31.84,30.196388186649358,30.143401167054883,31.07072518551303,,0,0,0,0,0,0,1.9327607005657017
1340371800,32.41,33.45,32.06,33.05,30.715226698167655,30.420220103525846,31.730483457008685,,1,0,0,0,0,0,1.909706364811009
1340631000,32.86,33.02,31.55,32.06,30.959730934864446,30.576389617475765,31.84032230467246,,0,0,0,0,0,0,1.8804416244673654
1340717400,32.69,33.44,32.5,33.10001,31.34887258307091,30.816734415811407,32.260218203114974,,0,0,0,0,0,0,1.8446957941482676
1340803800,32.46001,32.89999,31.89999,32.23,31.509077567967108,30.951331138115084,32.25014546874331,,0,0,0,0,0,0,1.7986475231376768
1340890200,31.96001,32.19,30.89999,31.36,31.481972555609453,30.990251982104123,31.95343031249554,,0,0,0,0,0,0,1.7651734143421283
1340976600,31.92,31.99001,30.75999,31.095,31.411613909135006,31.000227983808493,31.66728687499703,,0,0,0,0,0,0,1.7269481704605478
1341235800,31.25,31.73,30.55,30.771,31.295138652928642,30.978396747255303,31.368524583331354,,0,1,0,0,0,0,1.6878804439990802
1341322200,30.91,31.44,30.8,31.2,31.277840716032525,30.999501818945273,31.3123497222209,,0,0,0,0,0,0,1.6151032694277174
1341495000,31.32001,31.625,31.02,31.47,31.312778767662977,31.044311169521915,31.364899814813935,,0,0,0,0,0,0,1.5429530358971664
1341581400,31.44,31.89999,31.25999,31.73,31.388637173542435,31.109614867662685,31.486599876542623,,0,0,0,0,0,0,1.4784563904759402
1341840600,32.10001,32.88,31.99001,32.17,31.530703141989264,31.210603927885288,31.714399917695083,,1,0,0,0,0,0,1.454995219727659
1341927000,32.42999,32.48,31.1599,31.47,31.519666207082125,31.235308315705737,31.632933278463387,,0,0,0,0,0,0,1.4453598468899689
1342013400,31.48,31.56,30.55,30.97,31.419726896703555,31.210040857067096,31.411955518975592,,0,1,0,0,0,0,1.4142627149692566
1342099800,30.7,31.39999,30.60001,30.81,31.308867460939272,31.17194172782261,31.211303679317062,,0,0,0,0,0,0,1.370385378185738
1342186200,31.03999,31.07001,30.56,30.72,31.201800649859404,31.12889965850617,31.047535786211373,,0,0,0,0,0,0,1.308929994029614
1342445400,30.5,30.5,28.21001,28.245,30.66420053170315,30.85424254817225,30.113357190807584,,0,0,0,0,0,0,1.39471999445607
1342531800,28.48,28.59,27.14999,28.09,30.196164071393486,30.590981353108226,29.43890479387172,,0,1,0,0,0,0,1.3979549948520649
1342618200,28.31,29.28999,28.14999,29.11,29.998679694776488,30.44993550995506,29.329269862581146,,0,0,0,0,0,0,1.3838146380769172
1342704600,29.41,29.5,28.63,29,29.81710156845349,30.311846413768865,29.219513241720765,,1,0,0,0,0,0,1.3471135924999946
1342791000,29,29.47,28.72,28.75999,29.62489946509831,30.164050564838497,29.066338827813844,,0,0,0,0,0,0,1.304462621607138
1343050200,28.12,29,28.00999,28.75,29.465826835080435,30.029379082472925,28.960892551875897,,0,1,0,0,0,0,1.2820017200637712
1343136600,28.82001,29.45,28.10001,28.45,29.281131046883992,29.878962026999314,28.79059503458393,,0,0,0,0,0,0,1.2868580257735016
1343223000,28.39,29.49001,28.08,29.34,29.291834492905085,29.82763231014224,28.973730023055953,,1,0,0,0,0,0,1.295654595361109
1343309400,27.75,28.23,26.73,26.845,28.84695549419507,29.54357209012869,28.264153348703967,,0,0,0,0,0,0,1.3895364099781724
1343395800,23.19,24.53999,22.28,23.705,27.91205449525051,28.98751760535453,26.744435565802643,,0,0,0,0,0,0,1.6163552378368742
1343655000,23.995,24.03999,23.03,23.14999,27.046224587023143,28.431562595320766,25.54628704386843,29.838636,0,0,0,0,0,0,1.5730434351342402
1343741400,23.37,23.37,21.61,21.71001,26.076003753018934,27.791414729099742,24.267528029245618,29.51986635294118,0,0,0,0,0,0,1.5863974754817944
1343827800,21.5,21.58,20.84,20.88,25.131275797924584,27.133184754899766,23.138352019497077,29.181048064590545,0,0,0,0,0,0,1.5352269415188091
1343914200,20.77,20.84,19.82001,20.03999,24.205587471029204,26.457642397290265,22.105564679664717,28.822575199312485,0,1,0,0,0,0,1.501281445696037
1344000600,20.36,22.16,19.89999,21.09,23.63911702175117,25.946438359453097,21.767043119776478,28.519336956202192,0,0,0,0,0,0,1.5554763424320346
1344259800,21.39,22.14999,21.3,21.92,23.326550290523684,25.562968039505183,21.81802874651765,28.26053942850799,0,0,0,0,0,0,1.5200844608297464
1344346200,22.2,22.45,20.5,20.72,22.852632055883014,25.101732988123736,21.4520191643451,27.964831999939047,1,0,0,0,0,0,1.5507927136276216
1344432600,20.71001,21.14999,20.22,20.72,22.464880772995194,24.684425084492904,21.208012776230067,27.680720941117908,0,1,0,0,0,0,1.50644966265422
1344519000,20.75,21.17,20.61,21.00999,22.20035517790516,24.33447888596977,21.142005184153376,27.419123649309363,0,0,0,0,0,0,1.4388461153217758
1344605400,21.41,21.82001,21.13,21.80701,22.128837872831493,24.093767563496456,21.36367345610225,27.199040761101152,0,0,0,0,0,0,1.3939299642273633
1344864600,22.14999,22.45,21.39999,21.60001,22.032687350498495,23.85626684316346,21.44245230406817,26.97947092733248,1,0,0,0,0,0,1.3693642524968372
1344951000,21.41,21.60001,20.25,20.38,21.73219874131695,23.525193810481227,21.088301536045446,26.72066814586846,0,0,0,0,0,0,1.3679818058899205
1345037400,20.64,21.41,20.39999,21.2,21.635435333804775,23.303746780911585,21.12553435736363,26.5041713558344,0,0,0,0,0,0,1.3438402483263547
1345123800,20.44,20.48,19.69,19.87,21.314447091294817,22.976723277967626,20.70702290490909,26.24400777325266,0,0,0,0,0,0,1.3557088020173291
1345210200,20.005,20.08,19,19.05,20.902729438332123,22.602749632446898,20.15468193660606,25.9618898213604,0,0,0,0,0,0,1.3360153161589483
1345469400,19.05,20.13,18.75,20.011,20.74059681318083,22.35591633411862,20.106787957737374,25.728521593071758,0,1,0,0,0,0,1.339157079290452
1345555800,19.58,19.98,19.09,19.159,20.45303375623886,22.05144811182161,19.79085863849158,25.470893295304236,0,0,0,0,0,0,1.309288716483991
1345642200,19.36,19.53,18.96001,19.439,20.268663982377248,21.80264352974336,19.673572425661053,25.234348460194266,0,0,0,0,0,0,1.2564816653065631
1345728600,19.5,19.73,19.36,19.44,20.117997803763203,21.57762986024399,19.5957149504407,25.0071191088141,0,0,0,0,0,0,1.1931615463560945
1345815000,19.52,19.67999,19.25,19.409,19.989089112169893,21.3710936830779,19.533476633627135,24.787585026115508,0,0,0,0,0,0,1.138649293044945
1346074200,19.49001,19.53,19.10001,19.14999,19.83652563722991,21.15955999897524,19.405647755751424,24.566502868228625,0,0,0,0,0,0,1.0880307721131632
1346160600,19.10001,19.38,18.95,19.34,19.746248248642654,20.98626857050141,19.38376517050095,24.361541971435347,0,1,0,0,0,0,1.0410285741050802
1346247000,19.32001,19.38,19.07001,19.10001,19.62875038525308,20.806624897120322,19.2891801136673,24.155207384320235,0,0,0,0,0,0,0.9888115330975744
1346333400,19.27,19.45,19.06,19.0885,19.530523042479793,20.642993954537435,19.222286742444865,23.95651297709199,1,0,0,0,0,0,0.946039280733462
1346419800,18.67999,18.7,18.03,18.058,19.262791580210738,20.3968040541053,18.83419116162991,23.725198742696225,0,0,0,0,0,0,0.9540721892525003
1346765400,18.08,18.27,17.55,17.729,18.983920383808787,20.14272747752384,18.465794107753272,23.49005369396304,0,1,0,0,0,0,0.9373527471630358
1346851800,18.27,18.75,18.17999,18.58,18.91048031402537,19.99389628918824,18.503862738502182,23.29750256870959,0,0,0,0,0,0,0.9433275509371047
1346938200,18.74001,19.2617,18.72,18.96001,18.919485711475303,19.895430928313168,18.65591182566812,23.127404820917057,0,0,0,0,0,0,0.9246398687273117
1347024600,19.10001,19.42,18.78,18.98,18.930488309388885,19.80824703037858,18.76394121711208,22.964761494606584,0,0,0,0,0,0,0.9043084495325038
1347283800,19.06,19.2,18.55,18.81,18.90858134404545,19.71317588462824,18.779294144741385,22.80182967128868,0,1,0,0,0,0,0.8861435602801819
1347370200,18.92,19.58099,18.85001,19.42999,19.00338291785537,19.68620580037793,18.996192763160924,22.669600664571476,0,0,0,0,0,0,0.8779183059744547
1347456600,20.75999,21.16,20.28,20.931,19.353858750972574,19.804757628913364,19.64112850877395,22.601420246352987,0,0,0,0,0,0,0.9387819984048509
1347543000,20.955,21.48,20.61,20.713,19.60097534170483,19.891256902350186,19.9984190058493,22.527364550417577,0,0,0,0,0,0,0.9338689985187901
1347629400,21.13,22.08,20.89999,22,20.037161643213043,20.092089578316834,20.6656126705662,22.506683587656102,0,0,0,0,0,0,0.9648069271960191
1347888600,22.67,22.75,21.5,21.52,20.306768617174306,20.228081047048565,20.950408447044133,22.46799011363037,0,0,0,0,0,0,0.9851778609677321
1347975000,21.60001,21.98,21.37,21.87,20.590992504960795,20.38445428066299,21.25693896469609,22.444539520938985,0,0,0,0,0,0,0.9583794423271798
1348061400,21.99001,23.37,21.77,23.28999,21.08171932224065,20.661171968218895,21.934622643130727,22.477694441686477,1,0,0,0,0,0,1.0042094821609528
1348147800,23.02,23.24001,22.53999,22.59,21.355952172742352,20.84486987600757,22.15308176208715,22.482098581228183,0,0,0,0,0,0,0.986051662006599
1348234200,22.97,23.24001,22.60001,22.86,21.629415414061924,21.036787030673516,22.38872117472477,22.49691824470943,0,0,0,0,0,0,0.9620486861489849
1348493400,21.78,21.98,20.3625,20.78999,21.47679261150521,21.01328255156175,21.855810783149845,22.429979882171807,0,0,0,0,0,0,1.071723779995486
1348579800,21.2,21.21001,20.22,20.28,21.2591939548679,20.94344611807968,21.3305405220999,22.34566694561605,0,0,0,0,0,0,1.06588708142438
1348666200,20.145,20.78,19.8,20.62,21.142976872164645,20.912641725881617,21.093693681399934,22.277993732062477,0,1,0,0,0,0,1.059752289894067
1348752600,20.99001,21,20.16,20.32001,20.993346531771074,20.856200609130987,20.835799120933288,22.20121005629532,0,0,0,0,0,0,1.0440556977587765
1348839000,20.57001,21.95,20.5,21.66,21.114556253267242,20.932752932070894,21.110532747288858,22.179986132519034,0,0,0,0,0,0,1.085908147918864
1349098200,22.08,22.59,21.73,21.99001,21.273729661764108,21.033444081397477,21.403691831525904,22.172536088106522,1,0,0,0,0,0,1.074771851638945
1349184600,22.08,22.49001,21.82001,22.27,21.45486972326154,21.151211311740575,21.69246122101727,22.176358202298424,0,0,0,0,0,0,1.0458595765218777
1349271000,22.295,22.49001,21.8,21.83,21.52307522812308,21.215857853479566,21.738307480678177,22.162775527698486,0,0,0,0,0,0,1.020441749627458
1349357400,22.32001,22.39999,21.41,21.94749,21.60024155028252,21.28553710552913,21.808034987118784,22.15433295798482,0,0,0,0,0,0,1.0182666246540681
1349443800,21.49001,21.63,20.88,20.91,21.47474308659479,21.249771666907307,21.508689991412524,22.105535587083455,0,0,0,0,0,0,1.0217825800359204
1349703000,20.39999,20.75,20.155,20.39999,21.279333434486645,21.1688400795828,21.13912332760835,22.038651446413517,0,0,0,0,0,0,1.002726681461926
1349789400,20.39,20.55,19.97,20.22701,21.08800190094362,21.079141976765392,20.8350855517389,21.967606683809066,0,0,0,0,0,0,0.97253191850036
1349875800,19.92999,19.94,19.45,19.64,20.82472882804478,20.942080836121068,20.436723701159266,21.87632799032636,0,1,0,0,0,0,0.9585660671789057
1349962200,19.88,19.96001,19.61,19.75,20.629323586582093,20.828549327919063,20.207815800772845,21.792942578941012,0,0,0,0,0,0,0.9150977766661267
1350048600,19.75,19.8,19.48,19.5181,20.427282934476256,20.70374463002201,19.977910533848565,21.703733066041366,0,0,0,0,0,0,0.8725907926185462
1350307800,19.67999,19.88,19.49001,19.52,20.26232240093512,20.59100704621039,19.825273689232375,21.618096475216213,0,0,0,0,0,0,0.838119307431507
1350394200,19.67999,19.69,19.3,19.48,20.12008196440146,20.48519685133321,19.71018245948825,21.5342495546195,0,0,0,0,0,0,0.8061107854721137
1350480600,19.5,20.48,19.3718,19.88,20.07643069814665,20.427559055968143,19.766788306325502,21.469377023065793,1,0,0,0,0,0,0.8276885865098198
1350567000,19.7,19.78999,18.89,18.97501,19.876172389392714,20.289221050637842,19.502862204217003,21.37155870843576,0,0,0,0,0,0,0.8392822589019754
1350653400,19,19.06,18.8,19,19.716868318594038,20.166438093434238,19.335241469478003,21.278556406144162,0,1,0,0,0,0,0.7979049546946912
1350912600,19.2,19.42999,19.05,19.321,19.64489226066785,20.085920179773833,19.330494312985337,21.201789488256157,0,0,0,0,0,0,0.7716253150736418
1350999000,19.25,19.8,19.10001,19.5,19.618548213273694,20.03011825789061,19.386996208656893,21.135052645579446,0,0,0,0,0,0,0.7665085068540959
1351085400,24.13,24.25,22.85001,23.2299,20.275157629042113,20.334859376186742,20.667964139104594,21.21720352222339,1,0,0,0,0,0,1.0510436135073749
1351171800,23.28999,23.31,22.47,22.56,20.69058351467082,20.546777530835623,21.298642759403062,21.269862207626392,0,0,0,0,0,0,1.0359690696854196
1351258200,22.39999,22.88,21.88,21.9425,20.91820469382158,20.679703480279848,21.51326183960204,21.296240160268496,0,0,0,0,0,0,1.0333998504221753
1351690200,20.82001,21.5,20.73,21.11,20.953076567672202,20.720684101205578,21.37884122640136,21.288936624571694,0,1,0,0,0,0,1.0461927182491626
1351776600,21.08,21.44,21.00999,21.21001,20.999791737186346,20.767286567757427,21.32256415093424,21.285841462823782,0,0,0,0,0,0,1.002179666945651
1351863000,21.25999,21.69,21.07001,21.17999,21.03255505769792,20.806591656542434,21.27503943395616,21.281690425065985,1,0,0,0,0,0,0.9748804050209617
1352125800,21.10001,21.48,20.92,21.25,21.072090501752843,20.848821022586012,21.266692955970772,21.28044766329869,0,0,0,0,0,0,0.9452460903766072
1352212200,21.24001,21.37,20.99001,21.1712,21.090110410525053,20.879523782339724,21.23486197064718,21.276163441208546,0,0,0,0,0,0,0.9048706553497067
1352298600,20.85001,20.95,20.37,20.47,20.97736306315686,20.84052151735499,20.979907980431452,21.244549188612133,0,0,0,0,0,0,0.8974656085390132
1352385000,20.52,20.73,19.98,19.99001,20.79784432440107,20.75952042046404,20.649941986954303,21.19535157337244,0,0,0,0,0,0,0.8869323507862266
1352471400,19.955,20,19.13,19.21001,20.509147174509966,20.611947999467464,20.169964657969537,21.117495041083327,0,0,0,0,0,0,0.885722897158639
1352730600,19.14999,20.17,18.87,20.07001,20.42930405187179,20.56033485666104,20.13664643864636,21.076417196334962,0,1,0,0,0,0,0.9153141187901649
1352817000,19.605,20.11,19.56,19.86,20.325794224258736,20.493636298883796,20.04443095909757,21.02871456118457,0,0,0,0,0,0,0.889220253162296
1352903400,20.10001,22.5,19.92999,22.36,20.695649819848057,20.671385222799625,20.816287306065046,21.08092183329498,0,0,0,0,0,0,1.0142759493649893
1352989800,22.34,22.5,21.64999,22.17,20.963713488966594,20.81411043967585,21.26752487071003,21.123630781008902,0,0,0,0,0,0,1.0025426672674902
1353076200,22.25,23.92999,22.17999,23.5607,21.43589285460903,21.07569039780196,22.031916580473354,21.21920212293012,0,0,0,0,0,0,1.056646048176955
1353335400,23.955,24.12,22.82001,22.92,21.70573051740739,21.25133893134463,22.327944386982235,21.285900078893643,0,0,0,0,0,0,1.0740277590214584
1353421800,22.73,23.89999,22.7,23.10001,21.959235877878772,21.42740284264514,22.58529959132149,21.357041644427227,0,0,0,0,0,0,1.0830250619484971
1353508200,23.22,24.53,23.05,24.32001,22.388467536446267,21.702889238583698,23.163536394214326,21.47323648190067,0,0,0,0,0,0,1.1113804146664616
1353681000,24.58,24.67999,23.88,23.998,22.681109802546946,21.92147121586144,23.441690929476216,21.57224681594378,0,0,0,0,0,0,1.089138242190286
1353940200,24.935,26.09,24.81,25.94,23.273635292992957,22.304188242922255,24.27446061965081,21.743531254534222,0,0,0,0,0,0,1.1607712248909796
1354026600,26.03999,26.5,25.46001,26.14999,23.796608876085145,22.67045507692966,24.899637079767206,21.916333558277977,0,0,0,0,0,0,1.1521439945416236
1354113000,25.94,26.49001,25.75,26.36,24.26267998952421,23.021840307698263,25.386424719844804,22.090594987365115,0,0,0,0,0,0,1.122705852074365
1354199400,26.5,27.52,26.16,27.32001,24.81855817324708,23.43118980220319,26.030953146563203,22.29567008589982,0,0,0,0,0,0,1.1396554340690532
1354285800,27.25999,28,26.75999,28,25.39700214174761,23.866314582945744,26.687302097708802,22.519369298217473,0,0,0,0,0,0,1.1468236173498352
1354545000,27.99989,28.88,26.98,27.03999,25.695727206884406,24.16856938456996,26.804864731805868,22.69664854142463,1,0,0,0,0,0,1.2006219303962753
1354631400,27.06,27.75999,26.67999,27.46001,26.016505896541787,24.48203991937282,27.02324648787058,22.883447029996212,0,1,0,0,0,0,1.1920060782251127
1354717800,27.75,27.89999,27.25999,27.71001,26.324415733534188,24.789465641337312,27.252167658580387,23.072724009212045,0,0,0,0,0,0,1.1525770726376048
1354804200,27.67999,27.75,26.82001,26.97,26.441794691073426,24.997135580257567,27.158111772386924,23.225558361791965,0,0,0,0,0,0,1.136677996020633
1354890600,27.07001,27.78,26.84,27.485,26.63146838360553,25.234075048804463,27.267074514924616,23.392595288780516,0,0,0,0,0,0,1.122629567733445
1355149800,27.17,28.17,27.10001,27.84,26.85120140476816,25.482258377489753,27.45804967661641,23.567003316671475,0,0,0,0,0,0,1.1188695986096275
1355236200,28.07001,28.24001,27.66,27.98,27.056437512992133,25.720138532014538,27.632033117744275,23.74006201013534,0,0,0,0,0,0,1.0803796272803685
1355322600,28,28.14,27.37,27.58009,27.15164705608447,25.897276767060774,27.61471874516285,23.89065134307121,0,0,0,0,0,0,1.0582096539031993
1355409000,27.59,28.75,27.42999,28.24001,27.349531227705477,26.12039421781689,27.8231491634419,24.06121442765665,1,0,0,0,0,0,1.0769096786243995
1355495400,28.17999,28.33,26.75999,26.812,27.25179827721357,26.186261435167662,27.486099442294602,24.169088371670117,0,0,0,0,0,0,1.112131130151228
1355754600,26.77,27,26.32001,26.75,27.160562226811102,26.239950822294553,27.240732961529734,24.270300592388935,0,1,0,0,0,0,1.0812639065689973
1355841000,26.96001,27.91,26.89999,27.71001,27.260461821936357,26.3799564582665,27.39715864101982,24.40519115739329,0,0,0,0,0,0,1.0868879132426403
1355927400,27.83,28.22,26.95,27.41,27.28765058158429,26.4780558431935,27.401439094013213,24.523026798279826,1,0,0,0,0,0,1.0999673480110232
1356013800,27.49001,27.60001,27.13,27.36,27.300805021296238,26.562050524794117,27.387626062675476,24.634280649327675,0,0,0,0,0,0,1.0549703945816646
1356100200,26.66,27.00999,26.12,26.25999,27.111565926515105,26.533282855766107,27.011747375116983,24.69803395719718,0,1,0,0,0,0,1.0681867949686885
1356359400,26.5,26.96001,26.2,26.92999,27.078552121694177,26.571064488550288,26.984494916744655,24.78556164515023,0,0,0,0,0,0,1.0461741667566395
1356532200,27.03,27.17999,26.375,26.50999,26.975177190477055,26.56524787059312,26.826326611163104,24.853186286516888,1,0,0,0,0,0,1.0289467262740224
1356618600,26.55,26.8,25.52,26.05,26.806963155844862,26.516176644822345,26.567551074108735,24.90012015763387,0,0,0,0,0,0,1.0468791029687352
1356705000,25.48,26.11,25.14999,25.91119,26.644095309327614,26.45855886912498,26.348764049405823,24.93976995537372,0,1,0,0,0,0,1.0406741670423971
1356964200,26.2,26.99001,26.11,26.61971,26.639661616722595,26.47390659587498,26.439079366270548,25.00564995712377,0,0,0,0,0,0,1.0433988693965117
1357137000,27.44,28.17999,27.42,28,26.88699586822758,26.619248824839268,26.959386244180365,25.123075449001266,0,0,0,0,0,0,1.0803189501539037
1357223400,27.88,28.47,27.59,27.77,27.047542074004383,26.728844174854576,27.229590829453578,25.22687641178553,0,0,0,0,0,0,1.0660104537143391
1357309800,28.00999,28.92999,27.83,28.75999,27.358896242367223,26.922286634392236,27.739723886302386,25.365429885833155,0,0,0,0,0,0,1.0727232784490293
1357569000,28.69,29.78999,28.64999,29.4213,27.733878743755,27.16028790730726,28.300249257534922,25.52448361580048,0,0,0,0,0,0,1.077528758559813
1357655400,29.50999,29.60001,28.86,29.0607,27.97511897216318,27.34127953518276,28.553732838356616,25.66315876812203,0,0,0,0,0,0,1.0534202758055407
1357741800,29.67,30.60001,29.49001,30.59,28.450551886315328,27.650681484212974,29.23248855890441,25.856368228195677,0,0,0,0,0,0,1.0881266846765736
1357828200,30.60001,31.45,30.28,31.3,28.968633361530724,27.998235628573642,29.921659039269606,26.06984398395271,0,0,0,0,0,0,1.0939747786282468
1357914600,31.28,31.96001,31.10001,31.72,29.46888184125241,28.352689378233297,30.521106026179737,26.291418729680053,0,0,0,0,0,0,1.0772622944405148
1358173800,32.08,32.21001,30.62,30.94749,29.737719688297428,28.59981324697298,30.663234017453156,26.474009759888677,1,0,0,0,0,0,1.1138871305519065
1358260200,30.64,31.71001,29.88,30.10001,29.803590654061534,28.74268912821365,30.475492678302103,26.61620584773618,0,0,0,0,0,0,1.1650387640839133
1358346600,30.21001,30.35001,29.53,29.85001,29.812030535141254,28.848148258859972,30.266998452201403,26.743021696844565,0,0,0,0,0,0,1.1403938523636337
1358433000,30.08,30.42,30.03,30.14,29.871661346933752,28.971181758016165,30.224665634800935,26.876236532262425,0,0,0,0,0,0,1.0996507200519456
1358519400,30.31,30.44,29.27,29.66,29.83317746567307,29.036783495347958,30.036443756533956,26.985403727075663,0,1,0,0,0,0,1.104675668619664
1358865000,29.75,30.89,29.74001,30.729,29.996054290096147,29.197946971981487,30.267295837689304,27.13221142405309,0,0,0,0,0,0,1.1136274065754022
1358951400,31.10001,31.5,30.8,30.82001,30.145864419169573,29.352429165126107,30.45153389179287,27.276830976051006,0,0,0,0,0,0,1.089154020391445
1359037800,31.27,31.49001,30.81,31.08,30.315707252047833,29.516959720828382,30.66102259452858,27.425974859343125,0,0,0,0,0,0,1.0599294475063419
1359124200,31.41,31.92999,31.13,31.53999,30.538304115311863,29.70962927122568,30.954011729685718,27.58730878642771,0,0,0,0,0,0,1.0449337726844605
1359383400,31.88,32.5063,31.81,32.46899,30.88933791252789,29.972425531108946,31.459004486457143,27.778747265391328,1,0,0,0,0,0,1.039317788921285
1359469800,32,32.07001,30.71001,30.78999,30.871274655704635,30.050288813860476,31.235999657638096,27.89683521576814,0,0,0,0,0,0,1.0907222325697645
1359556200,30.98,31.49001,30.88,31.24001,30.93831744557652,30.16359559349281,31.237336438425398,28.027940109267426,0,0,0,0,0,0,1.062814930243353
1359642600,29.14999,31.47,28.74001,30.981,30.946077910017152,30.241443632207783,31.151890958950265,28.14374637949223,0,0,0,0,0,0,1.1818988637973988
1359729000,31.00999,31.02,29.63,29.73,30.72497283546858,30.192734714854662,30.677927305966843,28.20595240382587,0,0,0,0,0,0,1.1967632306690132
1359988200,29.06,29.2,28.00999,28.10899,30.24933959265611,29.994282837249457,29.821614870644563,28.20214995661701,0,1,0,0,0,0,1.234137999906941
1360074600,28.25999,28.96001,28.03999,28.64,29.956732393991363,29.865303519416177,29.427743247096377,28.219320546553597,0,0,0,0,0,0,1.2117009999135884
1360161000,28.74001,29.28999,28.66,29.05,29.791871958720208,29.787655565186064,29.301828831397586,28.251896211394634,1,0,0,0,0,0,1.1715787856340465
1360247400,29.11,29.14999,28.27,28.64999,29.584257057134714,29.67930646373977,29.084549220931724,28.267507732516414,0,0,0,0,0,0,1.1507510152316145
1360333800,28.89,29.17,28.50999,28.545,29.395301228564765,29.571277276716934,28.90469948062115,28.27838978222165,0,0,0,0,0,0,1.1156980855722136
1360593000,28.61,28.67999,28.03999,28.25999,29.18888100518935,29.446392774172462,28.6897963204141,28.27766822213453,0,0,0,0,0,0,1.081719650888484
1360679400,27.67,28.16,27.10001,27.37,28.858175367882197,29.248641081394133,28.2498642136094,28.24207338989396,0,1,0,0,0,0,1.0873096758250207
1360765800,27.36,28.32001,27.31,27.9075,28.685325300994524,29.120913359356596,28.135742809072934,28.22895286480008,0,0,0,0,0,0,1.0817882704089479
1360852200,28.02,28.63,28.00999,28.5,28.651629791722794,29.061778753703585,28.25716187271529,28.239582164219684,0,0,0,0,0,0,1.0561248225225943
1360938600,28.52,28.75,28.09,28.32001,28.591335284136832,28.99113411049372,28.27811124847686,28.24273619699538,0,0,0,0,0,0,1.027830192342409
1361284200,28.23,29.08,28.12,28.92999,28.652908868839226,28.985310861875274,28.49540416565124,28.269687326524974,1,0,0,0,0,0,1.0229851786036652
1361370600,28.92,29.05,28.33,28.46201,28.61819998359573,28.93547268455382,28.484272777100827,28.277229392151444,0,0,0,0,0,0,1.0013433801319749
1361457000,28.28,28.55,27.14999,27.283,28.375436350214688,28.77809433364393,28.083848518067217,28.238240004223936,0,0,0,0,0,0,1.0298195672654054
1361543400,27.62,27.63,26.82001,27.13,28.14899337744838,28.621132968534987,27.765899012044812,28.194779611901428,0,0,0,0,0,0,1.0141174553178762
1361802600,27.16,27.64,27.14999,27.27,27.989176399730493,28.49245363819832,27.600599341363207,28.158513744768037,0,0,0,0,0,0,0.9781090656523137
1361889000,27.36,27.46001,26.7,27.39,27.88023523614313,28.387458053608004,27.530399560908805,28.128375950855563,0,0,0,0,0,0,0.9625305609628628
1361975400,27.34,27.34,26.63,26.87,27.696556102298924,28.24293823897867,27.310266373939204,28.079027874351425,0,0,0,0,0,0,0.9480640923226584
1362061800,26.84,27.3,26.34,27.25,27.61536408369912,28.14837269240927,27.290177582626136,28.046516977318035,0,1,0,0,0,0,0.9489166571567543
1362148200,27.05,28.11639,26.81,27.78,27.645297886662917,28.113289578846484,27.453451721750756,28.036065331148702,0,0,0,0,0,0,0.9744504673598433
1362407400,27.75999,28.06,27.44,27.72,27.65888008908784,28.075833428480152,27.542301147833836,28.023670612280124,0,0,0,0,0,0,0.9491325768341401
1362493800,27.88,28.17999,27.21001,27.52,27.633629163799142,28.022896911482043,27.534867431889225,28.003918823563257,0,0,0,0,0,0,0.9506216784888444
1362580200,28.10001,28.13,27.35001,27.4525,27.600696588562936,27.9685733961028,27.507411621259482,27.98229455597254,0,0,0,0,0,0,0.9384337014539268
1362666600,27.57001,28.675,27.47,28.578,27.778388117915128,28.02661402504539,27.86427441417299,28.00565555377754,1,0,0,0,0,0,0.9587241513500749
1362753000,28.425,28.47,27.73,27.96001,27.811410278294197,28.020270784564875,27.896186276115326,28.003865532060775,0,0,0,0,0,0,0.950815283396498
1363008600,28.00999,28.64,27.83,28.14,27.87115386405889,28.03167356698727,27.97745751741022,28.009204138646627,0,0,0,0,0,0,0.9407570488681769
1363095000,28.10001,28.32001,27.60001,27.83,27.86367134332091,28.01246656060753,27.928305011606813,28.002176525366366,0,0,0,0,0,0,0.9249886882347357
1363181400,27.62,27.64999,26.92,27.08,27.72118564453529,27.92366022150205,27.645536674404543,27.96601274005788,0,0,0,0,0,0,0.92391806764654
1363267800,27.10001,27.42999,26.83,27.03999,27.59733189098342,27.83950115278757,27.44368778293636,27.92969812280071,0,0,0,0,0,0,0.9007803485289302
1363354200,27.03,27.06,26.56,26.645,27.424180638077342,27.72573913823637,27.177458521957575,27.879317804259504,0,0,0,0,0,0,0.8721531807768638
1363613400,26.37,26.78999,25.78,26.49001,27.25433143115419,27.608050648880525,26.948309014638383,27.824835145268935,0,0,0,0,0,0,0.8819986678642305
1363699800,26.53,26.89999,26.21001,26.55,27.126271170944335,27.507283920415713,26.815539343092254,27.774841610160347,0,0,0,0,0,0,0.8682830487310712
1363786200,26.67999,26.69,25.78,25.86,26.896040048954458,27.350399737518977,26.49702622872817,27.69974978231092,0,0,0,0,0,0,0.8712628309645661
1363872600,25.66,26.11,25.56,25.74001,26.685852767326374,27.197029286326693,26.24468748581878,27.622897241828138,0,0,0,0,0,0,0.8483154858956686
1363959000,25.79601,26.00999,25.63,25.73,26.512061355085216,27.057312211438436,26.073124990545853,27.54866597744272,0,0,0,0,0,0,0.8148636654745494
1364218200,25.75,25.8,25.078,25.131,26.260959290524266,26.873853905587158,25.75908332703057,27.45385554695477,0,0,0,0,0,0,0.8082305465120817
1364304600,25.08,25.48,25.03,25.205,26.068966692247127,26.71491543838838,25.574388884687046,27.3656651333487,0,0,0,0,0,0,0.7826426503326472
1364391000,25,26.28,24.72,26.09,26.072790930020375,26.655399682351394,25.746259256458032,27.315639049687967,1,1,0,0,0,0,0.8381681753088869
1364477400,26.09,26.17,25.52,25.58,25.98319257910758,26.552980664984595,25.690839504305355,27.247574773229616,0,0,0,0,0,0,0.8247275913582522
1364823000,25.63,25.89,25.28,25.53,25.90079392836075,26.455553934986064,25.63722633620357,27.18021889976963,0,0,0,0,0,0,0.8093899062612342
1364909400,25.77,26.12,25.3,25.42,25.813376850476978,26.356929750701678,25.56481755746905,27.1111907076218,0,0,0,0,0,0,0.8101477700997174
1364995800,25.83,26.39,25.7,26.25,25.89276287766298,26.346745964920565,25.793211704979367,27.077418523009182,0,0,0,0,0,0,0.8215657865211661
1365082200,26.62,27.2301,26.11,27.07249,26.107258718087895,26.41586444445194,26.21963780331958,27.077225247597056,0,0,0,0,0,0,0.8428896589125114
1365168600,26.86,27.8,26.61,27.39,26.340484405708278,26.50863925926604,26.609758535546387,27.08949092416188,1,0,0,0,0,0,0.8676832547044749
1365427800,27.19,27.2,26.63,26.849,26.43294178648859,26.54105456790737,26.689505690364257,27.08005990752808,0,0,0,0,0,0,0.8599915936541553
1365514200,26.58,26.89,26.42,26.59,26.461497825308847,26.545716037630477,26.656337126909506,27.060841871938745,0,1,0,0,0,0,0.832135051250287
1365600600,27.0099,27.84,26.89999,27.57001,26.66304549343451,26.64326784357043,26.960894751273003,27.080809249509773,0,0,0,0,0,0,0.8619825475895523
1365687000,27.48,28.10001,27.25,28.0175,26.90930994917369,26.774147096563723,27.31309650084867,27.117542220117233,1,0,0,0,0,0,0.86112736561887
1365773400,28,28,27.24001,27.39999,26.998524503869383,26.833751182605273,27.342061000565778,27.128618603642046,0,0,0,0,0,0,0.8551532680746649
1366032600,27.16,27.48,26.36,26.52,26.911520048620403,26.803870117595245,27.068040667043853,27.10475120742079,0,1,0,0,0,0,0.8740708917836174
1366119000,26.81,27.11,26.39999,26.92,26.91306185796215,26.8149301063957,27.018693778029235,27.09750606203174,0,0,0,0,0,0,0.8623522566562162
1366205400,26.64999,27.2,26.39,26.625,26.860686974696304,26.796841524834203,26.887462518686156,27.0789764125403,0,0,0,0,0,0,0.8586128097522006
1366291800,26.82001,26.82001,25.14999,25.69,26.647834797478794,26.691428046278563,26.48830834579077,27.024506749303423,0,1,0,0,0,0,0.916570466198472
1366378200,25.62,25.96001,25.33,25.73,26.48095574339174,26.59986347044251,26.235538897193848,26.973741778742504,0,0,0,0,0,0,0.8961018614700099
1366637400,25.81,26.36,25.7,25.97,26.388054699138696,26.53987647325751,26.147025931462565,26.93437935604672,0,0,0,0,0,0,0.8792374427935806
1366723800,26.215,26.33,25.77,25.98,26.313862935658932,26.486554904375843,26.091350620975042,26.896952714633123,0,0,0,0,0,0,0.8564347683083248
1366810200,25.92999,26.39999,25.8,26.11,26.276796947357308,26.450692532530525,26.097567080650027,26.866091823863197,0,0,0,0,0,0,0.83811728485773
1366896600,26.07001,26.39999,26,26.14,26.251924775110524,26.421102767527618,26.11171138710002,26.83761763469209,0,0,0,0,0,0,0.8068224787964634
1366983000,26.60001,27.62,26.60001,26.85001,26.360667543272246,26.46195107538213,26.357810924733347,26.838103609802204,0,0,0,0,0,0,0.8549065874538588
1367242200,27.16,27.41,26.86,26.98,26.473273444495476,26.51128906820288,26.565207283155566,26.843668174123685,0,0,0,0,0,0,0.8338411169214403
1367328600,27.13,27.85001,27.005,27.769,26.708860090950843,26.63107106170737,26.96647152210371,26.87995569670707,0,0,0,0,0,0,0.8364246085699089
1367415000,27.85001,27.91499,27.31,27.42999,26.839974619868872,26.70715857964,27.120977681402472,26.901525669385226,0,0,0,0,0,0,0.8198935651006297
1367501400,28.0099,29.02,27.98,28.97,27.227251961710895,26.922667286340953,27.737318454268316,26.98264230980149,0,0,0,0,0,0,0.8749018818791561
1367587800,29.03999,29.07001,28.14999,28.311,27.42429705958164,27.054889449546575,27.928545636178878,27.03473476824065,1,0,0,0,0,0,0.8781246046020736
1367847000,28.33,28.46001,27.48,27.57001,27.45079032147589,27.10394854958976,27.809033757452585,27.05572595379984,0,0,0,0,0,0,0.8854021328447826
1367933400,27.55,27.85001,26.85001,26.88901,27.34864844484391,27.083478211533592,27.502359171635057,27.04918807325867,0,0,0,0,0,0,0.893587694784441
1368019800,26.88,27.3,26.64999,27.12,27.307076000326834,27.086956477101822,27.37490611442337,27.051965011562253,0,0,0,0,0,0,0.8761892880141239
1368106200,27.08,27.55,26.85001,27.03999,27.25851490935832,27.0824834792826,27.26326740961558,27.051495403265694,0,0,0,0,0,0,0.8636036245845435
1368192600,27.14,27.3,26.57001,26.67999,27.15332856220226,27.044150766969974,27.068841606410388,27.03692656392194,0,0,0,0,0,0,0.8540597942570762
1368451800,26.60001,27.325,26.53101,26.82001,27.092725187256395,27.022804027258548,26.985897737606926,27.028420032003435,0,0,0,0,0,0,0.8497690946672851
1368538200,26.88541,27.28,26.82001,27.07001,27.088595153209777,27.027299834186305,27.013935158404617,27.030051011140554,0,0,0,0,0,0,0.8219277307624792
1368624600,26.92,26.99001,26.39999,26.60001,26.99976148898982,26.9866055642638,26.875960105603077,27.013186657762493,0,0,0,0,0,0,0.8110771785651593
1368711000,26.48,26.55,25.89999,26.13,26.841623036446215,26.905024081952963,26.627306737068718,26.978551886869845,0,0,0,0,0,0,0.8031445229533622
1368797400,26.39999,26.60001,26.2,26.25,26.734055211637813,26.84264083605268,26.50153782471248,26.949981224639654,0,0,0,0,0,0,0.7793491998852652
1369056600,26.17999,26.19,25.69,25.759,26.556772445885482,26.739436946904807,26.254025216474986,26.903276078575352,0,0,0,0,0,0,0.7636813998934605
1369143000,25.87,26.075,25.59,25.66,26.39372291026994,26.636633428151967,26.056016810983323,26.85452015392534,0,0,0,0,0,0,0.7437755856153562
1369229400,25.64999,25.85001,24.92,25.159,26.169227835675404,26.495906434994637,25.757011207322215,26.788029167496894,0,0,0,0,0,0,0.7570780437856879
1369315800,24.8,25.53,24.77,25.06,25.967550047370786,26.359153441185626,25.52467413821481,26.720263317791133,0,0,0,0,0,0,0.7572867549438531
1369402200,24.97,24.97,24.08,24.3125,25.666631856939734,26.164234065834613,25.120616092143205,26.625841226897364,0,0,0,0,0,0,0.773194843876435
1369747800,24.53999,24.53999,23.92,24.10001,25.381791519314326,25.96764129765989,24.780414061428804,26.526789021920997,0,0,0,0,0,0,0.7622516407424038
1369834200,23.78999,23.81,23.25999,23.32001,25.00692215216627,25.715485935977995,24.293612707619204,26.401032981845663,0,1,0,0,0,0,0.767806523546518
1369920600,24.13,24.77901,23.92999,24.55,24.92384539722695,25.604487275408662,24.3790751384128,26.328443453145834,0,0,0,0,0,0,0.8171774861503381
1370007000,24.63,24.95,24.27,24.34801,24.819148052276592,25.48482277298879,24.3687200922752,26.25077939615972,1,0,0,0,0,0,0.8073790942824568
1370266200,24.265,24.32001,23.71001,23.84801,24.642577497317212,25.328935842227953,24.1951500615168,26.15655314532993,0,0,0,0,0,0,0.7952805875479955
1370352600,23.89,23.92999,23.32001,23.52,24.43847249780499,25.156656238206242,23.9701000410112,26.0531589043366,0,0,0,0,0,0,0.7820448312945673
1370439000,23.35001,23.705,22.78999,22.899,24.158568407294993,24.941641358377076,23.61306669400747,25.929466398284184,0,0,0,0,0,0,0.7915423433449552
1370525400,22.99001,23.09,22.67,22.97,23.942465060514085,24.753865990912594,23.398711129338313,25.813408892469116,0,1,0,0,0,0,0.7650036045346011
1370611800,23.03,23.39999,22.86,23.291,23.82401686769334,24.61454542034949,23.362807419558877,25.714490896686012,0,0,0,0,0,0,0.7489312042107011
1370871000,24.06,24.60001,23.99001,24.33,23.916013800840005,24.58744585650668,23.685204946372583,25.66019713603166,1,0,0,0,0,0,0.7889368324813654
1370957400,24.03,24.35001,24,24.03,23.93673856432364,24.534355774934614,23.800136630915055,25.596267836579436,0,0,0,0,0,0,0.7575849158755537
1371043800,24.16,24.25999,23.58,23.77,23.90642246171934,24.461559986845604,23.790091087276704,25.524649490046908,0,0,0,0,0,0,0.7520424218844427
1371130200,23.72,23.83,23.265,23.73,23.87434565049764,24.39188760714602,23.770060724851135,25.45427107867252,0,0,0,0,0,0,0.7386822488926966
1371216600,23.56,23.89,23.25999,23.63,23.82991916858898,24.319326882655925,23.723373816567424,25.382731036371638,0,1,0,0,0,0,0.7309199454003613
1371475800,23.91,24.25,23.75,24.022,23.864842956118256,24.291010036688693,23.822915877711615,25.329369034945298,0,0,0,0,0,0,0.7229970921574784
1371562200,24.09,24.69,24.08,24.21001,23.92760060046039,24.283295747480246,23.951947251807745,25.285472602202343,0,0,0,0,0,0,0.7190687284319444
1371648600,24.2,25.19,24.10001,24.30901,23.996947764013047,24.2857447239107,24.07096816787183,25.247179951135585,1,0,0,0,0,0,0.7455631049725199
1371735000,24.28,24.745,23.64999,23.89999,23.979319079647038,24.249006178776348,24.013975445247887,25.19434897265968,0,0,0,0,0,0,0.770523597474483
1371821400,24.59,24.7,24.05,24.53,24.079442883347575,24.27576749508336,24.185983630165257,25.168296071771064,0,0,0,0,0,0,0.7726297690834485
1372080600,23.95,24.11,23.38,23.935,24.053180540920742,24.243313447932564,24.10232242011017,25.119931519936905,0,1,0,0,0,0,0.799584785577488
1372167000,24.14,24.42999,24.03999,24.25,24.08896589711697,24.243950262415176,24.151548280073445,25.08581655837075,0,0,0,0,0,0,0.777828015179096
1372253400,24.50999,24.64999,23.99001,24.16,24.101881188550248,24.235954999328015,24.154365520048962,25.04951002666994,0,0,0,0,0,0,0.7694102998091604
1372339800,24.24001,24.84,24.21001,24.66,24.203357336086565,24.27634023748725,24.32291034669931,25.034235123663276,0,0,0,0,0,0,0.7630238498227918
1372426200,24.67999,24.98,24.42,24.88,24.326383274979918,24.333831643440845,24.508606897799538,25.02818668744119,0,0,0,0,0,0,0.7485221462640209
1372685400,24.96941,25.0601,24.62,24.81,24.414313588619933,24.379181010732193,24.60907126519969,25.01963034675722,1,0,0,0,0,0,0.7264919929594479
1372771800,24.7,24.77,24.3,24.41,24.413529299779945,24.38211615256722,24.542714176799795,24.99572327433537,0,0,0,0,0,0,0.71102827917663
1372858200,24.22,24.71001,24.14999,24.52,24.432887608910864,24.39524794756082,24.535142784533196,24.97706745965555,0,1,0,0,0,0,0.7002419735211566
1373031000,24.64999,24.66,24.2,24.37,24.4214534981998,24.392843381126454,24.480095189688797,24.953260892610235,0,0,0,0,0,0,0.6830818325553597
1373290200,24.47,25.03999,24.42,24.71001,24.473918316708925,24.423049725781077,24.556733459792532,24.943721641919637,0,0,0,0,0,0,0.6821467016585482
1373376600,25.07001,25.49001,25.03,25.48,24.656842259125483,24.52371165665907,24.864488973195023,24.964752165765926,0,0,0,0,0,0,0.689136222968652
1373463000,25.58,25.83,25.47,25.8,24.864689121102668,24.645262927453444,25.176325982130017,24.997506982794715,0,0,0,0,0,0,0.6656264927566055
1373549400,25.96001,26,25.45,25.81,25.036563826356726,24.756190267695974,25.387550654753344,25.029369454057665,0,0,0,0,0,0,0.6573674575597052
1373635800,25.74001,25.92999,25.55,25.91,25.195370403382775,24.866076908867786,25.56170043650223,25.06390398527109,0,0,0,0,0,0,0.6375547820197262
1373895000,25.92999,26.42999,25.64999,26.28,25.392575784585908,25.00073625088038,25.80113362433482,25.11159402506438,0,0,0,0,0,0,0.6477294404468886
1373981400,26.39,26.75,26.00999,26.32001,25.56120018738847,25.126381369844154,25.974092416223215,25.15898288682656,0,0,0,0,0,0,0.6543209089863967
1374067800,26.37,26.78,26.3,26.64999,25.759161971499655,25.27148695366852,26.199391610815475,25.21745375400983,1,0,0,0,0,0,0.6418694154873684
1374154200,26.75,26.77,26.12,26.17999,25.835676158499716,25.35801105331914,26.192924407210317,25.255200273460428,0,0,0,0,0,0,0.6424501715239849
1374240600,25.82001,26.1077,25.60001,25.881,25.843916856954312,25.407819524431602,26.088949604806878,25.27974143920708,0,1,0,0,0,0,0.6379880164151287
1374499800,25.99001,26.13,25.72,26.045,25.880477428417166,25.46850337924764,26.07429973653792,25.30975157884602,0,0,0,0,0,0,0.6217031580997624
1374586200,26.10001,26.3,25.97,26.13,25.925845168704953,25.531503057414533,26.09286649102528,25.341918183597155,0,0,0,0,0,0,0.6008672182354938
1374672600,26.32001,26.53,26.05,26.50999,26.032053319849506,25.624692290041718,26.231907660683518,25.387724921495305,0,0,0,0,0,0,0.5922338455043873
1374759000,33.545,34.88,32.75,34.35899,27.546041807149596,26.456530167180603,28.940935107122346,25.73953923829941,0,0,0,0,0,0,1.147789285111217
1374845400,33.77,34.73,33.56,34.00999,28.721305114940577,27.175907294115785,30.6306200714149,26.063870640719042,0,0,0,0,0,0,1.1493757647461298
1375104600,34.07001,35.63,34.00999,35.42999,29.941066003133198,27.9620104089619,32.23041004760993,26.43116943912222,0,0,0,0,0,0,1.1829924958356919
1375191000,35.64999,37.96001,35.32001,37.627,31.338508548018073,28.882485608108386,34.02927336507329,26.87022161798017,0,0,0,0,0,0,1.2870644604188561
1375277400,37.96001,38.31,36.33,36.8,32.33150699383297,29.63653459781235,34.95284891004886,27.25962469178487,0,0,0,0,0,0,1.3365598561032237
1375363800,37.3,38.28999,36.92,37.489,33.269232994954244,30.384388445639743,35.79823260669924,27.66077666465605,0,0,0,0,0,0,1.347519152095851
1375450200,37.66,38.49001,37.5,38.05,34.138463359508016,31.11444668891215,36.54882173779949,28.068197187610714,0,0,0,0,0,0,1.3227684983747188
1375709400,38.42999,39.32001,38.25,39.189,35.05674274868838,31.88345176615861,37.428881158532995,28.504307101822057,1,0,0,0,0,0,1.3190000342050965
1375795800,39.11,39.25,37.94,38.55,35.69188043074504,32.51836112176255,37.802587439022,28.898255842927075,0,0,0,0,0,0,1.3183571746190184
1375882200,38.61,38.94,37.7,38.87,36.269720352427754,33.123279110166116,38.15839162601466,29.289304633400523,0,1,0,0,0,0,1.3127602335748025
1375968600,39.13,39.19,38.42999,38.53999,36.68249665198635,33.63915633776934,38.28559108400977,29.652076608561288,0,0,0,0,0,0,1.2732780740337453
1376055000,38.59,38.74001,38.00999,38.5,37.01295180617065,34.10209382941036,38.35706072267318,29.999053996460844,0,0,0,0,0,0,1.2344739258884776
1376314200,38.2,38.5,38.10001,38.22,37.23241511413962,34.494275369466514,38.31137381511545,30.321444035815322,0,0,0,0,0,0,1.174867931182158
1376400600,38.24001,38.32001,36.77,37.019,37.19361236611424,34.734725334279226,37.8805825434103,30.58409328931276,0,0,0,0,0,0,1.2016637932405752
1376487000,36.83,37.55,36.62,36.64999,37.09477193591165,34.9171314929193,37.4703850289402,30.82197159169265,0,0,0,0,0,0,1.1822592365805338
1376573400,36.36,37.07001,36.0201,36.56,36.997540674836806,35.073595160260325,37.1669233526268,31.046992313587058,0,1,0,0,0,0,1.1728057196819246
1376659800,36.97,37.49001,36.89999,37.08,37.01253327941193,35.264681335473625,37.1379489017512,31.283580850309136,0,0,0,0,0,0,1.1554631682760725
1376919000,37.42999,38.28,37.14,37.81,37.157527228609766,35.50709263685709,37.3619659345008,31.539518856179367,0,0,0,0,0,0,1.1586443705420675
1377005400,38.35001,38.58,37.69,38.41,37.38524955068072,35.78356000477546,37.711310623000536,31.808949489270372,0,0,0,0,0,0,1.1394554869319198
1377091800,38.38,38.85001,38.145,38.32001,37.555205996011495,36.02512667098732,37.91421041533369,32.0642851955735,0,0,0,0,0,0,1.1084236664367821
1377178200,38.37,38.75,38.34,38.55,37.736077633100315,36.26559079755995,38.126140276889124,32.31862695260983,0,0,0,0,0,0,1.0599641188341546
1377264600,39,40.63,38.92999,40.55,38.24769988162753,36.67362976922091,38.93409351792608,32.641425895644744,0,0,0,0,0,0,1.1328238246317155
1377523800,40.89999,41.94,40.62,41.34,38.80993626678617,37.11804598167606,39.736062345284054,32.982546448756715,1,0,0,0,0,0,1.151193551443736
1377610200,40.67999,41.2,39.42,39.64,38.960856945552315,37.35823207865929,39.7040415635227,33.243623058609394,0,0,0,0,0,0,1.2061082977691835
1377696600,39.96001,40.85001,39.88,40.548,39.24942840999735,37.66201949973936,39.985361042348465,33.53006921317373,0,0,0,0,0,0,1.2063869907856701
1377783000,40.89,41.78,40.8,41.28,39.618623244543286,38.00658907119275,40.41690736156564,33.833988067559076,0,0,0,0,0,0,1.2082164914438367
1377869400,42.02499,42.25999,41.06,41.29401,39.92323901826269,38.3196767786982,40.70927490771043,34.12653794726264,1,0,0,0,0,0,1.2076288849121342
1378215000,41.84,42.16499,41.50999,41.87,40.27719556039675,38.657802799774565,41.09618327180695,34.43020312580136,0,0,0,0,0,0,1.183582535989839
1378301400,42.00999,42.17,41.44,41.78,40.550432731233705,38.95515491408175,41.324122181204636,34.71843045420131,0,0,0,0,0,0,1.1511837834191365
1378387800,41.78999,42.765,41.77,42.66,40.93399041646394,39.30799730321682,41.769414787469756,35.02986455403656,0,0,0,0,0,0,1.140027798889198
1378474200,43.09,44.61,42.39999,43.95,41.48235579528868,39.75009279814856,42.49627652497984,35.379673787211594,0,0,0,0,0,0,1.2164550989685405
1378733400,44.36,44.78999,43.7,44.03999,41.94738019614529,40.15865443642012,43.010847683319895,35.71929403085036,0,0,0,0,0,0,1.2074218776136447
1378819800,44.24001,44.25999,43.23,43.60001,42.24785834230069,40.48640258533249,43.20723512221326,36.02834171591505,0,0,0,0,0,0,1.1947481720698134
1378906200,43.39,45.09,43.11,45.03999,42.75551864370056,40.92007757720559,43.81815341480884,36.381739687839946,0,1,0,0,0,0,1.2508375883505412
1378992600,45.53,45.62,44.64999,44.75,43.11815161757319,41.2848320936622,44.12876894320589,36.70990675890505,1,0,0,0,0,0,1.2307784748969308
1379079000,45.03999,45.08,43.92999,44.31,43.334851323468975,41.57294332283723,44.189179295470595,37.00794963110485,0,0,0,0,0,0,1.2250092981185787
1379338200,44.85001,44.94,42.42999,42.50999,43.18487653738371,41.662185863519404,43.62944953031373,37.22371592008113,0,0,0,0,0,0,1.3167950625386804
1379424600,42.5,45.44,42.42999,45.07001,43.52762807604122,41.986740543184226,44.109636353542484,37.53141372713677,0,0,0,0,0,0,1.4377389866430603
1379511000,44.84,45.47,44.395,45.23,43.83715024403372,42.2956223962143,44.48309090236165,37.83331907117063,0,0,0,0,0,0,1.4118290590256986
1379597400,45.50999,46.05,45.23,45.98,44.22675929057304,42.646515501336744,44.98206060157443,38.15279675465413,0,0,0,0,0,0,1.3695555548095772
1379683800,46.32001,47.60001,45.74001,47.49001,44.820077601377946,43.107800691685625,45.818043734382954,38.518961979961816,0,0,0,0,0,0,1.4045873008946075
1379943000,47.28,47.55,46.28999,47.19,45.25097258294559,43.49658157819176,46.27536248958864,38.85900268662998,0,0,0,0,0,0,1.3942603508307065
1380029400,48.505,49.66,48.16,48.45,45.83261393150094,43.968335713602066,47.00024165972576,39.235120228330764,0,0,0,0,0,0,1.4710988971999417
1380115800,49.23,49.53999,48.46001,49.46001,46.492140489409856,44.49135231230663,47.82016443981717,39.63609629780799,0,0,0,0,0,0,1.4438768331142315
1380202200,50.00999,50.60001,49.5,50.39,47.20084221860807,45.053128282563144,48.67677629321145,40.05781801161944,0,0,0,0,0,0,1.4221713450346436
1380288600,50.28999,51.28,49.86,51.24001,47.935236360679326,45.64235511279522,49.53118752880763,40.496335344497105,0,0,0,0,0,0,1.4220162489607406
1380547800,50.14,51.60001,49.8,50.23,48.352466113283086,46.07927367348139,49.76412501920508,40.87804768392859,1,0,0,0,0,0,1.449015802606402
1380634200,49.97,51.03,49.45,50.42,48.72838136541343,46.492676180768875,49.982750012803386,41.25224189240198,0,0,0,0,0,0,1.4583718167059447
1380720600,50.13,51.10001,49.95,50.28,49.01049384442917,46.853373687362314,50.08183334186892,41.60627162211171,0,0,0,0,0,0,1.4363459726555197
1380807000,50.47,50.72,49.06,49.183,49.041858599987506,47.075242859994475,49.78222222791261,41.90339822516616,0,1,0,0,0,0,1.4523212603229823
1380893400,49.77,51.16,49.57001,51.03999,49.40515521817159,47.45283782570929,50.20147815194174,42.26169594182631,0,0,0,0,0,0,1.4897983131570547
1381152600,50.73,51.28999,50.39999,50.515,49.606945178504034,47.74447231849888,50.30598543462783,42.58535492449979,1,0,0,0,0,0,1.4469555765029793
1381239000,50.60001,50.60001,47.08,47.14,49.1584096915033,47.68690352626089,49.25065695641855,42.76396845687235,0,0,0,0,0,0,1.5950308924670522
1381325400,47.375,47.84,45.25999,46.77,48.724153383957244,47.59957938090271,48.423771304279036,42.921067733073436,0,1,0,0,0,0,1.66538654300512
1381411800,47.86501,49.67999,47.83,49.05,48.78339822323775,47.737714677959595,48.63251420285269,43.161418018050945,0,0,0,0,0,0,1.7542867899333252
1381498200,49.17999,49.87,48.78999,49.11,48.842780364467245,47.86840851815392,48.79167613523513,43.394695742833264,0,0,0,0,0,0,1.7061241620809444
1381757400,48.31,49.63,47.91,49.50999,48.96409120729138,48.02474961166307,49.031114090156755,43.634511203898626,0,0,0,0,0,0,1.7071152933608773
1381843800,49.99001,51,49.17999,49.5,49.06152916960204,48.16524964864754,49.18740939343784,43.86453037237319,0,0,0,0,0,0,1.7151792009779576
1381930200,50.03999,51.24001,49.89999,51.13499,49.43852204785622,48.44808206306206,49.83660292895856,44.14964643620169,0,0,0,0,0,0,1.7169528294795318
1382016600,51.12,52.22,50.95,52.21001,49.942428948246,48.806360914199004,50.62773861930571,44.46573912497809,0,0,0,0,0,0,1.6850276273738507
1382103000,54.17999,54.825,53.60001,54.22,50.720169139473995,49.32194558903719,51.82515907953714,44.84825915929268,1,0,0,0,0,0,1.7514535111328617
1382362200,54.67999,54.81,53.50999,53.85001,51.28923111411509,49.7531898186527,52.50010938635809,45.20126899618317,0,0,0,0,0,0,1.719207546051943
1382448600,54.33,54.75999,52.2,52.675,51.54118909336689,50.03145745497149,52.55840625757206,45.49435648652892,0,0,0,0,0,0,1.7792634356196613
1382535000,51.75,52.25,51.13,51.89999,51.60642562184564,50.209412935450395,52.338934171714705,45.74555780078269,0,1,0,0,0,0,1.7625303330753994
1382621400,52.38,52.84,51.5928,52.44501,51.75889550878279,50.42232694159798,52.37429278114314,46.00828141643827,0,0,0,0,0,0,1.7257210235700142
1382707800,53.17999,53.24001,51.88,51.95,51.793641779913195,50.56781961382674,52.232861854095425,46.24128998834266,1,0,0,0,0,0,1.6995988076007271
1382967000,51.54,51.7,49.61,50.229,51.50916145629262,50.53555107917658,51.56490790273028,46.39767077311353,0,0,0,0,0,0,1.7453417499149613
1383053400,50.73,50.79,49.25,49.395,51.124768464239416,50.426927166874044,50.84160526848686,46.515213095736534,0,0,0,0,0,0,1.7306744820638926
1383139800,50,50.21,48.75,49.01,50.740265107104975,50.29198172240985,50.23107017899124,46.61304787629589,0,0,0,0,0,0,1.7113405904879004
1383226200,47.155,52,46.5,50.205,50.64294417854043,50.28369774884701,50.22238011932749,46.753908743892126,0,1,0,0,0,0,1.9819591197387647
1383312600,50.85,52.09,49.72,49.75,50.48059069153308,50.23286939181396,50.06492007955166,46.87140251864145,1,0,0,0,0,0,2.0096763254717103
1383575400,49.365,49.75,48.02,48.22,50.06957420216343,50.04116754497454,49.44994671970111,46.924288694381005,0,0,0,0,0,0,1.9896994450808736
1383661800,47.79,50.18,47.51,50.105,50.076015256315536,50.04724682640554,49.668297813134075,47.04902247107194,0,0,0,0,0,0,2.0382923418608114
1383748200,50.26,50.45,48.71,49.12,49.9021943006218,49.95893760484311,49.485531875422716,47.13023727612794,1,0,0,0,0,0,2.016985746013611
1383834600,49.24,49.87,47.3,47.56,49.47634079141784,49.73046735676281,48.843687916948475,47.14709071627979,0,0,0,0,0,0,2.056486764155496
1383921000,47.81,48.65,47.25,47.53,49.12246064752369,49.52089903707111,48.40579194463232,47.16210676662176,0,0,0,0,0,0,2.009594852430103
1384180200,47.04,47.53,45.73,46.2,48.591104166155745,49.204622938302435,47.67052796308821,47.12437708949934,0,1,0,0,0,0,1.9946237915422387
1384266600,46,47.37,45.83,46.605,48.22999431776379,48.95703980132125,47.31535197539214,47.10400936049937,0,0,0,0,0,0,1.962150663574936
1384353000,46.23,48.74,46.06,48.71,48.31726807817037,48.93351220119542,47.78023465026143,47.16698938557782,0,0,0,0,0,0,2.0134256161767263
1384439400,48.7,49.57,48.03,48.99,48.43958297304849,48.93889199155776,48.18348976684095,47.2384799979081,1,0,0,0,0,0,1.9796095007355314
1384525800,49.11,49.48,48.71,49.01,48.54329515976694,48.94566418283797,48.458993177893966,47.30795137053916,0,0,0,0,0,0,1.8932088221115646
1384785000,48.47,48.84,45.8,45.83,48.04996876708204,48.64893426066293,47.58266211859598,47.249992493263115,0,0,0,0,0,0,1.9872653348178815
1384871400,46.26,47,45.72,46.36,47.74270171852167,48.43094052155217,47.17510807906398,47.21509082686064,0,1,0,0,0,0,1.93674638233089
1384957800,46.61,47.55,46.31,46.43,47.50402867879046,48.24037475759482,46.92673871937599,47.184302951297475,0,0,0,0,0,0,1.8869787835929688
1385044200,46.99,47.46,46.685,46.7,47.357841646283106,48.093672399728646,46.85115914625066,47.16531067869757,0,0,0,0,0,0,1.825766013336328
1385130600,47.04,47.27,45.96,46.23,47.15277952877709,47.91617979023068,46.64410609750044,47.12863182855257,0,0,0,0,0,0,1.7889255838123046
1385389800,46.36,46.65,44.04,44.82,46.72863779627216,47.621305524494424,46.03607073166696,47.0380972470407,0,0,0,0,0,0,1.84757375639714
1385476200,44.66,46.17,43.55,45.89,46.57615819694995,47.456419284066385,45.987380487777976,46.99307382558813,0,1,0,0,0,0,1.9027470595116303
1385562600,45.97,46.67,45.53,46.49,46.56049307023178,47.36437935225054,46.154920325185316,46.97334544027095,0,0,0,0,0,0,1.848265126689371
1385735400,46.75,47.21,46.5,47.01,46.64222160291691,47.33062893775049,46.43994688345688,46.97478287398581,0,0,0,0,0,0,1.7676747604972731
1385994600,46.9,47.54,46.26,47.06,46.71818131147747,47.304854753202825,46.64663125563792,46.9781247220648,0,0,0,0,0,0,1.7328408490331824
1386081000,46.75,47.2,46.29,46.73,46.72033016393611,47.25010668146922,46.674420837091944,46.96839434080736,0,0,0,0,0,0,1.6740665026736696
1386167400,46.46,48.77,46.26,48.62,47.06572467958409,47.380572711805485,47.32294722472796,47.03316319018746,0,0,0,0,0,0,1.7337760381969791
1386253800,48.15,48.7,47.87,48.34,47.2974111014779,47.47194673925258,47.66196481648531,47.084411692533045,0,0,0,0,0,0,1.6692206068971953
1386340200,48.98,49.39,47.71,47.94,47.414245446663735,47.51652324027614,47.7546432109902,47.117964175178805,0,0,0,0,0,0,1.6699905635473957
1386599400,48.09,48.97,47.74,48.84,47.673473547270326,47.64256864596413,48.116428807326805,47.18549499183846,0,0,0,0,0,0,1.6385626661511528
1386685800,48.64,50.77,48.54,50.245,48.141023811402995,47.89041925111041,48.82595253821787,47.30547558039382,0,0,0,0,0,0,1.6808081899974994
1386772200,50.55,50.77,49.01,49.38,48.36629220932972,48.03228408433799,49.01063502547858,47.3868294792019,0,0,0,0,0,0,1.6864647478548211
1386858600,51.045,52.07,50.66,51.83,48.996057262178866,48.393971314401035,49.95042335031905,47.56107146040967,0,0,0,0,0,0,1.7581458372937624
1386945000,51.66,53.5,51.34,53.32,49.782228669055435,48.8631169035057,51.07361556687937,47.786911795295566,0,0,0,0,0,0,1.7868497060584934
1387204200,53.25,54.5,52.91,53.81,50.514550729227174,49.33424862698135,51.985743711252915,48.023111332734956,0,0,0,0,0,0,1.7727890127686012
1387290600,54.76,55.18,54.24,54.86,51.30463241482224,49.86051066250693,52.94382914083528,48.291224613804175,0,0,0,0,0,0,1.744018368999415
1387377000,54.86,55.89,53.75,55.57,52.08015379394546,50.404271551791986,53.819219427223516,48.57666678581185,1,0,0,0,0,0,1.7723027712137427
1387463400,54.33,55.19,53.95,55.05,52.62012583140992,50.846721880192746,54.22947961814901,48.83052299028982,0,0,0,0,0,0,1.7614240018413323
1387549800,54.93,55.15,54.23,55.12,53.07464840751721,51.253700748745814,54.52631974543267,49.07716914753336,0,0,0,0,0,0,1.7013222874240945
1387809000,55.5,58.32,55.45,57.77,53.92834869705953,51.874300677436686,55.607546496955116,49.418064475081074,0,0,0,0,0,0,1.8083706954652308
1387895400,58.27,58.58,56.91,57.96,54.66137620668507,52.45389108910938,56.391697664636744,49.75304233880338,1,0,0,0,0,0,1.7984870743605714
1388068200,58.32,58.38,57.37,57.73,55.219307805469604,52.956377652051344,56.83779844309116,50.065864207869915,0,0,0,0,0,0,1.7421665690491024
1388154600,57.48,57.68,55.25,55.44,55.25943365902059,53.19291311376074,56.37186562872744,50.2766146310907,0,0,0,0,0,0,1.7948689569741663
1388413800,54.93,55.18,53.43,53.71,54.97771844828957,53.242159483878766,55.484577085818295,50.41125719457734,0,1,0,0,0,0,1.81023546004744
1388500200,54.12,54.86,53.91,54.649,54.917951457691466,53.37614429493793,55.20605139054553,50.57744318694685,0,0,0,0,0,0,1.7630757843297657
1388673000,54.83,55.22,54.19,54.71,54.880142101747566,53.50317817161051,55.04070092703036,50.73950423843913,0,0,0,0,0,0,1.7107132283062112
1388759400,55.02,55.65,54.53,54.557,54.82138899233892,53.60354215526665,54.8794672846869,50.889209954578774,0,0,0,0,0,0,1.6685194262843388
1389018600,54.42,57.26,54.05,57.2,55.25386372100457,53.94606195000316,55.65297818979127,51.13669191714431,0,1,0,0,0,0,1.7786251815497434
1389105000,57.7,58.55,57.22,57.92,55.73861577173101,54.32453224047905,56.408652126527514,51.402703998824926,0,0,0,0,0,0,1.7480090971533326
1389191400,57.6,58.41,57.23,58.23,56.19159472232538,54.69648155090962,57.01576808435168,51.670441096910224,0,0,0,0,0,0,1.7074370187852375
1389277800,58.65,58.96,56.65,57.22,56.3785775000844,54.936816641299174,57.083845389567784,51.888070857815705,1,0,0,0,0,0,1.7504772317291493
1389364200,57.13,58.3,57.06,57.94,56.66247250006905,55.222834104032586,57.369230259711856,52.125401412411165,0,0,0,0,0,0,1.7140145723199238
1389623400,57.91,58.25,55.38,55.91,56.52565931823831,55.2882784750771,56.88282017314123,52.273817043297,0,1,0,0,0,0,1.7965849600113575
1389709800,56.46,57.78,56.1,57.74,56.74644853310407,55.521775763164996,57.168546782094154,52.488177159246135,0,0,0,0,0,0,1.801828891439118
1389796200,57.98,58.57,57.27,57.6,56.90163970890333,55.71970188095881,57.312364521396105,52.688640800060014,1,0,0,0,0,0,1.765983970622038
1389882600,57.26,58.02,56.83,57.19,56.95406885273909,55.859730273248445,57.2715763475974,52.86516469025374,0,0,0,0,0,0,1.7248422584347498
1389969000,57.3,57.82,56.07,56.3,56.83514724315017,55.90166072341526,56.947717565064934,52.99986411416536,0,1,0,0,0,0,1.7266392399751247
1390314600,56.6,58.58,56.5,58.51,57.13966592621377,56.150073987851904,57.46847837670995,53.215947874394175,0,0,0,0,0,0,1.7661650085483303
1390401000,58.85,59.31,57.1,57.51,57.20699939417491,56.27959075091363,57.48231891780664,53.38434207539832,1,0,0,0,0,0,1.7978675079377353
1390487400,56.37,56.68,55.6855,56.63,57.10209041341584,56.31296306035043,57.19821261187109,53.511622778323876,0,0,0,0,0,0,1.7997698287993256
1390573800,56.15,56.42,54.4,54.45,56.61989215643114,56.13553800698372,56.28214174124739,53.54842188505627,0,0,0,0,0,0,1.83050055531366
1390833000,54.73,54.9401,51.85,53.55,56.061729946170935,55.88929629203289,55.37142782749826,53.54848377191681,0,1,0,0,0,0,1.920471944219827
1390919400,54.02,55.28,54,55.14,55.89414268323077,55.817934740410706,55.29428521833217,53.61089617301811,0,0,0,0,0,0,1.9068668053469826
1391005800,54.61,54.95,53.19,53.53,55.46429855900699,55.60003619370492,54.70619014555478,53.60772377407623,0,0,0,0,0,0,1.9099477478221982
1391092200,62.12,62.5,60.46,61.08,56.48533518464208,56.12193750859017,56.83079343036985,53.900754214308535,0,0,0,0,0,0,2.4142371944063266
1391178600,60.47,63.37,60.17,62.57,57.59163787834352,56.73603869824825,58.743862286913235,54.24072463727683,0,0,0,0,0,0,2.4703631090915885
1391437800,63.03,63.77,60.7,61.48,58.29861280955379,57.18784453651032,59.655908191275486,54.52461778875617,1,0,0,0,0,0,2.5131943155850465
1391524200,62.05,63.14,61.82,62.75,59.107955935089464,57.71757362827124,60.68727212751699,54.847181797040236,0,0,0,0,0,0,2.452251864471829
1391610600,62.74,63.16,61.27,62.19,59.668327583255014,58.14351899700731,61.18818141834466,55.135135452058265,0,0,0,0,0,0,2.4120910170095553
1391697000,61.46,62.78,61.46,62.16,60.1213589317541,58.52604099729233,61.512120945563105,55.410620336291274,0,0,0,0,0,0,2.3340845157945873
1391783400,62.27,64.57,62.22,64.32,60.88474821688972,59.07784661659782,62.4480806303754,55.760007774083775,0,0,0,0,0,0,2.3395070503806883
1392042600,64.3,64.49,63.473,63.548,61.368975813818864,59.50357551025517,62.81472042025027,56.06541923392363,0,0,0,0,0,0,2.245042261067782
1392129000,63.75,65,63.35,64.851,62.002071120397254,60.01285403308801,63.49348028016684,56.40995181298545,0,0,0,0,0,0,2.202539242420083
1392215400,64.92,65.06,64.05,64.45,62.44714909850684,60.435439363270106,63.812320186777896,56.72524782031935,0,0,0,0,0,0,2.117357867961506
1392301800,64.18,67.33,64.05,67.33,63.3349401715056,61.09206418581581,64.9848801245186,57.14112045481664,0,0,0,0,0,0,2.2004037345356844
1392388200,67.5,67.58,66.72,67.09,64.01767832214095,61.66329616811907,65.68658674967907,57.53127259384343,0,0,0,0,0,0,2.1046606106402783
1392733800,66.94,67.5397,66.07,67.3,64.61446408175169,62.20012510448868,66.2243911664527,57.91435994310447,0,0,0,0,0,0,2.0593062813088303
1392820200,67.05,69.08,67,68.06,65.24092515779684,62.758208427870706,66.83626077763513,58.31222818062979,0,0,0,0,0,0,2.060784404072485
1392906600,67.73,70.11,65.727,69.63,66.03893876547014,63.4126647680735,67.76750718509008,58.7560623696247,0,1,0,0,0,0,2.226656946638736
1392993000,69.69,69.96,68.45,68.59,66.5027680808392,63.90574431397126,68.04167145672672,59.141706982580594,0,0,0,0,0,0,2.1754671647359687
1393252200,68.74,71.44,68.54,70.78,67.2804466115957,64.56043533168828,68.95444763781781,59.59811063032253,1,0,0,0,0,0,2.2272195101119703
1393338600,70.95,71,69.45,69.85,67.74763813676012,65.06420339533702,69.25296509187854,60.00014550756478,0,0,0,0,0,0,2.1788466879611152
1393425000,70.19,71.22,68.85,69.26,68.02261302098555,65.46380307197158,69.25531006125236,60.36327705628773,0,0,0,0,0,0,2.192500495963893
1393511400,69.34,70.01,68.87,68.94,68.18941065353363,65.79486944606953,69.15020670750157,60.69961913251174,0,0,0,0,0,0,2.1173218891093293
1393597800,69.47,69.88,67.38,68.46,68.23860871652751,66.04869140358672,68.92013780500105,61.00394779398187,0,0,0,0,0,0,2.1446560398872343
1393857000,66.96,68.05,66.51,67.41,68.08795258624978,66.17833984134036,68.41675853666736,61.25516552755121,0,1,0,0,0,0,2.130752037038145
1393943400,68.66,68.9,67.62,68.8,68.21741575238619,66.4280217612127,68.54450569111157,61.55104138921587,0,0,0,0,0,0,2.0849840343925643
1394029800,69.69,71.97,69.62,71.57,68.82697652467961,66.91773397443055,69.55300379407437,61.94394172689368,1,0,0,0,0,0,2.1624851747930953
1394116200,71.88,71.89,70.25,70.84,69.19298079291968,67.29128311972288,69.98200252938291,62.29280675721157,0,0,0,0,0,0,2.125164805165017
1394202600,71.08,71.18,69.47,69.8,69.30334792147974,67.53020853689213,69.92133501958861,62.58720649222288,0,1,0,0,0,0,2.0955101762246593
1394458200,70.77,72.15,70.51,72.03,69.79910284484706,67.95876010480717,70.62422334639241,62.95751211997885,0,0,0,0,0,0,2.1136880207800415
1394544600,72.5,72.59,69.96,70.1,69.85381141851123,68.16268771387315,70.44948223092827,63.23760968390125,1,0,0,0,0,0,2.150567447867182
1394631000,69.86,71.35,69,70.8799,70.04037297878192,68.42146983636142,70.59295482061884,63.5373073433561,0,0,0,0,0,0,2.164812630162383
1394717400,71.29,71.35,68.15,68.83,69.82030516445793,68.46037747099366,70.00530321374589,63.74486391812645,0,0,0,0,0,0,2.2387545851507835
1394803800,68.49,69.43,67.46,67.72,69.43843149819286,68.38986533089903,69.2435354758306,63.90075160761169,0,0,0,0,0,0,2.219557829068586
1395063000,68.18,68.95,66.62,68.7399,69.31142577124871,68.42320196605151,69.07565698388707,64.09052213280339,0,1,0,0,0,0,2.2274465555636866
1395149400,68.76,69.6,68.3,69.19,69.28934835829439,68.49623035023708,69.11377132259138,64.29050165700717,1,0,0,0,0,0,2.1612003730234233
1395235800,69.17,69.29,67.465,68.24,69.09855774769541,68.47182745973831,68.82251421506092,64.44538394496767,0,0,0,0,0,0,2.137186060664608
1395322200,68.01,68.23,66.82,66.97,68.71154724811443,68.32879627309656,68.20500947670727,64.54438849614542,0,0,0,0,0,0,2.0859584849028505
1395408600,67.53,67.92,66.1786,67.24,68.44399320300272,68.2251013899445,67.88333965113819,64.65009875119854,0,0,0,0,0,0,2.061347164552647
1395667800,67.19,67.36,63.36,64.1,67.65417625700222,67.83223459090216,66.62222643409213,64.62852625115154,0,0,0,0,0,0,2.199822367084601
1395754200,64.89,66.19,63.78,64.89,67.15159875572908,67.552021772721,66.04481762272809,64.63878012365541,0,0,0,0,0,0,2.2148350551499862
1395840600,64.74,64.95,60.37,60.385,65.92130807286925,66.8694482705571,64.1582117484854,64.47196521684539,0,0,0,0,0,0,2.3837754083535594
1395927000,60.51,61.9,57.98,60.97,65.02107024143848,66.30759605431356,63.095474498990264,64.33463324755733,0,1,0,0,0,0,2.4935057363283053
1396013400,61.34,61.95,59.335,60.01,64.10996656117693,65.7078250015218,62.06698299932684,64.16503978686882,0,0,0,0,0,0,2.502183898019141
1396272600,60.78,61.52,59.87,60.24,63.40633627732658,65.18707976328163,61.457988666217894,64.011116657972,0,0,0,0,0,0,2.4413136195892027
1396359000,60.46,62.66,60.24,62.62,63.263366045085384,64.94259597630243,61.84532577747859,63.95656306354172,0,0,0,0,0,0,2.4397912181899737
1396445400,63.21,63.91,62.21,62.72,63.164572218706226,64.73092016903553,62.13688385165239,63.90807039438322,1,0,0,0,0,0,2.386948988319261
1396531800,62.55,63.17,59.13,59.49,62.496468178941456,64.23178491484167,61.25458923443493,63.73481273185839,0,0,0,0,0,0,2.5050240605821705
1396618200,59.94,60.2,56.32,56.749,61.451473964588466,63.519138732475795,59.75272615628995,63.460859291393355,0,0,0,0,0,0,2.603236627683444
1396877400,55.9,58,55.44,56.95,60.63302415284511,62.893506472240006,58.8184841041933,63.2055314760446,0,1,0,0,0,0,2.600148297134627
1396963800,57.68,58.71,57.17,58.1901,60.18885612505509,62.44556299869334,58.60902273612887,63.00884788874873,0,0,0,0,0,0,2.540137704482153
1397050200,59.63,62.4558,59.1882,62.41,60.59270046595417,62.442176046436835,59.876015157419246,62.98536365781741,0,0,0,0,0,0,2.6633921541619996
1397136600,63.08,63.18,58.68,59.16,60.33220947214432,62.12958785153809,59.637343438279494,62.83534939672653,1,0,0,0,0,0,2.794578428864714
1397223000,57.6,60.31,57.31,58.53,60.00453502266353,61.786769960915414,59.268228958852994,62.66651216548235,0,0,0,0,0,0,2.80925139823152
1397482200,60.09,60.45,57.78,58.89,59.801892291270164,61.5108871074949,59.14215263923533,62.51841364918893,0,0,0,0,0,0,2.7993048697864116
1397568600,59.29,59.68,55.88,59.09,59.67245732922105,61.28032643059063,59.12476842615688,62.38396605510309,0,1,0,0,0,0,2.8707830933730962
1397655000,59.79,60.19,57.74,59.72,59.68110145118086,61.13172391339152,59.32317895077126,62.27949679804022,0,0,0,0,0,0,2.8407271581321605
1397741400,59.3,60.58,58.72,58.94,59.546355732784335,60.92298830259232,59.1954526338475,62.14853613929355,0,0,0,0,0,0,2.7706752182655774
1398087000,59.46,61.24,59.15,61.24,59.85429105409627,60.95317989282162,59.876968422565,62.11290727108596,0,0,0,0,0,0,2.737055559818036
1398173400,62.65,63.44,62.22,63.0301,60.4317108624424,61.15098180779099,60.92801228171,62.148875613396314,0,0,0,0,0,0,2.698694448402462
1398259800,63.45,63.48,61.26,61.36,60.60049070563469,61.17088830228709,61.07200818780667,62.11793931483175,0,0,0,0,0,0,2.664501987802286
1398346200,63.6,63.65,59.77,60.87,60.64949239551929,61.14223227349784,61.00467212520444,62.069000518171684,1,0,0,0,0,0,2.7513232743878366
1398432600,59.97,60.01,57.57,57.71,60.1150392326976,60.815353009355185,59.90644808346963,61.898059321380636,0,0,0,0,0,0,2.7905144690744197
1398691800,58.05,58.31,54.66,56.14,59.39230482675258,60.3700812941785,58.65096538897975,61.672253073483354,0,1,0,0,0,0,2.851906292711962
1398778200,56.09,58.28,55.84,58.15,59.16643122188847,60.158644980447214,58.4839769259865,61.5341255019742,0,0,0,0,0,0,2.8224844146611074
1398864600,57.58,59.85,57.16,59.78,59.27798918154512,60.122583553737954,58.915984617324334,61.46533626660266,0,0,0,0,0,0,2.8130212421853145
1398951000,60.43,62.28,60.21,61.15,59.618354784900546,60.220432739096246,59.66065641154955,61.452970138500596,1,0,0,0,0,0,2.7906625820292206
1399037400,61.3,61.89,60.18,60.46,59.7713811876459,60.24324866870613,59.92710427436637,61.414030133069204,0,0,0,0,0,0,2.713472397598562
1399296600,59.67,61.35,59.18,61.22,60.034766426255736,60.33627260501983,60.35806951624425,61.40642110824296,0,0,0,0,0,0,2.674652940627236
1399383000,60.98,61.15,58.49,58.53,59.76117253057288,60.16424664263699,59.7487130108295,61.29362028046872,0,0,0,0,0,0,2.678606302011005
1399469400,58.77,59.3,56.26,57.39,59.3300502522869,59.900032676671565,58.962475340553,61.140537132215044,0,1,0,0,0,0,2.7044201375816472
1399555800,57.23,58.82,56.5,56.76,58.86276838823474,59.60098194555999,58.228316893702,60.968751362324255,0,0,0,0,0,0,2.676961556325815
1399642200,56.85,57.65,56.38,57.24,58.567719590373876,59.37612652217332,57.89887792913467,60.822525818703696,0,0,0,0,0,0,2.5764643023025426
1399901400,57.98,59.9,57.98,59.83,58.797225119396806,59.419352567680626,58.54258528608978,60.78360323757806,0,0,0,0,0,0,2.582431137852361
1399987800,59.66,60.89,59.51,59.83,58.98500237041557,59.458461846949135,58.971723524059854,60.746207032182845,1,0,0,0,0,0,2.4965431994343352
1400074200,59.53,60.45,58.95,59.23,59.02954739397638,59.43670357581112,59.05781568270657,60.68674793288156,0,0,0,0,0,0,2.4253615423318826
1400160600,59.26,59.38,57.52,57.919,58.827629685980675,59.29216037811482,58.67821045513771,60.57820879825875,0,0,0,0,0,0,2.3849785750224624
1400247000,58.31,58.45,57.31,58.0199,58.680769743075096,59.170992723056266,58.45877363675847,60.47788296303292,0,1,0,0,0,0,2.29605153394943
1400506200,57.89,59.56,57.57,59.21,58.77699342615235,59.174707701812814,58.70918242450565,60.42816206252182,0,0,0,0,0,0,2.2741907100958993
1400592600,59.5,60.19,58.18,58.56,58.73754007594283,59.116164111163975,58.65945494967043,60.35490080516802,0,0,0,0,0,0,2.2553199450890493
1400679000,58.56,60.5,58.25,60.49,59.05616915304414,59.24700562438645,59.26963663311362,60.36019881280849,0,0,0,0,0,0,2.25493994901126
1400765400,60.94,61.48,60.4,60.52,59.322320216127025,59.368243183968694,59.686424422075746,60.36646552603169,0,0,0,0,0,0,2.171015666939027
1400851800,60.41,61.45,60.15,61.351,59.691171085922115,59.55707716644787,60.2412829480505,60.40507472108927,0,0,0,0,0,0,2.108800262157668
1401197400,61.62,63.51,61.57,63.48,60.38004907029991,59.930688864881404,61.32085529870033,60.52566002614459,0,0,0,0,0,0,2.1123859577178346
1401283800,63.39,64.14,62.62,63.51,60.94913105751811,60.2715756396546,62.05057019913355,60.64269296629578,0,0,0,0,0,0,2.0700726750237037
1401370200,63.84,64.3,63.51,63.83,61.47292541069663,60.61047319778273,62.64371346608903,60.76768539899007,1,0,0,0,0,0,1.9786389125220105
1401456600,63.95,64.17,62.56,63.3,61.80512079056997,60.86661860751771,62.86247564405935,60.86699185393164,0,0,0,0,0,0,1.9523075616275811
1401715800,63.23,63.59,62.05,63.08,62.03691701046634,61.077416835373164,62.93498376270623,60.95377648711079,0,1,0,0,0,0,1.9228570215113259
1401802200,62.62,63.42,62.32,62.87,62.18838664492701,61.2481390415281,62.91332250847082,61.02892250722409,0,0,0,0,0,0,1.8640815199748029
1401888600,62.45,63.59,62.07,63.34,62.397770891303914,61.4473638947159,63.05554833898055,61.11955299713687,0,0,0,0,0,0,1.8395042685480314
1401975000,63.66,64.36,62.82,63.186,62.5410852747032,61.61294828569534,63.09903222598703,61.200590134504054,1,0,0,0,0,0,1.8181111065088864
1402061400,63.37,63.48,62.15,62.5,62.53361522475716,61.6974294013434,62.899354817324685,61.25154738413135,0,0,0,0,0,0,1.7832460274725375
1402320600,62.4,63.34,61.79,62.88,62.59659427480132,61.81005517264403,62.89290321154979,61.31540827102816,0,1,0,0,0,0,1.7665855969387851
1402407000,63.53,65.82,63.5,65.77,63.173577133928354,62.18719277524936,63.85193547436653,61.490098142752544,0,0,0,0,0,0,1.8504009114431568
1402493400,65.32,65.8,64.9,65.781,63.64765401866865,62.52946012998751,64.49495698291102,61.65836880382107,0,0,0,0,0,0,1.782515132054359
1402579800,65.85,66.47,64.06,64.2901,63.764462378910714,62.69714011760775,64.42667132194067,61.76157394876926,1,0,0,0,0,0,1.8273354797647616
1402666200,64.7,64.97,63.83,64.5,63.89819649183604,62.868841058787964,64.45111421462711,61.868963205680274,0,0,0,0,0,0,1.778240088352993
1402925400,64.16,64.88,63.75,64.19,63.95125167513858,62.994665719855774,64.36407614308474,61.95998425643791,0,1,0,0,0,0,1.7319372248992073
1403011800,64.1,64.88,63.93,64.4,64.03284227965884,63.12850707986951,64.3760507620565,62.055671148342306,0,0,0,0,0,0,1.676084565977835
1403098200,64.49,65.75,64.05,65.6,64.31778004699359,63.36388735797717,64.784033841371,62.194664436642604,1,0,0,0,0,0,1.6777928112651328
1403184600,65.46,65.5756,64.21,64.3415,64.32209276572203,63.456993323884106,64.636522560914,62.27885406657819,0,0,0,0,0,0,1.657236181889052
1403271000,64.46,64.81,63.35,64.5,64.35443953559076,63.556327293038,64.59101504060934,62.36595782867317,0,1,0,0,0,0,1.6431478831826911
1403530200,64.32,65.66,64.22,65.37,64.53908689275607,63.729058027034384,64.85067669373956,62.48376340401932,0,0,0,0,0,0,1.628637320098213
1403616600,65.36,67.17,65.27,65.72,64.75379836680042,63.9186715482692,65.1404511291597,62.61067464307739,0,0,0,0,0,0,1.6480203686626267
1403703000,65.58,67.48,65.57,67.44,65.2421986637458,64.25403616271976,65.9069674194398,62.800059951192,0,0,0,0,0,0,1.6667331994724397
1403789400,68,68,66.9,67.13,65.58543527033747,64.52793748055598,66.3146449462932,62.969861521733485,1,0,0,0,0,0,1.6262522566529793
1403875800,67.31,67.7,66.84,67.6,65.95171976663974,64.82051486336017,66.74309663086213,63.15143557970472,0,0,0,0,0,0,1.571519952606338
1404135000,67.46,67.92,67.13,67.29,66.19504344543252,65.05570392399254,66.92539775390809,63.313732223637864,0,0,0,0,0,0,1.5156970988487426
1404221400,67.58,68.44,67.39,68.06,66.53412645535388,65.34182735980278,67.3035985026054,63.4998603717305,1,0,0,0,0,0,1.4895758775024033
1404307800,68.04,68.3,65.79,66.45,66.51883073619864,65.44736761125013,67.0190656684036,63.61555212185871,0,0,0,0,0,0,1.5624633148236595
1404394200,66.855,67,65.76,66.29,66.47722514779889,65.5276183149406,66.77604377893573,63.72043243080543,0,0,0,0,0,0,1.5394302209076833
1404739800,66.3,66.57,65.12,65.29,66.26136603001727,65.50498799923197,66.28069585262382,63.78198410018561,0,0,0,0,0,0,1.533042347985705
1404826200,65.06,65.56,62.21,62.76,65.62475402455958,65.24356057073369,65.10713056841588,63.741906292335194,0,1,0,0,0,0,1.6628250374152975
1404912600,63.41,65.12,63.15,64.97,65.50570783827602,65.21750718304477,65.06142037894392,63.79006682989068,0,0,0,0,0,0,1.712623249028491
1404999000,63.31,65.34,63.05,64.8725,65.39057914040765,65.18464935608813,64.99844691929594,63.83251518950281,0,0,0,0,0,0,1.7538644455264563
1405085400,65.28,66.59,64.79,66.34,65.56320111487899,65.2946827507464,65.44563127953063,63.93084792716937,0,0,0,0,0,0,1.7571598422745662
1405344600,67.13,68.17,66.9,67.9,65.98807363944645,65.54280820305627,66.26375418635375,64.08650094963332,1,0,0,0,0,0,1.7623627106835258
1405431000,67.96,68.0899,66.26,67.165,66.20206025045619,65.69730265990805,66.56416945756916,64.20722640258887,0,0,0,0,0,0,1.7671868027775592
1405517400,67.54,67.94,67.07,67.66,66.46714020491869,65.88422621610728,66.92944630504611,64.34262928876186,0,0,0,0,0,0,1.7031020311505911
1405603800,67.03,67.85,66.04,66.4099,66.45673289493348,65.93429038600182,66.75626420336407,64.42369872841826,0,1,0,0,0,0,1.7107376003541195
1405690200,66.8,68.46,66.16,68.4199,66.81367236858193,66.1710151111445,67.31080946890938,64.58041250377441,0,0,0,0,0,0,1.7528277717573963
1405949400,68.81,69.96,68.5,69.4,67.2839137561125,66.4785374815117,68.00720631260626,64.76941593499895,0,0,0,0,0,0,1.737632930917582
1406035800,69.76,69.77,68.61,69.27,67.64502034591023,66.74439105470105,68.4281375417375,64.94590942774408,0,0,0,0,0,0,1.6963734358520401
1406122200,69.74,71.33,69.61,71.29,68.3077439193811,67.17730619234857,69.38209169449166,65.19469729332275,0,0,0,0,0,0,1.7223467618626087
1406208600,75.96,76.74,74.51,74.98,69.52088138858453,67.92041988831537,71.24806112966111,65.57843465436892,1,0,0,0,0,0,1.98860770744385
1406295000,74.99,75.67,74.662,75.19,70.55163022702371,68.61276085133295,72.56204075310741,65.95535878557014,0,0,0,0,0,0,1.9185642997692889
1406554200,75.17,75.5,73.85,74.92,71.34587927665577,69.21345029406315,73.34802716873827,66.30691334299877,0,0,0,0,0,0,1.8993811355000543
1406640600,74.72,74.92,73.4229,73.71,71.7757194081729,69.6416931232,73.46868477915885,66.59723046680274,0,0,0,0,0,0,1.8706467686786221
1406727000,74.21,75.19,74.13,74.677,72.30322497032328,70.12124615908571,73.87145651943923,66.91408417398695,0,0,0,0,0,0,1.842743428058721
1406813400,74,74.165,72.44,72.65,72.36627497571905,70.36207985822041,73.46430434629282,67.13902204951687,0,0,0,0,0,0,1.8709046117688128
1406899800,72.22,73.22,71.55,72.36,72.36513407104286,70.55235796696132,73.09620289752854,67.34376628286915,0,1,0,0,0,0,1.8565542823567551
1407159000,72.36,73.88,72.36,73.51,72.57329151267143,70.83403816058406,73.23413526501903,67.58557936981546,0,0,0,0,0,0,1.8325146907598437
1407245400,73.2,73.59,72.18,72.69,72.59451123764026,71.01079643100462,73.05275684334602,67.78575272786192,0,0,0,0,0,0,1.8023350699912832
1407331800,72.02,73.72,71.79,72.47,72.57187283079658,71.14976819948038,72.85850456223068,67.96944869931832,0,1,0,0,0,0,1.8114539935633338
1407418200,73,74,72.7,73.17,72.6806232251972,71.3421712281013,72.96233637482045,68.17339188758035,1,0,0,0,0,0,1.7913501368802385
1407504600,73.4,73.43,72.56,73.06,72.74960082061588,71.50577396828213,72.99489091654696,68.36502357826348,0,0,0,0,0,0,1.7255394128173644
1407763800,73.46,73.91,73.06,73.44,72.87512794414026,71.68998597130287,73.14326061103131,68.56404226146883,0,0,0,0,0,0,1.6630008833304095
1407850200,73.09,73.3301,72.22,72.83,72.86692286338749,71.7985587359407,73.0388404073542,68.73133472180338,0,1,0,0,0,0,1.631357963092523
1407936600,73.12,74.25,73.05,73.77,73.03111870640794,71.9863150468035,73.28256027156947,68.9289294385954,0,0,0,0,0,0,1.6162609657287716
1408023000,73.97,74.38,73.69,74.296,73.26109712342468,72.20628504234602,73.62037351437965,69.1394027939446,0,0,0,0,0,0,1.5500994681767164
1408109400,74.32,74.65,73,73.63,73.3281703737111,72.34187694307498,73.62358234291976,69.31550464516246,0,1,0,0,0,0,1.5572352204498086
1408368600,74,74.72,73.96,74.59,73.55759394212727,72.55598390087737,73.94572156194651,69.52234760025414,0,0,0,0,0,0,1.5238612761319654
1408455000,74.81,75.58,74.77,75.29,73.8725768617405,72.8163663865081,74.393814374631,69.74853004730299,1,0,0,0,0,0,1.4857283278368247
1408541400,74.97,75.18,74.62,74.81,74.04301743233313,73.00623625445971,74.53254291642067,69.94701906505581,0,0,0,0,0,0,1.4274620187056233
1408627800,74.92,75.19,74.4149,74.57,74.1388324446362,73.15516613498735,74.54502861094711,70.12831243505363,0,0,0,0,0,0,1.3808647316552212
1408714200,74.34,74.73,73.57,74.57,74.21722654561142,73.2899122173695,74.55335240729808,70.30249626112996,0,1,0,0,0,0,1.3650886793941346
1408973400,74.94,75.28,74.79,75.02,74.36318535550025,73.45468248238193,74.70890160486539,70.48749640775232,0,0,0,0,0,0,1.3182966308659825
1409059800,75,75.99,74.73,75.9601,74.65353347268203,73.69329367453602,75.12596773657692,70.70210831333065,1,0,0,0,0,0,1.314132585804126
1409146200,75.27,75.49,74.46,74.63,74.64925465946712,73.78250380077068,74.96064515771795,70.85614328143534,0,0,0,0,0,0,1.3274159725324028
1409232600,74,74.43,73.73,73.855,74.50484472138218,73.78940820069728,74.59209677181197,70.97374550569278,0,1,0,0,0,0,1.296886260208659
1409319000,74.3,74.82,74.01,74.82,74.56214568113087,73.88755980063087,74.66806451454131,71.12457901527345,0,0,0,0,0,0,1.2731800987651827
1409664600,75.01,76.7,74.82,76.68,74.94721010274344,74.15350648628507,75.33870967636088,71.34243866173333,0,0,0,0,0,0,1.316524377424813
1409751000,77.14,77.48,75.6,75.83,75.10771735679009,74.3131725352103,75.50247311757391,71.5184214593124,1,0,0,0,0,0,1.3567726361801842
1409837400,75.89,76.93,75.53,75.95,75.26085965555554,74.46906086519027,75.65164874504927,71.69220885306486,0,0,0,0,0,0,1.359860305024457
1409923800,76.1,77.38,75.598,77.26,75.6243397181818,74.734864592315,76.18776583003284,71.91055360392505,0,0,0,0,0,0,1.3900131403798528
1410183000,77.26,78.17,77.01,77.89,76.03627795123965,75.0353536787612,76.75517722002189,72.14504169788877,0,0,0,0,0,0,1.37358363035272
1410269400,77.59,78.17,76.2,76.67,76.15150014192335,75.19103428078394,76.72678481334793,72.3224910430696,0,0,0,0,0,0,1.4161847996132397
1410355800,76.52,77.95,76.51,77.43,76.38395466157365,75.40426911118547,76.9611898755653,72.52278551196883,0,0,0,0,0,0,1.417885885355151
1410442200,77.13,78.36,77.05,77.92,76.66323563219663,75.6438625291678,77.28079325037686,72.7344409820877,1,0,0,0,0,0,1.410179750686926
1410528600,78.02,78.3,77.1,77.48,76.81173824452452,75.81873276448516,77.34719550025125,72.92054133573133,0,0,0,0,0,0,1.3951669113521457
1410787800,77.15,77.25,73.43,74.58,76.40596765461098,75.70075821548657,76.4247970001675,72.98561814609481,0,0,0,0,0,0,1.5847978462555636
1410874200,73.52,76.23,73.07,76.08,76.34670080831808,75.73687648067833,76.30986466677834,73.1069664540911,0,1,0,0,0,0,1.6973122858087384
1410960600,75.96,77.25,75.57,76.43,76.36184611589661,75.80288824442326,76.34990977785223,73.23728149510713,0,0,0,0,0,0,1.6960756939652575
1411047000,76.77,77.33,76.52,77,76.4778740948245,75.91689888781151,76.56660651856815,73.3848390835343,0,0,0,0,0,0,1.6392131443963098
1411133400,77.4,78.3,76.44,77.91,76.73826062303823,76.10671804135328,77.0144043457121,73.56229637437609,0,0,0,0,0,0,1.6549836340822874
1411392600,77,77.53,75.95,76.8,76.749485964304,76.17274489455772,76.94293623047473,73.6892651440084,0,1,0,0,0,0,1.6767705173621237
1411479000,76.33,78.63,76.04,78.29,77.02957942533963,76.37438823793318,77.39195748698316,73.86968611875317,0,0,0,0,0,0,1.7420011946933998
1411565400,78.1,78.62,77.51,78.535,77.30329225709606,76.58016078670144,77.77297165798878,74.05263960429225,0,0,0,0,0,0,1.6968582522152997
1411651800,78.6,78.94,77.13,77.22,77.28814821035132,76.64109785463464,77.58864777199251,74.17684981588863,0,0,0,0,0,0,1.7049398056284928
1411738200,77.59,78.8416,77.33,78.79,77.56121217210563,76.8457552018123,77.98909851466168,74.35775766624594,0,0,0,0,0,0,1.6989869623693148
1411997400,78.12,79.199,77.91,79,77.8228099589955,77.05092137306826,78.32606567644112,74.53980638521669,0,0,0,0,0,0,1.6697021793429354
1412083800,79.35,79.7067,78.6,79.04,78.04411723917815,77.24035743277605,78.56404378429409,74.71628456618859,1,0,0,0,0,0,1.6294877379612973
1412170200,78.78,78.82,75.9,76.55,77.77245955932757,77.174609105845,77.89269585619606,74.78819497535767,0,0,0,0,0,0,1.7373814709640618
1412256600,76.57,77.48,75.64,77.08,77.64655782126802,77.16559871481213,77.62179723746404,74.87806968220639,0,1,0,0,0,0,1.7447113658952005
1412343000,77.76,78.06,77.26,77.44,77.60900185376474,77.19173217054431,77.56119815830935,74.97853753780613,0,0,0,0,0,0,1.690089125474115
1412602200,77.19,77.89,76.85,77.555,77.59918333489843,77.22632910668295,77.55913210553958,75.07957528142158,0,0,0,0,0,0,1.6436541879402502
1412688600,77.05,77.95,76.24,76.29,77.36115000128054,77.13715490604648,77.13608807035972,75.12704291744427,0,0,0,0,0,0,1.6483931745159472
1412775000,76.18,77.71,75.1,77.52,77.39003181922953,77.17361634356585,77.26405871357315,75.22088437166214,0,0,0,0,0,0,1.7170793763362366
1412861400,77.28,77.7601,75.85,75.91,77.12093512482416,77.05327192989292,76.81270580904877,75.2479085139499,0,0,0,0,0,0,1.7308665637407912
1412947800,75.59,76.5,72.76,72.91,76.35531055667431,76.65867460323645,75.51180387269918,75.15622582712832,0,0,0,0,0,0,1.8743760949021628
1413207000,73.23,74.78,72.52,72.99,75.74343591000626,76.30927702197583,74.67120258179945,75.07127579469191,0,0,0,0,0,0,1.9019206595520086
1413293400,74,74.18,72.05,73.59,75.35190210818693,76.05029825797813,74.31080172119964,75.01318654784126,0,0,0,0,0,0,1.9182120410125802
1413379800,71.69,73.8,70.32,73.21,74.96246536124386,75.77979366198021,73.94386781413309,74.9424733498867,0,1,0,0,0,0,2.0297683237973962
1413466200,70.79,73.35,70.58,72.63,74.53838075010862,75.47981331322019,73.50591187608872,74.85178812047937,0,0,0,0,0,0,2.082642014954725
1413552600,74.23,76,73.75,75.95,74.79503879554342,75.52459299767541,74.32060791739248,74.8948552530096,0,0,0,0,0,0,2.1745961567436733
1413811800,75.6,77.09,75.38,76.95,75.18684992362644,75.66034604551585,75.19707194492833,74.97544916465628,0,0,0,0,0,0,2.1414107169762686
1413898200,77.56,78.74,77.15,78.69,75.8237863011489,75.94888451737148,76.36138129661889,75.12111782486583,0,0,0,0,0,0,2.1163099514779633
1413984600,78.815,79.85,78.01,78.37,76.28673424639456,76.17946694428848,77.0309208644126,75.24852496898875,0,0,0,0,0,0,2.0965735263723935
1414071000,79.38,80.63,79.01,80.04,76.96914620159555,76.54713675911815,78.03394724294174,75.43642595059703,0,0,0,0,0,0,2.108246845917222
1414157400,80.2,80.8183,79.32,80.67,77.64202871039636,76.93979040110689,78.91263149529449,75.64166414861283,0,0,0,0,0,0,2.064679214065992
1414416600,80.74,80.8,79.76,80.28,78.12165985396067,77.25790560100147,79.368420996863,75.82355967219664,0,0,0,0,0,0,1.9914878416327062
1414503000,80.18,81.16,79.57,80.77,78.60317624414964,77.59239078185847,79.83561399790867,76.01753772426736,1,0,0,0,0,0,1.9628101386589416
1414589400,75.45,76.88,74.78,75.86,78.10441692703152,77.42740118358624,78.51040933193912,76.01135977429608,0,0,0,0,0,0,2.2504665573261597
1414675800,75.05,75.35,72.9,74.11,77.37815930393488,77.11145821372088,77.04360622129275,75.93679664589231,0,1,0,0,0,0,2.301147517517148
1414762200,74.93,75.7,74.45,74.99,76.94394852140127,76.90941457431889,76.35907081419516,75.89966736566124,0,0,0,0,0,0,2.2503512662659237
1415025000,75.47,75.52,73.7,73.88,76.38686697205559,76.62089890057423,75.5327138761301,75.8204647238706,0,0,0,0,0,0,2.219611890104072
1415111400,74.23,75.77,73.65,75.76,76.27289115895456,76.53890852909097,75.60847591742007,75.81809355822861,0,1,0,0,0,0,2.2124967550966375
1415197800,76.51,76.8,74.42,74.83,76.01054731187192,76.37615533584422,75.34898394494671,75.77934479123925,1,0,0,0,0,0,2.2244612725897346
1415284200,74.89,75.6,74.31,75.26,75.87408416425885,76.26985482766858,75.31932262996447,75.75897832883771,0,0,0,0,0,0,2.1577140388333245
1415370600,75.39,75.855,75.02,75.6,75.82425067984815,76.20605912979538,75.41288175330965,75.75274388456957,0,0,0,0,0,0,2.063234464630945
1415629800,75.36,75.4799,74.61,75,75.67438691987576,76.09119635552915,75.27525450220644,75.72322451654723,0,0,0,0,0,0,1.9865748600144484
1415716200,74.95,74.98,74.03,74.61,75.48086202535289,75.95013003595494,75.05350300147096,75.67956865315323,0,0,0,0,0,0,1.9139623700134163
1415802600,74.28,75.14,73.54,74.72,75.34252347528873,75.83297479443543,74.94233533431397,75.64193850989231,0,1,0,0,0,0,1.891536486441029
1415889000,74.74,75.24,73.64,74.25,75.14388284341806,75.68221529020349,74.71155688954265,75.58735268597496,0,0,0,0,0,0,1.8707124516952407
1415975400,74.27,74.93,74.04,74.88,75.09590414461478,75.60581383399364,74.76770459302843,75.55961336495633,0,0,0,0,0,0,1.8006615622884379
1416234600,74.88,75.655,73.88,74.24,74.94028520923027,75.47573632599425,74.59180306201895,75.50786382123256,1,0,0,0,0,0,1.79882859355355
1416321000,74.45,74.8,73.9,74.34,74.83114244391568,75.36757096161385,74.50786870801264,75.46206524000776,0,0,0,0,0,0,1.734626551156867
1416407400,74.01,74.54,73.11,73.33,74.55820745411283,75.1735165843173,74.11524580534176,75.37845483843883,0,0,0,0,0,0,1.71286751178852
1416493800,72.8,73.99,72.51,73.6,74.3839879170014,75.02365786200136,73.94349720356117,75.30871151144123,0,1,0,0,0,0,1.6962341180893392
1416580200,74.5,74.5,73.5,73.75,74.26871738663752,74.90235711323932,73.87899813570745,75.24758556981608,0,0,0,0,0,0,1.6465031096543863
1416839400,73.54,74.35,73.35,74.01,74.22167786179433,74.81737072150224,73.92266542380497,75.19905280237231,0,0,0,0,0,0,1.6003243161076444
1416925800,74.21,75.74,74.13,75.63,74.47773643237718,74.89476398612108,74.49177694920331,75.21595269247535,0,0,0,0,0,0,1.6095868649570977
1417012200,75.53,77.78,75.51,77.62,75.04905708103588,75.15431027315717,75.53451796613554,75.31022905747632,0,0,0,0,0,0,1.6567592317458761
1417185000,77.67,78.27,77.23,77.7,75.53104670266572,75.39675691380886,76.25634531075703,75.40394556502626,1,0,0,0,0,0,1.6127050009068846
1417444200,77.26,77.31,74.8,75.1,75.45267457490831,75.36849435058896,75.87089687383802,75.39202613110366,0,0,0,0,0,0,1.7046546436992505
1417530600,75.33,75.91,75.04,75.46,75.45400647037953,75.3772091743424,75.73393124922535,75.39469177302117,0,0,0,0,0,0,1.6450364548635892
1417617000,75.38,75.73,74.4,74.88,75.34964165758325,75.32985591964312,75.44928749948356,75.37450778192229,0,1,0,0,0,0,1.622533850944761
1417703400,74.83,75.55,74.66,75.24,75.32970681074993,75.32129821301045,75.3795249996557,75.36923296694495,0,0,0,0,0,0,1.5702100044487068
1417789800,75.8,76.76,75.36,76.36,75.51703284515904,75.42022219272374,75.70634999977047,75.40808657608436,0,0,0,0,0,0,1.5666235755595144
1418049000,76.18,77.25,75.4,76.52,75.69939050967558,75.52496293627387,75.97756666651364,75.45169102408104,0,0,0,0,0,0,1.5868647487338343
1418135400,75.2,76.93,74.78,76.84,75.90677405337092,75.65020456139064,76.26504444434242,75.50613451333277,0,1,0,0,0,0,1.6270886952528465
1418221800,76.65,77.55,76.07,76.18,75.95645149821257,75.70066126982962,76.23669629622829,75.53256061084913,0,0,0,0,0,0,1.6165823598776434
1418308200,76.52,78.52,76.48,77.73,76.27891486217392,75.89393162508395,76.73446419748552,75.61873470454132,0,0,0,0,0,0,1.668255048457811
1418394600,77.16,78.88,77.02,77.83,76.56093034177866,76.07831908936167,77.09964279832369,75.70545099063774,1,0,0,0,0,0,1.68195111642511
1418653800,78.46,78.58,76.56,76.99,76.63894300690981,76.16514584275579,77.06309519888245,75.75582546159312,0,0,0,0,0,0,1.7060974652518877
1418740200,76.19,77.39,74.59,74.69,76.28458973292621,76.02465576249334,76.27206346592163,75.7140283846679,0,1,0,0,0,0,1.7842333605910383
1418826600,75.01,76.41,74.9,76.11,76.25284614512144,76.03278378511303,76.21804231061442,75.72955668330837,0,0,0,0,0,0,1.779645263405964
1418913000,76.89,78.4,76.51,78.4,76.64323775509936,76.25823294843559,76.94536154040962,75.83427995062961,0,0,0,0,0,0,1.8160991731626814
1418999400,78.75,80,78.33,79.88,77.23173998144493,76.60316314382268,77.92357436027308,75.99293563884021,0,0,0,0,0,0,1.8056635179367757
1419258600,80.08,81.89,80,81.45,77.99869634845494,77.06476665393481,79.09904957351539,76.20693816280726,0,0,0,0,0,0,1.8202589809412921
1419345000,82.02,82.17,80.4,80.61,78.47347883055404,77.40240792498864,79.60269971567692,76.37960725446187,1,0,0,0,0,0,1.8166690537311996
1419431400,81.03,81.43,80.75,80.77,78.89102813408967,77.72313097975163,79.99179981045128,76.55177951899277,0,0,0,0,0,0,1.7454784070361142
1419604200,81.02,81.28,80.51,80.775,79.2335684733461,78.01378517215623,80.25286654030086,76.71739600844404,0,0,0,0,0,0,1.6758013779621057
1419863400,80.49,80.96,79.71,80.02,79.3765560236468,78.2048532509985,80.17524436020057,76.84690989046584,0,0,0,0,0,0,1.6453869938219552
1419949800,79.85,80.59,79.1,79.22,79.34809129207466,78.30153389376055,79.85682957346704,76.93997224770247,0,0,0,0,0,0,1.6342879228346734
1420036200,79.54,79.8,77.86,78.02,79.10662014806108,78.27472114197383,79.24455304897802,76.98232627720434,0,0,0,0,0,0,1.6561244997750537
1420209000,78.58,78.93,77.7,78.45,78.98723466659543,78.29141436654776,78.97970203265201,77.03988210947084,0,0,0,0,0,0,1.6256870355054074
1420468200,77.98,79.2455,76.86,77.19,78.66046472721445,78.18651776020987,78.38313468843468,77.04576908557002,0,0,0,0,0,0,1.6799593901121646
1420554600,77.23,77.59,75.365,76.15,78.20401659499363,77.99256368780893,77.63875645895645,77.0106408861359,0,1,0,0,0,0,1.7188908622470105
1420641000,76.76,77.36,75.82,76.15,77.83055903226752,77.81708143182712,77.14250430597097,76.97689026315018,0,0,0,0,0,0,1.7061129435150817
1420727400,76.74,78.23,76.08,78.175,77.89318466276433,77.85116891451025,77.48666953731399,77.02387495871292,0,0,0,0,0,0,1.7378191618354335
1420813800,78.2,78.62,77.2,77.74,77.86533290589809,77.84058139884262,77.57111302487598,77.05195829366535,1,0,0,0,0,0,1.7151177931329027
1421073000,77.84,78,76.21,76.72,77.65709055937116,77.73385936085761,77.28740868325066,77.03894032136475,0,0,0,0,0,0,1.7204665221948388
1421159400,77.23,78.08,75.85,76.45,77.43761954857641,77.61158704077593,77.00827245550045,77.0158446224877,0,0,0,0,0,0,1.7568617706094933
1421245800,76.42,77.2,76.0291,76.28,77.22714326701706,77.4847692273687,76.76551497033363,76.98698797062545,0,0,0,0,0,0,1.7150073584231011
1421332200,76.4,76.57,73.54,74.05,76.64948085483213,77.15764834857168,75.86034331355575,76.87181197177739,0,1,0,0,0,0,1.8089354042500216
1421418600,74.04,75.32,73.84,75.18,76.38230251758993,76.96930088680296,75.63356220903717,76.8054664042567,0,0,0,0,0,0,1.7854400182321621
1421764200,75.72,76.31,74.82,76.24,76.35642933257358,76.89984365948838,75.8357081393581,76.7832912511486,0,0,0,0,0,0,1.7643371597870083
1421850600,76.16,77.3,75.85,76.74,76.42616945392383,76.88462045382282,76.13713875957207,76.78159355502513,0,0,0,0,0,0,1.741884505516508
1421937000,77.17,77.75,76.68,77.65,76.64868409866496,76.95751374393494,76.64142583971471,76.81564870973003,0,0,0,0,0,0,1.6938927551224712
1422023400,77.65,78.19,77.04,77.83,76.8634688079986,77.040607673084,77.03761722647647,76.8554271917014,0,0,0,0,0,0,1.6550432726137225
1422282600,77.98,78.47,77.29,77.495,76.97829266108977,77.08388313279028,77.19007815098432,76.88050847830134,1,0,0,0,0,0,1.6211116102841705
1422369000,76.71,76.88,75.63,75.78,76.76042126816435,76.95970378681025,76.72005210065622,76.83735128307383,0,0,0,0,0,0,1.6385322095495876
1422455400,76.9,77.638,76,76.24,76.66579921940719,76.8911605690188,76.5600347337708,76.81392574256112,0,0,0,0,0,0,1.6542084802960457
1422541800,76.85,78.02,74.21,78,76.90838117951498,76.99676432435034,77.04002315584721,76.86043845853912,0,0,0,0,0,0,1.8081935888463285
1422628200,78,78.16,75.75,75.91,76.72685732869407,76.89326296012649,76.66334877056481,76.82316636212582,1,0,0,0,0,0,1.8511797610715905
1422887400,76.11,76.14,73.75,74.99,76.41106508711333,76.71199982106683,76.10556584704321,76.75127748517971,0,1,0,0,0,0,1.8896669209950485
1422973800,75.19,75.58,73.86,75.4,76.22723507127455,76.5870474571557,75.87037723136214,76.6982862112511,0,0,0,0,0,0,1.8775478552096878
1423060200,75.09,76.35,75.01,75.63,76.11864687649735,76.49590008028373,75.79025148757476,76.6563926343393,1,0,0,0,0,0,1.8391515798375664
1423146600,75.71,75.98,75.21,75.615,76.0270747171342,76.41200483454243,75.73183432504985,76.61555370750246,0,0,0,0,0,0,1.7627836098491694
1423233000,75.68,75.7,74.25,74.47,75.7439702231098,76.22705199315743,75.31122288336657,76.53141434642393,0,0,0,0,0,0,1.7404419234313717
1423492200,74.05,74.83,73.45,74.44,75.50688472799892,76.05685656523768,75.02081525557772,76.44939809754456,0,1,0,0,0,0,1.714696071757702
1423578600,74.85,75.34,74.5,75.19,75.44926932290821,75.9742987971198,75.07721017038514,76.40000993685653,0,0,0,0,0,0,1.6565034952035806
1423665000,75.09,76.75,75.03,76.51,75.6421294460158,76.02531795929887,75.55480678025677,76.40432327266608,0,0,0,0,0,0,1.6610389598318964
1423751400,76.86,76.87,75.89,76.23,75.74901500128566,76.0448114869847,75.77987118683785,76.39748706589486,0,0,0,0,0,0,1.612393319843904
1423837800,76.46,76.48,75.5,75.74,75.74737591014281,76.01578182155758,75.76658079122524,76.37170325938918,0,0,0,0,0,0,1.5672223684264825
1424183400,75.3,76.91,75.08,75.6,75.72058029011684,75.97618355283781,75.71105386081682,76.34144038647196,0,1,0,0,0,0,1.5859921992531623
1424269800,75.94,76.9,75.45,76.71,75.90047478282287,76.04607083351992,76.04403590721121,76.35589370464953,0,0,0,0,0,0,1.5762784707350794
1424356200,76.986,79.84,76.95,79.42,76.54038845867326,76.36739742080374,77.16935727147414,76.47605473583975,0,0,0,0,0,0,1.6872585799682887
1424442600,79.55,80.34,79.2,79.895,77.15031782982358,76.70335957120338,78.07790484764942,76.61013102070878,1,0,0,0,0,0,1.6481686813991252
1424701800,79.96,80.19,78.38,78.84,77.45753276985566,76.90684913585068,78.33193656509961,76.69757686303393,0,0,0,0,0,0,1.6597280612991878
1424788200,78.5,79.48,78.1,78.45,77.63798135715463,77.05381588481728,78.37129104339974,76.76629933899338,0,1,0,0,0,0,1.6397474854921037
1424874600,78.5,80.2,78.5,79.56,77.98743929221743,77.29250008626326,78.76752736226649,76.87585622766031,0,0,0,0,0,0,1.6476226650998105
1424961000,79.88,81.37,79.72,80.41,78.42790487545062,77.58940483995248,79.315018241511,77.01445010108539,1,0,0,0,0,0,1.65922104616411
1425047400,80.68,81.23,78.62,78.97,78.5264676253687,77.72089009329034,79.20001216100734,77.09113833241537,0,0,0,0,0,0,1.7271338285809592
1425306600,79,79.855,78.52,79.75,78.74892805711984,77.91413865583411,79.38334144067156,77.19540741741869,0,0,0,0,0,0,1.6991242693966055
1425393000,79.61,79.7,78.52,79.6,78.90366841037078,78.07469687908801,79.4555609604477,77.28970516575521,0,0,0,0,0,0,1.665615393011134
1425479400,79.3,81.15,78.85,80.895,79.26572869939427,78.34329717631772,79.9353739736318,77.43108927690206,0,0,0,0,0,0,1.7109285792246252
1425565800,81.23,81.99,81.05,81.21,79.61923257223168,78.61631649285889,80.36024931575453,77.57928185427845,1,0,0,0,0,0,1.6669336807085806
1425652200,80.9,81.33,79.83,80.005,79.68937210455319,78.74857206496756,80.24183287716968,77.67440805607146,0,0,0,0,0,0,1.6550098463722536
1425907800,79.68,79.91,78.63,79.44,79.64403172190715,78.81442234449446,79.97455525144646,77.74364695583336,0,0,0,0,0,0,1.6350091430599498
1425994200,78.5,79.26,77.55,77.55,79.2632986815604,78.69400116882832,79.16637016763097,77.73605295756538,0,0,0,0,0,0,1.653222775698525
1426080600,77.8,78.43,77.26,77.57,78.95542619400396,78.58695343846372,78.63424677842065,77.72954107687654,0,1,0,0,0,0,1.6187068631486305
1426167000,78.1,79.05,77.91,78.93,78.9508032496396,78.61962453956242,78.73283118561376,77.77661789739119,0,0,0,0,0,0,1.6087992300665859
1426253400,78.6,79.38,77.68,78.05,78.78702084061422,78.56537458341361,78.50522079040917,77.78733876416017,0,0,0,0,0,0,1.6153135707761146
1426512600,77.96,78.12,77.36,78.07,78.656653415048,78.51819605165994,78.36014719360611,77.79842351850682,0,1,0,0,0,0,1.5542197442921069
1426599000,78.36,79.78,78.34,79.365,78.78544370322109,78.59884404673994,78.69509812907074,77.85985789033009,0,0,0,0,0,0,1.5653469054140996
1426685400,79.25,81.24,79.17,80.91,79.1717266662718,78.81895413752662,79.43339875271383,77.97947130639558,0,0,0,0,0,0,1.601393555027378
1426771800,81.12,83,81,82.75,79.82232181785874,79.19333945776218,80.53893250180921,78.16655086300752,0,0,0,0,0,0,1.6362940153825656
1426858200,83.39,84.6,83.07,83.8,80.5455360327935,79.6320690332134,81.62595500120614,78.38747043700722,0,0,0,0,0,0,1.6515587285695248
1427117400,83.92,84.96,83.3,84.43,81.25180220864924,80.08901483957403,82.56063666747076,78.624432380654,0,0,0,0,0,0,1.6521616765288443
1427203800,84.71,86.0699,84.52,85.31,81.9896563525312,80.58625152151936,83.47709111164717,78.8866115029813,1,0,0,0,0,0,1.6512858424910697
1427290200,85.5,85.52,82.92,82.92,82.15880974298007,80.80851328137466,83.29139407443145,79.0447836009036,0,0,0,0,0,0,1.719051139455993
1427376600,82.72,83.77,82.14,83.01,82.31357160789278,81.0181786831485,83.19759604962097,79.2002822832211,0,1,0,0,0,0,1.7126903437805647
1427463000,83.38,83.95,82.88,83.3,82.49292222463954,81.23549499903912,83.23173069974732,79.36105552701635,0,0,0,0,0,0,1.666783890653382
1427722200,83.81,84.34,82.41,83.195,82.62057272925054,81.42211452294015,83.21948713316488,79.51140629066276,1,0,0,0,0,0,1.685585041320998
1427808600,82.9,83.5,82.21,82.215,82.54683223302317,81.49762742551728,82.88465808877659,79.61742957338187,0,0,0,0,0,0,1.6573289669409272
1427895000,82.5,82.72,80.87,81.665,82.38649909974623,81.51356767070611,82.47810539251773,79.6977264528571,0,0,0,0,0,0,1.6710911835880036
1427981400,82.25,82.56,81.44,81.555,82.23531744524692,81.51751360682934,82.17040359501182,79.77056070960779,0,0,0,0,0,0,1.6317275276174321
1428327000,80.8,82.81,80.8,82.44,82.27253245520203,81.60536945379798,82.26026906334121,79.87524460334866,0,1,0,0,0,0,1.658746989930473
1428413400,82.65,83.42,82.22,82.32,82.28116291789256,81.67342950581721,82.2801793755608,79.97111736400166,1,0,0,0,0,0,1.6259793477925821
1428499800,82.63,83.1,81.84,82.275,82.28004238736663,81.73072193383462,82.27845291704054,80.06146570266826,0,0,0,0,0,0,1.5998379658073971
1428586200,82.5,82.8,81.71,82.17,82.2600346805727,81.77255794013608,82.2423019446937,80.14415332217146,0,1,0,0,0,0,1.5634209682497262
1428672600,82.21,82.61,81.91,82.04,82.22002837501402,81.79802861250407,82.17486796312913,80.21850025071376,0,0,0,0,0,0,1.5017480419461744
1428931800,81.93,83.94,81.92,83.01,82.36365957955692,81.91345445893225,82.45324530875276,80.32797082911715,1,0,0,0,0,0,1.5387660389500188
1429018200,83.17,83.69,82.44,83.515,82.57299420145567,82.06598260570061,82.8071635391685,80.4529523652302,0,0,0,0,0,0,1.5181398933107317
1429104600,83.55,83.66,82.27,82.705,82.59699525573646,82.12684140515769,82.77310902611234,80.54126795875058,0,0,0,0,0,0,1.5089870437885367
1429191000,82.47,83.07,82.15,82.31,82.54481430014802,82.14428508085696,82.61873935074156,80.61062999958389,0,0,0,0,0,0,1.4669165406607831
1429277400,81.48,82.11,80.37,80.775,82.22302988193928,82.0138769779182,82.00415956716104,80.61707588195316,0,1,0,0,0,0,1.50070821632787
1429536600,81.54,83.15,81.24,83.09,82.38066081249578,82.11636488478314,82.36610637810736,80.71405329834715,0,0,0,0,0,0,1.5631576294473077
1429623000,84,84.49,83.54,83.62,82.60599521022382,82.25956822908951,82.78407091873824,80.82801199252962,0,0,0,0,0,0,1.5515035130582135
1429709400,84.32,84.74,83.65,84.63,82.97399608109222,82.48532363584289,83.39938061249215,80.97710956145004,0,0,0,0,0,0,1.5206818335540546
1429795800,84.1,85.59,82.41,82.41,82.87145133907545,82.47814995623881,83.06958707499477,81.03330134335395,1,0,0,0,0,0,1.6392045597287654
1429882200,82.77,82.94,81.48,81.53,82.62755109560719,82.38784996040654,82.55639138332985,81.05277972204595,0,0,0,0,0,0,1.6264042340338531
1430141400,81.87,82.93,81.63,81.91,82.49708726004225,82.34234044036782,82.34092758888657,81.08639620353435,0,0,0,0,0,0,1.6102325030314355
1430227800,81.83,81.9,80.23,80.68,82.16670775821639,82.18402230318993,81.78728505925771,81.07045909751339,0,0,0,0,0,0,1.6152158956720466
1430314200,80.01,81.39,79.52,80.465,81.85730634763159,82.02030589336232,81.34652337283848,81.04671560349325,0,0,0,0,0,0,1.6334147602669007
1430400600,80.01,80.96,78.32,78.77,81.29597792078948,81.71075295113734,80.48768224855898,80.95743263865039,0,0,0,0,0,0,1.7053137059621222
1430487000,79.24,79.76,78.11,78.99,80.87670920791867,81.45163362245759,79.98845483237265,80.88027841752684,0,0,0,0,0,0,1.7013627269648282
1430746200,79.33,79.69,78.6301,78.81,80.500943897388,81.20004946793782,79.5956365549151,80.79909102860422,0,0,0,0,0,0,1.6555439607530544
1430832600,78.55,78.8,77.22,77.56,79.96622682513564,80.85337809003897,78.91709103661007,80.6720678510119,0,0,0,0,0,0,1.6508622492706935
1430919000,77.97,78.81,77.05,78.1,79.62691285692915,80.59115160527335,78.64472735774005,80.57120244508987,0,1,0,0,0,0,1.6586578028942156
1431005400,78,78.94,77.56,78.425,79.4083832465784,80.38485145239018,78.57148490516003,80.48703764332164,0,0,0,0,0,0,1.6387536741160569
1431091800,79.1,79.23,78.03,78.51,79.2450408381096,80.20629417121016,78.55098993677336,80.40950675534825,1,0,0,0,0,0,1.6074141259649102
1431351000,78.48,79.03,77.93,78.01,79.02048795845332,79.99712329776158,78.37065995784891,80.31540845121694,0,0,0,0,0,0,1.571170259824559
1431437400,77.87,77.89,76.79,77.46,78.73676287509817,79.75549250749857,78.06710663856595,80.20343164920843,0,1,0,0,0,0,1.5460866698370903
1431523800,77.72,78.53,77.65,78.44,78.68280598871668,79.63020750678443,78.19140442571063,80.13427746688653,0,0,0,0,0,0,1.5120804791344415
1431610200,78.94,81.845,78.67,81.37,79.17138671804092,79.79590202994781,79.25093628380709,80.18273717406746,1,0,0,0,0,0,1.6472890163391243
1431696600,81.41,81.52,80.18,80.42,79.39840731476076,79.85533993185754,79.64062418920473,80.19204159861383,0,0,0,0,0,0,1.625339800886329
1431955800,80.33,81.38,80.23,80.88,79.66778780298607,79.95292660501397,80.05374945946981,80.2190203594525,0,0,0,0,0,0,1.5913869579658761
1432042200,81.25,81.69,80.55,80.63,79.84273547517041,80.01740978548884,80.24583297297987,80.23513720810142,1,0,0,0,0,0,1.559145032396885
1432128600,80.47,81.1,79.46,80.55,79.97132902513943,80.06813266306133,80.34722198198658,80.24748476856803,0,1,0,0,0,0,1.5649203872256787
1432215000,80.19,80.92,80.08,80.48,80.06381465693225,80.10735812372216,80.39148132132439,80.25660301293792,0,0,0,0,0,0,1.513140359566702
1432301400,80.35,81.31,80.25,80.54,80.1503938102173,80.1485621119391,80.4409875475496,80.26771662027369,1,0,0,0,0,0,1.4807731910262234
1432647000,80.43,80.6,79.08,79.335,80.00214039017779,80.07108000604013,80.07232503169973,80.23113949791001,0,1,0,0,0,0,1.4835751059529214
1432733400,79.6,80.66,79.43,80.55,80.10175122832727,80.11669143403631,80.23155002113316,80.2436438313253,0,0,0,0,0,0,1.47224831267057
1432819800,80.25,81.0745,80,80.145,80.10961464135868,80.11938748793762,80.20270001408878,80.23977544578314,1,0,0,0,0,0,1.4438377189083866
1432906200,79.95,80.07,78.88,79.19,79.94241197929347,80.03087439384832,79.86513334272585,80.19860778124263,0,0,0,0,0,0,1.4310635961292164
1433165400,79.3,80.38,78.66,80.29,80.00560980124011,80.05555302300563,80.00675556181724,80.20219178982136,0,1,0,0,0,0,1.4517019106914153
1433251800,79.76,81.35,79.56,80.445,80.08549892828736,80.0926432112908,80.1528370412115,80.2117136804166,0,0,0,0,0,0,1.4758660599277422
1433338200,81.35,82.53,81.25,82.44,80.51359003223511,80.31620100069168,80.915224694141,80.29909745765517,0,0,0,0,0,0,1.519375627075761
1433424600,82.14,82.95,81.51,82.05,80.79293729910145,80.48132471491152,81.29348312942733,80.36776030245301,1,0,0,0,0,0,1.513705939427492
1433511000,81.87,82.46,81.51,82.14,81.03785779017392,80.63929378968186,81.57565541961822,80.43725989843524,0,0,0,0,0,0,1.4734412294683847
1433770200,81.82,82,80.13,80.67,80.97097455559684,80.64221819066454,81.27377027974548,80.4463869612417,0,0,0,0,0,0,1.511766855934929
1433856600,80.6,81.19,79.32,80.67,80.91625190912468,80.64486407726791,81.07251351983032,80.45515610001654,0,1,0,0,0,0,1.537354937653863
1433943000,80.83,82.6,80.81,82.16,81.14238792564747,80.78916273657573,81.43500901322021,80.5220127235453,0,0,0,0,0,0,1.5654010135357297
1434029400,82.31,82.9,81.36,81.83,81.26740830280248,80.88829009499709,81.56667267548013,80.5733063422298,1,0,0,0,0,0,1.5635866554260354
1434115800,81.37,82.09,81.2,81.53,81.31515224774748,80.94940532404499,81.5544484503201,80.61082374057372,0,0,0,0,0,0,1.5154733228956043
1434375000,80.55,80.93,80.07,80.71,81.20512456633884,80.92660481699309,81.27296563354673,80.61471300564926,0,1,0,0,0,0,1.511510942688776
1434461400,80.82,81.51,80.45,81.06,81.17873828154995,80.93930912013661,81.20197708903116,80.63217524072184,0,0,0,0,0,0,1.4792601610681493
1434547800,81.76,82.22,81.34,81.79,81.2898767758136,81.02032729917123,81.39798472602078,80.67758013324254,0,0,0,0,0,0,1.4564558638489955
1434634200,81.64,83.19,81.57,82.905,81.58353554384749,81.1998199373454,81.90032315068052,80.76492993193891,0,0,0,0,0,0,1.468137587859782
1434720600,82.83,82.98,82.12,82.51,81.75198362678431,81.32459899093155,82.10354876712034,80.83336405225504,0,0,0,0,0,0,1.4246991887269405
1434979800,83.41,84.97,83.31,84.74,82.29525933100534,81.6498752775095,82.9823658447469,80.98656546197053,0,0,0,0,0,0,1.4986492466750156
1435066200,84.96,87.97,84.76,87.88,83.31066672536801,82.24322048917526,84.6149105631646,81.25689622816776,0,0,0,0,0,0,1.6223171576268005
1435152600,87.66,89.25,87.45,88.86,84.31963641166473,82.87338996639666,86.02994037544306,81.55505716039647,0,0,0,0,0,0,1.635008789224886
1435239000,89.26,89.4,87.835,87.98,84.98515706408932,83.35973377912079,86.67996025029538,81.80701570312603,1,0,0,0,0,0,1.6300081614231092
1435325400,88.12,88.34,86.8283,88.01,85.53512850698218,83.80261627634738,87.12330683353025,82.05026998927795,0,0,0,0,0,0,1.621557578464316
1435584600,86.61,87.5,85.73,85.8,85.58328696025815,83.99284329764762,86.68220455568684,82.19731822499254,0,0,0,0,0,0,1.6685891800025792
1435671000,86.6,86.7,85.57,85.765,85.61632569475667,84.16162012644308,86.37646970379123,82.33722731420852,0,1,0,0,0,0,1.6301185242881098
1435757400,86.77,87.95,86.49,86.91,85.85153920480091,84.42337059059136,86.55431313586082,82.51655173325916,0,0,0,0,0,0,1.6697529154103878
1435843800,87.4,87.44,86.3401,87.285,86.11216844029165,84.69590672482076,86.79787542390721,82.7035497045039,0,0,0,0,0,0,1.6290491357382166
1436189400,86.49,88.1846,86.39,87.55,86.37359236023863,84.96772513198069,87.04858361593814,82.89360657883708,1,0,0,0,0,0,1.6408741974712016
1436275800,87.8,87.85,85.231,87.22,86.52748465837706,85.18222750036348,87.10572241062543,83.06326906594151,0,1,0,0,0,0,1.7107403262232588
1436362200,86.29,86.75,85.445,85.65,86.3679419932176,85.22677726223363,86.62048160708362,83.16470949472811,0,0,0,0,0,0,1.715330302921598
1436448600,86.73,87.6,85.6499,85.88,86.27922526717803,85.28898895154471,86.37365440472242,83.27119147532702,0,0,0,0,0,0,1.732099566998626
1436535000,87.35,88.22,86.77,87.95,86.58300249132748,85.54241857520712,86.89910293648161,83.45467416256909,0,0,0,0,0,0,1.7755210264987245
1436794200,88.66,90.22,88.42,90.1,87.22245658381338,85.97647394899693,87.96606862432107,83.71527517580168,0,0,0,0,0,0,1.8108409531773866
1436880600,90.46,90.8,89.65,89.68,87.66928265948368,86.32919071575913,88.53737908288072,83.94918595322122,0,0,0,0,0,0,1.7636380279504298
1436967000,90,90.99,89.42,89.76,88.0494130850321,86.65593445711539,88.94491938858715,84.17706101387921,0,0,0,0,0,0,1.7498067402396842
1437053400,90.28,90.86,89.77,90.85,88.55861070593535,87.05536927072345,89.5799462590581,84.43874489568788,0,0,0,0,0,0,1.7033919730797062
1437139800,92.55,95.39,92.54,94.97,89.72431785031074,87.80914362589264,91.37663083937207,84.85173529193541,0,0,0,0,0,0,1.906006832145442
1437399000,95.85,98.6,95.36,97.91,91.21262369570879,88.7711299472362,93.55442055958137,85.36382410401637,0,0,0,0,0,0,2.02914920127791
1437485400,98.95,99.24,97.1427,98.39,92.51760120557992,89.68721280940419,95.16628037305425,85.87465453130984,1,0,0,0,0,0,2.0340171154723445
1437571800,96.74,97.58,95.92,97.04,93.33985553183813,90.3874782561276,95.79085358203616,86.31251121635651,0,0,0,0,0,0,2.0651587500814625
1437658200,96.96,97.45,94.81,95.44,93.72169998059483,90.86867080316306,95.6739023880241,86.67045195296998,0,0,0,0,0,0,2.1062188393613583
1437744600,97.35,97.76,95.88,96.95,94.30866362048668,91.44784501238563,96.09926825868274,87.07357148422606,1,0,0,0,0,0,2.121488922264119
1438003800,96.58,96.61,93.8301,94.17,94.28345205312547,91.7070978683489,95.45617883912183,87.35186279857014,0,0,0,0,0,0,2.1928039992452537
1438090200,94.84,95.56,93.31,95.29,94.46646077073902,92.04832664279186,95.40078589274789,87.66316229666543,0,0,0,0,0,0,2.196889427870593
1438176600,96.32,97.28,94.74,96.99,94.9252860851501,92.5189622006212,95.93052392849859,88.02892063797267,1,0,0,0,0,0,2.221397325879837
1438263000,94.91,95.81,91.8,95.21,94.97705225148646,92.77525151484775,95.69034928566572,88.3105315933463,0,1,0,0,0,0,2.433440374031277
1438349400,94.95,96.33,93.95,94.01,94.80122456939802,92.89284660867177,95.13023285711049,88.5340401583131,0,0,0,0,0,0,2.429623204457614
1438608600,93.53,95.08,92.8,94.14,94.68100192041656,93.01162312213161,94.80015523807366,88.7538817207322,0,0,0,0,0,0,2.4189358327106416
1438695000,93.79,94.73,93.33,94.06,94.56809248034082,93.11146853907145,94.55343682538243,88.96196479050741,0,0,0,0,0,0,2.346154701802739
1438781400,95.25,97.09,95.18,96.44,94.90843930209704,93.42847153535037,95.18229121692163,89.2552210732326,0,0,0,0,0,0,2.3950007945311147
1438867800,97.18,98.74,94.42,95.12,94.94690488353395,93.58956948436462,95.16152747794776,89.48521240369408,1,0,0,0,0,0,2.532500737778892
1438954200,95.38,95.4,93.61,94.3,94.8292858138005,93.65722953347274,94.87435165196517,89.6740276035492,0,0,0,0,0,0,2.479464970794686
1439213400,95.68,95.9,93.63,94.15,94.70577930220041,93.70416005409439,94.63290110131011,89.84955593282179,0,0,0,0,0,0,2.4645031871664953
1439299800,93.73,94.76,92.9006,93.62,94.50836488361853,93.6961448108473,94.29526740087341,89.99741648447583,0,0,0,0,0,0,2.4212815309403175
1439386200,92.7,94.44,91.19,94.19,94.45048035932425,93.74317863838566,94.26017826724895,90.16183152430031,0,1,0,0,0,0,2.4804757073017236
1439472600,94.05,94.73,93.35,93.43,94.26493847581075,93.71335210139655,93.98345217816596,90.2899949939356,0,0,0,0,0,0,2.4018702996373156
1439559000,93.54,94.72,93.21,94.42,94.2931314802088,93.78065190126355,94.12896811877731,90.45195597456556,0,0,0,0,0,0,2.338165278234651
1439818200,94.42,94.46,93.39,93.93,94.22710757471629,93.79487552971464,94.06264541251821,90.58834985791593,0,0,0,0,0,0,2.2475820440750325
1439904600,94.08,95.85,94.04,95.17,94.3985425611315,93.92583976497991,94.43176360834548,90.76802241250746,0,0,0,0,0,0,2.224183326641101
1439991000,94.63,96.1,94.161,95.31,94.56426209547124,94.05766454926754,94.72450907223032,90.94613918064442,1,0,0,0,0,0,2.2038130890238787
1440077400,93.54,94.77,90.46,90.56,93.83621444174919,93.7245536398135,93.33633938148688,90.93099646767797,0,0,0,0,0,0,2.392826439807888
1440163800,87.52,89.18,85.61,86.06,92.42235727052207,92.99459615030744,90.91089292099126,90.73997699835726,0,0,0,0,0,0,2.5754816941073244
1440423000,77.03,87.14,72,82.09,90.54374685769987,91.95606318361149,87.97059528066085,90.40076221410796,0,1,0,0,0,0,3.472947287385373
1440509400,86.95,87.67,83,83,89.17215651993627,91.1031047851723,86.31373018710723,90.11053624492725,0,0,0,0,0,0,3.6234510525721317
1440595800,85.95,87.46,83.26,87.19,88.8117644254024,90.73042813896542,86.60582012473814,89.99600541179285,0,0,0,0,0,0,3.683204548816979
1440682200,89.1,90.06,87.19,89.73,88.97871634805651,90.63514926858777,87.6472134164921,89.98557382701667,0,0,0,0,0,0,3.6251185096157665
1440768600,89.88,91.48,89.792,91.01,89.34804064840988,90.67084933824607,88.7681422776614,90.02574740242778,1,0,0,0,0,0,3.4911814732146405
1441027800,90.6,91.05,88.89,89.43,89.362942348699,90.55267321079407,88.98876151844094,90.00238475919532,0,0,0,0,0,0,3.3960970822707375
1441114200,86.85,89.39,86.5,87.23,88.97513464893554,90.2362281430994,88.40250767896063,89.89366378824649,0,1,0,0,0,0,3.362804433537114
1441200600,88.81,89.89,87.63,89.89,89.14147380367453,90.20325403423278,88.89833845264042,89.89352011027603,0,0,0,0,0,0,3.312604116855891
1441287000,89.76,89.82,87.73,88.15,88.96120583937007,90.00770603097251,88.64889230176028,89.82514677261814,0,0,0,0,0,0,3.230275251366184
1441373400,87.2,88.39,86.7,88.26,88.83371386857551,89.84125783754656,88.51926153450685,89.76376846780958,0,1,0,0,0,0,3.1202555905543137
1441719000,89.69,90.24,88.83,89.53,88.96031134701633,89.8116142339707,88.8561743563379,89.7546010769151,0,0,0,0,0,0,3.0388087626575766
1441805400,90.78,91.98,90.17,90.44,89.22934564755882,89.87146049740207,89.3841162375586,89.78147946605567,0,0,0,0,0,0,2.9967509938963213
1441891800,90.07,92.06,89.63,91.98,89.72946462072994,90.07227378336378,90.24941082503906,89.8676959575829,0,0,0,0,0,0,2.9562687800465848
1441978200,91.68,92.08,91.13,92.05,90.15138014423358,90.26062866113867,90.8496072166927,89.95327650826592,0,0,0,0,0,0,2.8129638671861144
1442237400,92.31,92.62,91.6,92.31,90.54385648164566,90.45580688388736,91.33640481112847,90.04569703735352,0,0,0,0,0,0,2.684895019529964
1442323800,92.37,93.25,91.79,92.9,90.97224621225554,90.68858718066,91.85760320741899,90.15763048686907,0,0,0,0,0,0,2.5974025181349663
1442410200,92.9,93.6,92.63,93.45,91.42274690093635,90.95157887773999,92.38840213827933,90.28674301679577,0,0,0,0,0,0,2.4811594811253257
1442496600,93.37,95.51,92.9,94.34,91.95315655531155,91.27428565128857,93.03893475885289,90.44569427103907,0,0,0,0,0,0,2.490362375330659
1442583000,93.2,95.19,93.05,94.4,92.39803718161855,91.57197273211823,93.4926231725686,90.6007650839395,0,0,0,0,0,0,2.465336491378469
1442842200,94.62,96.49,94.52,95.55,92.97112133041517,91.95083247191648,94.17841544837907,90.79485272770658,1,0,0,0,0,0,2.4385267419942918
1442928600,93.77,94.68,91.92,92.96,92.96909927033968,92.04694366506729,93.77227696558604,90.87976046387496,0,1,0,0,0,0,2.5236319747089846
1443015000,93.4,94.32,92.8,93.97,93.15108122118701,92.23009188744183,93.83818464372403,91.00094632803672,0,0,0,0,0,0,2.451943976515486
1443101400,93.06,94.765,92.24,94.41,93.37997554460756,92.43770218387594,94.02878976248269,91.1346347073294,0,0,0,0,0,0,2.457162263907237
1443187800,95.79,95.85,92.06,92.77,93.26907090013346,92.46934959493538,93.60919317498846,91.19876667959099,1,0,0,0,0,0,2.552364959342434
1443447000,92.08,92.29,88.18,89.21,92.5310580092001,92.15893534779867,92.1427954499923,91.12077582941095,0,0,0,0,0,0,2.697910319389402
1443533400,89.1,90.06,85.72,86.67,91.46541109843645,91.63617960038928,90.31853029999488,90.94623560080659,0,1,0,0,0,0,2.815202439433016
1443619800,88.44,90.02,88.01,89.9,91.18079089872073,91.47082916225698,90.17902019999659,90.90520675371613,0,0,0,0,0,0,2.8534022651878
1443706200,90.05,90.95,88.36,90.95,91.13882891713514,91.42122638489917,90.43601346666439,90.90696335160962,0,0,0,0,0,0,2.834587817674386
1443792600,88.9,92.2,88.37,92.07,91.3081327503833,91.48301434824211,90.98067564444293,90.95257263193865,0,0,0,0,0,0,2.9056886878405015
1444051800,92.94,94.27,92.66,94.01,91.7993813412227,91.72367964840953,91.99045042962862,91.07247174441164,1,0,0,0,0,0,2.8552823529947515
1444138200,94.08,94.17,92.34,92.8,91.98131200645493,91.82618634856101,92.26030028641908,91.14021795051315,0,0,0,0,0,0,2.782047899209412
1444224600,93.11,93.66,91.37,92.4,92.0574370961904,91.88083526774568,92.30686685761272,91.18962116814008,0,0,0,0,0,0,2.746901620694454
1444311000,91.89,93.22,90.47,92.47,92.13244853324669,91.93694619462704,92.3612445717418,91.23983210272281,0,1,0,0,0,0,2.7471229335019927
1444397400,92.9,93.74,92.239,93.24,92.33382152720183,92.06104655704351,92.65416304782786,91.31827005947878,0,0,0,0,0,0,2.658114152537564
1444656600,93.32,94.6,92.67,94.26,92.68403579498332,92.27047069446795,93.18944203188525,91.43363201793059,0,0,0,0,0,0,2.60610599878488
1444743000,93.66,95.37,93.55,94.12,92.94512019589544,92.44661634261385,93.49962802125684,91.5389797819333,0,0,0,0,0,0,2.5499555703002463
1444829400,94.08,95.2,93.61,94.07,93.14964379664173,92.60122430998396,93.68975201417122,91.63823547675945,0,0,0,0,0,0,2.4813873152788006
1444915800,94.99,96.3,94.9,95.96,93.66061765179778,92.92110770903311,94.4465013427808,91.80771643845516,0,0,0,0,0,0,2.4634310784731723
1445002200,96.18,97.59,95.35,97.54,94.36595989692546,93.36100221293472,95.47766756185388,92.03251187224123,0,0,0,0,0,0,2.447471715725089
1445261400,97.18,98.57,96.92,98.47,95.11214900657538,93.84757343075046,96.47511170790258,92.2849623870553,0,0,0,0,0,0,2.3905094503161535
1445347800,98.73,99.59,96.56,97,95.4553946417435,94.14780453258375,96.65007447193506,92.46986582285706,0,0,0,0,0,0,2.436187346722143
1445434200,97.37,98.18,96.47,97.11,95.75623197960832,94.42991838662338,96.80338298129004,92.65183186901953,0,1,0,0,0,0,2.384316821956276
1445520600,97.79,99.73,97.55,99.67,96.46782616513407,94.92897377837353,97.75892198752669,92.92705414866582,0,0,0,0,0,0,2.4011513346736852
1445607000,101.91,102.85,100.16,102.19,97.50822140783697,95.6205000851951,99.23594799168445,93.29030692714952,0,0,0,0,0,0,2.456783382196993
1445866200,102.2,103.81,101.55,103.77,98.64672660641206,96.39664293422415,100.74729866112297,93.70127528294758,0,0,0,0,0,0,2.442727426325779
1445952600,102.94,104.1,102.4,103.7,99.56550358706441,97.09220075001232,101.73153244074865,94.0933821345967,0,0,0,0,0,0,2.3896754673025087
1446039000,103.9,104.48,102.92,104.2,100.40813929850725,97.76913401191591,102.5543549604991,94.48972009010271,0,0,0,0,0,0,2.3304129339237583
1446125400,103.96,105.12,103.52,104.88,101.22120488059684,98.4463593441144,103.32956997366607,94.89718204735358,1,0,0,0,0,0,2.2782405815006332
1446211800,104.51,104.72,101.65,101.97,101.35734944776105,98.78194416848446,102.87637998244405,95.17454745726128,0,0,0,0,0,0,2.3462233971077304
1446474600,102.46,103.47,101.18,103.31,101.7123768208954,99.21318758100975,103.02091998829603,95.49358481187849,0,1,0,0,0,0,2.3422074401714634
1446561000,103.22,103.65,102.4,102.58,101.8701264898235,99.53383638281835,102.87394665886401,95.77148344670678,0,0,0,0,0,0,2.264192623016359
1446647400,103.19,104.14,102.48,103.94,102.24646712803741,99.95347101302613,103.229297772576,96.09181742918886,0,0,0,0,0,0,2.2210360070866186
1446733800,108.8,110.65,107.95,108.76,103.43074583203061,100.7921880594046,105.07286518171733,96.58860890255401,1,0,0,0,0,0,2.541676292294718
1446820200,108.04,108.74,105.91,107.095,104.0969738625705,101.39245586327083,105.7469101211449,97.00062423970876,0,0,0,0,0,0,2.5636994142736675
1447079400,107,108.25,105.86,106.49,104.53206952392131,101.87793625724503,105.99460674742993,97.37275662246527,0,0,0,0,0,0,2.55129231325412
1447165800,105.96,108.15,105.24,107.91,105.14623870139016,102.45241851845978,106.63307116495328,97.78598185295684,0,1,0,0,0,0,2.5769142908788263
1447252200,108.27,109.87,107.11,109.01,105.84874075568285,103.07695008813027,107.42538077663552,98.22613942735069,1,0,0,0,0,0,2.589991841530339
1447338600,108.48,109.39,108,108.02,106.24351516374051,103.54771674640358,107.62358718442368,98.61021239098399,0,0,0,0,0,0,2.5042781385638864
1447425000,107.71,108.25,103.83,103.95,105.82651240669678,103.5860294372223,106.39905812294913,98.81961582663168,0,0,0,0,0,0,2.641115414380752
1447684200,103.32,104.17,100.47,104.04,105.50169196911554,103.62926472891542,105.61270541529942,99.02433677460691,0,1,0,0,0,0,2.71675002763927
1447770600,104.62,106.2,104.14,105.13,105.43411161109454,103.77219189759013,105.4518036101996,99.26377454815173,0,0,0,0,0,0,2.6769821685221795
1447857000,105.8,107.88,105.39,107.77,105.85881859089552,104.15293552639108,106.22453574013306,99.59735201685166,1,0,0,0,0,0,2.682197727913452
1447943400,107.36,107.73,105.95,106.26,105.93176066527816,104.35360833340145,106.23635716008872,99.8586323299163,0,0,0,0,0,0,2.6206121759196335
1448029800,106.84,107.87,106.62,107.32,106.18416781704576,104.63612182545846,106.59757144005914,100.15123498364508,0,0,0,0,0,0,2.5484255919253735
1448289000,107.19,107.468,106.08,106.95,106.32341003212835,104.8564911754148,106.7150476267061,100.41785321958056,0,0,0,0,0,0,2.4655380496449903
1448375400,106,106.49,104.39,105.74,106.21733548083229,104.94063487299435,106.3900317511374,100.62656485802839,0,1,0,0,0,0,2.472285331813205
1448461800,106.33,106.6,105.1,105.41,106.07054721159005,104.98533631366156,106.06335450075827,100.8141505498704,0,0,0,0,0,0,2.402836379540833
1448634600,105.78,105.96,104.86,105.45,105.9577204458464,105.02958999807474,105.8589030005055,100.99594856752255,0,0,0,0,0,0,2.309776638145059
1448893800,105.84,106.0999,103.75,104.24,105.6454076375107,104.95439095063905,105.31926866700367,101.12316627075695,0,1,0,0,0,0,2.3126425925632694
1448980200,104.83,107.15,104.5,107.12,105.91351533978148,105.16063943153057,105.91951244466911,101.35833622092335,0,0,0,0,0,0,2.355310978808751
1449066600,107,107.92,105.79,106.07,105.94196709618485,105.24724519995623,105.96967496311274,101.54310734951459,1,0,0,0,0,0,2.3392173374652683
1449153000,106.27,106.85,103.35,104.38,105.6579730786967,105.16465041900801,105.43978330874182,101.65435804169049,0,1,0,0,0,0,2.4221303847891775
1449239400,104.81,107.73,104.11,106.18,105.7528870643882,105.26135037910248,105.68652220582788,101.83183419691831,0,0,0,0,0,0,2.5076925001613795
1449498600,106.48,106.83,104.66,105.61,105.72690759813581,105.29455510490224,105.66101480388525,101.97999756174504,0,0,0,0,0,0,2.48357160729271
1449585000,104,106.91,103.95,106.49,105.86565167120203,105.40840699967346,105.93734320259017,102.15686040246092,0,0,0,0,0,0,2.5176022067718016
1449671400,106.18,106.44,103.55,104.6,105.63553318552893,105.33141585684741,105.49156213506011,102.25266979844285,0,0,0,0,0,0,2.5477734777166723
1449757800,105.05,106.4,104.41,105.42,105.59634533361458,105.33985244190957,105.46770809004008,102.3768788259549,0,0,0,0,0,0,2.507932515022625
1449844200,104.15,104.34,101.91,102.12,104.96428254568465,105.03319982839437,104.35180539336005,102.3668051465057,0,0,0,0,0,0,2.5795087639495806
1450103400,102.285,104.74,101.46,104.66,104.90895844646926,104.99765698759491,104.4545369289067,102.45673435644665,0,1,0,0,0,0,2.6295438522388963
1450189800,105.3,105.8,104.28,104.55,104.84369327438394,104.95502298877635,104.48635795260446,102.53882320521345,0,0,0,0,0,0,2.550290719936118
1450276200,105.37,107.09,104.19,106.79,105.19756722449596,105.12978270413099,105.25423863506964,102.70553602069528,0,0,0,0,0,0,2.5752699542263957
1450362600,107.49,107.75,106.13,106.22,105.38346409276942,105.23361292278518,105.57615909004643,102.84335813753076,1,0,0,0,0,0,2.507036386067368
1450449000,106.08,106.59,103.97,104.04,105.13919789408406,105.11993550156755,105.06410606003095,102.8902852693923,0,0,0,0,0,0,2.515105215633985
1450708200,104.91,105.15,103.6,104.77,105.0720710042506,105.08660831094207,104.9660707066873,102.96399957255338,0,1,0,0,0,0,2.4461691288029868
1450794600,105.22,105.6601,104.81,105.51,105.15169445802321,105.12693132894759,105.14738047112488,103.0638427265709,0,0,0,0,0,0,2.335021333888488
1450881000,105.89,106.11,103.86,104.63,105.05684092020081,105.07960453571448,104.97492031408325,103.12526065886223,1,0,0,0,0,0,2.3289483814678817
1450967400,104.74,105.32,104.5,105.02,105.0501425710734,105.07392791326548,104.9899468760555,103.19956416243626,0,0,0,0,0,0,2.2211663542201756
1451313000,105.02,105.98,104.53,105.93,105.21011664906005,105.15545858819257,105.30329791737033,103.30664007763484,0,0,0,0,0,0,2.166083043204449
1451399400,106.42,107.74,106.25,107.26,105.58282271286731,105.3558911036028,105.95553194491356,103.46167380008053,1,0,0,0,0,0,2.140648540118416
1451485800,107,107.25,106.06,106.22,105.69867312870961,105.43818718897396,106.0436879632757,103.56984345497933,0,0,0,0,0,0,2.073459358681386
1451572200,106,106.17,104.62,104.66,105.50982346894423,105.36407412335738,105.5824586421838,103.61259469203897,0,0,0,0,0,0,2.0396408330612865
1451917800,101.95,102.24,99.75,102.22,104.911673747318,105.06463849256144,104.46163909478919,103.55798313548841,0,1,0,0,0,0,2.244666487842623
1452004200,102.89,103.7099,101.665,102.73,104.51500579326019,104.84229196946035,103.88442606319279,103.52551320860651,0,0,0,0,0,0,2.230397452996721
1452090600,101.13,103.77,100.9,102.97,104.23409564903106,104.66397844855936,103.57961737546186,103.50372837689645,1,0,0,0,0,0,2.2760833492112402
1452177000,100.5,101.43,97.3,97.92,103.08607825829814,104.0216947867918,101.6930782503079,103.284758636626,0,0,0,0,0,0,2.5185059671247236
1452263400,99.88,100.5,97.0311,97.33,102.03951857497121,103.38439052138305,100.2387188335386,103.05123869009164,0,0,0,0,0,0,2.5863912551872437
1452522600,97.91,98.6,95.39,97.51,101.21596974315827,102.8249247574418,99.32914588902574,102.83393521204883,0,0,0,0,0,0,2.6309347369595826
1452609000,99,99.96,97.55,99.37,100.88033888076586,102.49588430435212,99.34276392601716,102.6980946154979,0,0,0,0,0,0,2.618010827176754
1452695400,100.58,100.58,95.21,95.44,99.89118635699025,101.82389532298525,98.04184261734477,102.41346345410582,1,0,0,0,0,0,2.814581482378415
1452781800,95.85,98.87,92.45,98.37,99.61460701935566,101.49495291127236,98.15122841156318,102.25489625982716,0,1,0,0,0,0,3.0721113764942425
1452868200,93.98,96.38,93.54,94.97,98.77013301583645,100.87352882448452,97.09081894104212,101.96921405355943,0,0,0,0,0,0,3.1976748496017966
1453213800,96.53,97.42,93.92,95.26,98.13192701295709,100.33890703167647,96.48054596069474,101.70610762008651,0,0,0,0,0,0,3.2192695032016685
1453300200,92.83,95,89.37,94.35,97.44430391969216,99.76853493342156,95.77036397379649,101.41763281145568,0,1,0,0,0,0,3.4100359672586924
1453386600,94.91,95.99,92.62,94.16,96.8471577524754,99.23438874928618,95.233575982531,101.13301976002604,0,0,0,0,0,0,3.4071762553116423
1453473000,96.41,98.07,95.49,97.94,97.04585634293441,99.11111363030655,96.13571732168732,101.00780329884856,0,0,0,0,0,0,3.443092237075096
1453732200,98.72,99.48,96.93,97.01,97.03933700785544,98.91100757027735,96.42714488112489,100.85102669889372,1,0,0,0,0,0,3.3792999344268746
1453818600,97.76,97.88,95.66,97.34,97.09400300642717,98.7613878016795,96.73142992074993,100.71333937736847,0,0,0,0,0,0,3.2964927962535264
1453905000,97.79,97.85,94.23,94.45,96.61327518707678,98.35077943961478,95.97095328049996,100.46771822531481,0,1,0,0,0,0,3.319600453663988
1453991400,107.2,110.34,104.81,109.11,98.88540697124463,99.37546711203242,100.3506355203333,100.80663123608679,0,0,0,0,0,0,4.217486135545132
1454077800,108.99,112.84,108.84,112.21,101.30806024920015,100.59780357755315,104.30375701355553,101.25382216800496,0,0,0,0,0,0,4.201951411577622
1454337000,112.27,115.72,112.01,115.09,103.81386747661831,101.97801276064332,107.89917134237035,101.7964173771028,0,0,0,0,0,0,4.1668120250363625
1454423400,114.8,117.59,113.2,114.61,105.7768006626877,103.18105916439158,110.1361142282469,102.29891081329484,1,0,0,0,0,0,4.182754023248051
1454509800,115.27,115.3407,109.75,112.69,107.03374599674449,104.08667257730667,110.98740948549793,102.70640450689112,0,0,0,0,0,0,4.283321593016047
1454596200,111.8,111.94,109.25,110.49,107.66215581551822,104.69651328422985,110.82160632366529,103.01164354583656,0,0,0,0,0,0,4.223084336372043
1454682600,109.51,109.58,103.18,104.07,107.00903657633309,104.63684535239844,108.57107088244352,103.05314772050964,0,0,0,0,0,0,4.443578312345467
1454941800,100.41,102.68,97.46,99.75,105.68921174427253,104.17143150931287,105.63071392162901,102.92361251578377,0,0,0,0,0,0,4.5983227186065045
1455028200,97.14,102.4,96.82,99.54,104.57117324531389,103.73034279414021,103.60047594775267,102.79092182889029,0,1,0,0,0,0,4.6684425244203265
1455114600,101.55,103.25,100.24,101,103.92186901889318,103.47031014707925,102.73365063183512,102.72068960030636,0,0,0,0,0,0,4.599982344104589
1455201000,99.6,105.11,98.88,101.91,103.55607465182169,103.32170918069075,102.45910042122341,102.68889785127473,1,0,0,0,0,0,4.716412176668547
1455287400,103.74,104.24,101.09,102.01,103.27497016967229,103.19678449681544,102.30940028081561,102.6622744061267,0,0,0,0,0,0,4.604525592620793
1455633000,103.8,103.93,100.24,101.61,102.97224832064096,103.0456621637854,102.07626685387707,102.62100874314133,0,0,0,0,0,0,4.539202336005023
1455719400,101.94,105.72,100.4,105.2,103.37729408052442,103.25083719580583,103.11751123591804,102.722145655175,0,0,0,0,0,0,4.594973597718949
1455805800,105.8,106,103.03,103.47,103.39414970224725,103.27170984382433,103.23500749061203,102.75147327654068,0,0,0,0,0,0,4.4789040550247385
1455892200,102.55,105.02,102.06,104.57,103.60794066547501,103.39535652536486,103.68000499374135,102.82278805000968,0,0,0,0,0,0,4.370410908237257
1456151400,105.49,108.25,105.34,107.16,104.25376963538865,103.75389399913963,104.8400033291609,102.99287479314656,1,0,0,0,0,0,4.321095843363167
1456237800,106.85,107.47,105.12,105.46,104.47308424713617,103.91638028493585,105.04666888610726,103.08962480125845,0,0,0,0,0,0,4.1803032831229405
1456324200,104.21,106.95,102.74,106.88,104.9107052931114,104.19862978160863,105.65777925740484,103.23826696591499,0,1,0,0,0,0,4.182424477185588
1456410600,107.11,108.07,105.61,108.07,105.4851225125457,104.56733170716971,106.46185283826989,103.42774669274185,0,0,0,0,0,0,4.059394157386618
1456497000,108.7,109.45,107.16,107.92,105.92782751026466,104.88663344934403,106.94790189217993,103.60391348910491,0,0,0,0,0,0,3.933008860430431
1456756200,107.6,108.9101,106.75,106.92,106.10822250839836,105.08028740654936,106.93860126145329,103.73395609737531,0,0,0,0,0,0,3.8063725132568287
1456842600,107.83,109.82,107.6,109.82,106.78309114323501,105.53168860592561,107.89906750763552,103.97262448571354,0,0,0,0,0,0,3.741631619452769
1456929000,109.68,110.55,108.77,109.95,107.35889275355592,105.95248016726603,108.58271167175701,104.20703136862673,1,0,0,0,0,0,3.601515075206143
1457015400,110.25,110.3,108.54,109.58,107.76273043472757,106.29795824657403,108.91514111450468,104.41773602083745,0,0,0,0,0,0,3.4699782841199895
1457101800,110.05,110.05,107.93,108.39,107.8767794465953,106.49720031832888,108.74009407633645,104.57351107884382,0,0,0,0,0,0,3.373551263825704
1457361000,108.07,108.07,104.72,105.73,107.4864559108507,106.42413362134518,107.7367293842243,104.61886358555583,0,0,0,0,0,0,3.3947261735524394
1457447400,104.78,107.37,104.4,105.93,107.20346392705966,106.37707327645516,107.13448625614954,104.67028069984775,0,1,0,0,0,0,3.364388589727265
1457533800,106.7,107.51,105.49,107.51,107.25919775850336,106.48497105964991,107.25965750409969,104.7816422410302,0,0,0,0,0,0,3.2683608333181757
1457620200,107.91,108.66,105.7699,107.32,107.27025271150275,106.56449762539754,107.27977166939979,104.88118568255842,0,0,0,0,0,0,3.2413422023668765
1457706600,108.48,109.42,107.92,109.41,107.6592976730477,106.83549785155014,107.98984777959986,105.05878624402672,0,0,0,0,0,0,3.159817759340672
1457962200,109.28,110.33,108.77,109.89,108.06487991431176,107.12640281806918,108.62323185306657,105.24824560700607,0,0,0,0,0,0,3.04554506224491
1458048600,109.11,110.83,108.84,110.67,108.53853811170963,107.46388826396735,109.30548790204438,105.46086342633916,0,0,0,0,0,0,2.970148986370273
1458135000,110.49,112.5,110.1,112.18,109.20062209139878,107.91304176263712,110.26365860136292,105.72435897824742,0,0,0,0,0,0,2.9294240587723968
1458221400,112.15,112.69,110.73,111.02,109.53141807478082,108.20894254714787,110.51577240090862,105.93203117517889,1,0,0,0,0,0,2.8601794831457963
1458307800,111.56,112.42,110.27,111.45,109.8802511520934,108.51761468551474,110.82718160060574,106.14842210948561,0,0,0,0,0,0,2.809452377206811
1458567000,111.66,112.37,111.03,111.85,110.23838730625823,108.83498471546572,111.16812106707049,106.37201339930971,0,0,0,0,0,0,2.7044914931206105
1458653400,111.36,112.88,111.17,112.25,110.60413506875673,109.16022426637375,111.52874737804699,106.60252267776815,0,0,0,0,0,0,2.633456386469138
1458739800,112.01,113.19,112,112.54,110.95611051080097,109.48210766957625,111.86583158536466,106.83536492569881,0,0,0,0,0,0,2.5303523588641994
1458826200,112.13,113.09,111.68,113.05,111.33681769065534,109.82190693914042,112.2605543902431,107.07907610508317,0,0,0,0,0,0,2.450327190373899
1459171800,113.32,114.5889,112.95,113.69,111.76466901962709,110.19029675446038,112.73703626016207,107.33832802253089,0,0,0,0,0,0,2.3923681053471912
1459258200,113.83,116.32,113.64,116.14,112.56018374333125,110.75693515879749,113.87135750677471,107.68349162949046,0,0,0,0,0,0,2.412913240679534
1459344600,116.73,116.99,114.355,114.7,112.94924124454376,111.13246514367393,114.14757167118314,107.95864882049084,1,0,0,0,0,0,2.4287765806309953
1459431000,114.7,115.01,113.7682,114.1,113.15847010917216,111.41508751094308,114.13171444745542,108.19948612164806,0,0,0,0,0,0,2.343992539157354
1459517400,113.75,116.17,113.35,116.06,113.68602099841358,111.8574601289485,114.77447629830361,108.50774156785795,0,0,0,0,0,0,2.3779930720746867
1459776600,114.07,114.55,111.61,112.55,113.47947172597475,111.92341630714388,114.03298419886907,108.66626150637332,0,1,0,0,0,0,2.525993566926495
1459863000,112.11,113.32,111.9,112.22,113.2504768667066,111.95166237313018,113.42865613257938,108.80562380024104,0,0,0,0,0,0,2.4469940264317445
1459949400,112.47,113.81,112.42,113.71,113.3340265273054,112.11912309949874,113.52243742171959,108.99795227866295,0,0,0,0,0,0,2.3857801674009056
1460035800,113.79,114.89,113.0663,113.64,113.38965806779532,112.2639685185941,113.56162494781306,109.17999336577421,1,0,0,0,0,0,2.3456315840151265
1460122200,114.25,114.33,109.9,110.63,112.8879020554689,112.10835246920418,112.58441663187537,109.23685637103796,0,0,0,0,0,0,2.49451504229976
1460381400,110.7,110.91,108.77,108.99,112.17919259083818,111.81136651975616,111.38627775458357,109.22717572903647,0,0,0,0,0,0,2.4691925392783487
1460467800,109.34,111.1645,108.99,110.61,111.89388484704942,111.69695066073177,111.12751850305571,109.28140413181936,0,0,0,0,0,0,2.448143072187039
1460554200,112.23,112.65,106.52,110.51,111.64226942031317,111.58390774066208,110.92167900203714,109.32958436194409,1,1,0,0,0,0,2.7111328527451084
1460640600,110.62,112.04,110.26,110.84,111.4964022529835,111.51305938440855,110.89445266802475,109.3888163477502,0,0,0,0,0,0,2.6446233632633147
1460727000,110.79,110.97,109.2,109.64,111.15887457062287,111.33467277636964,110.47630177868317,109.3986666870541,0,0,0,0,0,0,2.5821502658873636
1460986200,109.74,110.81,109.2,110.45,111.02998828505508,111.2504182262392,110.46753451912211,109.43989544442454,0,0,0,0,0,0,2.5127109611811234
1461072600,111.1,112.45,109.16,112.29,111.25908132413598,111.34942601421642,111.07502301274808,109.55166425052553,0,1,0,0,0,0,2.5682316068110436
1461159000,112.43,113.27,111.56,112.42,111.47015744702034,111.4513854414339,111.52334867516538,109.66414800540689,0,0,0,0,0,0,2.5069293491816826
1461245400,112.55,114.04,112.31,113.44,111.8283106384712,111.64077730415448,112.16223245011025,109.81222063264583,1,0,0,0,0,0,2.4514343956687057
1461331800,111.21,111.75,109.01,110.56,111.59770870420371,111.53784613233024,111.62815496674017,109.84154531371854,0,0,0,0,0,0,2.5927605102637976
1461591000,109.87,110.67,109.07,110.1,111.32539803071212,111.40090840544165,111.11876997782677,109.85168079161193,0,0,0,0,0,0,2.521849045244956
1461677400,110.49,110.5,108.15,108.76,110.85896202512811,111.14939331920911,110.33251331855118,109.80886978017617,0,0,0,0,0,0,2.509574113441744
1461763800,107.94,108.94,106.31,108.89,110.50096892965027,110.93421300309396,109.85167554570079,109.77283567114965,0,1,0,0,0,0,2.5181759624816196
1461850200,119.575,120.79,116.23,116.73,111.63352003335022,111.486192717085,112.14445036380053,110.04566564483005,1,0,0,0,0,0,3.1883062508757902
1461936600,116.82,117.84,115.84,117.58,112.71469820910472,112.06655531545786,113.95630024253369,110.34112973718966,0,0,0,0,0,0,3.103427232956091
1462195800,117.83,118.73,116.57,118.57,113.77929853472205,112.68593099969996,115.49420016168912,110.66383053180968,0,0,0,0,0,0,3.036039573459228
1462282200,117.52,118.16,117.02,117.43,114.44306243749986,113.13774709496663,116.13946677445942,110.92917051095439,0,0,0,0,0,0,2.9298938896407116
1462368600,116.61,118.3,116.57,118.06,115.10068744886352,113.60653308592218,116.77964451630628,111.20881088307382,0,0,0,0,0,0,2.844187183237804
1462455000,118.04,118.98,117.25,117.81,115.59328973088834,114.00686326821531,117.12309634420419,111.46768104452191,0,0,0,0,0,0,2.7646023844351038
1462541400,117.16,119.637,117.1127,119.49,116.30178250709046,114.52906676648053,117.91206422946945,111.782281787874,0,0,0,0,0,0,2.747437928404025
1462800600,119.54,120.28,118.9,119.24,116.83600386943765,114.97772707443477,118.35470948631297,112.07474132560444,0,0,0,0,0,0,2.64976379066088
1462887000,119.62,120.5,119,120.5,117.50218498408535,115.5036578292505,119.06980632420864,112.40514362656113,0,0,0,0,0,0,2.5676378056136744
1462973400,120.41,121.08,119.42,119.52,117.86906044152437,115.88616660741712,119.21987088280576,112.68415760199011,1,0,0,0,0,0,2.5028065337841263
1463059800,119.98,120.84,118.9,120.28,118.30741308851994,116.30462693052026,119.57324725520384,112.98203377446109,0,0,0,0,0,0,2.46260606708526
1463146200,120.38,120.64,119.68,119.81,118.58061070878904,116.63847198475642,119.65216483680256,113.24979715585476,0,0,0,0,0,0,2.3552770622934553
1463405400,119.38,119.61,117.35,118.67,118.59686330719103,116.83195084335105,119.32477655786838,113.46235413013497,0,0,0,0,0,0,2.3627572721296377
1463491800,118.82,119.01,117.2,117.35,118.37016088770174,116.88128885827,118.66651770524558,113.614810830914,0,0,0,0,0,0,2.3232746098346633
1463578200,116.8,118.27,116.73,117.65,118.23922254448324,116.95449944319667,118.32767847016372,113.77305354342717,0,0,0,0,0,0,2.267326423417901
1463664600,117.05,117.49,115.88,116.81,117.97936390003174,116.94073759146364,117.82178564677581,113.8921494829006,0,1,0,0,0,0,2.23180310745948
1463751000,116.96,117.99,116.95,117.35,117.86493410002598,116.9797149637052,117.6645237645172,114.02775146396333,0,0,0,0,0,0,2.156674314069517
1464010200,117.42,117.6,115.94,115.97,117.52040062729398,116.88355163382852,117.09968250967813,114.10391807321966,0,0,0,0,0,0,2.1211975773502654
1464096600,116.24,117.73,116.12,117.7,117.55305505869508,116.96130862108295,117.29978833978542,114.24494089387771,0,0,0,0,0,0,2.095397750396675
1464183000,118.13,118.665,117.38,117.89,117.61431777529597,117.04975541907505,117.49652555985695,114.38788438823545,0,0,0,0,0,0,2.0375121967969134
1464269400,118.24,119.7601,117.92,119.47,117.95171454342398,117.28025490297267,118.15435037323796,114.5871830396772,0,0,0,0,0,0,2.0255541827399908
1464355800,119.56,119.85,119.01,119.38,118.21140280825598,117.48023062649908,118.5629002488253,114.77513664596437,0,0,0,0,0,0,1.940871741115705
1464701400,119.46,120.1,118.121,118.81,118.32023866130035,117.60687532873726,118.6452668325502,114.93336658141675,1,0,0,0,0,0,1.943595188178869
1464787800,118.5,119.08,117.82,118.78,118.40383163197302,117.71860148790515,118.6901778883668,115.08421495077296,0,1,0,0,0,0,1.8947669604518071
1464874200,118.69,119.44,118.22,118.93,118.49949860797793,117.83397277477133,118.77011859224454,115.23503005074265,0,0,0,0,0,0,1.846569320419535
1464960600,118.975,118.98,117.86,118.47,118.49413522470921,117.89454679622168,118.67007906149637,115.3618916173802,0,0,0,0,0,0,1.7946715118181398
1465219800,118.62,119.43,118.36,118.79,118.54792882021663,117.97982805372438,118.71005270766425,115.49632724022803,0,0,0,0,0,0,1.7429092609739876
1465306200,119.24,119.3,117.67,117.76,118.4046690347227,117.95889204860777,118.39336847177617,115.5850987210034,0,0,0,0,0,0,1.7348443137615597
1465392600,117.76,118.6,117.27,118.39,118.40200193750039,117.99994994874037,118.39224564785079,115.69509484959151,0,0,0,0,0,0,1.705926862778591
1465479000,118.13,118.68,117.71,118.56,118.43072885795486,118.05328804886032,118.44816376523386,115.80744407117616,0,0,0,0,0,0,1.653360658294407
1465565400,117.54,118.11,116.26,116.62,118.1015054292358,117.91678442515934,117.83877584348924,115.83930900956142,0,0,0,0,0,0,1.699549182701949
1465824600,115,115.48,113.31,113.95,117.34668626028383,117.53899543228702,116.54251722899284,115.76521846016685,0,1,0,0,0,0,1.8145813839375242
1465911000,114.07,114.95,113.58,114.94,116.90910694023222,117.2914720577835,116.00834481932856,115.73285695192502,0,0,0,0,0,0,1.7828255707991298
1465997400,115.3,115.44,114.07,114.6,116.48926931473545,117.03514138561364,115.53889654621904,115.68843118910442,0,0,0,0,0,0,1.753338030027764
1466083800,113.87,114.5,112.94,114.39,116.10758398478355,116.78322315841234,115.1559310308127,115.63751231894346,0,0,0,0,0,0,1.7466710278829234
1466170200,114.42,114.43,112.56,113.02,115.54620507845927,116.42482095284926,114.4439540205418,115.53486477702411,0,1,0,0,0,0,1.7554802401770007
1466429400,113.77,114.72,112.75,113.37,115.15053142783032,116.13388562400647,114.08596934702787,115.4499681191016,0,0,0,0,0,0,1.7708030801643577
1466515800,114.12,115.2142,113.97,114.38,115.01043480458844,115.96684889791061,114.18397956468525,115.40800858501919,1,0,0,0,0,0,1.776045717295475
1466602200,114.65,114.74,113.61,113.91,114.81035574920872,115.77095852668103,114.09265304312349,115.34926315031255,0,0,0,0,0,0,1.729899594631512
1466688600,114.37,115.09,113.54,115.08,114.85938197662531,115.7051529527114,114.42176869541566,115.33870381108461,0,0,0,0,0,0,1.717049623586404
1466775000,111.01,113.68,111,112.08,114.35403979905708,115.35990029054841,113.64117913027711,115.21091150476757,0,0,0,0,0,0,1.885831793330232
1467034200,111.57,111.57,108.23,108.97,113.37512347195579,114.75133835811523,112.08411942018473,114.96616987712962,0,1,0,0,0,0,2.026129522378072
1467120600,110.63,112.75,110.55,112.7,113.25237374978201,114.5559728001995,112.28941294678982,114.87730047018336,0,0,0,0,0,0,2.151405985065353
1467207000,113.37,114.25,113.04,114.16,113.41739670436709,114.5182611049424,112.91294196452655,114.84917103998009,0,0,0,0,0,0,2.108448414703542
1467293400,114.67,115.18,113.67,114.28,113.57423366720944,114.49556957113836,113.36862797635104,114.8268506070397,1,0,0,0,0,0,2.065702099367575
1467379800,114.2,115.13,113.81,114.19,113.68619118226226,114.46646770722042,113.6424186509007,114.80187607343031,0,0,0,0,0,0,2.012437663698462
1467725400,113.94,114.11,112.97,114,113.74324733094186,114.42204221129467,113.76161243393379,114.77042995290363,0,0,0,0,0,0,1.9558349734342861
1467811800,113.36,116.79,112.97,116.7,114.28083872531606,114.63899057212375,114.74107495595587,114.84609936651525,0,0,0,0,0,0,2.08898961818898
1467898200,116.63,116.97,115.36,115.85,114.56614077525859,114.75432480335006,115.11071663730391,114.88546801880877,0,0,0,0,0,0,2.0547760740326244
1467984600,116.43,117.5,115.85,117.24,115.05229699793884,114.99105577445958,115.8204777582026,114.97780260630645,0,0,0,0,0,0,2.025863497316009
1468243800,117.71,118.7,117.5,117.87,115.56460663467723,115.26524093879677,116.50365183880173,115.09122211194149,0,0,0,0,0,0,1.9854446760791518
1468330200,118.63,118.72,117.57,117.93,115.994678155645,115.51902751605422,116.97910122586782,115.20254673500261,1,0,0,0,0,0,1.9257700563592126
1468416600,118.39,118.4,116.68,116.78,116.13746394552773,115.63912013357287,116.91273415057854,115.26440764735545,0,0,0,0,0,0,1.9110721951906975
1468503000,117.5,117.64,116.7,117.29,116.34701595543177,115.79634678751832,117.03848943371904,115.34384264157681,0,0,0,0,0,0,1.841709895534219
1468589400,117.74,118.28,116.58,116.86,116.44028578171691,115.89764709346895,116.97899295581269,115.40329979288752,0,1,0,0,0,0,1.8315877601389179
1468848600,117.32,119.61,116.89,119.37,116.97296109413202,116.22834737028143,117.77599530387512,115.55885666375468,0,0,0,0,0,0,1.8971886344147093
1468935000,118.99,120.85,118.66,120.61,117.63424089519893,116.64564762073081,118.72066353591674,115.75694071615646,0,0,0,0,0,0,1.9181037319565155
1469021400,121.25,122.2,120.56,121.92,118.41346982334458,117.14796689494693,119.7871090239445,115.99862931552288,1,0,0,0,0,0,1.8982391796739073
1469107800,121.92,122.1,120.25,120.61,118.81283894637284,117.47768433352341,120.061406015963,116.1794673815808,0,0,0,0,0,0,1.8947935239829137
1469194200,119.9,121.01,119.31,121,119.21050459248687,117.81314296842595,120.37427067730867,116.36850787642078,0,0,0,0,0,0,1.8808797008412772
1469453400,121.39,121.85,117.78,121.63,119.65041284839835,118.17665316190919,120.79284711820578,116.57484090087486,0,1,0,0,0,0,2.0372454364954713
1469539800,122,122.07,120.75,121.22,119.93579233050774,118.46649571791784,120.93523141213718,116.75700400280134,0,0,0,0,0,0,1.9860136196029372
1469626200,122.42,125,121.51,123.34,120.55473917950633,118.93063898287804,121.7368209414248,117.01516070857383,0,0,0,0,0,0,2.1141555039170132
1469712600,127.52,128.33,123.63,125,121.36296841959609,119.50867336546108,122.82454729428319,117.32829166117878,1,0,0,0,0,0,2.3195729679229413
1469799000,124.65,125.84,123.71,123.94,121.83151961603316,119.9307044735124,123.19636486285546,117.58757434113255,0,0,0,0,0,0,2.3060320416427325
1470058200,123.85,124.58,122.86,124.31,122.28215241311804,120.3477802379398,123.56757657523697,117.85119887677442,0,0,0,0,0,0,2.2641726100968227
1470144600,124.06,124.8,122.07,123.09,122.42903379255112,120.60894402480268,123.40838438349131,118.05664205807739,0,1,0,0,0,0,2.2974459950899067
1470231000,123.09,123.92,122.31,122.51,122.4437549211782,120.78999697482148,123.10892292232754,118.23128354599592,0,0,0,0,0,0,2.2483427097263418
1470317400,122.94,124.79,122.51,124.36,122.79216311732762,121.12999726293371,123.52594861488502,118.47162536772157,0,0,0,0,0,0,2.250603944745889
1470403800,124.98,125.835,124.6184,125.15,123.22086073235896,121.51285466646384,124.06729907659002,118.73352241212464,0,0,0,0,0,0,2.195203662978325
1470663000,125.25,125.45,124.55,125.26,123.59161332647551,121.86972565061014,124.46486605106001,118.98946270968838,0,0,0,0,0,0,2.1026891156227308
1470749400,125.34,126.09,124.53,125.06,123.85859272166178,122.17356130293298,124.66324403404,119.22752299558296,1,1,0,0,0,0,2.0639256073639642
1470835800,125.07,125.48,124.54,124.88,124.0443031359051,122.43131736932031,124.73549602269334,119.44918876046206,0,0,0,0,0,0,1.9836452068379666
1470922200,125.2,125.38,124.75,124.9,124.19988438392235,122.66643000081362,124.79033068179557,119.66294606397335,0,0,0,0,0,0,1.8869562634923973
1471008600,124.7,125,124.18,124.88,124.32354176866374,122.87724619121232,124.82022045453037,119.86753641440576,0,0,0,0,0,0,1.8107451018143685
1471267800,124.91,124.92,123.7,123.9,124.24653417436124,122.97465131585876,124.51348030302024,120.02567224129182,0,0,0,0,0,0,1.7685490231133423
1471354200,123.5,123.92,122.78,123.3,124.07443705175011,123.0056369048246,124.10898686868016,120.15407725143723,0,1,0,0,0,0,1.7236526643195322
1471440600,123.66,124.38,122.85,124.37,124.12817576961373,123.13557624722226,124.19599124578677,120.31940755530243,0,0,0,0,0,0,1.7098203311538513
1471527000,124.01,124.26,123.64,123.91,124.08850744786578,123.20933089034395,124.10066083052452,120.46021510215331,0,0,0,0,0,0,1.6398331646428623
1471613400,123.6,124.157,123.28,123.56,123.99241518461746,123.24272794840643,123.92044055368301,120.58177529422574,0,0,0,0,0,0,1.5853450814540861
1471872600,123.33,124.83,123.11,124.15,124.02106696923246,123.32913481046296,123.99696036912201,120.72170567484433,0,0,0,0,0,0,1.5949632899216513
1471959000,124.51,125.09,124.25,124.37,124.08450933846292,123.4282648285141,124.12130691274801,120.86477604053671,1,0,0,0,0,0,1.5481801977843903
1472045400,124.47,124.69,123.09,123.48,123.97459854965149,123.43319198770324,123.907537941832,120.9673338428686,0,1,0,0,0,0,1.551881612228362
1472131800,123.12,124.37,123.1,123.89,123.9592169951694,123.47669751268388,123.90169196122133,121.08194820197178,0,0,0,0,0,0,1.5317472113549084
1472218200,124.05,125.19,123.91,124.96,124.14117754150223,123.6179644162378,124.25446130748088,121.23402866463955,0,0,0,0,0,0,1.515193839115272
1472477400,124.35,126.73,124.35,126.54,124.57732707941092,123.89625351945324,125.01630753832059,121.44210597190859,1,0,0,0,0,0,1.576965707749896
1472563800,126.6,126.6,125.15,125.84,124.80690397406349,124.08137223188626,125.29087169221373,121.61457240438276,0,0,0,0,0,0,1.5678967286249026
1472650200,125.6,126.22,125.1,126.12,125.04564870605195,124.2755272574209,125.56724779480915,121.791255839505,0,0,0,0,0,0,1.5359041051516955
1472736600,126.38,126.63,125.6,126.17,125.25007621404251,124.45595323290463,125.76816519653943,121.96297129677932,0,0,0,0,0,0,1.4997680976408603
1472823000,126.85,126.86,126,126.51,125.47915326603479,124.65157673453277,126.01544346435962,122.141286147886,0,0,0,0,0,0,1.4540703763807987
1473168600,126.67,129.94,126.47,129.73,126.25203449039209,125.13523609314869,127.25362897623974,122.43888276953753,0,0,0,0,0,0,1.598065349496456
1473255000,130.04,131.98,129.95,131.05,127.12439185577534,125.69854694142025,128.51908598415983,122.77657364132037,1,0,0,0,0,0,1.6446321102467092
1473341400,130.92,131.08,129.81,130.27,127.69632060927074,126.13392342318974,129.10272398943988,123.07043349852349,0,0,0,0,0,0,1.6178726738005165
1473427800,129.71,129.949,127.1,127.1,127.58789868031242,126.2259307162193,128.43514932629324,123.22845571426767,0,0,0,0,0,0,1.728738911386195
1473687000,125.96,128.76,125.75,128.69,127.78828073843744,126.46060398134127,128.52009955086217,123.44263392155129,0,1,0,0,0,0,1.8202575605728948
1473773400,128.03,128.35,126.66,127.21,127.68313878599426,126.53197503073733,128.08339970057477,123.59037376776496,0,0,0,0,0,0,1.8352391633891167
1473859800,126.89,128.8,126.89,127.77,127.69893173399531,126.64988217066711,127.97893313371651,123.754280678833,0,0,0,0,0,0,1.840579223147038
1473946200,127.98,129.1,127.67,128.35,127.81730778235979,126.8117981544131,128.10262208914435,123.93450496593759,0,0,0,0,0,0,1.811252135779392
1474032600,128.2,129.18,128.2,129.07,128.04507000374892,127.02686499684994,128.4250813927629,124.13589692805769,0,0,0,0,0,0,1.7518769832237224
1474291800,129.91,129.94,128.26,128.65,128.15505727579458,127.18144928286424,128.50005426184194,124.31292057793777,0,0,0,0,0,0,1.7467429129934569
1474378200,128.65,129.17,128.0307,128.64,128.24322868019556,127.3203588749724,128.54670284122795,124.48260996703826,0,1,0,0,0,0,1.7033541334939237
1474464600,129.13,130.005,128.39,129.94,128.55173255652363,127.56984850592741,129.0111352274853,124.69662526244852,0,0,0,0,0,0,1.6970431239586443
1474551000,130.5,130.73,129.56,130.08,128.82959936442842,127.80891055298194,129.3674234849902,124.90773799725446,1,0,0,0,0,0,1.659397186533026
1474637400,127.56,128.6,127.3,127.96,128.6714903890778,127.82330002412652,128.8982823233268,125.02743454638173,0,0,0,0,0,0,1.7394402446378108
1474896600,127.37,128.16,126.8,127.31,128.42394668197275,127.77441430754304,128.36885488221787,125.11694691711186,0,1,0,0,0,0,1.7123373700208242
1474983000,127.61,129.01,127.43,128.69,128.47232001252317,127.8616129449199,128.47590325481193,125.25706664585257,0,0,0,0,0,0,1.7114561293050503
1475069400,129.21,129.47,128.4,129.23,128.61008001024624,127.99193552159419,128.72726883654127,125.41286795385835,1,0,0,0,0,0,1.665637834354689
1475155800,129.18,129.29,127.55,128.09,128.51552000838328,128.00127499572807,128.5148458910275,125.51785352429528,0,0,0,0,0,0,1.6709494176150679
1475242200,128.03,128.59,127.45,128.27,128.47088000685903,128.02686785327776,128.43323059401834,125.625780837068,0,1,0,0,0,0,1.6330244592139918
1475501400,128.38,129.09,127.8,128.77,128.52526546015739,128.09764234344178,128.5454870626789,125.74908354933984,0,0,0,0,0,0,1.6085227121272785
1475587800,129.17,129.2765,127.5499,128.19,128.46430810376512,128.10643831073304,128.42699137511926,125.84480576309122,1,0,0,0,0,0,1.6169568041181874
1475674200,128.25,128.8,127.83,128.47,128.46534299398965,128.14106323352036,128.44132758341283,125.94775455669549,0,0,0,0,0,0,1.570745603824032
1475760600,128.43,129.06,128.08,128.74,128.51528063144607,128.19810483032794,128.54088505560856,126.05725437800155,0,0,0,0,0,0,1.5285494892651719
1475847000,129.04,129.25,128.33,128.99,128.60159324391043,128.27352341791575,128.69059003707238,126.17226401023677,0,0,0,0,0,0,1.485081668603373
1476106200,129.68,130.7,129.2,130.24,128.89948538138125,128.46080690192377,129.20706002471493,126.33178306865886,1,0,0,0,0,0,1.5011472637031305
1476192600,130.23,130.64,128.23,128.88,128.8959425847665,128.5007300541215,129.09804001647663,126.43171314439773,0,0,0,0,0,0,1.5660653162957636
1476279000,129.01,129.66,128.46,129.05,128.92395302389986,128.5530414775385,129.0820266776511,126.5343910603037,0,0,0,0,0,0,1.5399177937032082
1476365400,128.21,128.25,126.75,127.82,128.7232342922817,128.48322800348723,128.66135111843406,126.58480709715454,0,1,0,0,0,0,1.5942093798672656
1476451800,128.49,128.95,127.58,127.88,128.5699189664123,128.42577771744084,128.4009007456227,126.63559897569749,0,0,0,0,0,0,1.5781944241624601
1476711000,128.2,128.47,127.32,127.54,128.38266097251915,128.34141793482743,128.11393383041514,126.67106568253288,0,0,0,0,0,0,1.5476091081508563
1476797400,128.68,129.39,128.01,128.57,128.4167226138793,128.36318765532005,128.26595588694343,126.74553369498257,0,0,0,0,0,0,1.569208457568651
1476883800,128.74,130.47,128.6,130.11,128.72459122953762,128.52955073576575,128.8806372579623,126.87747355008129,0,0,0,0,0,0,1.5928364248851763
1476970200,130.07,130.66,129.5,130,128.95648373325807,128.66959352283567,129.25375817197485,126.99992556772516,0,0,0,0,0,0,1.5619195373933776
1477056600,129.78,132.13,129.7,132.07,129.52257759993842,128.9934417587561,130.19250544798322,127.19875201604967,0,0,0,0,0,0,1.6239252847224226
1477315800,132.72,133.405,132.15,133.28,130.2057453090405,129.40168540077931,131.22167029865548,127.43723232914576,0,0,0,0,0,0,1.6032877643851073
1477402200,133.5,133.5,132.22,132.29,130.5847007073968,129.67676298165748,131.57778019910364,127.62753694368907,1,0,0,0,0,0,1.5801957812147427
1477488600,131.64,132.26,130.935,131.04,130.66748239696102,129.8065950786425,131.39852013273577,127.76135902432871,0,0,0,0,0,0,1.5641103682708317
1477575000,131.74,131.8,129.27,129.69,130.4897583247863,129.79549078543843,130.82901342182384,127.8369920037668,0,1,0,0,0,0,1.6331024848229152
1477661400,130.5,132.97,129.93,131.29,130.63525681118878,129.93782499634906,130.98267561454924,127.97240408205045,1,0,0,0,0,0,1.7507380216212785
1477920600,132.01,132.12,130.8835,130.99,130.69975557279082,130.0380321395539,130.98511707636615,128.090741176872,0,0,0,0,0,0,1.7140067343626162
1478007000,131.41,131.94,128.65,129.5,130.48161819591976,129.9867909834059,130.49007805091077,128.14600622875938,0,0,0,0,0,0,1.826577681908143
1478093400,130.23,130.23,126.28,127.17,129.87950579666162,129.7185251754625,129.38338536727383,128.10773147469038,0,0,0,0,0,0,1.978250704628989
1478179800,122,123.28,119.5,120,128.08323201545042,128.792951349228,126.25559024484922,127.78978122078095,0,0,0,0,0,0,2.3848042257269184
1478266200,119.59,121.93,119.25,120.75,126.74991710355035,128.02695598263486,124.42039349656615,127.51371136898562,0,1,0,0,0,0,2.4058896381749966
1478529000,122.83,123.2089,121.35,122.15,125.91356853926847,127.46724588905059,123.66359566437744,127.30336974667246,0,0,0,0,0,0,2.409676092591068
1478615400,122.03,124.61,121.54,124.22,125.6056469866742,127.15798437580767,123.84906377625163,127.18245328601864,1,0,0,0,0,0,2.45684208597742
1478701800,121.5,123.81,120.51,123.18,125.16462026182435,126.77912872096884,123.62604251750109,127.02549433362576,0,0,0,0,0,0,2.5463533655504613
1478788200,123.93,124.18,115.27,120.8,124.37105294149265,126.20968789040037,122.68402834500073,126.78135730093456,0,0,0,0,0,0,3.000899553725429
1478874600,119.53,120.7,118.15,119.02,123.39813422485763,125.52495571036225,121.46268556333382,126.47699034795673,0,0,0,0,0,0,2.9758352998878976
1479133800,119.1256,119.1256,113.5535,115.08,121.88574618397442,124.53019802366109,119.33512370888921,126.03004954999764,0,1,0,0,0,0,3.161282778467334
1479220200,116.73,118.49,115.83,117.2,121.03379233234271,123.83208392616956,118.62341580592614,125.68377309705656,0,0,0,0,0,0,3.179048294291096
1479306600,114.48,117.88,114.21,116.34,120.18037554464404,123.11855212367722,117.86227720395077,125.31735062266219,0,0,0,0,0,0,3.2141162732703035
1479393000,116.81,117.79,116.01,117.79,119.74576180925422,122.6110709690413,117.83818480263385,125.02216040216564,0,0,0,0,0,0,3.111679396608139
1479479400,118.39,119.13,116.84,117.02,119.25016875302617,122.07858801960879,117.56545653508923,124.70835019031601,0,0,0,0,0,0,3.0529880111361285
1479738600,118.2,121.95,117.8,121.77,119.7083198888396,122.04919868440795,118.96697102339282,124.59312077108794,0,0,0,0,0,0,3.1870602960549768
1479825000,122.4,122.98,120.9,121.47,120.02862536359603,121.99403690494053,119.80131401559521,124.47064544673155,1,0,0,0,0,0,3.1079845606224787
1479911400,121.23,121.31,119.94,120.84,120.1761480247604,121.88412862827953,120.14754267706347,124.32826719391855,0,0,0,0,0,0,2.995271377720873
1480084200,121.01,121.14,120.07,120.38,120.21321202025851,121.7408782827291,120.22502845137565,124.1734331863139,0,0,0,0,0,0,2.857751993597954
1480343400,120.12,121.69,119.82,120.41,120.24899165293878,121.61412797008823,120.28668563425043,124.02584757116433,0,0,0,0,0,0,2.7871982797695294
1480429800,120.57,122.1,120.4,120.87,120.36190226149537,121.54325863960364,120.48112375616695,123.90208884288339,1,0,0,0,0,0,2.7095412597859907
1480516200,120.32,121.79,117.95,118.42,120.00882912304166,121.24580543583185,119.7940825041113,123.68710496669188,0,0,0,0,0,0,2.79028831265842
1480602600,118.38,118.45,114,115.1,119.11631473703409,120.6604906324193,118.2293883360742,123.3503557523118,0,1,0,0,0,0,2.908839147468533
1480689000,115.11,116.48,114.3,115.4,118.44062114848244,120.15949152456984,117.28625889071613,123.03857709535839,0,0,0,0,0,0,2.856779208363638
1480948200,115.95,117.57,115.07,117.43,118.25687184875835,119.89953995080128,117.33417259381075,122.81863289554042,0,0,0,0,0,0,2.8312949791948063
1481034600,117.69,117.795,116.33,117.31,118.08471333080229,119.65291709834402,117.3261150625405,122.60260807610746,0,0,0,0,0,0,2.733702480680892
1481121000,117,117.95,116.57,117.95,118.06021999792914,119.49073451754936,117.53407670836033,122.42015285743658,0,0,0,0,0,0,2.637009446346543
1481207400,117.98,119.5,117.64,118.91,118.21472545285111,119.43542646825894,117.99271780557355,122.28249980420377,0,0,0,0,0,0,2.581508771607504
1481293800,119.22,119.94,118.95,119.68,118.48113900687818,119.45871918556762,118.5551452037157,122.18044098835264,0,0,0,0,0,0,2.4706867164926822
1481553000,119.22,119.24,117.65,117.77,118.3518410056276,119.29788878694212,118.29343013581047,122.00748251822117,0,0,0,0,0,0,2.4392090938860624
1481639400,117.86,121.52,117.61,120.31,118.70786991369532,119.39428033104288,118.96562009054031,121.94091457633014,0,1,0,0,0,0,2.5442655871799147
1481725800,120,121.69,118.85,120.21,118.98098447484162,119.4719679185626,119.38041339369354,121.87303557333681,0,0,0,0,0,0,2.565389473809921
1481812200,120.08,122.5,119.63,120.57,119.26989638850678,119.57654240250902,119.77694226246236,121.82193613908831,1,0,0,0,0,0,2.5871473685377846
1481898600,120.9,121.5,119.27,119.87,119.379006136051,119.60449074512721,119.80796150830824,121.74538962382994,0,0,0,0,0,0,2.5616368422136575
1482157800,119.85,120.36,118.51,119.24,119.35373229313264,119.56977734082938,119.61864100553882,121.64713905034641,0,0,0,0,0,0,2.510805639198396
1482244200,119.5,119.77,118.8,119.09,119.30578096710852,119.52408426075039,119.44242733702588,121.54685908758773,0,0,0,0,0,0,2.4007480935413676
1482330600,118.92,119.2,118.48,119.04,119.25745715490697,119.47798099782177,119.30828489135058,121.4485508880745,0,0,0,0,0,0,2.2806946582884127
1482417000,118.86,118.99,116.93,117.4,118.91973767219662,119.28007804564827,118.67218992756706,121.28978418658137,0,0,0,0,0,0,2.268502182696383
1482503400,117,117.56,116.3,117.27,118.61978536816086,119.08864204130082,118.2047932850447,121.13214559102916,0,1,0,0,0,0,2.1964663125037847
1482849000,116.96,118.68,116.864,118.01,118.50891530122253,118.9859142278436,118.1398621900298,121.00970850902802,0,0,0,0,0,0,2.169290147324943
1482935400,118.19,118.25,116.65,116.92,118.22002161009117,118.7891604918585,117.73324146001987,120.84932778318378,0,0,0,0,0,0,2.128626565373161
1483021800,117,117.531,116.06,116.35,117.88001768098368,118.55685949263388,117.27216097334657,120.67288355639226,0,0,0,0,0,0,2.081653239275078
1483108200,116.595,116.83,114.7739,115.05,117.36546901171393,118.22287287428779,116.53144064889771,120.45237831888669,0,1,0,0,0,0,2.079828007898287
1483453800,116.03,117.84,115.51,116.86,117.27356555503867,118.09307545768895,116.64096043259848,120.31150073775387,0,0,0,0,0,0,2.1305545787626956
1483540200,117.55,119.66,117.29,118.69,117.53109909048618,118.14992541409953,117.32397362173232,120.24791247352823,0,0,0,0,0,0,2.1783721088510744
1483626600,118.86,120.95,118.3209,120.67,118.10180834676142,118.38993251751862,118.43931574782155,120.26446492554673,0,0,0,0,0,0,2.2105669582188554
1483713000,120.98,123.88,120.03,123.41,119.0669341018957,118.86803418251684,120.0962104985477,120.38781924219195,0,0,0,0,0,0,2.3276693183460795
1483972200,123.55,125.43,123.04,124.9,120.12749153791466,119.44250711751523,121.69747366569847,120.56476750720404,0,0,0,0,0,0,2.332121509892788
1484058600,124.82,125.5,124.28,124.35,120.8952203492029,119.90988739203759,122.58164911046565,120.7132079971176,0,0,0,0,0,0,2.25268425918616
1484145000,124.35,126.12,124.06,126.09,121.83972574025692,120.49846954517686,123.7510994069771,120.92406258546593,0,0,0,0,0,0,2.2389210978157204
1484231400,125.61,126.73,124.8,126.62,122.70886651475567,121.08147244563621,124.7073996046514,121.14743268015354,0,0,0,0,0,0,2.216855305114598
1484317800,127.49,129.27,127.37,128.34,123.73270896661828,121.77276078414705,125.91826640310093,121.42949414367693,1,0,0,0,0,0,2.247794211892127
1484663400,128.04,128.34,127.4,127.87,124.48494369996041,122.35345023327591,126.56884426873395,121.68206300078764,0,0,0,0,0,0,2.1543803396141175
1484749800,128.41,128.43,126.84,127.92,125.1094993908767,122.88359783010678,127.0192295124893,121.9266879811489,0,0,0,0,0,0,2.114067458213109
1484836200,128.23,128.35,127.45,127.55,125.55322677435367,123.32801708438232,127.1961530083262,122.14721002110385,0,0,0,0,0,0,2.0273483540550292
1484922600,128.1,128.48,126.78,127.04,125.82354917901664,123.6815392668221,127.1441020055508,122.33908413792331,0,1,0,0,0,0,2.0039663287653835
1485181800,127.31,129.25,126.95,128.93,126.38835841919543,124.1813926699819,127.73940133703387,122.5975514266322,0,0,0,0,0,0,2.0251115909964272
1485268200,129.38,129.9,128.38,129.37,126.93047507025081,124.67554574903124,128.28293422468926,122.86313764519564,0,0,0,0,0,0,1.9890321916395401
1485354600,130,131.74,129.77,131.48,127.75766142111429,125.32358901102826,129.3486228164595,123.20105381597227,0,0,0,0,0,0,2.016244177951002
1485441000,131.63,133.14,131.4401,132.78,128.6708138900026,126.03372339093033,130.492415210973,123.57669876436552,1,0,0,0,0,0,1.993648165240215
1485527400,132.68,132.95,131.08,132.18,129.30884772818393,126.61908306798459,131.054943473982,123.91408312654727,0,0,0,0,0,0,1.9848161534373407
1485786600,131.58,131.58,129.6,130.98,129.61269359578685,127.03440849008129,131.029962315988,124.19117790589836,0,0,0,0,0,0,2.0273292853346745
1485873000,130.17,130.66,129.5157,130.32,129.74129476018925,127.3473219672164,130.79330821065867,124.43152387037293,0,1,0,0,0,0,1.9871129078107679
1485959400,132.25,133.49,130.68,133.23,130.3756048037912,127.90757701795769,131.60553880710577,124.77656214996614,0,0,0,0,0,0,2.071604842967143
1486045800,133.22,135.49,130.4,130.84,130.46004029401098,128.18685539719982,131.35035920473717,125.01434402643805,1,0,0,0,0,0,2.2872044970409187
1486132200,131.24,132.85,130.76,130.98,130.55457842237263,128.45286916889506,131.22690613649144,125.24829131951891,0,0,0,0,0,0,2.273118461537996
1486391400,130.98,132.06,130.3,132.06,130.8282914364867,128.79640543852412,131.5046040909943,125.51541715012601,0,1,0,0,0,0,2.2364671428567098
1486477800,132.24,133,131.661,131.84,131.01223844803457,129.0862715872361,131.61640272732953,125.76344000698381,0,0,0,0,0,0,2.1723623469383733
1486564200,132.6,134.44,132.44,134.2,131.5918314574828,129.57329334083266,132.47760181821968,126.09428549690601,0,0,0,0,0,0,2.202907893585632
1486650600,134.49,134.5,133.31,134.14,132.05513482884956,130.00821778456287,133.0317345454798,126.40980371271361,0,0,0,0,0,0,2.1305573297580866
1486737000,134.1,134.94,133.68,134.19,132.4432921326951,130.40648275746165,133.41782303031985,126.71490944946994,1,0,0,0,0,0,2.068374663346794
1486996200,134.6975,134.6975,133.7,134.05,132.73542083584144,130.75348439960817,133.6285486868799,127.00256005929465,0,0,0,0,0,0,1.9918836159648803
1487082600,134.1,134.23,132.55,133.85,132.93807159296117,131.04839064726454,133.70236579125327,127.2710871157929,0,1,0,0,0,0,1.9696062148245301
1487169000,133.45,133.7,132.66,133.44,133.02933130333187,131.27616296657268,133.6149105275022,127.51300526811474,0,0,0,0,0,0,1.9139200566227779
1487255400,133.07,133.87,133.022,133.84,133.17672561181698,131.5203379221372,133.68994035166813,127.76112270858083,0,0,0,0,0,0,1.837782909721152
1487341800,133.5,134.0912,133.17,133.53,133.24095731875934,131.71173431050508,133.6366269011121,127.98735319059726,0,0,0,0,0,0,1.7723127018839266
1487687400,133.5,133.91,132.9,133.72,133.32805598807582,131.9029977095046,133.66441793407472,128.21216286939736,0,1,0,0,0,0,1.7178617946065027
1487773800,133.6,136.79,133.46,136.12,133.83568217206204,132.30461697526607,134.48294528938314,128.522274129421,1,0,0,0,0,0,1.83301452356318
1487860200,135.89,136.12,134.33,135.36,134.11283086805076,132.59560583476454,134.77529685958876,128.7904202419927,0,0,0,0,0,0,1.829942057594381
1487946600,134.16,135.62,134.16,135.44,134.354134346587,132.8665005171679,134.99686457305918,129.05118807564006,0,0,0,0,0,0,1.8035176249090685
1488205800,135.26,137.1846,135.02,136.41,134.72792810175298,133.20397665839002,135.4679097153728,129.33976893541887,0,0,0,0,0,0,1.8293092231298478
1488292200,136.79,136.805,134.75,135.54,134.87557753779788,133.4264550718767,135.49193981024854,129.58291525167695,0,0,0,0,0,0,1.8454299929062878
1488378600,136.47,137.48,136.3,137.42,135.3381998036528,133.8067926840789,136.1346265401657,129.89025190847394,0,0,0,0,0,0,1.8521849934129815
1488465000,137.09,137.82,136.31,136.76,135.59670893026137,134.08805052369044,136.34308436011045,130.15965379441613,0,0,0,0,0,0,1.8277432081691967
1488551400,136.63,137.33,136.08,137.17,135.88276185203202,134.38156952143422,136.6187229067403,130.43456933189,0,1,0,0,0,0,1.7864758361571111
1488810600,136.88,137.83,136.51,137.42,136.1622596971171,134.6709438527262,136.8858152711602,130.70850778946294,0,0,0,0,0,0,1.7531561335744619
1488897000,137.03,138.37,136.99,137.3,136.36912157036852,134.92133015246657,137.02387684744014,130.96699768007224,0,0,0,0,0,0,1.7265021240334286
1488983400,137.15,137.99,137.0516,137.72,136.61473583030153,135.18787013794594,137.25591789829343,131.23182130046158,0,0,0,0,0,0,1.6702091151738983
1489069800,137.72,138.57,137.4,138.24,136.91023840661035,135.47854917242728,137.58394526552897,131.50665183769837,0,0,0,0,0,0,1.634479892661476
1489156200,138.91,139.49,138.22,138.79,137.2520132417721,135.79392544171992,137.98596351035263,131.79227333425922,0,0,0,0,0,0,1.6084456146142283
1489411800,138.71,139.68,138.6729,139.6,137.67891992508626,136.1564087329847,138.52397567356843,132.09845869370002,0,0,0,0,0,0,1.5654923564274983
1489498200,139.46,139.46,138.52,139.32,137.97729812052512,136.45770313936708,138.7893171157123,132.3816563919863,0,0,0,0,0,0,1.5308143309683901
1489584600,139.29,140.1,138.49,139.72,138.29415300770236,136.76839807847497,139.0995447438082,132.66943457269272,0,1,0,0,0,0,1.5364704501849327
1489671000,140.2,140.25,139.73,139.99,138.60248882448374,137.07521730909642,139.3963631625388,132.95651556984203,0,0,0,0,0,0,1.4645797037431518
1489757400,140.34,140.34,139.7,139.84,138.8274908563958,137.33852994632534,139.54424210835919,133.2264561357306,0,0,0,0,0,0,1.405681153475785
1490016600,139.71,140.19,139.25,139.94,139.029765246142,137.58628899905625,139.6761614055728,133.48973236570194,0,0,0,0,0,0,1.3724182139418002
1490103000,141.15,142.3082,138.4,138.51,138.93526247411617,137.6742614753366,139.28744093704853,133.68660560626265,1,0,0,0,0,0,1.5535454843745282
1490189400,137.93,139.79,137.6,139.59,139.0543056606405,137.8567127633998,139.38829395803236,133.91811126876215,0,1,0,0,0,0,1.599006521204919
1490275800,139.48,140.39,139.09,139.53,139.14079554052404,138.0160734525998,139.43552930535492,134.13818533665383,0,0,0,0,0,0,1.5776489125474236
1490362200,140.08,141.0244,139.76,140.34,139.35883271497423,138.23739979044745,139.7370195369033,134.38139375482427,0,0,0,0,0,0,1.5717025616511802
1490621400,139.05,140.65,138.77,140.32,139.53359040316073,138.4357426675477,139.93134635793552,134.61428027424293,0,1,0,0,0,0,1.5937238072475242
1490707800,140.36,141.95,140.01,141.76,139.9383921480406,138.7523386039717,140.540897571957,134.8945045772138,0,0,0,0,0,0,1.6184578210155578
1490794200,141.99,142.86,141.43,142.65,140.43141175748778,139.1235444512125,141.243931714638,135.1986416526172,0,0,0,0,0,0,1.6049965480858754
1490880600,142.4,142.95,141.85,142.41,140.7911550743082,139.43654021776368,141.632621143092,135.48144001918124,1,0,0,0,0,0,1.568925366079741
1490967000,142.31,142.63,141.89,142.05,141.0200359698885,139.68544114940522,141.771747428728,135.73903060666433,0,0,0,0,0,0,1.50971641135976
1491226200,141.93,142.47,140.82,142.28,141.2491203389997,139.93254199231902,141.94116495248534,135.99553921032455,0,1,0,0,0,0,1.519736667691206
1491312600,141.86,142.09,141.27,141.73,141.3365530046361,140.10372846924102,141.87077663499022,136.22042002560593,0,0,0,0,0,0,1.483326905713262
1491399000,142.26,143.44,141.29,141.85,141.42990700379318,140.270040043599,141.8638510899935,136.44118786773905,1,0,0,0,0,0,1.5309464124480294
1491485400,142.11,142.22,140.91,141.17,141.38265118492168,140.3557505156372,141.632567393329,136.62663148076888,0,0,0,0,0,0,1.515164525844599
1491571800,141.2,141.55,140.24,140.78,141.27307824220864,140.39615522843366,141.34837826221934,136.78950867760148,0,0,0,0,0,0,1.5005099168556992
1491831000,141,141.43,140.63,141.04,141.2307003799889,140.45747377810665,141.24558550814623,136.95619461181317,0,0,0,0,0,0,1.45047349422315
1491917400,140.8,141.0299,138.81,139.92,140.9923912199909,140.40628579923936,140.80372367209748,137.072422274095,0,1,0,0,0,0,1.5061539589214958
1492003800,139.72,140.4,139.44,139.58,140.7355928163562,140.3275919135975,140.3958157813983,137.17075865550305,0,0,0,0,0,0,1.4671429618556753
1492090200,139.62,140.58,139.33,139.39,140.4909395770187,140.23829744563582,140.06054385426555,137.25778772783627,0,0,0,0,0,0,1.4516327502945556
1492435800,139.76,141.55,139.75,141.42,140.6598596539244,140.35084054605144,140.5136959028437,137.42101173850935,0,0,0,0,0,0,1.5022304109878033
1492522200,141.27,141.905,140.61,140.96,140.71443062593815,140.40885573214177,140.66246393522914,137.55979559190115,0,0,0,0,0,0,1.487428238774388
1492608600,141.35,143.04,141.27,142.27,140.99726142122213,140.5861075671759,141.19830929015276,137.74450949025797,0,0,0,0,0,0,1.5297547931476447
1492695000,142.95,144.25,142.689,143.8,141.5068502537272,140.8921925607782,142.0655395267685,137.98197970632629,0,0,0,0,0,0,1.5619151650656693
1492781400,143.9,144.17,142.27,143.68,141.90196838941318,141.15769803118027,142.60369301784567,138.2054314825488,0,0,0,0,0,0,1.5860640818466913
1493040600,144.96,145.6738,144.34,145.47,142.5507014095199,141.56839345678216,143.55912867856378,138.49031652244884,0,0,0,0,0,0,1.6151880760004986
1493127000,145.79,147.15,145.7898,146.49,143.26693751687992,142.03711788946958,144.5360857857092,138.80402959999986,0,0,0,0,0,0,1.6198174991433205
1493213400,147.09,147.59,146.09,146.56,143.8656761501745,142.46786856666296,145.21072385713947,139.10818530196065,0,0,0,0,0,0,1.611259106347369
1493299800,146.67,147.75,146.14,147.7,144.56282594105187,142.96616679840935,146.0404825714263,139.44511921168768,0,0,0,0,0,0,1.6111691701797006
1493386200,149.5,151.53,149.07,150.25,145.59685758813336,143.65986519856085,147.44365504761754,139.86884002691562,0,0,0,0,0,0,1.769657086595437
1493645400,151.74,152.57,151.42,152.46,146.8447016630182,144.49797327488838,149.11577003174503,140.36261100625225,0,0,0,0,0,0,1.8089672946957625
1493731800,153.34,153.44,151.66,152.78,147.92384681519673,145.286737724899,150.33718002116336,140.84956743737962,0,0,0,0,0,0,1.806898202217494
1493818200,153.6,153.6,151.34,151.8,148.6286019397064,145.90704841776576,150.8247866807756,141.2789961653255,1,0,0,0,0,0,1.8392626163448151
1493904600,150.17,151.52,148.72,150.85,149.03249249612344,146.37780571131188,150.83319112051706,141.65432964903823,0,1,0,0,0,0,1.9278867151773293
1493991000,151.45,151.63,149.79,150.24,149.25203931501008,146.745633738806,150.63546074701136,141.9910226039779,0,0,0,0,0,0,1.9216090926646632
1494250200,150.71,151.08,149.74,151.06,149.5807594395537,147.1565257636816,150.7769738313409,142.34666877637093,0,0,0,0,0,0,1.880065586045759
1494336600,151.49,152.59,150.21,150.48,149.7442577232712,147.47304711952145,150.67798255422727,142.66562294200344,1,0,0,0,0,0,1.9157751870424902
1494423000,150.23,150.52,148.86,150.29,149.84348359176735,147.7413283462337,150.5486550361515,142.9646181207484,0,1,0,0,0,0,1.8975055308251692
1494509400,150.31,150.65,149.41,150.04,149.87921384780964,147.9602494561162,150.37910335743433,143.24208407679748,0,0,0,0,0,0,1.8505408500519436
1494595800,150.4,150.46,149.63,150.33,149.9611749663897,148.18593998410515,150.3627355716229,143.5200415639819,0,0,0,0,0,0,1.7776450750482342
1494855000,150.17,151.48,149.77,150.19,150.00277951795522,148.3768028427618,150.3051570477486,143.7816085614728,1,0,0,0,0,0,1.772813283973359
1494941400,150.11,150.21,149.03,149.78,149.96227415105426,148.51044066726067,150.13010469849905,144.01683959827778,0,0,0,0,0,0,1.7304694779752625
1495027800,148,148.67,144.4216,144.85,149.03276975995348,148.1618272703787,148.37006979899937,144.04951255520805,0,1,0,0,0,0,1.9896073724056003
1495114200,144.72,148.15,144.51,147.66,148.78317525814376,148.1140341970093,148.1333798659996,144.19110029814107,0,0,0,0,0,0,2.1074925600909156
1495200600,148.445,149.39,147.96,148.06,148.65168884757216,148.1088880830084,148.1089199106664,144.34282185507672,1,0,0,0,0,0,2.0805288057987066
1495459800,148.08,148.59,147.69,148.24,148.57683632983176,148.1213749322457,148.1526132737776,144.4956523705639,0,0,0,0,0,0,1.9962053196702279
1495546200,148.52,148.81,147.25,148.07,148.48468426986236,148.11648208155563,148.12507551585173,144.6358228658359,0,1,0,0,0,0,1.9650477968366402
1495632600,148.51,150.23,148.42,150.04,148.7674689480692,148.2996742642646,148.7633836772345,144.84775138090117,0,0,0,0,0,0,1.9789729542054513
1495719000,150.3,152.59,149.95,151.96,149.34792913932935,148.64827671528704,149.82892245148966,145.12666309145408,0,0,0,0,0,0,2.026189171762206
1495805400,152.23,152.25,151.15,152.13,149.85376020490583,148.97986940906924,150.59594830099311,145.4013037545343,0,0,0,0,0,0,1.9600328023506193
1496151000,151.97,152.9,151.64,152.38,150.31307653128658,149.30369137011027,151.19063220066207,145.67497811710157,0,0,0,0,0,0,1.9100304593255764
1496237400,152.7,153.35,151.09,151.46,150.52160807105267,149.50905409676645,151.28042146710806,145.90184172035248,0,0,0,0,0,0,1.935028283659463
1496323800,151.75,152.29,150.3,151.53,150.704952058134,149.70152513516965,151.36361431140537,146.12255380975043,0,1,0,0,0,0,1.9389548348266428
1496410200,151.85,153.63,151.3,153.61,151.23314259301873,150.07376083658207,152.1124095409369,146.41617915054454,0,0,0,0,0,0,1.9668866323390244
1496669400,153.64,154.7088,153.41,153.63,151.66893484883352,150.4124502807171,152.61827302729128,146.6990740858173,1,0,0,0,0,0,1.9191661586005229
1496755800,153.41,154.52,152.48,152.81,151.8764012399547,150.64078834922023,152.6821820181942,146.93871823931465,0,0,0,0,0,0,1.9277971472719155
1496842200,153.27,153.75,152.34,153.12,152.10251010541748,150.8769037445326,152.8281213454628,147.18112144561604,0,0,0,0,0,0,1.890811636752493
1496928600,154.08,154.73,153.1,154.71,152.57659917715975,151.24196053076759,153.45541423030852,147.47637158500365,0,0,0,0,0,0,1.8721822341273147
1497015000,154.77,155.59,146.61,149.6,152.03539932676708,151.08558333736116,152.17027615353902,147.5596511306898,1,0,0,0,0,0,2.37988350311822
1497274200,148.17,149.195,144.56,148.44,151.38169035826397,150.83362301951723,150.926850769026,147.59417461576078,0,1,0,0,0,0,2.5698918243240607
1497360600,150.15,151.18,148.9,150.68,151.25411029312505,150.8189922557537,150.84456717935066,147.71518737592703,0,0,0,0,0,0,2.5820424083009144
1497447000,151.26,152.4,149.05,150.25,151.07154478528415,150.7648025171105,150.64637811956712,147.81459179255734,1,0,0,0,0,0,2.6368965219937057
1497533400,147.67,150.0366,146.3747,149.8,150.84035482432338,150.67291656309996,150.3642520797114,147.89245093794725,0,1,0,0,0,0,2.7253539132798705
1497619800,149.59,150.83,148.6,150.64,150.80392667444642,150.66978165232854,150.45616805314094,148.00019795998853,0,0,0,0,0,0,2.6899714909027383
1497879000,151.71,153.57,151.71,152.87,151.17957637000163,150.87932625686867,151.26077870209397,148.19117058900858,0,0,0,0,0,0,2.7071163844096864
1497965400,152.88,153.84,152.21,152.25,151.37419884818314,151.00986661335736,151.5905191347293,148.35034036983177,0,0,0,0,0,0,2.630179499808994
1498051800,152.36,154.08,151.88,153.91,151.83525360305893,151.2860697930376,152.36367942315286,148.56836623768152,0,0,0,0,0,0,2.599452392679781
1498138200,153.01,154.55,152.91,153.4,152.1197529479573,151.48739647941497,152.70911961543524,148.75784207149792,0,0,0,0,0,0,2.53092007891694
1498224600,152.72,155.2,152.65,155.07,152.65616150287414,151.8285968147088,153.49607974362348,149.00537767653722,0,0,0,0,0,0,2.532282930422872
1498483800,156.25,156.5,153.1954,153.59,152.8259503205334,151.99634949902224,153.527386495749,149.18516678726127,1,0,0,0,0,0,2.5874484353926666
1498570200,152.84,153.31,150.39,150.58,152.41759571680007,151.86145907054393,152.54492433049933,149.2398661289373,0,0,0,0,0,0,2.631202118578906
1498656600,150.92,153.47,149.86,153.24,152.56712376829097,151.99274868287307,152.7766162203329,149.39673412388095,0,0,0,0,0,0,2.701116252966126
1498743000,152.28,152.5,148.9175,151.04,152.28946490132898,151.90201071307564,152.1977441468886,149.46117592294445,0,0,0,0,0,0,2.816929377754261
1498829400,151.9,151.92,150.06,150.98,152.05138037381462,151.8142001689732,151.79182943125906,149.52073765145644,0,0,0,0,0,0,2.7485772793432415
1499088600,151.72,152.15,147.8,148.43,151.39294757857562,151.49189539097574,150.67121962083937,149.47796362590913,0,1,0,0,0,0,2.8629646165330094
1499261400,149,150.85,148.13,150.34,151.20150256428914,151.38219106802566,150.56081308055957,149.5117689739127,0,0,0,0,0,0,2.8527528582092225
1499347800,149.03,150.04,148,148.82,150.76850209805474,151.13817287107085,149.9805420537064,149.48464077885728,0,0,0,0,0,0,2.8161276540514213
1499434200,149.25,151.99,149.19,151.44,150.89059262568114,151.16691831192125,150.46702803580425,149.56132153262757,0,0,0,0,0,0,2.8414042501906067
1499693400,151.69,153.98,151.51,153.5,151.36503033010274,151.38911656792874,151.47801869053617,149.7157795117402,0,0,0,0,0,0,2.8198753751769914
1499779800,153.37,155.4225,152.91,155.27,152.0750248155386,151.7587245138403,152.74201246035744,149.93359207990727,0,0,0,0,0,0,2.797919991235779
1499866200,156.49,159.16,156.2,158.9,153.3159293945316,152.43884598871264,154.79467497357163,150.2852159199109,0,0,0,0,0,0,2.875925706147508
1499952600,158.74,159.78,158.4227,159.26,154.39666950461677,153.08847970407334,156.28311664904774,150.63716823677714,0,0,0,0,0,0,2.767452441422687
1500039000,160.13,160.32,159.3254,159.97,155.41000232195918,153.7438625893997,157.51207776603184,151.00316163925646,0,0,0,0,0,0,2.6454915527496383
1500298200,160.25,160.78,158.81,159.73,156.19545644523933,154.31397091421877,158.25138517735456,151.34539059457973,0,0,0,0,0,0,2.5972421561246644
1500384600,159.66,163.73,159.42,162.86,157.407191637014,155.12787844619794,159.78759011823638,151.79694390459622,0,0,0,0,0,0,2.71958200211576
1500471000,163.59,165.7,163.17,164.14,158.63133861210235,155.98617573703623,161.2383934121576,152.28098532010225,1,0,0,0,0,0,2.728183287678918
1500557400,164.8,165,162.81,164.53,159.70382250081101,156.79987328588993,162.33559560810505,152.761338836961,0,0,0,0,0,0,2.689741624273281
1500643800,164.16,165.05,163.75,164.43,160.56312750066357,157.52655202056707,163.03373040540336,153.21893339237428,0,0,0,0,0,0,2.5904743653966187
1500903000,164.64,166.17,164.31,166,161.55164977327019,158.33354706622734,164.02248693693556,153.72015169071256,1,0,0,0,0,0,2.5382976250111446
1500989400,165.01,165.54,163.8619,165.28,162.22953163267562,158.99511401230092,164.44165795795703,154.1734790753905,0,0,0,0,0,0,2.509712080367492
1501075800,166.01,166.01,164.1,165.61,162.84416224491642,159.62510315398654,164.8311053053047,154.62197009204186,0,0,0,0,0,0,2.466875503198385
1501162200,174.7,175.49,167.5,170.44,164.22522365493163,160.65509332979735,166.70073687020314,155.24228499039316,1,0,0,0,0,0,2.9963843958270715
1501248600,169.07,173.43,169.05,172.45,165.72063753585314,161.77841777457854,168.61715791346876,155.91709734371108,0,0,0,0,0,0,3.095214081839423
1501507800,172,172.72,168.55,169.25,166.36233980206165,162.4899970341425,168.82810527564584,156.43995627140868,0,0,0,0,0,0,3.1719845045651778
1501594200,169.82,170.47,169.05,169.86,166.99827801986862,163.19190207850988,169.1720701837639,156.96623249605932,0,0,0,0,0,0,3.046842754239093
1501680600,170.3,170.55,166.91,169.3,167.41677292534706,163.77362569008037,169.2147134558426,157.4499096530766,0,1,0,0,0,0,3.089211128936302
1501767000,169.3,169.7,168.25,168.59,167.63008693892033,164.23232800531082,169.0064756372284,157.88677594119125,0,0,0,0,0,0,2.972124619726565
1501853400,168.97,170.06,168.69,169.62,167.99188931366209,164.74543962385263,169.21098375815225,158.34690237487,0,0,0,0,0,0,2.8648300040318104
1502112600,169.95,172.06,169.66,171.98,168.7170003475417,165.4344453739619,170.1339891721015,158.88153365428687,0,0,0,0,0,0,2.8344850037438234
1502199000,171.88,173.05,170.62,171.23,169.1739093752614,165.9864029573941,170.49932611473434,159.3657872364717,1,0,0,0,0,0,2.805593217762122
1502285400,169.98,171.45,169.56,171.18,169.53865312521387,166.48103124716607,170.7262174098229,159.82908969778654,0,0,0,0,0,0,2.7401937022076837
1502371800,170.06,170.59,166.85,167.4,169.1498071024477,166.5685520807693,169.61747827321528,160.1259881410106,0,0,0,0,0,0,2.8537512949071355
1502458200,167.95,168.82,166.85,168.08,168.9552967201845,166.7124995016484,169.10498551547687,160.43791017469644,0,0,0,0,0,0,2.7906262024137685
1502717400,170.09,171.08,169.29,170.75,169.28160640742368,167.0970233586343,169.65332367698457,160.8423058541201,0,0,0,0,0,0,2.805581473669928
1502803800,171.49,171.5,170.01,171,169.59404160607392,167.46873541971675,170.10221578465638,161.24064680101736,1,0,0,0,0,0,2.711611368407791
1502890200,171.25,171.38,169.24,170,169.66785222315139,167.70980823688657,170.0681438564376,161.5841508480363,0,0,0,0,0,0,2.6707819849500902
1502976600,169.34,169.86,166.85,166.91,169.16642454621476,167.63363602384976,169.01542923762506,161.79300767752508,0,0,0,0,0,0,2.7050118431679415
1503063000,166.84,168.67,166.21,167.41,168.84707462872117,167.6123373549117,168.4802861584167,162.0132818862496,0,0,0,0,0,0,2.6875109972273727
1503322200,167.16,168,165.82,167.78,168.65306105986278,167.62830522587248,168.24685743894446,162.23942769463196,0,1,0,0,0,0,2.6512602117111324
1503408600,168.28,169.87,167.15,169.64,168.8325045035241,167.81989520436082,168.71123829262964,162.5296462164111,1,0,0,0,0,0,2.6561701965889086
1503495000,168.84,169.36,168.2,168.71,168.81023095742881,167.9046670896598,168.71082552841978,162.7720130314538,0,0,0,0,0,0,2.569300896832558
1503581400,168.88,169.29,166.41,167.74,168.61564351062358,167.8889845096922,168.38721701894653,162.96683604982817,0,0,0,0,0,0,2.5914936899159464
1503667800,167.86,168.38,166.18,166.32,168.19825378141928,167.73955741353103,167.69814467929768,163.0983326753251,0,0,0,0,0,0,2.5635298549219496
1503927000,166.91,167.7,166.33,167.24,168.02402582116125,167.69198051700425,167.54542978619847,163.26075100178295,0,0,0,0,0,0,2.4789920081418098
1504013400,165.25,168.425,165,168.05,168.02874839913193,167.7260776106229,167.71361985746566,163.44856468798753,0,1,0,0,0,0,2.546564007560253
1504099800,168.17,170.18,167.63,169.92,168.3726123265625,167.9350226000874,168.4490799049771,163.7023464649292,0,0,0,0,0,0,2.546809435591664
1504186200,170.4,172.145,170.06,171.97,169.02668281264204,168.31930616198383,169.6227199366514,164.0265681721869,0,0,0,0,0,0,2.523823047335118
1504272600,172.4,172.915,171.31,172.02,169.57092230125258,168.67175319417584,170.42181329110093,164.34003608700309,1,0,0,0,0,0,2.4581928296683233
1504618200,171.27,172.3875,169.55,170.72,169.77984551920665,168.86682431854004,170.52120886073396,164.59023075025786,0,1,0,0,0,0,2.4852861989777275
1504704600,170.91,172.48,169.57,172.09,170.1998736066236,169.17379343106003,171.0441392404893,164.88433934828697,0,0,0,0,0,0,2.5156228990507468
1504791000,171.94,173.3067,170.27,173.21,170.74716931451022,169.55819405667336,171.76609282699286,165.21083584443258,0,0,0,0,0,0,2.5528426919756932
1504877400,173.09,173.49,170.8,170.95,170.7840476209629,169.69074700365684,171.4940618846619,165.43590110543522,0,0,0,0,0,0,2.562639642548858
1505136600,172.4,173.89,172.2,173.51,171.27967532624237,170.05448538426094,172.16604125644128,165.75253243463385,0,0,0,0,0,0,2.5895939537953683
1505223000,173.76,174,171.75,172.96,171.5851889032892,170.33120106195037,172.43069417096086,166.03517822151096,1,0,0,0,0,0,2.565337242809985
1505309400,173.01,173.17,172.06,173.05,171.85151819360027,170.59013429414557,172.63712944730725,166.3102692716478,0,0,0,0,0,0,2.461384582609271
1505395800,172.26,172.28,170.5,170.96,171.68942397658205,170.62535959946504,172.07808629820482,166.4926116531518,0,0,0,0,0,0,2.4677142552800384
1505482200,170.88,172.34,170.26,171.64,171.68043779902166,170.7219920185636,171.93205753213655,166.69447001969488,0,0,0,0,0,0,2.4400203799028937
1505741400,171.99,172.07,169.34,170.01,171.3767218355632,170.65418325489088,171.29137168809103,166.82449080323624,0,1,0,0,0,0,2.460733209909829
1505827800,170.62,172.56,170.36,172.52,171.58459059273352,170.8318800877584,171.70091445872737,167.0478441050701,0,0,0,0,0,0,2.4671094092019845
1505914200,172.5,173.05,170.7,172.17,171.69102866678196,170.95932007940047,171.85727630581823,167.2487129636948,1,0,0,0,0,0,2.4587444514018446
1506000600,171.69,172.27,170.01,171.11,171.5853870910034,170.973670548029,171.60818420387884,167.40013598472638,0,0,0,0,0,0,2.444548419158857
1506087000,170.21,171.73,169.22,170.54,171.39531671082096,170.93236859107384,171.2521228025859,167.52326790689398,0,0,0,0,0,0,2.4492235320760805
1506346200,169.24,169.3,161.56,162.87,169.84525912703535,170.1645239633525,168.4580818683906,167.34078681250597,0,1,0,0,0,0,2.915707565499217
1506432600,164.5,165.5,162.78,164.21,168.82066655848348,169.5974264430332,167.04205457892706,167.21801085907435,0,0,0,0,0,0,2.9017284536778445
1506519000,165.9,168.34,165.57,167.68,168.6132726387592,169.4148144008396,167.25470305261805,167.23612808028713,0,0,0,0,0,0,2.989462135557998
1506605400,167.94,169.0696,167.16,168.73,168.63449579534844,169.34959398171202,167.74646870174536,167.2947112928249,0,0,0,0,0,0,2.9123291258752846
1506691800,168.83,171.66,168.81,170.87,169.0409511052851,169.4943945548823,168.78764580116356,167.43491869310628,0,0,0,0,0,0,2.9135913311699078
1506951000,171.39,171.87,168.75,169.47,169.11895999523327,169.4920712639411,169.0150972007757,167.51472580318054,1,0,0,0,0,0,2.928334807514915
1507037400,169.3,170.73,169.2,169.96,169.27187635973632,169.53663590547052,169.33006480051714,167.61061890893816,0,0,0,0,0,0,2.8284537498352784
1507123800,169.83,170.67,168.29,168.42,169.11698974887517,169.43028962875903,169.02670986701142,167.64235934388176,0,1,0,0,0,0,2.7964213391327584
1507210200,169.18,171.31,168.6,171.24,169.50299161271604,169.60264299744864,169.7644732446743,167.78344329118053,0,0,0,0,0,0,2.8031055291947053
1507296600,170.25,172.37,169.75,172.23,169.99881131949493,169.8528674738821,170.58631549644952,167.9578180640754,0,0,0,0,0,0,2.7900265628236554
1507555800,172.7,174.88,172,172.5,170.4535728977686,170.10497533351239,171.22421033096634,168.13594284587637,1,0,0,0,0,0,2.7964532369076798
1507642200,173,173.2,170.8,171.59,170.66019600726523,170.24640625413025,171.34614022064423,168.2713960676067,0,0,0,0,0,0,2.7681351485571293
1507728600,171.95,172.78,171.4,172.74,171.03834218776245,170.4838913727845,171.81076014709615,168.44663543750448,0,0,0,0,0,0,2.6689826379459056
1507815000,172.61,173.85,172.29,172.55,171.31318906271474,170.68066362299552,172.05717343139744,168.60755169485725,0,0,0,0,0,0,2.589769592378341
1507901400,173.45,174.65,173.2,173.74,171.75442741494842,170.97202899223404,172.61811562093163,168.80882417741188,0,0,0,0,0,0,2.554786050065602
1508160600,174.49,175,174.06,174.52,172.2572587940487,171.30993099297365,173.2520770806211,169.03279185672906,0,0,0,0,0,0,2.4623013322037726
1508247000,174.71,176.13,174.36,176.11,172.95775719513077,171.76708042221426,174.2047180537474,169.31032943097497,0,0,0,0,0,0,2.412851237046359
1508333400,176.65,176.74,175.75,176.03,173.51634679601608,172.17307276295577,174.81314536916494,169.5738459238779,1,0,0,0,0,0,2.3112190058287623
1508419800,174.93,176.03,172.63,174.56,173.70610192401315,172.4003991664838,174.7287635794433,169.76938137784347,0,0,0,0,0,0,2.3889890768409936
1508506200,175.5,175.88,174.63,174.98,173.93771975601075,172.64607543634247,174.81250905296218,169.97371936302608,0,0,0,0,0,0,2.312632714209493
1508765400,175.2,175.34,171.25,171.27,173.45267980037244,172.5150206328813,173.6316727019748,170.02455389780937,0,0,0,0,0,0,2.4395875203373865
1508851800,172.3,173.24,171.5,171.8,173.1521925639411,172.44692342974975,173.02111513464988,170.09417923515016,0,0,0,0,0,0,2.4060455545990016
1508938200,171.9,172.25,168.89,170.6,172.68815755231543,172.27102596024977,172.21407675643326,170.11401534357566,0,1,0,0,0,0,2.474185157841931
1509024600,171.38,172.285,170.39,170.63,172.3139470882581,172.1147377735593,171.6860511709555,170.13425003598445,0,0,0,0,0,0,2.432814789424651
1509111000,174.15,178.21,173.9,177.88,173.3259567085748,172.66381036655366,173.750700780637,170.43800493653407,0,0,0,0,0,0,2.8004708758943195
1509370200,179.26,180.69,177.61,179.87,174.5157827615612,173.3501141411676,175.79046718709134,170.8078870958857,0,0,0,0,0,0,2.820437241901867
1509456600,180.57,180.8,178.94,180.06,175.52382225945917,173.98915088962784,177.21364479139422,171.17071505290977,0,0,0,0,0,0,2.7518345817660204
1509543000,182.36,182.9,180.57,182.66,176.8213091213757,174.8149460429966,179.02909652759615,171.6212752469133,1,0,0,0,0,0,2.7581321116398763
1509629400,180.63,181.94,177.34,178.92,177.20288928112555,175.20590356271123,178.99273101839742,171.90749974703436,0,0,0,0,0,0,2.9411226750941704
1509715800,179.29,179.86,176.71,178.92,177.51509123001182,175.5596270329292,178.96848734559828,172.1824997569546,0,1,0,0,0,0,2.9560424840160158
1509978600,178.56,180.45,178.31,180.17,177.9978019154642,175.99871017265022,179.36899156373218,172.49573506060344,0,0,0,0,0,0,2.897753735157728
1510065000,180.5,180.7478,178.96,180.25,178.4072924762889,176.4035949181121,179.6626610424881,172.79982388175625,1,0,0,0,0,0,2.8184713255036047
1510151400,179.79,180.35,179.11,179.56,178.61687566241818,176.70420492591094,179.62844069499207,173.06492882756973,0,0,0,0,0,0,2.7057233736819173
1510237800,178.31,179.4,177.09,179.3,178.74108008743306,176.95142350439562,179.51896046332806,173.309441422567,0,1,0,0,0,0,2.6888859898474946
1510324200,178.35,179.0999,177.96,178.46,178.6899746169907,177.09509745635793,179.16597364221872,173.5114241118781,0,0,0,0,0,0,2.592536990572674
1510583400,177.5,179.04,177.3,178.77,178.70452468662876,177.25461198432384,179.0339824281458,173.7176427741574,0,0,0,0,0,0,2.531641491246053
1510669800,178.13,178.97,177.18,178.07,178.58915656178718,177.3322679858168,178.7126549520972,173.88832344968066,0,0,0,0,0,0,2.4786670990141917
1510756200,176.66,178.57,176.4,177.95,178.47294627782588,177.3910996062152,178.45843663473147,174.0476048830265,0,1,0,0,0,0,2.456619449084606
1510842600,178.76,179.83,178.5,179.59,178.67604695458482,177.60051869133756,178.83562442315431,174.2649537111431,0,0,0,0,0,0,2.4154323455785645
1510929000,179.3,179.98,178.9,179,178.73494750829667,177.73380262549588,178.89041628210288,174.4506418009022,0,0,0,0,0,0,2.32004432089438
1511188200,178.87,179.5,178.1,178.74,178.7358661431518,177.82963094687722,178.84027752140193,174.618851926357,0,1,0,0,0,0,2.254326869401925
1511274600,179.15,181.89,178.99,181.86,179.30389048076057,178.21347561860318,179.84685168093463,174.90281851748026,0,0,0,0,0,0,2.3183035215875
1511361000,181.3,181.73,180.44,180.87,179.58863766607683,178.46647794064097,180.18790112062308,175.1368256344418,0,0,0,0,0,0,2.2541389843312514
1511533800,180.4,183.15,180.29,182.78,180.16888536315378,178.87728956534184,181.05193408041538,175.43655796250292,0,0,0,0,0,0,2.2974147711647346
1511793000,182.56,183.73,181.99,183.03,180.68908802439856,179.27278579721406,181.71128938694358,175.7343400031891,0,0,0,0,0,0,2.2575994303672524
1511879400,183.51,184.25,182.09,182.42,181.00379929268973,179.57252048319367,181.94752625796238,175.99652274816208,1,0,0,0,0,0,2.250628042483877
1511965800,181.89,181.97,174,175.13,179.93583578492797,179.14942329431807,179.67501750530826,175.96254146392042,0,0,0,0,0,0,2.691297468020742
1512052200,176.85,178.275,175.2,177.18,179.43477473312288,178.9618591710497,178.84334500353884,176.01028493592355,0,0,0,0,0,0,2.723704791733547
1512138600,176.03,177.48,172.34,175.1,178.64663387255507,178.59406305952115,177.59556333569256,175.97458748745595,0,0,0,0,0,0,2.8962973066097213
1512397800,176.29,176.57,170.79,171.47,177.34179135027233,177.91558086337628,175.5537088904617,175.7979369977518,0,0,0,0,0,0,3.1022760704233128
1512484200,170.45,175.38,169.01,172.83,176.5214656502228,177.431239828769,174.64580592697448,175.68154731156545,0,1,0,0,0,0,3.3356849225359335
1512570600,172.5,176.77,171.9,176.06,176.43756280472775,177.30064555936244,175.11720395131633,175.69638859346486,0,0,0,0,0,0,3.44527885664051
1512657000,175.8,180.39,175.8,180.14,177.11073320386816,177.5710602679946,176.79146930087754,175.87064786430938,0,0,0,0,0,0,3.5270446525947574
1512743400,181.53,182.28,178.7401,179,177.4542362577103,177.70714976628082,177.52764620058502,175.99336755590508,1,0,0,0,0,0,3.527962891695131
1513002600,179.3,180.22,178.8,179.04,177.74255693812663,177.8340878837779,178.03176413372336,176.11284333802644,0,0,0,0,0,0,3.377394113716907
1513089000,178.6,179.18,176.6,176.96,177.60027385846723,177.7508414186562,177.67450942248223,176.14606516790775,0,1,0,0,0,0,3.3204373913085568
1513175400,177.3,179.16,177.25,178.3,177.72749679329138,177.80314223592703,177.88300628165481,176.23053320053882,0,0,0,0,0,0,3.2404061490722307
1513261800,178.29,180.3601,177.68,178.39,177.84795192178385,177.85903345155302,178.05200418776988,176.3152181730667,0,0,0,0,0,0,3.2003842812813557
1513348200,179.02,180.4934,178.36,180.18,178.2719606632777,178.08007788473844,178.76133612517992,176.46677824471115,0,0,0,0,0,0,3.124171118332687
1513607400,181.01,181.3,179.75,180.82,178.73524054268174,178.34102284809669,179.44755741678662,176.63749282334993,1,0,0,0,0,0,3.011730324166067
1513693800,179.95,180.08,178.22,179.51,178.8761058985578,178.4523540054208,179.4683716111911,176.75014016361072,0,0,0,0,0,0,2.9823210152970616
1513780200,179.81,179.81,177.36,177.89,178.69681391700183,178.39879648109502,178.94224774079404,176.79484054935148,0,0,0,0,0,0,2.9442980856329846
1513866600,177.94,178.68,177.05,177.45,178.47012047754694,178.30843491146692,178.44483182719603,176.8205330768279,0,0,0,0,0,0,2.850419650944914
1513953000,177.14,177.53,176.23,177.2,178.23918948162932,178.2028696818034,178.02988788479735,176.83541413263856,0,0,0,0,0,0,2.739675390163135
1514298600,176.63,177,174.67,175.99,177.8302459395149,177.99212018829832,177.34992525653158,176.80226063724098,0,1,0,0,0,0,2.724698576580054
1514385000,176.55,178.44,176.26,177.62,177.79201940505763,177.95668017036513,177.43995017102105,176.83432884754527,0,0,0,0,0,0,2.705077249681478
1514471400,177.95,178.9367,177.68,177.92,177.81528860413806,177.95318682080654,177.5999667806807,176.87690418685722,0,0,0,0,0,0,2.6059074461328007
1514557800,178,178.85,176.46,176.46,177.56887249429477,177.8109785521583,177.21997785378713,176.8605550030589,0,0,0,0,0,0,2.5904854856947424
1514903400,177.68,181.58,177.55,181.42,178.26907749533208,178.15469488052418,178.61998523585808,177.03935676764482,0,0,0,0,0,0,2.771165093859404
1514989800,181.88,184.78,181.33,184.67,179.4328815870899,178.77520012999807,180.63665682390538,177.33859767871758,0,0,0,0,0,0,2.8196533014408742
1515076200,184.9,186.21,184.0996,184.33,180.32326675307354,179.30422868904589,181.86777121593693,177.61277031876787,0,0,0,0,0,0,2.768992351337954
1515162600,185.59,186.9,184.93,186.85,181.509945525242,180.02287357580343,183.52851414395795,177.97501461999266,0,0,0,0,0,0,2.754778611956671
1515421800,187.2,188.9,186.33,188.28,182.74086452065254,180.80926656858406,185.11234276263863,178.37913169371845,1,0,0,0,0,0,2.7415801396740513
1515508200,188.7,188.8,187.1,187.87,183.67343460780663,181.48171737157605,186.0315618417591,178.75132260769027,0,0,0,0,0,0,2.667181558268763
1515594600,186.94,187.89,185.63,187.84,184.43099195184178,182.0872680980926,186.63437456117273,179.10774132895733,0,0,0,0,0,0,2.638097161249565
1515681000,188.4,188.4,187.38,187.77,185.03808432423418,182.62848066017904,187.01291637411515,179.4474377474296,0,0,0,0,0,0,2.5225187925888823
1515767400,178.06,181.48,177.4,179.37,184.0075235380098,182.3181491687334,184.46527758274343,179.4444009730206,0,0,0,0,0,0,3.0830531645468193
1516113000,181.5,181.75,178.04,178.39,182.986155622008,181.94403972409214,182.4401850551623,179.4030519152551,0,0,0,0,0,0,3.1278350813649043
1516199400,179.26,179.32,175.8,177.6,182.00685459982472,181.530321655131,180.82679003677487,179.33234399700981,0,1,0,0,0,0,3.1558468612674098
1516285800,178.13,180.98,177.08,179.8,181.6056083089475,181.3655291165471,180.48452669118325,179.35068344810747,0,0,0,0,0,0,3.209000656891164
1516372200,180.85,182.37,180.1702,181.29,181.54822498004796,181.35833586735214,180.75301779412217,179.42673507759346,0,0,0,0,0,0,3.163357752827509
1516631400,180.8,185.39,180.41,185.37,182.24309316549378,181.74039911808052,182.29201186274813,179.65980429023685,0,0,0,0,0,0,3.2931179133398296
1516717800,186.05,189.55,185.55,189.35,183.5352580444949,182.46512301159666,184.64467457516542,180.03981196512953,0,0,0,0,0,0,3.3564666338155567
1516804200,189.89,190.66,186.52,186.55,184.08339294549583,182.85415891525412,185.2797830501103,180.2951134566931,1,0,0,0,0,0,3.41243330282873
1516890600,187.95,188.62,186.6,187.48,184.7009578644966,183.29471520903945,186.01318870007353,180.57687371329337,0,0,0,0,0,0,3.3165452097695343
1516977000,187.75,190,186.81,190,185.66442007095176,183.9333137605595,187.34212580004902,180.94640807747794,0,0,0,0,0,0,3.3075062662145673
1517236200,188.75,188.84,185.6301,185.98,185.72179823986963,184.12823625955386,186.88808386669933,181.14380383914548,0,0,0,0,0,0,3.383391532913527
1517322600,183.01,188.18,181.84,187.12,185.9760167417115,184.41316613959634,186.96538924446622,181.37816447290447,0,1,0,0,0,0,3.5945778519911324
1517409000,188.37,189.83,185.22,186.89,186.1421955159458,184.6490550786824,186.9402594963108,181.59431488573173,0,0,0,0,0,0,3.667108005420338
1517495400,188.22,195.32,187.89,193.09,187.40543269486474,185.45295459499837,188.99017299754053,182.04512606668342,1,0,0,0,0,0,4.007314576461743
1517581800,192.04,194.21,189.98,190.28,187.92808129579842,185.91267320499853,189.4201153316937,182.3680622993625,0,0,0,0,0,0,4.023220678143049
1517841000,186.93,190.61,180.61,181.26,186.7157028783805,185.46956147118914,186.7000768877958,182.32460887585808,0,0,0,0,0,0,4.4501334868471165
1517927400,178.57,185.77,177.74,185.31,186.46012053685678,185.4543651405997,186.2367179251972,182.44168303758914,0,0,0,0,0,0,4.705838237786608
1518013800,184.15,185.0817,179.95,180.18,185.31828043924645,184.95204465101878,184.21781195013148,182.35298958513468,0,0,0,0,0,0,4.752564077944709
1518100200,181.01,181.84,171.4815,171.58,182.82041126847437,183.678516589017,180.0052079667543,181.93051940532547,0,0,0,0,0,0,5.152988072377228
1518186600,174.76,176.9,167.18,176.11,181.60033649238812,182.9577054853011,178.70680531116955,181.70226374237154,0,1,0,0,0,0,5.479203210064569
1518445800,177.06,177.545,171.84,176.41,180.65663894831755,182.334114486701,177.9412035407797,181.49472398776874,0,0,0,0,0,0,5.495331552202813
1518532200,175.62,175.97,173.1,173.15,179.2917955031689,181.459436916539,176.34413569385313,181.16747990981702,0,0,0,0,0,0,5.339236441331184
1518618600,173.45,179.81,173.2119,179.52,179.33328722986548,181.27472863877338,177.40275712923543,181.1028728545301,0,0,0,0,0,0,5.433576695521813
1518705000,180.5,180.5,176.84,179.96,179.44723500625358,181.14951638746163,178.2551714194903,181.0580543112152,1,0,0,0,0,0,5.306892645841684
1518791400,178.99,179.88,176.3,177.36,179.0677377323893,180.78861006484624,177.95678094632686,180.91303257352047,0,0,0,0,0,0,5.1892574568529914
1519137000,175.77,177.95,175.11,176.01,178.51178541740944,180.3335043443847,177.3078539642179,180.7207567863236,0,1,0,0,0,0,5.021453352792062
1519223400,176.71,181.27,176.4,177.91,178.40236988697137,180.10269440682424,177.50856930947862,180.61053102999716,0,0,0,0,0,0,5.0384923990212025
1519309800,178.7,180.21,177.41,178.99,178.50921172570386,179.99672351093622,178.00237953965242,180.54698079352667,0,0,0,0,0,0,4.878600084805403
1519396200,179.9,183.39,179.51,183.29,179.37844595739406,180.31036889084706,179.7649196931016,180.6545501741727,0,0,0,0,0,0,4.844414364462159
1519655400,184.58,185.66,183.2228,184.93,180.38781941968605,180.75033375838544,181.4866131287344,180.82221487322474,1,0,0,0,0,0,4.67247048128629
1519741800,184.45,184.7,181.46,181.46,180.5827613433795,180.8179210194916,181.47774208582294,180.84722605466692,0,0,0,0,0,0,4.586579732622984
1519828200,182.3,182.88,178.14,178.32,180.17135019003777,180.58002377954,180.42516139054862,180.74811915056233,0,0,0,0,0,0,4.597538323149914
1519914600,179.01,180.12,174.41,175.94,179.40201379184907,180.13811675291714,178.9301075936991,180.55956545838342,0,0,0,0,0,0,4.676999871496349
1520001000,173.29,177.11,172.99,176.62,178.89619310242196,179.8030580145441,178.16007172913274,180.40507269530957,0,1,0,0,0,0,4.637214166389468
1520260200,176.2,181.1475,175.89,180.4,179.16961253834523,179.85990963220655,178.9067144860885,180.40487376608175,0,0,0,0,0,0,4.68152029736165
1520346600,181.78,182.38,179.11,179.78,179.28059207682793,179.852299191044,179.19780965739233,180.3803689125099,0,0,0,0,0,0,4.580697418978673
1520433000,178.74,183.82,178.07,183.71,180.08593897195013,180.21969926808745,180.7018731049282,180.51094268064676,0,0,0,0,0,0,4.664219031908767
1520519400,183.56,184.4,181.45,182.34,180.49576824977737,180.42163267112673,181.24791540328548,180.58267041866063,0,0,0,0,0,0,4.541774815343857
1520605800,183.91,185.51,183.21,185.23,181.35653765890876,180.8795724167337,182.57527693552365,180.76491863753668,0,0,0,0,0,0,4.443790899962152
1520861400,185.23,186.1,184.22,184.76,181.97534899365263,181.24913694847336,183.30351795701577,180.92158849488817,1,0,0,0,0,0,4.260662978536283
1520947800,185.61,185.99,181.11,181.88,181.95801281298853,181.30921914385686,182.82901197134385,180.9591732597945,0,1,0,0,0,0,4.304901337212263
1521034200,182.6,184.25,181.85,184.19,182.36382866517243,181.58357922539432,183.28267464756257,181.0858723476457,0,0,0,0,0,0,4.168836955982816
1521120600,183.24,184,182.19,183.86,182.63585981695925,181.8003812039282,183.4751164317084,181.19466166734588,0,0,0,0,0,0,4.0139200305554725
1521207000,184.49,185.33,183.41,185.09,183.08206712296666,182.11367823212552,184.01341095447225,181.34742003333233,1,0,0,0,0,0,3.8643543140872256
1521466200,177.01,177.17,170.06,172.56,181.1689640097,181.20380411478024,180.1956073029815,181.00281532614284,0,0,0,0,0,0,4.661900434509567
1521552600,167.47,170.2,161.95,168.15,178.80187964430002,179.96058467527737,176.18040486865434,180.4987833525686,0,1,0,0,0,0,5.086764689187456
1521639000,164.8,173.4,163.3,169.39,177.09062879988184,178.95386232525095,173.9169365791029,180.06314478972277,0,0,0,0,0,0,5.444852925674065
1521725400,166.13,170.27,163.72,164.89,174.87233265444877,177.61444686570323,170.90795771940194,179.46811950385128,0,0,0,0,0,0,5.523792002411633
1521811800,165.44,167.1,159.02,159.39,172.05736308091264,175.87878525944578,167.06863847960128,178.68074226840614,0,0,0,0,0,0,5.706378287953657
1522071000,160.82,161.1,149.02,160.06,169.87602433892852,174.3722342823557,164.7324256530675,177.95051708140983,0,1,0,0,0,0,6.1616369816712515
1522157400,156.31,162.85,150.75,152.22,166.66583809548698,172.2624976840361,160.561617102045,176.94147719586434,0,0,0,0,0,0,6.585805768694733
1522243800,151.65,155.88,150.8,153.03,164.18659480539844,170.43083123793744,158.05107806803,176.00377220779123,0,0,0,0,0,0,6.478248213787966
1522330200,155.15,161.42,154.14,159.79,163.38721393168964,169.41741873908626,158.63071871201998,175.36793800356412,0,0,0,0,0,0,6.61480191280311
1522675800,157.81,159.2,154.111,155.39,161.9331750350188,168.0814740972685,157.55047914134664,174.58448945440475,0,0,0,0,0,0,6.547958919031459
1522762200,156.55,157.39,150.81,156.11,160.87441593774264,166.94133370705245,157.07031942756444,173.85999967187908,0,0,0,0,0,0,6.550247567672068
1522848600,152.025,155.56,150.51,155.1,159.82452213088035,165.81358763971411,156.41354628504297,173.12431341023677,0,1,0,0,0,0,6.482372741409779
1522935000,161.56,161.575,156.65,159.34,159.736427197993,165.19705548355086,157.3890308566953,172.5837521000314,1,0,0,0,0,0,6.481846117023365
1523021400,157.73,161.42,156.81,157.2,159.27525861653973,164.43543115178412,157.32602057113021,171.98046770395175,0,0,0,0,0,0,6.348142822950266
1523280600,157.82,160.53,156.04,157.93,159.03066614080524,163.81586628018562,157.52734704742014,171.42946897046343,0,1,0,0,0,0,6.215418335596676
1523367000,157.93,165.98,157.01,165.04,160.12327229702245,163.93245044397747,160.03156469828008,171.17890155985702,0,0,0,0,0,0,6.412174168768343
1523453400,165.36,168.65,163.25,166.32,161.2499500612002,164.15983611597963,162.12770979885337,170.98835640064695,1,0,0,0,0,0,6.339876013856319
1523539800,166.98,167.45,163.1,163.87,161.72632277734562,164.13223267636252,162.70847319923558,170.70920516924903,0,0,0,0,0,0,6.197742012866582
1523626200,164.58,165.7036,163.77,164.52,162.2342640905555,164.16916289766132,163.31231546615706,170.4664912410432,0,0,0,0,0,0,5.893160440518968
1523885400,165.7249,165.78,163.39,164.83,162.7062160740909,164.23209976455072,163.81821031077138,170.24545236884543,0,0,0,0,0,0,5.642934694767614
1523971800,165.83,169,165.66,168.66,163.788722242438,164.65380454887924,165.4321402071809,170.1832777661456,1,0,0,0,0,0,5.537725073712783
1524058200,166.88,168.12,165.77,166.36,164.25622728926746,164.8162993537479,165.74142680478727,170.03334530472813,0,0,0,0,0,0,5.34860185416187
1524144600,166.2,168.33,165.2,168.1,164.95509505485518,165.12903274862904,166.52761786985818,169.95752784179763,0,0,0,0,0,0,5.190130293150309
1524231000,167.79,168.43,165.81,166.28,165.19598686306333,165.23864867733104,166.44507857990544,169.8133110636879,0,0,0,0,0,0,5.006549557925288
1524490200,167.27,168.45,165.09,165.84,165.31308016068817,165.29592023187095,166.24338571993695,169.65749494354327,1,0,0,0,0,0,4.888938875216338
1524576600,165.43,166.1,158.19,159.69,164.29070194965396,164.76202306693085,164.0589238132913,169.26661278889452,0,0,0,0,0,0,5.104728955558029
1524663000,160.1448,161.06,156.19,159.69,163.45421068608053,164.27897325103268,162.60261587552753,168.89105934619278,0,1,0,0,0,0,5.087962601589598
1524749400,173.22,176.27,170.8,174.16,165.4007178340659,165.220023417601,166.45507725035168,169.0976844698715,0,0,0,0,0,0,5.90882241576177
1524835800,176.81,177.1,172.6,173.59,166.88967822787208,166.01716404449616,168.83338483356778,169.27385370634713,1,0,0,0,0,0,5.808192243207357
1525095000,173.79,175.72,171.71,172,167.81882764098626,166.58695794502034,169.8889232223785,169.38076140413744,0,0,0,0,0,0,5.679749940121117
1525181400,172,174.02,170.23,173.86,168.9172226153524,167.27962861692316,171.2126154815857,169.55641781966148,0,1,0,0,0,0,5.544767801541039
1525267800,174.246,178.08,174.2,176.07,170.21772759437923,168.11680684388287,172.83174365439046,169.81185241496888,1,0,0,0,0,0,5.450141530002393
1525354200,175.13,176.12,172.12,174.02,170.90904984994665,168.67901571589402,173.227829102927,169.9768778104603,0,0,0,0,0,0,5.34655999214508
1525440600,173.08,176.98,173.06,176.61,171.94558624086545,169.43434755247554,174.35521940195133,170.23700024926578,0,0,0,0,0,0,5.244662849849002
1525699800,177.35,179.5,177.17,177.97,173.04093419707172,170.24726683319216,175.56014626796755,170.54025514145144,0,0,0,0,0,0,5.076472646288358
1525786200,178.25,179.04,177.11,178.92,174.1098552521496,171.0732414205072,176.68009751197837,170.86887258688472,0,0,0,0,0,0,4.851724600124903
1525872600,179.67,183.01,178.7807,182.66,175.66442702448603,172.17674223760176,178.67339834131892,171.33126974034022,0,0,0,0,0,0,4.807265700115981
1525959000,183.15,186.1292,182.5,185.53,177.45816756548857,173.44848107211587,180.95893222754594,171.88808269169942,0,0,0,0,0,0,4.723118150107696
1526045400,184.85,188.32,184.18,186.99,179.191228008127,174.73814954143816,182.9692881516973,172.48031474300532,1,0,0,0,0,0,4.681466853671432
1526304600,187.71,187.86,186.2,186.64,180.54555018846756,175.87165910892023,184.19285876779819,173.03559651778943,0,0,0,0,0,0,4.465647792694903
1526391000,184.88,185.29,183.2,184.32,181.23181379056436,176.67626300330878,184.2352391785321,173.4781221445428,0,0,0,0,0,0,4.392387236073839
1526477400,183.6952,184.32,182.66,183.2,181.58966582864358,177.29757128870793,183.89015945235474,173.8593722565215,0,0,0,0,0,0,4.197216719211421
1526563800,182.68,184.06,182.22,183.76,181.98427204161746,177.91304068978337,183.84677296823648,174.24763216803046,0,1,0,0,0,0,4.028844096410606
1526650200,183.49,184.19,182.61,182.68,182.11076803405064,178.36703681456592,183.457848645491,174.57831325948024,0,0,0,0,0,0,3.8539266609527045
1526909400,183.77,185.3,183.13,184.49,182.54335566422324,178.95017616555964,183.801899096994,174.96700685714768,0,0,0,0,0,0,3.765789042313226
1526995800,184.93,185.42,183.43,183.8,182.7718364525463,179.41206414979206,183.80126606466266,175.31339874510266,0,0,0,0,0,0,3.6389469678622803
1527082200,182.5,186.91,182.18,186.9,183.52241164299244,180.12520089743091,184.83417737644177,175.76777526490255,1,1,0,0,0,0,3.7168793273006884
1527168600,185.88,186.8,185.03,185.93,183.96015498063016,180.6780389071994,185.1994515842945,176.1662938819652,0,0,0,0,0,0,3.5849593753506395
1527255000,186.02,186.33,184.45,184.92,184.1346722568792,181.08203520175184,185.10630105619634,176.50957647482932,0,0,0,0,0,0,3.4631765628255953
1527600600,184.34,186.81,183.71,185.74,184.42655002835573,181.5256508968231,185.31753403746424,176.87155386797326,0,1,0,0,0,0,3.4372353797666237
1527687000,186.54,188,185.25,187.67,185.01626820501832,182.11082700188757,186.1016893583095,177.29502234373902,0,0,0,0,0,0,3.388147138354722
1527773400,187.87,192.72,187.48,191.78,186.24603762228773,183.03170062075543,187.99445957220632,177.86306068320025,0,0,0,0,0,0,3.5204223427579566
1527859800,193.065,194.5492,192.07,193.99,187.65403078187177,184.07534818068348,189.99297304813754,178.49548967601592,0,0,0,0,0,0,3.466763603989532
1528119000,191.84,193.98,191.47,193.28,188.6769342760769,184.95198168728504,191.08864869875836,179.07527439460353,0,0,0,0,0,0,3.3991376322759947
1528205400,194.3,195,192.62,192.94,189.45203713497202,185.71274533611503,191.70576579917224,179.6189891242269,1,0,0,0,0,0,3.3263420871134235
1528291800,191.0252,192.53,189.11,191.34,189.79530311043166,186.24867435172314,191.58384386611482,180.07863660955135,0,0,0,0,0,0,3.3623176523196063
1528378200,190.75,190.97,186.77,188.18,189.50161163580773,186.4326101277495,190.44922924407655,180.396337134667,0,0,0,0,0,0,3.44858067715392
1528464600,187.53,189.4754,186.43,189.1,189.42859133838815,186.68664725844005,189.9994861627177,180.73765724703298,0,1,0,0,0,0,3.419782057357211
1528723800,188.81,192.6,188.8,191.54,189.81248382231757,187.1488713290648,190.5129907751451,181.16127853146307,0,0,0,0,0,0,3.446940481831695
1528810200,192.17,193.28,191.56,192.4,190.28294130916893,187.64897882153483,191.14199385009675,181.6020127066998,0,0,0,0,0,0,3.32501616170086
1528896600,192.74,194.5,191.91,192.41,190.6696792529564,188.10240940996007,191.56466256673116,182.02585534565276,0,0,0,0,0,0,3.2725150072936557
1528983000,193.1,197.28,192.91,196.81,191.78610120696433,188.93170375186864,193.31310837782078,182.60562572425462,0,0,0,0,0,0,3.386621078201252
1529069400,195.79,197.07,194.64,195.85,192.5249918966072,189.59058910883354,194.1587389185472,183.12501295075444,0,0,0,0,0,0,3.3182910011868776
1529328600,194.8,199.58,194.13,198.31,193.5768115517695,190.42100919370654,195.54249261236478,183.72050263896014,0,0,0,0,0,0,3.47055592967353
1529415000,196.2352,197.96,193.79,197.49,194.2883003605387,191.09424641335355,196.19166174157652,184.26048292762837,0,1,0,0,0,0,3.545516220411136
1529501400,199.1,203.55,198.805,202,195.69042756771347,192.13288961208178,198.12777449438434,184.9561502637998,1,0,0,0,0,0,3.725122204667484
1529587800,202.76,203.39,200.09,201.5,196.74671346449284,193.0249953633121,199.2518496629229,185.60492868482726,0,0,0,0,0,0,3.69475633290552
1529674200,201.16,202.24,199.31,201.74,197.65458374367597,193.85499580490142,200.08123310861527,186.2376765795399,0,0,0,0,0,0,3.6401308805551262
1529933400,200,200,193.11,196.35,197.41738669937124,194.09261525205366,198.83748873907683,186.63423828230304,0,1,0,0,0,0,3.9965501033726167
1530019800,197.6,199.1,196.23,199,197.70513457221284,194.55998522804856,198.89165915938455,187.11917011436958,0,0,0,0,0,0,3.9160822388460015
1530106200,199.18,200.75,195.8,195.84,197.36601919544688,194.68189139680584,197.8744394395897,187.46116344321783,1,0,0,0,0,0,3.9899335074998574
1530192600,195.18,197.34,193.26,196.23,197.15947025082016,194.82933031139575,197.32629295972646,187.80503938662105,0,0,0,0,0,0,3.9963668283927256
1530279000,197.32,197.5997,193.955,194.32,196.64320293248923,194.7808226626914,196.3241953064843,188.0605280381261,0,0,0,0,0,0,3.9712477692218164
1530538200,193.37,197.45,192.22,197.36,196.77352967203666,195.02645859957795,196.6694635376562,188.42521321310156,0,1,0,0,0,0,4.061158642848829
1530624600,194.55,195.4,192.52,192.73,196.03834245893907,194.807748256761,195.35630902510414,188.59402838121522,0,0,0,0,0,0,4.1167901683596275
1530797400,194.74,198.65,194.03,198.45,196.47682564822287,195.1546293751647,196.38753935006943,188.98053707214797,0,0,0,0,0,0,4.2455908706196555
1530883800,198.45,203.64,197.7,203.23,197.70467553036417,195.92371229181566,198.66835956671295,189.53933953990688,0,0,0,0,0,0,4.366620094146823
1531143000,204.93,205.8,202.1201,204.74,198.98382543393433,196.76335874021416,200.69223971114198,190.13544387167522,1,0,0,0,0,0,4.317568658850622
1531229400,204.5,204.91,202.26,203.54,199.81222080958264,197.40875314590804,201.64149314076133,190.66111273945268,0,0,0,0,0,0,4.198456611789863
1531315800,202.22,204.5,201.75,202.54,200.3081806623858,197.89744332248821,201.94099542717422,191.12695145555256,0,1,0,0,0,0,4.094995425233445
1531402200,203.43,207.08,203.19,206.92,201.5103296328611,198.7567344346322,203.60066361811613,191.7462866925897,0,0,0,0,0,0,4.1267814662882
1531488600,207.81,208.43,206.45,207.32,202.56663333597726,199.5722835360958,204.8404424120774,192.35702054778227,0,0,0,0,0,0,3.9734399329819015
1531747800,207.5,208.72,206.84,207.23,203.4145181839814,200.30158986599145,205.6369616080516,192.94027464394767,0,0,0,0,0,0,3.8239085091974796
1531834200,204.9,210.46,204.84,209.99,204.6100603323484,201.22429559303987,207.08797440536773,193.60889132457717,0,1,0,0,0,0,3.952200758540517
1531920600,209.82,210.99,208.44,209.36,205.4736857264669,201.99912458417893,207.84531627024515,194.22658186086827,0,0,0,0,0,0,3.852043561501909
1532007000,208.77,209.99,207.76,208.09,205.94937923074565,202.57920795711428,207.92687751349678,194.7702453173048,0,0,0,0,0,0,3.736183307108917
1532093400,208.85,211.5,208.5,209.94,206.67494664333734,203.28023577072244,208.59791834233118,195.36513765780268,0,0,0,0,0,0,3.71288449945828
1532352600,210.58,211.62,208.8,210.91,207.44495634454873,204.0068799830346,209.3686122282208,195.97474010259472,0,0,0,0,0,0,3.6491070352112596
1532439000,215.11,216.2,212.6,214.67,208.75860064553987,205.0224152227456,211.13574148548054,196.7078875495518,0,0,0,0,0,0,3.766313675553312
1532525400,215.715,218.62,214.27,217.5,210.34794598271444,206.21075663010316,213.25716099032036,197.5232645083929,1,0,0,0,0,0,3.808005555870932
1532611800,174.89,180.13,173.75,176.26,204.1501376222209,203.35830361771238,200.9247739935469,196.68941099825986,0,0,0,0,0,0,6.6610051590230075
1532698200,179.87,179.93,173,174.89,198.83011259999893,200.64703660650167,192.24651599569793,195.834532135583,0,0,0,0,0,0,6.680219076235651
1532957400,175.3,175.3,166.56,171.06,193.78100121818093,197.82922359635864,185.18434399713195,194.86298185575623,0,1,0,0,0,0,6.827346285075962
1533043800,170.67,174.24,170,172.58,189.92627372396623,195.4245356348007,180.98289599808797,193.9891394300403,0,0,0,0,0,0,6.642535836141966
1533130200,173.93,175.08,170.9,171.65,186.60331486506328,193.16029414577204,177.87193066539197,193.11309474650932,0,0,0,0,0,0,6.466640419274683
1533216600,170.68,176.79,170.27,176.37,184.7427121623245,191.56121851284138,177.3712871102613,192.4565027956658,0,0,0,0,0,0,6.470451817897919
1533303000,177.69,178.85,176.15,177.78,183.47676449644732,190.24872151161838,177.5075247401742,191.880953666424,0,0,0,0,0,0,6.201133830905209
1533562200,178.97,185.79,178.38,185.69,183.8791709516387,189.81455755813093,180.23501649344948,191.6381711697015,0,0,0,0,0,0,6.330338557269122
1533648600,186.5,188.3,183.72,183.81,183.86659441497713,189.24269493354703,181.42667766229965,191.33118406500733,1,0,0,0,0,0,6.205314374607043
1533735000,184.75,186.85,183.76,185.18,184.10539543043583,188.85577160654256,182.67778510819977,191.08996116049724,0,0,0,0,0,0,5.982791919277969
1533821400,185.8492,186.57,182.48,183.09,183.9207780794475,188.30665050115755,182.8151900721332,190.77623719341892,0,0,0,0,0,0,5.847592496472401
1533907800,182.04,182.1,179.42,180.26,183.2551820650025,187.54030283438064,181.9634600480888,190.36383573485347,0,0,0,0,0,0,5.692050175295802
1534167000,180.1,182.61,178.9,180.05,182.6724216895475,186.82694065967772,181.3256400320592,189.95937158838862,0,0,0,0,0,0,5.550475162774674
1534253400,180.71,181.99,178.62,181.11,182.38834501872068,186.2824701206608,181.2537600213728,189.61233740845182,0,0,0,0,0,0,5.394726936862198
1534339800,179.34,180.87,174.78,179.53,181.86864592440784,185.6393777282169,180.67917334758187,189.2169516277282,0,0,0,0,0,0,5.461532155657756
1534426200,180.42,180.5,174.01,174.7,180.5652557563337,184.5975322302915,178.68611556505456,188.647659407033,0,0,0,0,0,0,5.534994144539346
1534512600,174.5,176.22,172.04,173.8,179.33520925518212,183.5691958274066,177.05741037670305,188.065398253816,0,0,0,0,0,0,5.438208848500822
1534771800,174.04,174.57,170.91,172.5,178.0924439360581,182.51498670098692,175.5382735844687,187.45499047915655,0,1,0,0,0,0,5.311193930750763
1534858200,172.81,174.17,171.39,172.62,177.09745412950207,181.57260701517865,174.56551572297914,186.8732261466406,0,0,0,0,0,0,5.130394364268566
1534944600,172.21,174.24,172.13,173.64,176.46882610595623,180.81712063278067,174.2570104819861,186.35427610167432,0,0,0,0,0,0,4.914651909677955
1535031000,173.09,175.55,172.83,172.9,175.819948632146,180.06310914394442,173.8046736546574,185.8266574310204,0,0,0,0,0,0,4.757891058986672
1535117400,173.7,174.82,172.92,174.645,175.60632160811946,179.54709874928304,174.08478243643827,185.38816106117648,0,0,0,0,0,0,4.555184554773338
1535376600,175.99,178.67,175.79,177.46,175.94335404300682,179.3483274398275,175.2098549576255,185.07725278426759,1,0,0,0,0,0,4.517314229432384
1535463000,178.1,178.2399,175.83,176.26,176.0009260351874,179.05420101698678,175.55990330508368,184.7314781652767,0,0,0,0,0,0,4.3667846416157845
1535549400,176.295,176.79,174.75,175.9,175.9825758469715,178.75380092013089,175.67326887005578,184.38514568820705,0,1,0,0,0,0,4.200585738643228
1535635800,175.9,179.7901,175.7,177.64,176.28392569297668,178.64772464202318,176.32884591337051,184.12063017102247,1,0,0,0,0,0,4.192693900168712
1535722200,177.15,177.62,174.9815,175.73,176.1832119306173,178.36984610468764,176.12923060891367,183.79158585059022,0,0,0,0,0,0,4.083108621585231
1536067800,173.5,173.89,168.8,171.16,175.26990067050505,177.68319409471738,174.47282040594246,183.29622954272395,0,0,0,0,0,0,4.286458005757713
1536154200,169.49,171.125,166.67,167.18,173.79900963950413,176.68288989522048,172.0418802706283,182.6642205410485,0,0,0,0,0,0,4.300996719632162
1536240600,166.98,166.98,160,162.53,171.75009879595794,175.3349956194852,168.8712535137522,181.87464326492895,0,1,0,0,0,0,4.506639811087008
1536327000,160.31,164.6269,160.16,163.04,170.16644446942013,174.1640436557247,166.92750234250147,181.13602980355918,0,0,0,0,0,0,4.503801253152223
1536586200,163.51,165.01,162.16,164.18,169.07800002043464,173.2131823551795,166.01166822833432,180.47108745832156,0,0,0,0,0,0,4.385672592212778
1536672600,163.94,167.19,163.72,165.94,168.5074545621738,172.52049832135287,165.98777881888955,179.90124089132857,1,0,0,0,0,0,4.320267407054723
1536759000,163.25,164.49,161.8,162,167.32428100541492,171.51854610027164,164.65851921259303,179.1992314446098,0,0,0,0,0,0,4.30739116369367
1536845400,162,163.32,160.86,161.36,166.23986627715766,170.5510655192934,163.55901280839535,178.49965374089962,0,0,0,0,0,0,4.175434652001264
1536931800,161.715,162.84,160.34,162.32,165.52716331767445,169.76715451745594,163.14600853893023,177.8651575157663,0,0,0,0,0,0,4.055760748286888
1537191000,161.92,162.06,159.77,160.58,164.6276790780973,168.89218742055536,162.29067235928682,177.18730820142252,0,0,0,0,0,0,3.948206409123537
1537277400,159.39,161.7639,158.8656,160.3,163.84082833662507,168.07388385669296,161.62711490619122,176.52506082097457,0,1,0,0,0,0,3.873213094186142
1537363800,160.08,163.44,159.48,163.06,163.6988595481478,167.5963711084365,162.10474327079416,175.99701922015205,0,0,0,0,0,0,3.879412158887132
1537450200,164.5,166.45,164.4722,166.02,164.1208850848482,167.44624052668064,163.4098288471961,175.6057635644598,0,0,0,0,0,0,3.8444541475380505
1537536600,166.64,167.25,162.81,162.93,163.90436052396672,167.01612238128249,163.24988589813074,175.1086747972261,1,0,0,0,0,0,3.8869931369996182
1537795800,161.03,165.7,160.88,165.41,164.17811315597277,166.86315834496986,163.96992393208717,174.72833460909956,0,1,0,0,0,0,3.953636484356788
1537882200,161.99,165.59,161.15,164.91,164.31118349125043,166.67714326449655,164.28328262139144,174.34330187933097,0,0,0,0,0,0,3.98837673547416
1537968600,164.3,169.3,164.21,166.95,164.79096831102308,166.70312962025878,165.17218841426094,174.0533684722984,0,0,0,0,0,0,4.06706411151172
1538055000,167.55,171.77,167.21,168.84,165.52715589083707,166.90664108499604,166.39479227617397,173.84892264985533,1,0,0,0,0,0,4.120845246403742
1538141400,168.33,168.79,162.56,164.46,165.33312754704852,166.67362764832976,165.74986151744932,173.48072960476296,0,0,0,0,0,0,4.275070585946332
1538400600,163.03,165.88,161.26,162.44,164.80710435667606,166.2704250151555,164.6465743449662,173.04775981634089,0,0,0,0,0,0,4.29970840123588
1538487000,161.58,162.28,158.67,159.33,163.81126720091677,165.60943215656926,162.87438289664414,172.50980845099417,0,0,0,0,0,0,4.26187208686189
1538573400,160,163.66,159.53,162.43,163.560127709841,165.30662909403884,162.72625526442943,172.11452184507283,0,0,0,0,0,0,4.2667383663717535
1538659800,161.46,161.46,157.35,158.85,162.70374085350628,164.6917120374637,161.43417017628627,171.59434451781507,0,0,0,0,0,0,4.324828483059486
1538746200,159.21,160.9,156.2,157.33,161.72669706195967,163.9905966053243,160.06611345085753,171.03495845829292,0,0,0,0,0,0,4.351626448555238
1539005400,155.54,158.34,154.39,157.25,160.91275214160336,163.34863502386483,159.12740896723835,170.49437185208535,0,0,0,0,0,0,4.322938845087008
1539091800,157.69,160.59,157.42,157.9,160.3649790249482,162.82971740254436,158.71827264482556,170.00047491670946,0,0,0,0,0,0,4.252728927580793
1539178200,156.82,157.69,151.31,151.38,158.73134647495763,161.73926812611157,156.27218176321705,169.2702602140934,0,0,0,0,0,0,4.419676861325022
1539264600,150.13,154.81,149.16,153.35,157.75291984314714,160.94029020933903,155.29812117547803,168.64593628412896,0,1,0,0,0,0,4.507557085516092
1539351000,156.73,156.89,151.2998,153.74,157.023298053484,160.25454828464007,154.7787474503187,168.06138976318272,0,0,0,0,0,0,4.5848887222649415
1539610200,153.32,155.57,152.55,153.52,156.38633477103238,159.61316273372196,154.35916496687912,167.49113918423438,0,0,0,0,0,0,4.473110956388873
1539696600,155.4,159.46,155.01,158.78,156.82154663084467,159.5338139019389,155.8327766445861,167.14952588289185,0,0,0,0,0,0,4.57788874521824
1539783000,159.56,160.49,157.95,159.42,157.2939926979638,159.52297448270664,157.02851776305738,166.84640722081767,1,0,0,0,0,0,4.4323252634169386
1539869400,158.51,158.66,153.28,154.92,156.86235766197038,159.0845959605441,156.32567850870493,166.37870497686404,0,1,0,0,0,0,4.554302030315728
1539955800,155.86,157.35,153.55,154.05,156.3510199052485,158.60511063096848,155.56711900580328,165.89522635032034,0,0,0,0,0,0,4.500423313864603
1540215000,154.76,157.34,154.46,154.78,156.06537992247604,158.24081438040005,155.30474600386884,165.45933512089601,0,0,0,0,0,0,4.413964505731417
1540301400,151.22,154.77,150.85,154.39,155.76076539111676,157.87407015369527,154.99983066924588,165.02524354752754,0,0,0,0,0,0,4.379395612464887
1540387800,154.28,154.65,145.6,146.04,153.9933535018228,156.74701585334333,152.01322044616393,164.28072419272254,0,0,0,0,0,0,4.71301021157454
1540474200,147.73,152.21,147,150.95,153.44001650149139,156.19491910540586,151.65881363077594,163.7579506949687,0,0,0,0,0,0,4.817080910747789
1540560600,145.82,149,143.8,145.37,151.9727407739475,155.16397442870053,149.5625424205173,163.03685458928368,0,0,0,0,0,0,4.983717988551517
1540819800,148.5,148.83,139.03,142.09,150.17587881504795,153.91883400691952,147.07169494701154,162.21540931127257,0,1,0,0,0,0,5.327738132226409
1540906200,139.935,146.64,139.7419,146.22,149.45662812140287,153.18561172054623,146.78779663134102,161.58813835788933,0,0,0,0,0,0,5.439906837067379
1540992600,155,156.4,148.96,151.79,149.88087755387508,153.05269631858945,148.45519775422736,161.20389763797212,1,0,0,0,0,0,5.778484920133995
1541079000,151.52,152.75,149.35,151.75,150.22071799862508,152.9286300025333,149.5534651694849,160.83315655413008,0,0,0,0,0,0,5.608593140124425
1541165400,151.8,154.13,148.96,150.35,150.24422381705688,152.68304619276824,149.8189767796566,160.42205237553674,0,0,0,0,0,0,5.577265058686964
1541428200,150.1,150.19,147.44,148.68,149.9598194866829,152.3018036982189,149.4393178531044,159.96157973335883,0,1,0,0,0,0,5.386746125923609
1541514600,149.31,150.97,148,149.94,149.95621594364965,152.07687001267422,149.6062119020696,159.56857660656044,0,0,0,0,0,0,5.214121402643351
1541601000,151.57,153.01,149.83,151.53,150.2423584993497,152.0247871543243,150.24747460137974,159.25333830826395,1,0,0,0,0,0,5.0688270167402525
1541687400,150.49,150.94,146.74,147.87,149.81102059037704,151.62909313962675,149.45498306758648,158.80693288441046,0,0,0,0,0,0,5.048910801258805
1541773800,146.75,147.76,144.07,144.96,148.9290168466721,150.99394141204326,147.956655378391,158.2639159085512,0,0,0,0,0,0,4.959702886883178
1542033000,144.48,145.04,140.4899,141.55,147.58737742000446,150.0945184204201,145.821103585594,157.60846822586294,0,1,0,0,0,0,4.930445537820092
1542119400,142,144.88,141.62,142.16,146.60058152545818,149.3388499994277,144.60073572372931,157.00264594249577,0,0,0,0,0,0,4.816127999404371
1542205800,143.7,145.58,141.55,144.22,146.16774852082943,148.85134047567269,144.47382381581954,156.50136570945673,1,0,0,0,0,0,4.759975999446916
1542292200,142.33,144.84,140.83,143.85,145.74633969886045,148.37502233513243,144.26588254387968,156.00523372085058,0,0,0,0,0,0,4.706406285200708
1542378600,141.07,141.77,137.77,139.53,144.61609611724947,147.532639255596,142.68725502925312,155.35914612395447,0,0,0,0,0,0,4.804520121972085
1542637800,137.61,137.75,131.21,131.55,142.24044227774957,146.01048313601544,138.97483668616874,154.4254541190935,0,0,0,0,0,0,5.055625827545507
1542724200,127.03,134.1592,126.85,132.43,140.45672549997693,144.71710378972824,136.79322445744583,153.56288729089377,0,1,0,0,0,0,5.216595411292256
1542810600,134.4,137.19,134.13,134.82,139.43186631816295,143.7745224764208,136.13548297163055,152.82787210301558,0,0,0,0,0,0,5.183981453342809
1542983400,133.65,134.5,131.2551,131.73,138.03152698758785,142.62742509771405,134.6669886477537,152.000504569564,0,0,0,0,0,0,5.068332778104036
1543242600,133,137,132.78,136.38,137.73124935348096,142.0324322312651,135.2379924318358,151.38793576291442,0,0,0,0,0,0,5.082737579668034
1543329000,135.75,136.6126,133.71,135,137.23465856193897,141.3626767806684,135.15866162122387,150.74527161534914,0,0,0,0,0,0,4.927013466834602
1543415400,136.28,136.7899,131.85,136.76,137.1483570052228,140.92432661108094,135.6924410808159,150.1968295912178,0,1,0,0,0,0,4.927933933489273
1543501800,135.92,139.99,135.66,138.68,137.42683754972776,140.71058121954943,136.68829405387729,149.7451892150916,0,0,0,0,0,0,4.885224366811469
1543588200,138.26,140.966,137.36,140.61,138.00559435886817,140.70100205578282,137.99552936925153,149.3869465007743,0,0,0,0,0,0,4.793851197753507
1543847400,143,143.6799,140.76,141.09,138.5663953845285,140.7380494790416,139.02701957950103,149.06157604976352,1,0,0,0,0,0,4.670711826485399
1543933800,140.73,143.39,137.16,137.93,138.45068713279605,140.47061619532334,138.66134638633403,148.62504365565513,0,0,0,0,0,0,4.7820895531650125
1544106600,133.82,139.7,133.67,139.63,138.66510765410587,140.39055751005446,138.9842309242227,148.27229684562946,0,1,0,0,0,0,4.871226013653226
1544193000,139.25,140.87,136.6566,137.42,138.43872444426844,140.10764727100167,138.46282061614846,147.8467165771734,0,0,0,0,0,0,4.824238441249425
1544452200,139.6,143.05,139.01,141.85,139.05895636349237,140.27358562614435,139.59188041076564,147.61155122120581,0,0,0,0,0,0,4.881792838303039
1544538600,143.88,143.88,141.1,142.08,139.6082370246756,140.44562509032107,140.4212536071771,147.39462764390362,0,0,0,0,0,0,4.731664778424251
1544625000,143.08,147.19,142.51,144.5,140.49764847473458,140.8317560341,141.78083573811807,147.28111283433876,1,0,0,0,0,0,4.758688722822518
1544711400,145.57,145.85,143.19,145.01,141.31807602478284,141.22968403085238,142.85722382541204,147.19204958593332,0,0,0,0,0,0,4.608782385478052
1544797800,143.34,146.01,142.51,144.06,141.8166076566405,141.49923793267595,143.25814921694135,147.06922411197516,0,0,0,0,0,0,4.529583643658191
1545057000,143.08,144.92,138.42,140.19,141.52086080997861,141.37454860575443,142.23543281129423,146.7994506173879,0,0,0,0,0,0,4.670327669111178
1545143400,141.08,145.93,139.8301,143.66,141.90979520816433,141.59221064330163,142.71028854086282,146.6763349069021,0,0,0,0,0,0,4.7724399784603815
1545229800,141.21,144.91,132.5,133.24,140.33346880667992,140.79676201060624,139.55352569390854,146.14941981251377,0,0,0,0,0,0,5.317979979998926
1545316200,130.7,135.57,130,133.4,139.0728381145563,140.0923084857866,137.5023504626057,145.6494425649642,0,0,0,0,0,0,5.335981409999002
1545402600,133.39,134.9,123.42,124.95,136.50504936645515,138.65018386809263,133.31823364173715,144.83769971927933,0,0,0,0,0,0,5.774839880713359
1545661800,123.1,129.74,123.02,124.06,134.24231311800875,137.2606425473219,130.2321557611581,144.0228879655821,0,1,0,0,0,0,5.842351317805263
1545834600,126,134.24,125.89,134.18,134.23098346018898,136.96724801900552,131.5481038407721,143.63689235908868,0,0,0,0,0,0,6.152183366533459
1545921000,132.44,134.99,129.67,134.52,134.2835319219728,136.73417677910024,132.53873589384807,143.27936716853617,0,0,0,0,0,0,6.092741697495356
1546007400,135.34,135.92,132.2,133.2,134.08652611797774,136.39758851442403,132.75915726256537,142.88409786780926,0,0,0,0,0,0,5.923260147674259
1546266600,134.45,134.64,129.95,131.09,133.54170318743633,135.8921038940027,132.2027715083769,142.4215842259344,0,0,0,0,0,0,5.835170137126097
1546439400,128.99,137.51,128.56,135.68,133.93048442608426,135.8719035231453,133.3618476722513,142.15720837393698,0,1,0,0,0,0,6.057657984474232
1546525800,134.69,137.17,131.12,131.74,133.53221453043258,135.47838890189337,132.82123178150087,141.74869039848846,0,0,0,0,0,0,6.057110985583214
1546612200,134.01,138,133.75,137.95,134.3354482521721,135.71378043504637,134.53082118766724,141.59972214756735,0,0,0,0,0,0,6.071603058041555
1546871400,137.56,138.87,135.91,138.05,135.01082129723173,135.93627753647053,135.70388079177818,141.46051735746667,0,0,0,0,0,0,5.849345696752873
1546957800,139.89,143.14,139.54,142.53,136.37794469773505,136.56425110442572,137.97925386118544,141.50245785325228,0,0,0,0,0,0,5.79510671841338
1547044200,142.95,144.7,141.27,144.23,137.80559111632869,137.29432242781374,140.06283590745696,141.60942029037963,0,0,0,0,0,0,5.626170524240995
1547130600,143.08,144.56,140.84,144.2,138.96821091335983,137.9520060061172,141.4418906049713,141.7110116515412,0,0,0,0,0,0,5.490015486795209
1547217000,143.15,145.36,142.57,143.8,139.84671802002168,138.5089578150584,142.22792706998086,141.7929327632455,0,0,0,0,0,0,5.29715723773841
1547476200,142,146.57,141.27,145.39,140.85458747092682,139.16429516600522,143.28195137998725,141.93399422351038,0,0,0,0,0,0,5.297360292185665
1547562600,146.01,150.68,145.99,148.95,142.32648065803102,140.0962670549571,145.1713009199915,142.20913170494134,1,0,0,0,0,0,5.296834557029547
1547649000,149,149.6499,146.9975,147.54,143.27439326566173,140.80519400210406,145.96086727999432,142.4181853635711,0,0,0,0,0,0,5.10794637438458
1547735400,146.95,149,146.5,148.3,144.18813994463233,141.5189850495227,146.74057818666287,142.64884476107812,0,0,0,0,0,0,4.921664490499967
1547821800,149.75,152.43,148.55,150.04,145.2521145001537,142.3305102829015,147.84038545777526,142.93869398613387,1,0,0,0,0,0,4.865117026892826
1548167400,149.2,151.53,146.37,147.57,145.6735482273985,142.82950930357757,147.75025697185018,143.1203138298149,0,0,0,0,0,0,4.886180096400482
1548253800,148.28,148.8,143.055,144.3,145.4238121860533,142.96955603657017,146.60017131456678,143.16657603256726,0,0,0,0,0,0,4.947524375229018
1548340200,144.64,146.44,142.52,145.83,145.4976645158618,143.24197927118254,146.34344754304453,143.27102403129012,0,1,0,0,0,0,4.874129776998373
1548426600,147.48,149.83,146.54,149.01,146.1362709675233,143.79131457868897,147.2322983620297,143.496081912416,1,0,0,0,0,0,4.811691935784204
1548685800,148.05,148.96,146.21,147.47,146.37876715524635,144.14166557119478,147.31153224135312,143.6519218374193,0,0,0,0,0,0,4.66799965465676
1548772200,148.09,148.1,143.43,144.19,145.9808094906561,144.14626885012862,146.2710214942354,143.67302294183423,0,1,0,0,0,0,4.6681425364669895
1548858600,146.22,150.95,145.6953,150.42,146.78793503780955,144.74376705487828,147.65401432949028,143.93761027744858,0,0,0,0,0,0,4.817560926719346
1548945000,165.6,171.68,165,166.69,150.40649230366236,146.8338844782232,153.99934288632684,144.82986085480354,1,0,0,0,0,0,5.992020860525108
1549031400,165.84,169.1,165.66,165.71,153.18894824845103,148.63160976601148,157.90289525755122,145.6486898408897,0,0,0,0,0,0,5.809733656201886
1549290600,165.7,169.3,163.62,169.25,156.1091394760054,150.5952659787723,161.68526350503416,146.57423141575677,0,1,0,0,0,0,5.800466966473181
1549377000,169.15,171.98,168.69,171.16,158.84565957127714,152.55381207603207,164.8435090033561,147.53837920337415,0,0,0,0,0,0,5.621147897439381
1549463400,171.2,172.47,169.27,170.49,160.96281237649947,154.26202044974332,166.72567266890408,148.43844276402615,1,0,0,0,0,0,5.448208761907996
1549549800,168.2,169.24,165.25,166.38,161.94775558077228,155.41611374024396,166.61044844593604,149.14203324386827,0,0,0,0,0,0,5.4333367074859975
1549636200,164.47,167.37,164.21,167.33,162.92634547517733,156.55076957450643,166.85029896395736,149.85528684214793,0,1,0,0,0,0,5.27095551409414
1549895400,167.9,168.3,165.08,165.79,163.447009934236,157.4306962816963,166.49686597597156,150.48017755422057,0,0,0,0,0,0,5.124458691658845
1549981800,166.86,168.34,164.5,165.04,163.73664449164764,158.1553918739157,166.01124398398105,151.05115098346684,1,0,0,0,0,0,5.032711642254641
1550068200,165.38,166.22,163.73,164.07,163.79725458407535,158.71868788592374,165.36416265598737,151.56169408215442,0,0,0,0,0,0,4.851089382093597
1550154600,163.19,164.8697,162.2468,163.95,163.82502647787982,159.21690808726433,164.89277510399157,152.0475100005013,0,0,0,0,0,0,4.6919329976583395
1550241000,164.51,164.7,160.86,162.5,163.58411257281077,159.52958350752488,164.09518340266104,152.45741156910907,0,0,0,0,0,0,4.631080640682741
1550586600,160.5,164.15,160.33,162.29,163.34881937775427,159.79248031633202,163.49345560177403,152.84300327228127,0,0,0,0,0,0,4.573146309205403
1550673000,162.25,163.72,161.25,162.56,163.20539767270805,160.0560536195385,163.182303734516,153.2240619674859,0,0,0,0,0,0,4.422921572833588
1550759400,161.93,162.24,159.59,160.04,162.62987082312478,160.05452470339196,162.134869156344,153.49135365503548,0,1,0,0,0,0,4.319141460488332
1550845800,160.58,162.41,160.31,161.89,162.4953488552839,160.2293318744975,162.05324610422932,153.82071233523016,0,0,0,0,0,0,4.179917070453452
1551105000,163.07,166.07,162.9,164.62,162.8816490634141,160.64749074359295,162.90883073615288,154.24421381227995,0,0,0,0,0,0,4.179922993992491
1551191400,164.335,166.24,163.8,164.13,163.10862196097517,160.9791582918222,163.31588715743524,154.63189170199448,1,0,0,0,0,0,4.0556427801358845
1551277800,162.9,163.93,160.41,162.81,163.05432705897968,161.1535241687915,163.14725810495682,154.95260183132802,0,1,0,0,0,0,4.031668295840464
1551364200,162.37,163.5,160.86,161.45,162.76263123007428,161.18175996223994,162.58150540330453,155.20740175951124,0,0,0,0,0,0,3.932263417566144
1551450600,162.6,163.132,161.69,162.28,162.6748800973335,161.28635425155042,162.48100360220303,155.4847585532559,0,0,0,0,0,0,3.771530316311421
1551709800,163.9,167.5,163.83,167.37,163.52853826145468,161.8657490847361,164.11066906813537,155.9508464531282,0,0,0,0,0,0,3.874992436574891
1551796200,167.37,171.88,166.55,171.26,164.93425857755383,162.76043964809458,166.4937793787569,156.55120541575064,0,0,0,0,0,0,3.9789215482481124
1551882600,172.9,173.57,171.27,172.51,166.31166610890767,163.6889692054189,168.4991862525046,157.1770404974859,1,0,0,0,0,0,3.85971286623039
1551969000,171.5,171.74,167.61,169.13,166.82409045274264,164.20716261442664,168.70945750166973,157.64578400738841,0,0,0,0,0,0,3.9340190900710748
1552055400,166.2,169.62,165.97,169.6,167.3288012795167,164.72076617495742,169.00630500111316,158.1145767914124,0,1,0,0,0,0,3.9137320122088552
1552311000,171.6,174.3,171.58,172.07,168.19083741051367,165.42069320591386,170.02753666740878,158.66184828978837,1,0,0,0,0,0,3.969894011336795
1552397400,172.09,173.8,171.2178,171.92,168.86886697223846,166.03967480535064,170.65835777827252,159.1817758078359,0,0,0,0,0,0,3.870773010527024
1552483800,172.32,174.03,172.12,173.37,169.68725479546782,166.73780101436486,171.56223851884835,159.7381767565482,0,0,0,0,0,0,3.7450035097750947
1552570200,169.76,171.15,168.16,170.17,169.7750266508373,167.06467710823486,171.09815901256556,160.14726786413453,0,0,0,0,0,0,3.849646116219731
1552656600,167.16,167.58,162.51,165.98,169.08502180523053,166.96137452649822,169.39210600837703,160.3760024576979,0,0,0,0,0,0,4.121814250775464
1552915800,163.57,163.9,159.28,160.47,167.51865420427953,166.34314838111743,166.41807067225136,160.3796886358274,0,1,0,0,0,0,4.305970375720073
1553002200,161.48,163.82,160.82,161.57,166.43708071259235,165.88856282101102,164.80204711483424,160.42636751285377,0,0,0,0,0,0,4.237686777454353
1553088600,161.5,166.12,161.24,165.44,166.25579331030283,165.8458425523433,165.01469807655616,160.62298055156538,0,0,0,0,0,0,4.283566293350471
1553175000,164.89,166.39,163.75,166.08,166.22383089024777,165.86814326164395,165.3697987177041,160.8369813142491,0,0,0,0,0,0,4.166168700968293
1553261400,165.65,167.42,164.09,164.34,165.88131618293,165.72260580815404,165.0265324784694,160.97435459604324,0,0,0,0,0,0,4.106442365184843
1553520600,163,166.54,162,166.29,165.95562233148817,165.77664335023462,165.4476883189796,161.18281127855136,0,1,0,0,0,0,4.137410767671639
1553607000,167.35,169.45,166.3499,167.68,166.26914554394486,165.95791541211705,166.19179221265307,161.43760299311796,1,0,0,0,0,0,4.06759571283795
1553693400,167.85,168.94,164.79,165.87,166.19657362686397,165.94954251572494,166.08452814176871,161.61142248358394,0,0,0,0,0,0,4.073481733349526
1553779800,164.57,166.72,163.33,165.55,166.07901478561598,165.91149084756066,165.90635209451247,161.76587650383556,0,1,0,0,0,0,4.024661609538844
1553866200,166.39,167.19,164.81,166.69,166.19010300641307,165.9856345763644,166.1675680630083,161.9589793860381,0,0,0,0,0,0,3.9071857802860697
1554125400,167.83,168.9,167.2789,168.7,166.64644791433795,166.2441455690916,167.01171204200554,162.22333313560523,0,0,0,0,0,0,3.785958224551351
1554211800,170.14,174.9,169.55,174.2,168.01982102082195,167.00184599108286,169.4078080280037,162.69300634597366,0,0,0,0,0,0,3.9583897799405414
1554298200,174.5,177.96,172.95,173.54,169.02348992612704,167.62452732526543,170.78520535200246,163.11837864613156,0,0,0,0,0,0,4.033504795659075
1554384600,176.02,178,175.5301,176.02,170.29558266683122,168.42409615143063,172.53013690133497,163.62432458157738,1,0,0,0,0,0,4.063968738826285
1554471000,176.88,177,175.1,175.72,171.281840363771,169.11894413700867,173.59342460089,164.09866479406455,0,0,0,0,0,0,3.909399543195836
1554730200,175.21,175.5,174.23,174.93,171.94514211581264,169.67237802872214,174.03894973392667,164.52342303743455,0,1,0,0,0,0,3.7365852901104195
1554816600,175.62,179.19,175.55,177.58,172.96966173111943,170.42548488312954,175.21929982261778,165.0354456634175,1,0,0,0,0,0,3.773972055102532
1554903000,178.18,178.79,176.54,177.82,173.85154141637045,171.12972441806957,176.0861998817452,165.53680073544035,0,0,0,0,0,0,3.6651169083094937
1554989400,178.24,178.4,177,177.51,174.5167157043031,171.73736971158675,176.56079992116346,166.00633796150152,0,0,0,0,0,0,3.5033228434302446
1555075800,178,179.63,177.95,179.1,175.35004012170253,172.43857259619753,177.4071999474423,166.51981490418774,0,0,0,0,0,0,3.404514068899513
1555335000,178.5,180.5,176.87,179.65,176.1318510086657,173.12537520608348,178.15479996496154,167.03472412363135,0,1,0,0,0,0,3.420620206835262
1555421400,179,180.17,178.3,178.87,176.6296962798174,173.67248232931362,178.39319997664103,167.4988525893713,0,0,0,0,0,0,3.3098616206327414
1555507800,179.6,180.74,178.36,178.78,177.02066059257788,174.15891258366472,178.52213331776068,167.941250527043,0,0,0,0,0,0,3.243442933444688
1555594200,178.8,178.88,177.34,178.28,177.24963139392736,174.55139709950618,178.44142221184046,168.34669168284523,0,1,0,0,0,0,3.1217684381986386
1555939800,178.25,181.665,178.25,181.44,178.01151659503148,175.20745451860083,179.44094814122698,168.8601547541062,0,0,0,0,0,0,3.1427135497558782
1556026200,182.74,184.22,181.48,183.78,179.0603317595712,176.0238874215912,180.887298760818,169.4452467245334,0,0,0,0,0,0,3.11680543905903
1556112600,184.49,185.14,181.65,182.58,179.70027143964916,176.64827909572537,181.451532507212,169.9603350882772,0,0,0,0,0,0,3.143462193411955
1556199000,196.98,198.48,192.12,193.26,182.1656766324402,178.23034775327534,185.38768833814132,170.8740474377565,1,0,0,0,0,0,4.054643465311099
1556285400,192.5,192.9,189.09,191.49,183.8610081538147,179.49317177677293,187.42179222542754,171.68251616568762,0,0,0,0,0,0,4.062883217788877
1556544600,190.95,195.41,190.65,194.78,185.84627939857566,180.94906017898504,189.87452815028502,172.58829984546458,0,0,0,0,0,0,4.1126772736611
1556631000,194.19,197.39,192.28,193.4,187.21968314428918,182.13486397146266,191.04968543352334,173.404444949564,1,0,0,0,0,0,4.183914611256735
1556717400,194.78,196.1769,193.01,193.03,188.27610439078205,183.1724959741805,191.70979028901556,174.17407455938502,0,0,0,0,0,0,4.111270710452682
1556803800,193,194,189.75,192.53,189.0495399560944,184.06368683378236,191.98319352601038,174.89391477274248,0,1,0,0,0,0,4.121179945420347
1556890200,194.38,196.16,193.71,195.47,190.2168963277136,185.15000237342213,193.1454623506736,175.70082007577219,0,0,0,0,0,0,4.086095663604608
1557149400,191.24,194.28,190.55,193.88,190.88291517722024,185.9814307188105,193.3903082337824,176.41372909240857,0,0,0,0,0,0,4.145660259061421
1557235800,192.54,192.9,187.85,189.77,190.6805669631802,186.34224684082852,192.1835388225216,176.93750442211805,0,0,0,0,0,0,4.280255954842748
1557322200,189.39,190.72,188.55,189.54,190.4731911516929,186.64679476074963,191.3023592150144,177.43171993497617,0,0,0,0,0,0,4.129523386639694
1557408600,187.2,189.77,186.26,188.65,190.1417018513851,186.8375762121068,190.41823947667626,177.87165248654574,0,0,0,0,0,0,4.0852717161654315
1557495000,188.25,190,184.59,188.34,189.81411969658782,186.98066419190616,189.72549298445085,178.28217591844592,0,0,0,0,0,0,4.179895165010757
1557754200,183.5,185.43,180.84,181.54,188.30973429720822,186.4625056974389,186.99699532296722,178.40993372556568,0,0,0,0,0,0,4.4170455103671316
1557840600,182.52,183.49,178.1,180.73,186.9316007886249,185.9165527738733,184.90799688197814,178.50091671671996,0,1,0,0,0,0,4.486542259626623
1557927000,180.42,187.28,180.02,186.27,186.81130973614765,185.95021441445678,185.36199792131876,178.8055866493976,0,0,0,0,0,0,4.684646383939007
1558013400,185.05,188.575,185.05,186.99,186.8437988750299,186.04924161307994,185.9046652808792,179.12654403569576,1,0,0,0,0,0,4.601814499371933
1558099800,184.84,187.58,184.28,185.3,186.563108170479,185.9778852689771,185.7031101872528,179.36864034802142,0,0,0,0,0,0,4.508827749416796
1558359000,181.88,184.23,181.37,182.72,185.86436123039192,185.66761048145548,184.7087401248352,179.50006621672645,0,1,0,0,0,0,4.46748291017274
1558445400,184.57,185.7,183.885,184.82,185.67447737032066,185.58688567369782,184.74582674989014,179.70869107097246,0,0,0,0,0,0,4.361234130874687
1558531800,184.73,186.74,183.61,185.32,185.61002693935328,185.5614679904885,184.9372178332601,179.92874240152256,1,0,0,0,0,0,4.273288835812209
1558618200,182.42,183.9,179.67,180.87,184.74820385947086,185.11466151520386,183.58147855550672,179.96565446420794,0,1,0,0,0,0,4.371625347539909
1558704600,182.33,183.63,180.83,181.06,184.07762133956706,184.72850327566064,182.74098570367116,180.00856997541547,0,0,0,0,0,0,4.2593663941442
1559050200,181.54,184.7119,181.4537,184.31,184.11987200510032,184.68864582083583,183.2639904691141,180.17725350579133,1,0,0,0,0,0,4.215975937419615
1559136600,183.5,184.56,181.35,182.19,183.76898618599117,184.4506795521848,182.90599364607607,180.25618474085834,0,0,0,0,0,0,4.144120513318215
1559223000,183.08,183.48,180.89,183.01,183.63098869762914,184.31347197578623,182.94066243071737,180.3641774961188,0,0,0,0,0,0,4.0331119052240565
1559309400,180.28,180.54,177.16,177.47,182.51080893442384,183.66171273999706,181.1171082871449,180.25068033940826,0,0,0,0,0,0,4.162889626279481
1559568600,175,175.05,161.01,164.15,179.17248003725587,181.80345438380687,175.46140552476328,179.61928111041186,0,0,0,0,0,0,5.041254652973804
1559655000,163.71,168.28,160.84,167.5,177.050210939573,180.4412206329681,172.80760368317553,179.14401518451336,0,1,0,0,0,0,5.212593606332818
1559741400,167.48,168.72,164.63,168.17,175.4356271323779,179.2725329536378,171.26173578878368,178.7136616478658,0,0,0,0,0,0,5.132408348737617
1559827800,168.3,169.7,167.23,168.33,174.143694926491,178.23038695805326,170.2844905258558,178.30645923030244,0,0,0,0,0,0,4.942236323827787
1559914200,170.17,173.87,168.84,173.35,173.9993867580381,177.7655882001434,171.3063270172372,178.1120882800945,0,0,0,0,0,0,4.9849337292686595
1560173400,174.75,177.86,173.8,174.82,174.14858916566754,177.48505599060596,172.4775513448248,177.98298677891432,0,0,0,0,0,0,4.951009891463756
1560259800,178.48,179.98,176.79,178.1,174.86702749918254,177.54362208673874,174.35170089654986,177.9875755326824,1,0,0,0,0,0,4.965937756359202
1560346200,178.38,179.27,172.88,175.04,174.89847704478572,177.30518188800173,174.58113393103324,177.8719843353223,0,1,0,0,0,0,5.067656488047832
1560432600,175.53,178.03,174.606,177.47,175.3660266730065,177.32087885104917,175.5440892873555,177.85622024374103,0,0,0,0,0,0,4.950252453187273
1560519000,180.51,181.8398,180,181.33,176.4503854597326,177.702699912854,177.47272619157033,177.99244690084922,0,0,0,0,0,0,4.908791563673896
1560778200,185.01,189.5,184.4105,189.01,178.73395173978122,178.77958563543933,181.31848412771356,178.42450780669827,0,0,0,0,0,0,5.141735023411473
1560864600,194,194.53,187.28,188.47,180.50414233254827,179.70248224158797,183.70232275180905,178.81844867702384,1,0,0,0,0,0,5.292325378882082
1560951000,187,188.1,184.55,187.48,181.77248009026675,180.4431982185796,184.96154850120604,179.15811735635623,0,0,0,0,0,0,5.194302137533361
1561037400,190.95,191.16,187.64,189.53,183.1829382556728,181.30860791204822,186.48436566747068,179.56485785218538,0,0,0,0,0,0,5.0861376991381215
1561123800,188.75,192,188.75,191.14,184.6296767546414,182.24493096804363,188.03624377831378,180.01878499523693,0,0,0,0,0,0,4.954985006342541
1561383000,192.42,193.98,191.57,192.6,186.0788264356157,183.23112801870613,189.55749585220917,180.51216597581586,1,0,0,0,0,0,4.803914648746646
1561469400,192.88,193.14,188.13,188.84,186.5808579927765,183.7653063026389,189.31833056813946,180.83874770225447,0,0,0,0,0,0,4.818635030979029
1561555800,189.54,190.76,187.31,187.66,186.77706563045348,184.13622951191138,188.76555371209298,181.10624779236213,0,1,0,0,0,0,4.720875385909097
1561642200,189.88,189.95,188.27,189.5,187.27214460673466,184.64706479649124,189.01036914139533,181.43541454560284,0,0,0,0,0,0,4.547241429772733
1561728600,190.55,193.2,189.94,193,188.31357286005561,185.44258243492064,190.34024609426356,181.88892770067724,0,0,0,0,0,0,4.486724184788965
1561987800,195.21,195.28,191.93,193,189.16565052186368,186.1623364887377,191.22683072950903,182.32465602614087,0,0,0,0,0,0,4.405529600161182
1562074200,193,195,192.71,195,190.22644133607028,187.00401872790553,192.4845538196727,182.82172833884124,0,0,0,0,0,0,4.254420343006811
1562160600,194.16,197.4,194.16,197.2,191.4943610931484,187.9750645633431,194.05636921311512,183.38558212947493,1,0,0,0,0,0,4.181961747077754
1562333400,196.18,197.07,194.17,196.4,192.38629543984868,188.77743936683424,194.83757947541008,183.8959514577308,0,0,0,0,0,0,4.099678765143628
1562592600,195.19,196.68,193.64,195.76,192.9996962689671,189.44244514142144,195.14505298360672,184.36120826330998,0,1,0,0,0,0,4.0239874247762275
1562679000,194.97,199.46,194.89,199.21,194.1288424018822,190.37268846128606,196.50003532240447,184.94351382161153,0,0,0,0,0,0,4.062988323006499
1562765400,200,202.96,199.67,202.73,195.6926892379036,191.5495752744969,198.57669021493632,185.6410230835091,0,0,0,0,0,0,4.0406320142203205
1562851800,203.26,203.8,200.21,201.23,196.69947301283023,192.47152048644958,199.46112680995753,186.2523555116068,0,0,0,0,0,0,4.008444013204583
1562938200,199.68,205.3,199.16,204.87,198.18502337413383,193.65232805916867,201.2640845399717,186.98245921703398,0,1,0,0,0,0,4.1606980122614
1563197400,204.25,205.33,201.82,203.91,199.2259282152004,194.6292491963907,202.14605635998112,187.64628434577773,0,0,0,0,0,0,4.114219582814159
1563283800,203.89,205.4707,203.1,203.84,200.06485035789126,195.5064635586392,202.71070423998742,188.28133201849232,1,0,0,0,0,0,3.989682469756005
1563370200,204.18,204.36,201.59,201.8,200.38033211100193,196.10584798162594,202.4071361599916,188.81147586090438,0,0,0,0,0,0,3.9025622933448623
1563456600,200.15,202.47,199.38,200.78,200.45299899991068,196.5510053167092,201.8647574399944,189.28082974871205,0,0,0,0,0,0,3.844522129534515
1563543000,202.18,202.33,198.07,198.36,200.07245372719964,196.72329052464164,200.69650495999628,189.6368756409194,0,1,0,0,0,0,3.874199120282051
1563802200,199.91,202.57,198.81,202.32,200.48109850407243,197.25631047467576,201.23766997333084,190.13425306676572,0,0,0,0,0,0,3.8981848974047604
1563888600,202.84,204.242,200.9625,202.36,200.82271695787745,197.74237614375426,201.61177998222055,190.613694122971,0,0,0,0,0,0,3.8539931190187047
1563975000,197.63,204.81,197.22,204.66,201.5204047837179,198.4011974633967,202.62785332148036,191.16452964756036,0,0,0,0,0,0,4.120850753374511
1564061400,206.7,208.66,198.26,200.71,201.37305845940557,198.62108341926367,201.98856888098692,191.53886181824427,1,0,0,0,0,0,4.56936141384776
1564147800,200.19,202.88,196.25,199.75,201.07795692133183,198.7285992840957,201.2423792539913,191.86086723713666,0,0,0,0,0,0,4.716549884287206
1564407000,199,199.63,195.3,195.94,200.14378293563513,198.46301839989613,199.47491950266087,192.0208332278372,0,0,0,0,0,0,4.697510606838118
1564493400,195.39,198.71,193.5,197.04,199.57945876551966,198.32749283800126,198.66327966844057,192.21766329733376,0,0,0,0,0,0,4.734116992063967
1564579800,196.95,198.76,192.68,194.23,198.60682989906155,197.93725542485828,197.18551977896038,192.2965784621442,0,0,0,0,0,0,4.830251492630826
1564666200,194.17,198.47,190.88,192.73,197.53831537195944,197.44132633677654,195.70034651930692,192.31357538519737,0,0,0,0,0,0,5.027376386014339
1564752600,191.1,192.62,188.07,189.02,195.9895307588759,196.63929525708355,193.47356434620463,192.18441556617003,0,0,0,0,0,0,5.0011352155847435
1565011800,184.69,185.67,179.34,181.73,193.39688880271663,195.21936237545654,189.55904289746974,191.77443848514375,0,1,0,0,0,0,5.335339843042976
1565098200,183.69,185.789,183.09,184.51,191.78109083858632,194.19942310160354,187.87602859831316,191.48955854454988,0,0,0,0,0,0,5.244172711397049
1565184600,183.6,186.37,181.22,185.15,190.57543795884337,193.3375732824032,186.96735239887545,191.24094840554793,0,0,0,0,0,0,5.237446089154403
1565271000,186.62,190.34,184.05,190.16,190.4999037845082,193.03494725550766,188.03156826591697,191.19855827199703,0,0,0,0,0,0,5.3126285113576595
1565357400,190,190.98,187.12,187.85,190.0181030964158,192.54114275498313,187.9710455106113,191.06724226133048,0,0,0,0,0,0,5.208869331974968
1565616600,186.85,187.59,184.46,185.37,189.17299344252203,191.85817677831807,187.10403034040755,190.84382099618026,0,0,0,0,0,0,5.078950093976756
1565703000,185.52,191.38,185.37,188.45,189.0415400893362,191.53358851371635,187.55268689360503,190.7499456629967,1,0,0,0,0,0,5.145453658692701
1565789400,185.8,185.99,179.31,179.71,187.3448964367296,190.407532464791,184.93845792907,190.31700661738898,0,1,0,0,0,0,5.430778397357507
1565875800,180.95,183.2,180.03,182.59,186.48036981186968,189.6630055633823,184.15563861938,190.0139867500404,0,0,0,0,0,0,5.292151368974826
1565962200,183.75,185.1,182.36,183.7,185.97484802789336,189.09510027163162,184.00375907958667,189.76637942650942,0,0,0,0,0,0,5.109854842619479
1566221400,186.01,187.5,184.85,186.17,186.01033020464,188.816519293381,184.7258393863911,189.62534493919532,1,0,0,0,0,0,5.016293782432375
1566307800,185.45,186,182.39,183.81,185.61027016743273,188.33970793210662,184.4205595909274,189.39729219648177,0,0,0,0,0,0,4.9279870836872055
1566394200,185,185.9,183.14,183.55,185.23567559153588,187.883545271906,184.13037306061827,189.16798662014915,0,0,0,0,0,0,4.773130863423836
1566480600,183.43,184.11,179.91,182.04,184.65464366580207,187.3270171507721,183.43358204041218,188.88845773308446,0,0,0,0,0,0,4.732192944607848
1566567000,180.84,183.13,176.66,177.75,183.3992539083835,186.41492027926998,181.5390546936081,188.45165546904192,0,1,0,0,0,0,4.8563220199930015
1566826200,179.4,180.5,178.24,180.36,182.84666228867744,185.83826120505378,181.14603646240542,188.13433564672656,0,0,0,0,0,0,4.705870447136358
1566912600,181.93,184.04,181.01,181.3,182.56545096346335,185.4060458521915,181.19735764160362,187.86632248410982,0,0,0,0,0,0,4.632593986626617
1566999000,180.53,181.95,178.92,181.76,182.41900533374275,185.05880339007803,181.3849050944024,187.62685885728197,0,0,0,0,0,0,4.518122987581859
1567085400,183.77,186.0752,183.47,185.57,182.99191345488043,185.10748878149917,182.7799367296016,187.54619772562387,0,0,0,0,0,0,4.503628488468869
1567171800,186.78,186.8017,183.4585,185.67,183.4788382812658,185.16106127849926,183.74329115306773,187.47262134422687,0,0,0,0,0,0,4.420740739292523
1567517400,184,185.67,182.11,182.39,183.28086768467202,184.89715068054696,183.29219410204516,187.27330286013952,0,1,0,0,0,0,4.359259257914483
1567603800,184.65,187.7494,183.89,187.14,183.98252810564074,185.11075537763773,184.5747960680301,187.26807529699678,0,0,0,0,0,0,4.430697882349165
1567690200,188.53,191.36,187.94,190.9,185.24025026825151,185.6621120083389,186.68319737868674,187.4105037167224,1,0,0,0,0,0,4.415648033609941
1567776600,190.21,190.21,186.35,187.49,185.64929567402396,185.8361965789733,186.95213158579116,187.4136212180274,0,0,0,0,0,0,4.425244602637803
1568035800,187.73,188.98,185.8466,188.76,186.21487827874688,186.11465404764252,187.55475439052745,187.46642038594788,0,0,0,0,0,0,4.332969988163674
1568122200,187.44,188.1,184.55,186.17,186.20671859170199,186.1199250907242,187.09316959368496,187.41558037081268,0,1,0,0,0,0,4.324186417580553
1568208600,186.46,189.44,186.08,188.49,186.621860665938,186.34564651065523,187.5587797291233,187.45771447391806,0,0,0,0,0,0,4.255315959181941
1568295000,189.86,190.93,187.23,187.47,186.7760678175856,186.45272779535472,187.5291864860822,187.4581962592546,1,0,0,0,0,0,4.215650533526089
1568381400,187.325,187.97,186.54,187.19,186.85132821438822,186.52294419579712,187.4161243240548,187.44767875889167,0,0,0,0,0,0,4.016675495417084
1568640600,186.93,187.7943,185.765,186.22,186.73654126631763,186.49409236762597,187.01741621603654,187.39953449383708,0,0,0,0,0,0,3.8747201028872924
1568727000,186.66,188.32,185.54,188.08,186.9808064906235,186.64513118975682,187.37161081069104,187.42621941564738,0,1,0,0,0,0,3.7965258098239145
1568813400,188.09,189.08,186.012,188.14,187.1915689468738,186.78749964787522,187.62774054046068,187.45421081111218,0,0,0,0,0,0,3.7444882519793503
1568899800,188.66,191.1,188.15,190.14,187.72764732016947,187.10678539569662,188.46516036030712,187.55953587734308,0,0,0,0,0,0,3.688453376837969
1568986200,190.66,193.1,188.12,189.93,188.12807508013864,187.37566297705885,188.95344024020474,187.6524952547022,1,0,0,0,0,0,3.7807067070638274
1569245400,189.34,190.1,185.2062,186.82,187.89024324738617,187.32274269352945,188.24229349346982,187.61984838196878,0,0,0,0,0,0,3.860213370844982
1569331800,187.98,188.04,180.39,181.28,186.6883808387705,186.74724338938378,185.92152899564655,187.37122687679354,0,0,0,0,0,0,4.130912415784627
1569418200,181.45,183.42,177.87,182.8,185.9814025044486,186.3713154475377,184.88101933043103,187.1919630777036,0,0,0,0,0,0,4.232275814657152
1569504600,181.33,181.4,177.67,180.11,184.91387477636704,185.77499969062936,183.2906795536207,186.91423903544072,0,0,0,0,0,0,4.296398970753072
1569591000,180.49,180.755,175.66,177.1,183.49317027157304,184.94880924390276,181.2271197024138,186.52936691640383,0,0,0,0,0,0,4.353441901413566
1569850200,177.87,178.67,176.85,178.08,182.5089574949234,184.29463693495964,180.17807980160921,186.19801919419191,0,0,0,0,0,0,4.172481765598311
1569936600,179.15,179.84,174.88,175.81,181.29096522311914,183.4865762744873,178.7220532010728,185.7906458924589,0,0,0,0,0,0,4.2287330680555755
1570023000,174.84,176.53,173.09,174.6,180.07442609164295,182.6402356769171,177.34803546738186,185.35179703393112,0,1,0,0,0,0,4.172394991765891
1570109400,175.57,179.84,173.63,179.38,179.94816680225333,182.32973704102022,178.02535697825456,185.11760891495342,0,0,0,0,0,0,4.317938206639757
1570195800,179.55,180.98,178.1,180.45,180.03940920184363,182.15071446568496,178.83357131883636,184.9345654280925,0,0,0,0,0,0,4.215228334736916
1570455000,180,181.18,178.09,179.68,179.9740620742357,181.9154083260959,179.11571421255758,184.72850403875555,1,0,0,0,0,0,4.134854882255708
1570541400,178.26,180.37,177.72,177.75,179.56968715164737,181.5187027712296,178.66047614170506,184.4548372137063,0,1,0,0,0,0,4.0287938192374435
1570627800,179.16,180.72,177.94,179.85,179.62065312407512,181.35977869777918,179.05698409447004,184.2742553621884,0,0,0,0,0,0,3.953165689291912
1570714200,180.32,181.61,179.17,180.03,179.69507982878872,181.2331331075145,179.38132272964668,184.1078139754359,0,0,0,0,0,0,3.845082425771063
1570800600,182.15,186.49,182.14,184.19,180.51233804173623,181.5147394782274,180.98421515309778,184.11103695679137,0,0,0,0,0,0,4.031862252501702
1571059800,184.2,184.62,182.5735,183.28,181.0155493068751,181.68285952792002,181.74947676873185,184.07844727221132,0,0,0,0,0,0,3.8900506630372953
1571146200,183.8,190.38,183.66,188.89,182.447267614716,182.3692538585943,184.12965117915456,184.26713561447755,0,0,0,0,0,0,4.119332758534631
1571232600,188.32,189.7,186.9002,189.55,183.73867350294947,183.05313444349008,185.93643411943637,184.474306766851,0,0,0,0,0,0,4.025080418639298
1571319000,190.3,190.84,188.765,190.39,184.94800559332228,183.75188354411006,187.42095607962423,184.7062947367784,0,0,0,0,0,0,3.885788960165064
1571405400,190.23,191.49,183.9239,185.85,185.1120045763546,183.95170415895672,186.89730405308282,184.7511459235714,1,0,0,0,0,0,4.148668320153274
1571664600,187.04,189.91,186.75,189.76,185.95709465338103,184.50487519143704,187.85153603538853,184.94757157362744,0,0,0,0,0,0,4.142334868713755
1571751000,190,190.65,181.5,182.34,185.29944108003903,184.29869660177636,186.0143573569257,184.84531386485773,0,1,0,0,0,0,4.500025235234202
1571837400,182.01,186.38,182,186.15,185.45408815639558,184.47501121113098,186.0595715712838,184.89647802702018,0,0,0,0,0,0,4.491452004146044
1571923800,184.62,186.73,182.8,186.38,185.62243576432365,184.65643871483277,186.16638104752255,184.9546553592939,0,0,0,0,0,0,4.451348289564182
1572010200,185.83,189,185.0876,187.89,186.03472017081026,184.96439693246774,186.74092069834836,185.0697669138314,0,0,0,0,0,0,4.41285198316674
1572269400,187.2,189.53,185.08,189.4,186.64658923066295,185.38683531985177,187.62728046556558,185.23957997603407,0,0,0,0,0,0,4.4155054129405436
1572355800,191.69,192.53,188.47,189.31,187.1308457341788,185.76047005129445,188.18818697704373,185.3992042906994,0,0,0,0,0,0,4.390112169159076
1572442200,189.56,190.45,185.98,188.25,187.33432832796447,185.99756814164735,188.20879131802914,185.51100020086804,0,0,0,0,0,0,4.395818442790571
1572528600,196.7,198.09,188.25,191.65,188.1189959046982,186.5358949853,189.3558608786861,185.7517452910301,1,0,0,0,0,0,4.784688554019816
1572615000,192.85,194.11,189.91,193.62,189.11917846748037,187.21057165336666,190.77724058579074,186.06030429922498,0,0,0,0,0,0,4.742925085875545
1572877800,194.55,197.3672,193.8119,194.72,190.1375096552112,187.92575530542697,192.09149372386048,186.3999002090593,0,0,0,0,0,0,4.671801865455863
1572964200,195.37,195.75,193.6,194.32,190.8979624451728,188.5347309906244,192.83432914924032,186.71049235772364,0,0,0,0,0,0,4.4916731607804445
1573050600,194.03,194.37,191.35,191.55,191.01651472786864,188.8218994677078,192.40621943282687,186.90027697114624,0,0,0,0,0,0,4.386553649296128
1573137000,191.91,193.44,189.47,190.42,190.9080575046198,188.97409951840228,191.74414628855124,187.03830532521894,0,0,0,0,0,0,4.356799817203547
1573223400,190,192.34,189.7,190.84,190.89568341287074,189.1518043261735,191.4427641923675,187.18739139089664,0,0,0,0,0,0,4.234171258831866
1573482600,189.93,190.08,188.54,189.61,190.66192279234878,189.19544200939507,190.83184279491167,187.28239565007715,0,1,0,0,0,0,4.0960161689153045
1573569000,190,195.06,189.74,194.47,191.35430046646718,189.69778086564315,192.04456186327445,187.56426248732902,0,0,0,0,0,0,4.192729299707067
1573655400,194.7,195.7,192.74,193.19,191.6880640180186,190.03037316415333,192.4263745755163,187.78487964468866,1,0,0,0,0,0,4.104677206870846
1573741800,192.93,194.03,191.45,193.15,191.95387056019703,190.327480481853,192.6675830503442,187.99527652136754,0,0,0,0,0,0,3.9957716920943582
1573828200,194.26,195.3,193.38,195.1,192.52589409470667,190.78200615024795,193.47838870022946,188.27389312837275,0,0,0,0,0,0,3.8639308569447617
1574087400,194.56,198.63,193.05,197.4,193.41209516839638,191.41229127879578,194.78559246681965,188.63177967235814,0,0,0,0,0,0,3.986507224305849
1574173800,197.4,200,196.86,199.32,194.48625968323338,192.16540639510094,196.29706164454643,189.05092556755977,1,0,0,0,0,0,3.926042422569716
1574260200,198.58,199.59,195.43,197.51,195.03603064991822,192.67441530985323,196.7013744296976,189.38265397667507,0,0,0,0,0,0,3.9427536781004506
1574346600,197.42,199.09,196.86,197.93,195.56220689538765,193.1749471851053,197.11091628646508,189.71784401680546,0,0,0,0,0,0,3.820414129664704
1574433000,198.38,199.3,197.62,198.82,196.15453291440807,193.71257126271433,197.6806108576434,190.07479131026406,0,0,0,0,0,0,3.667527406117226
1574692200,199.515,200.97,199.25,199.79,196.81552692997025,194.29137399959868,198.38374057176225,190.45577988633212,0,0,0,0,0,0,3.5591325913945675
1574778600,200,200.15,198.0387,198.97,197.2072493063393,194.7369574282083,198.57916038117483,190.78967087118184,0,0,0,0,0,0,3.455715977723527
1574865000,199.9,203.14,199.42,202,198.07865852336852,195.42867576837895,199.71944025411656,191.22929162133158,0,0,0,0,0,0,3.5067362650289886
1575037800,201.6,203.8,201.21,201.64,198.72617515548333,196.02023045710476,200.3596268360777,191.63755469500487,1,0,0,0,0,0,3.441255103241204
1575297000,202.13,202.18,198.05,199.7,198.90323421812272,196.37068469928525,200.1397512240518,191.95372902069096,0,0,0,0,0,0,3.4904511672954035
1575383400,197.6,198.93,195.08,198.82,198.8881007239186,196.60395282316284,199.69983414936786,192.22299454929131,0,1,0,0,0,0,3.5711332267743012
1575469800,200,200.0288,198.05,198.71,198.85571877411522,196.80452874476637,199.36988943291192,192.47738691990733,0,0,0,0,0,0,3.457395139147564
1575556200,199.86,201.29,198.2126,199.36,198.94740626973064,197.04790695955052,199.36659295527463,192.74729331520507,0,0,0,0,0,0,3.430252629208451
1575642600,200.5,201.57,200.06,201.05,199.3296960388705,197.42905867768857,199.92772863684976,193.07288965578527,0,0,0,0,0,0,3.3430917271221317
1575901800,200.65,203.1418,200.21,201.34,199.69520584998497,197.80152927981348,200.39848575789983,193.39709006144076,1,0,0,0,0,0,3.3137137466134066
1575988200,201.66,202.05,200.15,200.87,199.90880478635134,198.0937645864979,200.55565717193323,193.69014535314898,0,0,0,0,0,0,3.212734193283878
1576074600,200.28,202.63,200.28,202.26,200.33629482519655,198.49054891159335,201.12377144795548,194.02621808439804,0,0,0,0,0,0,3.151110322335029
1576161000,202.35,203.66,194.1,196.75,199.68424122061535,198.32478234858445,199.6658476319703,194.13303306148046,1,0,0,0,0,0,3.6088881564539554
1576247400,196.4,196.8,193.17,194.11,198.67074281686712,197.9233745058621,197.81389842131355,194.1321298041675,0,1,0,0,0,0,3.6103961452786746
1576506600,195.27,199.12,194.81,197.92,198.53424412289127,197.92305312435144,197.84926561420903,194.28067373341582,0,0,0,0,0,0,3.7103678491873398
1576593000,198.84,199,196.13,198.39,198.50801791872922,197.9675242553656,198.0295104094727,194.4418237830858,0,0,0,0,0,0,3.6503415742453873
1576679400,200.09,204.3,200.09,202.5,199.23383284259663,198.39918861199743,199.51967360631514,194.75783069355302,0,0,0,0,0,0,3.8117457475135756
1576765800,202.78,206.3,202.51,206.06,200.47495414394268,199.1287896965691,201.69978240421008,195.20105301929604,0,0,0,0,0,0,3.810906765548321
1576852200,207.48,207.71,203.43,206.3,201.53405339049857,199.81176210641965,203.2331882694734,195.63630584206874,0,0,0,0,0,0,3.8444134251520126
1577111400,206.7,208.59,205.68,206.18,202.37877095586248,200.4182609534273,204.2154588463156,196.04978404434056,1,0,0,0,0,0,3.7776696090697257
1577197800,206.3,206.79,205,205.12,202.87717623661476,200.86604562452948,204.51697256421042,196.40547878769974,0,0,0,0,0,0,3.6356932084218876
1577370600,205.5665,207.82,205.31,207.79,203.7704169208666,201.52546985076475,205.60798170947362,196.8519305999468,0,0,0,0,0,0,3.5688579792488944
1577457000,208.6697,208.93,206.5875,208.1,204.5576138443454,202.15161557926334,206.43865447298242,197.2930313607332,1,0,0,0,0,0,3.481260980731116
1577716200,207.86,207.9,203.9001,204.41,204.53077496355533,202.3666998098097,205.76243631532162,197.57212817011623,0,0,0,0,0,0,3.532592339250321
1577802600,203.995,205.56,203.6001,205.25,204.6615431519998,202.64129982792306,205.5916242102144,197.87322118305283,0,1,0,0,0,0,3.4202571721610124
1577975400,206.75,209.79,206.27,209.78,205.59217166981801,203.32117603478753,206.98774947347627,198.34015368567822,0,0,0,0,0,0,3.5002388027209395
1578061800,207.2135,210.4,206.95,208.67,206.1517768207602,203.83058784099825,207.54849964898418,198.74524569800457,0,0,0,0,0,0,3.4966503168123024
1578321000,206.7,212.78,206.52,212.6,207.32418103516744,204.66576995137936,209.23233309932277,199.28856939612203,0,0,0,0,0,0,3.6940324370399944
1578407400,212.82,214.58,211.75,213.06,208.36705721059155,205.46522043220037,210.50822206621518,199.82862549823489,0,0,0,0,0,0,3.6323158343942814
1578493800,213,216.24,212.6121,215.22,209.6130468086658,206.3942470577051,212.07881471081012,200.4322088120296,0,0,0,0,0,0,3.6320004176518337
1578580200,217.54,218.38,216.278,218.3,211.19249284345386,207.5281282903046,214.15254314054008,201.1329065056755,0,0,0,0,0,0,3.598286102105274
1578666600,219.2,219.88,217.42,218.06,212.44113050828042,208.531163691228,215.45502876036005,201.79671409368822,0,0,0,0,0,0,3.5169799519548977
1578925800,219.5965,221.97,219.21,221.91,214.16274314313853,209.8053385777777,217.60668584024003,202.58547040373966,0,0,0,0,0,0,3.5450528125295477
1579012200,221.61,222.38,218.63,219.06,215.0531534807497,210.68673490370364,218.09112389349335,203.23153038790673,0,0,0,0,0,0,3.559691897348866
1579098600,220.61,221.68,220.14,221.15,216.1616710297043,211.68323634144616,219.1107492623289,203.9342154707339,0,0,0,0,0,0,3.492571047538233
1579185000,222.57,222.63,220.39,221.77,217.1813672061217,212.64388049940368,219.99716617488593,204.63365800129336,1,0,0,0,0,0,3.403101686999789
1579271400,222.03,222.29,220.53,222.14,218.08293680500867,213.5482728327938,220.71144411659063,205.32018121692892,0,0,0,0,0,0,3.2857372807855176
1579617000,222.155,222.37,219.12,221.44,218.69331193137074,214.29986589633725,220.9542960777271,205.95233097312777,0,1,0,0,0,0,3.283184617872266
1579703400,222.31,222.75,221.28,221.32,219.1708915802124,214.9684500966861,221.0761973851514,206.55498466045609,1,0,0,0,0,0,3.15367143088139
1579789800,220.75,221.485,219.27,219.76,219.27800220199197,215.424788182716,220.63746492343427,207.07282839926174,0,0,0,0,0,0,3.086623471532719
1579876200,220.8,221.78,216.11,217.94,219.03472907435707,215.66433216531448,219.73830994895619,207.49899199144755,0,0,0,0,0,0,3.2711503664232384
1580135400,213.1,216.06,212.5,214.87,218.27750560629215,215.58868148290358,218.11553996597078,207.78805112903785,0,1,0,0,0,0,3.426068197393007
1580221800,216.14,218.74,213.52,217.79,218.18886822332993,215.7983308654842,218.0070266439805,208.1802844180952,0,0,0,0,0,0,3.5542061832935063
1580308200,221.44,224.2,218.45,223.23,219.10543763726994,216.5061088782952,219.74801776265366,208.77046934287577,1,0,0,0,0,0,3.7581914559153984
1580394600,206.53,211.43,204.75,209.53,217.36444897594814,215.8417175565528,216.3420118417691,208.8002548588414,0,0,0,0,0,0,4.8097492090642975
1580481000,208.43,208.69,201.06,201.91,214.55454916213938,214.51488731307157,211.53134122784607,208.53004878594567,0,1,0,0,0,0,5.071195694131133
1580740200,203.44,205.14,202.5,204.19,212.67008567811405,213.53156471182666,209.0842274852307,208.35985079433996,0,0,0,0,0,0,4.939681715978908
1580826600,206.6165,210.6,205.2025,209.83,212.1537064639115,213.17903473927174,209.33281832348715,208.41750370436586,0,0,0,0,0,0,5.044704450551843
1580913000,212.51,212.73,208.71,210.11,211.78212347047304,212.88674571648397,209.59187888232478,208.48387610811622,0,0,0,0,0,0,4.971511275512425
1580999400,210.47,211.19,209.338,210.85,211.6126464758416,212.6927699339617,210.0112525882165,208.57666528034696,0,0,0,0,0,0,4.748689041547252
1581085800,210.3,212.82,209.93,212.33,211.74307438932493,212.65822041644154,210.78416839214435,208.7238548771961,0,0,0,0,0,0,4.61592553857959
1581345000,211.52,213.8,210.66,213.06,211.98251540944767,212.6964851386852,211.54277892809623,208.8938997839727,1,0,0,0,0,0,4.510502285823906
1581431400,210.19,210.86,206.5102,207.19,211.11114897136628,212.17205798261995,210.09185261873083,208.82708018460121,0,1,0,0,0,0,4.656166408265055
1581517800,207.85,211.22,207.4,210.76,211.04730370384513,212.03757626998947,210.3145684124872,208.90288096167566,0,0,0,0,0,0,4.611440236246123
1581604200,209.5235,214.3259,209.18,213.14,211.42779393950966,212.14256900618096,211.25637894165814,209.06904249259034,0,0,0,0,0,0,4.649615933657112
1581690600,214,214.93,212.65,214.18,211.92819504141698,212.33661005321136,212.23091929443876,209.26947219876328,0,0,0,0,0,0,4.4803576526816045
1582036200,213.55,217.975,213.4,217.8,212.99579594297754,212.85693290528647,214.08727952962585,209.60400270077255,0,0,0,0,0,0,4.487117820347203
1582122600,217.99,218.32,216.11,217.49,213.81292395334526,213.29817739049727,215.22151968641722,209.91325749682068,0,0,0,0,0,0,4.324466547465258
1582209000,216.52,218.765,212.945,214.58,213.9523923254643,213.42025573425943,215.00767979094482,210.0962670067493,1,0,0,0,0,0,4.431290365503453
1582295400,213.48,214.237,208.8305,210.18,213.26650281174352,213.11165995004424,213.3984531939632,210.09955065354345,0,0,0,0,0,0,4.525448196538922
1582554600,201.8,203.65,198.17,200.72,210.9853204823356,211.93150185956384,209.1723021293088,209.7317251377182,0,0,0,0,0,0,5.060059039643286
1582641000,202.25,203.5,195.9537,196.77,208.40071675827457,210.48754930151014,205.0382014195392,209.22342219114103,0,0,0,0,0,0,5.237647679668766
1582727400,197.19,201.21,195.49,197.2,206.36422280222465,209.22206841565205,202.42546761302614,208.75191543854726,0,0,0,0,0,0,5.272101416835283
1582813800,191.82,195.88,189.5,189.75,203.34345502000198,207.36758570939946,198.20031174201742,208.00674228409443,0,0,0,0,0,0,5.44552274420419
1582900200,182.695,192.74,181.82,192.47,201.36646319818345,205.94876802278998,196.2902078280116,207.39745827295346,0,1,0,0,0,0,5.8365568339038925
1583159400,194.03,196.57,188.85,196.44,200.47074261669556,205.04317106823856,196.34013855200774,206.96775402695528,0,0,0,0,0,0,5.971088488625043
1583245800,196.22,197.24,183.97,185.89,197.8196985045691,203.21905953793012,192.85675903467182,206.14117543766292,1,0,0,0,0,0,6.492439310866112
1583332200,189.17,191.83,186.39,191.76,196.71793514010199,202.12772053431772,192.49117268978122,205.57720777344085,0,0,0,0,0,0,6.452979360089962
1583418600,186.78,188.99,183.8901,185.17,194.61831056917435,200.51269953104935,190.05078179318747,204.77692511565886,0,0,0,0,0,0,6.554187977226393
1583505000,178.33,183.78,176.26,181.09,192.1586177384154,198.66291862333037,187.06385452879164,203.84802609151538,0,0,0,0,0,0,6.722460264567365
1583760600,169.6,175,165.19,169.5,188.0388690587035,195.8854978020608,181.20923635252777,202.50104467616183,0,1,0,0,0,0,7.377998817098268
1583847000,174.67,178.29,169.5,178.19,186.24816559348469,194.20021229710264,180.2028242350185,201.54767037513588,0,0,0,0,0,0,7.478856044448391
1583933400,174.01,175.88,167.66,170.24,183.33759003103293,191.9182873164262,176.88188282334568,200.31991859571878,0,0,0,0,0,0,7.696794898416363
1584019800,159.54,166.6,154.34,154.47,178.08893729811786,188.35178376248084,169.41125521556378,198.52188257235724,0,0,0,0,0,0,8.282738119958053
1584106200,163.53,170.79,157.6,170.28,176.66913051664187,186.63066149938743,169.70083681037585,197.41435776559814,0,0,0,0,0,0,8.856828254246762
1584365400,152.32,159.13,143.1,146.01,171.0947431499797,182.76202707087435,161.80389120691723,195.39850059831977,0,0,0,0,0,0,10.16562623608628
1584451800,150.74,153.94,140,149.42,167.1538807590743,179.58659592126727,157.67592747127816,193.5954221434837,0,0,0,0,0,0,10.435224362080119
1584538200,139.75,148.18,137.1006,146.96,163.48226607560625,176.47930107162279,154.10395164751878,191.7665820594255,0,1,0,0,0,0,10.569808336217253
1584624600,146.62,159.9294,144.8,153.13,161.60003588004147,174.2555581124206,153.77930109834585,190.25142197866373,1,0,0,0,0,0,10.895493455058878
1584711000,156.02,159.27,148,149.73,159.44184753821574,171.91979067314244,152.4295340655639,188.66234660695142,0,0,0,0,0,0,10.922243922554673
1584970200,149.66,152.31,142.25,148.1,157.37969344035832,169.6512391804622,150.98635604370926,187.07166634785528,0,1,0,0,0,0,10.860655070943624
1585056600,155.205,161.31,152.57,160.98,158.03429463302044,168.82540687756102,154.31757069580618,186.0484637459786,0,0,0,0,0,0,11.02846542301908
1585143000,158.92,162.99,153.06,156.21,157.702604699744,167.62393955588854,154.9483804638708,184.87832791280297,0,0,0,0,0,0,10.950003607089146
1585229400,158.25,164,157.0201,163.34,158.7275856634269,167.21594531247058,157.74558697591385,184.03368760249697,0,0,0,0,0,0,10.724289063725635
1585315800,158.2,160.09,154.75,156.79,158.37529736098566,166.22299813985433,157.42705798394257,182.9653076965167,0,0,0,0,0,0,10.571839844888089
1585575000,159.18,166.75,158.06,165.95,159.75251602262463,166.19699831701107,160.2680386559617,182.29804072802585,0,0,0,0,0,0,10.528136998824653
1585661400,165.48,170.93,164.2,166.8,161.0338767457838,166.2544270487243,162.44535910397448,181.69027442496602,1,0,0,0,0,0,10.256841498908608
1585747800,161.615,164.15,158.035,159.6,160.77317188291403,165.62067209170294,161.4969060693163,180.8239891533987,0,0,0,0,0,0,10.15028139184371
1585834200,159.1,161.3509,155.92,158.19,160.30350426783875,164.91298903535028,160.39460404621087,179.93638173561837,0,0,0,0,0,0,9.81318272099773
1585920600,157.15,157.91,150.83,154.18,159.19013985550444,163.89079960341215,158.3230693641406,178.92632754990785,0,1,0,0,0,0,9.637955383783606
1586179800,160.15,166.2,158.51,165.55,160.34647806359453,164.04881868880148,160.7320462427604,178.4017656852056,0,0,0,0,0,0,9.80810142779906
1586266200,171.79,173.39,166.01,168.83,161.88893659748643,164.504169289868,163.43136416184026,178.02640232500144,0,0,0,0,0,0,9.667522754384843
1586352600,171.25,175,167.74,174.28,164.14185721612526,165.43520078607105,167.04757610789352,177.8794845867661,0,0,0,0,0,0,9.495556843357353
1586439000,175.9,177.08,171.57,175.19,166.15061044955704,166.3642292826357,169.76171740526235,177.77401460297133,0,0,0,0,0,0,9.21087421168897
1586784600,173.67,175,169.45,174.79,167.72140854963757,167.1666836366704,171.43781160350824,177.65699442246265,0,0,0,0,0,0,8.96295462513976
1586871000,178.9765,181.225,176.62,178.17,169.62115244970346,168.21461852841608,173.68187440233882,177.67711228824842,1,0,0,0,0,0,8.782386437629778
1586957400,175.1865,178.19,172.82,176.97,170.95730654975736,169.04846438285264,174.77791626822588,177.6493823945916,0,0,0,0,0,0,8.538644549227651
1587043800,177.95,178.05,172.51,176.25,171.9196144498015,169.73432491781907,175.26861084548392,177.59450465362724,0,1,0,0,0,0,8.32445565285425
1587130200,179.2,180.28,176.66,179.24,173.25059364074667,170.63962730659821,176.5924072303226,177.65903388289675,0,0,0,0,0,0,8.017708820507517
1587389400,177.41,180.5,176.77,178.24,174.1577584333382,171.36347232501743,177.14160482021506,177.6818168678812,0,0,0,0,0,0,7.711443904756979
1587475800,175.25,175.38,168.3408,170.8,173.547256900004,171.30980829406337,175.02773654681005,177.41194169659173,0,1,0,0,0,0,7.867712197274337
1587562200,178.45,184.78,178.14,182.28,175.13502837273055,172.35458845653352,177.44515769787336,177.60284594378422,0,0,0,0,0,0,8.304304183183312
1587648600,184.08,187.05,183.15,185.13,176.952295941325,173.57129431781604,180.00677179858224,177.89802845579268,0,0,0,0,0,0,8.051853884384505
1587735000,183.23,190.41,180.825,190.07,179.33733304290226,175.14259962088119,183.3611811990548,178.37536067321258,0,0,0,0,0,0,8.161364321214183
1587994200,192.657,193.75,187.41,187.5,180.82145430782913,176.31949489508298,184.74078746603655,178.73318966641995,0,0,0,0,0,0,8.031266869698884
1588080600,188.66,189.2,182.56,182.91,181.20118988822384,176.9471620479322,184.1305249773577,178.89698615008976,0,0,0,0,0,0,7.931890664720392
1588167000,190.93,196.91,190,194.19,183.5627917267286,178.58933709098628,187.48368331823846,179.49671218341956,0,0,0,0,0,0,8.365327045811792
1588253400,206.92,209.69,201.5701,204.71,187.40773868550522,181.07701927279712,193.22578887882565,180.4854685683835,1,0,0,0,0,0,8.874946542539522
1588339800,201.6,207.28,199.0501,202.27,190.10996801541336,183.0953983896736,196.2405259192171,181.33976391864297,0,0,0,0,0,0,8.828871789500985
1588599000,200.2,205.91,198.7562,205.26,192.8645192853382,185.2063128287523,199.24701727947806,182.27781239242168,0,1,0,0,0,0,8.709223804536629
1588685400,207.02,210.38,206.5,207.07,195.44733396073124,187.2885687498235,201.8546781863187,183.25005504369926,0,0,0,0,0,0,8.452850675641155
1588771800,208.12,211.6,206.66,208.47,197.81509142241646,189.30584791650696,204.0597854575458,184.23907249296596,0,0,0,0,0,0,8.201932770238216
1588858200,211.16,211.6,209.04,211.26,200.25962025470437,191.3967195435063,206.45985697169718,185.29871670892808,0,0,0,0,0,0,7.8396518580783425
1588944600,212.24,213.21,210.85,212.35,202.45787111748538,193.39227006317236,208.42323798113145,186.35955134779365,0,0,0,0,0,0,7.448248153929891
1589203800,210.8865,215,210.37,213.18,204.4073490961244,195.27681577144165,210.0088253207543,187.41133364788018,0,0,0,0,0,0,7.24694471436347
1589290200,213.29,215.275,210,210.1,205.4423765331927,196.6885476027329,210.03921688050286,188.30108526953194,1,0,0,0,0,0,7.106091520480365
1589376600,209.43,210.78,202.11,205.1,205.38012625443037,197.48963830723454,208.39281125366858,188.95986623935423,0,0,0,0,0,0,7.217799269017481
1589463000,202.56,206.93,200.69,206.81,205.64010329907939,198.37729180178363,207.8652075024457,189.65987148486974,0,1,0,0,0,0,7.147956464087661
1589549400,205.27,211.34,204.12,210.88,206.59281179015585,199.56802591589948,208.8701383349638,190.49203338742387,0,0,0,0,0,0,7.153102430938543
1589808600,212.15,214.6445,210.94,213.19,207.79230055558205,200.8653567810519,210.3100922233092,191.38214972517196,0,0,0,0,0,0,6.911059400157219
1589895000,213.27,220.49,212.83,216.88,209.44460954547623,202.3905608971422,212.50006148220612,192.38206542222403,0,0,0,0,0,0,6.964555157288847
1589981400,223.5,231.34,223.19,229.97,213.176498719026,205.0171741450334,218.32337432147074,193.8561020723329,0,0,0,0,0,0,7.4999440746253585
1590067800,234.72,237.2,231.2,231.39,216.4880444064758,207.52887184550642,222.67891621431383,195.32801963812378,0,0,0,0,0,0,7.480662355009261
1590154200,231.51,235.99,228.74,234.91,219.83749087802565,210.13659833641057,226.75594414287588,196.88025416211892,0,0,0,0,0,0,7.464186472508599
1590499800,239.77,240.9,231.67,232.2,222.0852198092937,212.23787468532385,228.5706294285839,198.26534223419267,1,0,0,0,0,0,7.590316010186557
1590586200,229.07,230.56,221.1347,229.14,223.36790711669485,213.84760090576918,228.76041961905594,199.47611312696944,0,1,0,0,0,0,7.838529152316087
1590672600,224.3,231.6332,224,225.46,223.74828764093215,214.9535436766483,227.6602797460373,200.49508908277457,0,0,0,0,0,0,7.8238627842935085
1590759000,225.2,227.49,222.88,225.09,223.99223534258084,215.91892046934848,226.80351983069153,201.459595393254,0,0,0,0,0,0,7.594301156843973
1591018200,224.59,232.44,223.5,231.91,225.43182891665705,217.44188042464862,228.50567988712768,202.65372890724404,0,0,0,0,0,0,7.690422502783689
1591104600,230.94,233,226.56,232.72,226.7569509318103,218.89693943182493,229.9104532580851,203.83279836186193,1,0,0,0,0,0,7.601106609727711
1591191000,232.11,232.65,228.53,230.16,227.3756871260266,219.96961186688924,229.99363550539007,204.86523764178892,0,0,0,0,0,0,7.357456137604302
1591277400,229.56,231.63,224.61,226.29,227.17828946674905,220.57155359385217,228.7590903369267,205.70542440093445,0,1,0,0,0,0,7.333352127775422
1591363800,226.71,231.35,225.3105,230.77,227.83132774552195,221.5428342039615,229.42939355795113,206.68834893423113,0,0,0,0,0,0,7.240934118648606
1591623000,229.03,231.55,227.41,231.4,228.48017724633613,222.4816118988223,230.08626237196742,207.65743328975148,0,0,0,0,0,0,7.019438824459421
1591709400,231.52,239.77,230.41,238.67,230.33287229245684,224.02336314655352,232.94750824797828,208.8736123764279,0,0,0,0,0,0,7.1866217655694635
1591795800,240.96,241.21,235.28,236.73,231.49598642110104,225.23351903735795,234.20833883198551,209.96601973421505,1,0,0,0,0,0,7.096863068028788
1591882200,229.94,232.89,223.55,224.43,230.21126161726448,225.15699341475244,230.94889255465702,210.53323464659877,0,1,0,0,0,0,7.531372848883874
1591968600,229.9,231.66,224.5,228.58,229.91466859594368,225.48299404191886,230.15926170310468,211.24095093496746,0,0,0,0,0,0,7.50984621682074
1592227800,225.09,233.77,224.8,232.5,230.38472885122664,226.15128032364086,230.93950780206978,212.07463913359618,0,0,0,0,0,0,7.614142915619259
1592314200,237.14,238.46,233,235.65,231.34205087827635,227.05592029281792,232.50967186804652,212.99916308914143,1,0,0,0,0,0,7.495989850217883
1592400600,235,237.59,231.7268,235.53,232.1034961731352,227.86297550302572,233.51644791203103,213.8827253209398,0,0,0,0,0,0,7.37936200377375
1592487000,234.99,236.14,232.15,235.94,232.80104232347426,228.632215931309,234.32429860802068,214.74771648482454,0,0,0,0,0,0,7.137264717789909
1592573400,237.79,240.83,235.55,238.79,233.8899437192062,229.599623937851,235.81286573868044,215.69055113247848,0,0,0,0,0,0,7.004602952233488
1592832600,238.56,240.7,236.91,239.22,234.8590448611687,230.51585022948424,236.9485771591203,216.6132746174793,0,0,0,0,0,0,6.7749884556453805
1592919000,241.28,245.1853,239.86,242.24,236.20103670459258,231.63243592191432,238.71238477274687,217.61824424032326,1,0,0,0,0,0,6.717153565956425
1593005400,241.2,243.22,232.68,234.02,235.80448457648484,231.8598229769701,237.14825651516458,218.26145034854588,0,0,0,0,0,0,6.990214025530966
1593091800,234.62,237.3,232.74,235.68,235.78185101712396,232.2236493601158,236.6588376767764,218.94453072703428,0,0,0,0,0,0,6.816627309421611
1593178200,232.64,233.09,215.4,216.08,232.19969628673778,230.68615894486666,229.79922511785094,218.8321961887192,0,0,0,0,0,0,7.778296787320068
1593437400,209.75,220.75,207.11,220.64,230.0979333255127,229.7293819024984,226.7461500785673,218.90309045582825,0,1,0,0,0,0,8.196989873940062
1593523800,220.59,227.5,218.47,227.07,229.54739999360132,229.4761074355938,226.8541000523782,219.22336141834478,0,0,0,0,0,0,8.256490597230057
1593610200,228.5,239,227.56,237.55,231.0024181765829,230.24504958458488,230.4194000349188,219.9420531274293,0,0,0,0,0,0,8.518884125999339
1593696600,239,240,232.61,233.42,231.44197850811327,230.5474258146244,231.4196000232792,220.47060006360854,0,0,0,0,0,0,8.438249545570814
1594042200,233.76,240.4,232.27,240.28,233.0488915066381,231.47433764180303,234.37306668218613,221.24743927680038,0,0,0,0,0,0,8.416231720887184
1594128600,239.41,247.65,238.82,240.86,234.46909305088573,232.36821024734562,236.5353777881241,222.01655930516114,1,0,0,0,0,0,8.445786597966672
1594215000,238.11,246.99,236.59,243.58,236.12562158708832,233.4359997475984,238.88358519208273,222.86218443044893,0,0,0,0,0,0,8.585373269540481
1594301400,245,246.525,239.24,244.5,237.64823584398135,234.48971405735094,240.7557234613885,223.71072621749016,0,0,0,0,0,0,8.492489464573303
1594387800,243.685,245.49,239.32,245.07,238.99764750871202,235.49736033760323,242.19381564092566,224.54834479719642,0,0,0,0,0,0,8.326597359960926
1594647000,247.005,250.15,238.42,239,238.99807523440074,235.8309450673553,241.12921042728377,225.11507637377696,1,0,0,0,0,0,8.569697548535148
1594733400,236.76,240.33,232.03,239.73,239.1311524645097,236.20228363236907,240.6628069515225,225.68821063362884,0,1,0,0,0,0,8.550433437925495
1594819800,241.55,244.82,238.05,240.28,239.34003383459884,236.59063757214344,240.53520463434833,226.26043766760418,0,0,0,0,0,0,8.423259620930816
1594906200,238,241.76,236.3306,240.93,239.62911859194452,237.00391018432026,240.66680308956555,226.83571462181578,0,0,0,0,0,0,8.209412505150043
1594992600,241,244.16,237.86,242.03,240.06564248431823,237.4825854048612,241.12120205971036,227.43156895037203,0,0,0,0,0,0,8.073025897639324
1595251800,240.06,246.05,235.635,245.42,241.039162032624,238.23852965201726,242.55413470647358,228.13699761898488,0,1,0,0,0,0,8.24030976209366
1595338200,246.22,246.91,240.08,241.75,241.16840529941965,238.5729553994442,242.2860898043157,228.67084084961292,1,0,0,0,0,0,8.139573350515539
1595424600,240.26,241.9,238.12,239.87,240.93233160861607,238.69648345663998,241.48072653621048,229.1100235613928,0,0,0,0,0,0,7.8281752540501435
1595511000,239.63,242.42,231.75,232.6,239.41736222523133,238.11586598457902,238.52048435747366,229.24688538251465,0,0,0,0,0,0,8.031162735903704
1595597400,230.19,233.49,226.9,230.71,237.83420545700744,237.41054541461912,235.9169895716491,229.3042624263376,0,1,0,0,0,0,7.928222540482011
1595856600,231.46,234.95,230.83,233.5,237.0461681011879,237.03811251798874,235.11132638109942,229.46880115471652,0,0,0,0,0,0,7.664778073304723
1595943000,234.63,234.96,229.83,230.12,235.78686481006284,236.37924465913267,233.44755092073294,229.49433836433548,1,0,0,0,0,0,7.4837224966401
1596029400,231.14,233.7,230.31,233.29,235.3328893900514,236.0850308820724,233.3950339471553,229.64318784024388,0,0,0,0,0,0,7.204885175451521
1596115800,230.22,234.893,229,234.5,235.1814549554966,235.93407555997027,233.7633559647702,229.83365106219512,0,1,0,0,0,0,7.111179091490698
1596202200,255.82,255.85,249,253.67,238.54300859995178,237.62321122092547,240.39890397651345,230.76840984406982,1,0,0,0,0,0,8.12823772781279
1596461400,252.65,255.4,250.33,251.96,240.98246158177872,238.98861967607542,244.25260265100897,231.59945259528277,0,0,0,0,0,0,7.909792175826162
1596547800,251.56,252.8,247.43,249.83,242.59110493054624,240.02113208787776,246.11173510067266,232.31437602291874,0,1,0,0,0,0,7.728378448981437
1596634200,250.19,252.2698,247.77,249.12,243.778176761356,240.8876909366513,247.1144900671151,232.97342010045134,0,0,0,0,0,0,7.49776570262562
1596720600,249.04,266.6,248.665,265.28,247.68759916838218,243.21076799030354,253.16966004474338,234.24034480239442,0,0,0,0,0,0,8.243282438152365
1596807000,264.08,278.89,263.43,268.44,251.46076295594906,245.613551991227,258.25977336316225,235.58150775132012,1,0,0,0,0,0,8.758762263998623
1597066200,268.04,273.86,259.69,263,253.5588060548674,247.26940418253872,259.83984890877485,236.65674274146443,0,0,0,0,0,0,9.14527924514158
1597152600,260.185,265.915,255.13,256.13,254.02629586307333,248.11327045086836,258.6032326058499,237.420399888858,0,1,0,0,0,0,9.262402156202898
1597239000,258.97,263.8973,258.1125,259.89,255.0924238879691,249.23486374126185,259.0321550705666,238.30156067753023,0,0,0,0,0,0,9.155609145045547
1597325400,261.55,265.16,259.57,261.3,256.22107409015655,250.38392433733216,259.7881033803777,239.20346025880355,0,0,0,0,0,0,8.900922777542297
1597411800,262.305,262.65,258.6801,261.24,257.13360607376444,251.4178363052053,260.2720689202518,240.06763828787007,0,0,0,0,0,0,8.548706864860703
1597671000,262.5,264.0973,259.4,261.16,257.8656776967164,252.34566141899526,260.56804594683456,240.89478972756143,0,0,0,0,0,0,8.273606374513513
1597757400,260.95,265.15,259.26,262.34,258.6791908427679,253.29750318861477,261.1586972978897,241.73577836569626,0,0,0,0,0,0,8.103348776333975
1597843800,261.388,267.908,261.35,262.59,259.39024705317377,254.18250288493718,261.63579819859314,242.5535909788062,0,0,0,0,0,0,7.992966720881548
1597930200,261.5,269.63,261.46,269.01,261.1392930435058,255.5946454673241,264.09386546572875,243.59109721493144,0,0,0,0,0,0,8.005611955104296
1598016600,268.69,270.49,266.42,267.01,262.20669430832294,256.6818220894837,265.06591031048583,244.50948555944393,0,0,0,0,0,0,7.724496815453989
1598275800,271.07,277.2478,268.7701,271.39,263.87638625226424,258.0826009381043,267.17394020699055,245.5636233806422,0,0,0,0,0,0,7.904018471492989
1598362200,272.41,283.09,270.2601,280.82,266.9570432973071,260.2480675154277,271.72262680466036,246.94622638532292,0,0,0,0,0,0,8.25586715210063
1598448600,284,304.67,284,303.91,273.67576269779676,264.4063467996727,282.45175120310694,249.1800998604083,1,0,0,0,0,0,9.369733784093443
1598535000,300.16,301.23,292.02,293.22,277.22926038910646,267.1505042473229,286.04116746873797,250.90715476784325,0,0,0,0,0,0,9.549752799515343
1598621400,295,297.23,290.98,293.66,280.2166675910871,269.6752181285302,288.580778312492,252.58373693381017,0,0,0,0,0,0,9.314056170978533
1598880600,293.95,296.88,291.55,293.2,282.57727348361675,271.9156735448607,290.1205188749947,254.17653156385683,0,0,0,0,0,0,9.029480730194352
1598967000,294.71,301.49,292.71,295.44,284.9159510320501,274.1560855882073,291.89367924999647,255.79470679664675,0,0,0,0,0,0,9.011660678037616
1599053400,298.88,303.6,293.05,302.5,288.1130508444046,276.85550600837803,295.4291194999976,257.62628692226843,1,0,0,0,0,0,9.121542058177788
1599139800,295.99,297.6,283.63,291.12,288.65976887269466,278.21402924567536,293.99274633333175,258.9397658664932,0,0,0,0,0,0,9.81786048259366
1599226200,287.5,289,271.14,282.73,287.5816290776593,278.6441216984682,290.2384975555545,259.87271622466994,0,0,0,0,0,0,10.54372759097983
1599571800,271.28,279.3,269.42,271.16,284.5958783362667,277.931348203376,283.8789983703697,260.3153548040946,0,0,0,0,0,0,10.741318477338412
1599658200,275.77,278.48,271.35,273.72,282.61844591149094,277.5302674221021,280.49266558024647,260.84102716471835,0,0,0,0,0,0,10.496938586099954
1599744600,275.51,279.16,267.0319,268.09,279.97691029121984,276.63119433428284,276.3584437201643,261.1253006092392,0,0,0,0,0,0,10.613450115664245
1599831000,270.06,271.39,262.64,266.61,277.5465629655435,275.67679487387494,273.10896248010954,261.3403868598573,0,1,0,0,0,0,10.480346535973942
1600090200,270.95,276.64,265.7,266.15,275.47446060817197,274.76948107636304,270.789308320073,261.5289991398629,0,0,0,0,0,0,10.513178926261517
1600176600,270.67,274.52,269.3,272.42,274.9191041339589,274.54572097385227,271.332872213382,261.9560972128094,0,0,0,0,0,0,10.360094717242836
1600263000,267.29,272.44,261.79,263.52,272.84653974596637,273.49565230967585,268.728581475588,262.0174267338757,0,0,0,0,0,0,10.380802237439775
1600349400,258.28,261.5,250.19,254.82,269.5689870648816,271.71701875637336,264.09238765039197,261.73517470509626,0,0,0,0,0,0,10.591459220479791
1600435800,258.405,259.2,250.05,252.53,266.4709894167213,269.88968363671876,260.23825843359464,261.37418746175916,0,0,0,0,0,0,10.488497847588377
1600695000,247.54,249.95,244.13,248.15,263.1399004318629,267.8192375760789,256.2088389557298,260.8555918750235,0,1,0,0,0,0,10.339319429903494
1600781400,253.31,255.32,248.22,254.75,261.614463989706,266.574548283119,255.72255930381985,260.61615689953237,0,0,0,0,0,0,10.11293947062467
1600867800,255.26,257.9921,248.15,249.02,259.3245614461231,264.90268654186957,253.48837286921324,260.16140564857034,1,0,0,0,0,0,10.093593794151479
1600954200,246.5,252.24,245.62,249.53,257.54373209228254,263.4386211569296,252.16891524614215,259.74448777999896,0,1,0,0,0,0,9.845479951712088
1601040600,249.4,255.75,246.61,254.82,257.0485080755039,262.6178000943649,253.05261016409477,259.5513706121559,0,0,0,0,0,0,9.795088526589796
1601299800,259.4,259.6,254.8208,256.82,257.006961152685,262.0656286568063,254.30840677606318,259.44425803913015,0,0,0,0,0,0,9.436867917547671
1601386200,257.81,263.33,256.9,261.79,257.87660457946953,262.0393783085391,256.8022711840421,259.53624791994855,0,0,0,0,0,0,9.227805923437122
1601472600,261.98,266.085,260.1,261.9,258.608131019566,262.0261041839163,258.50151412269474,259.62894407995054,0,0,0,0,0,0,8.996176928905896
1601559000,265.35,268.33,264.8,266.63,260.06665265237217,262.46457045211474,261.2110094151298,259.9034952925015,1,0,0,0,0,0,8.81287857684119
1601645400,261.21,265.15,259.18,259.94,260.04362489739543,262.22413517096095,260.7873396100865,259.9049268496583,0,0,0,0,0,0,8.715530107066817
1601904600,262.2,264.865,260.8401,264.65,260.8811476433235,262.4551699165837,262.074893073391,260.0910081496717,0,0,0,0,0,0,8.444777956562046
1601991000,261.78,265.69,258.24,258.66,260.4773026172647,262.09372516262334,260.9365953822607,260.0348901830179,1,0,0,0,0,0,8.373722388236185
1602077400,259.21,260.18,254.82,258.12,260.0487021413984,261.7152751471354,259.99773025484046,259.95979645035055,0,1,0,0,0,0,8.158456503362173
1602163800,259.75,264.62,259.1488,263.76,260.72348357023503,261.9100108474082,261.2518201698936,260.1088240405329,0,0,0,0,0,0,8.039995324550588
1602250200,264.52,264.75,262.17,264.45,261.4010320120105,262.1519145762265,262.3178801132624,260.2790662350218,0,0,0,0,0,0,7.649995658511259
1602509400,270.2,280.18,267.87,275.75,264.009935282554,263.4469703308716,266.7952534088416,260.8857695199229,1,0,0,0,0,0,8.227138825760457
1602595800,277.58,279.1,273.39,276.14,266.2154015948169,264.65583029936,269.91016893922773,261.4839746367887,0,0,0,0,0,0,8.047343195348999
1602682200,277.62,278.75,271.5,271.82,267.2344194866684,265.3381321756114,270.5467792928185,261.88930896475773,0,0,0,0,0,0,7.990390109966927
1602768600,267.6,269.04,263.67,266.72,267.1408886709105,265.46973863507696,269.27118619521235,262.0787478288849,0,0,0,0,0,0,8.00179081639786
1602855000,267.375,271.37,265.3,265.93,266.92072709438133,265.5135730507839,268.1574574634749,262.22977732579136,0,0,0,0,0,0,7.863805758083727
1603114200,265.53,268.55,259.88,261.4,265.91695853176657,265.1218041888045,265.9049716423166,262.1972370385054,0,1,0,0,0,0,7.921391061077747
1603200600,263.06,269.7,262.88,267.56,266.2156933441726,265.35401331368024,266.4566477615444,262.407541468368,0,0,0,0,0,0,7.948434556715052
1603287000,279.56,283.05,276.37,278.73,268.4910218270503,266.62791680761546,270.54776517436295,263.04763788137313,0,0,0,0,0,0,8.487117802663978
1603373400,279.87,282.45,275.04,278.12,270.24174513122296,267.7224009211759,273.0718434495753,263.638710905633,0,0,0,0,0,0,8.410180816759405
1603459800,278.8024,285.24,276.82,284.79,272.8868823800915,269.3478865477306,276.9778956330502,264.4681732230591,1,0,0,0,0,0,8.410882186990877
1603719000,283.16,285.23,274.26,277.11,273.6547219473476,270.0871354479467,277.02193042203345,264.96393113588033,0,0,0,0,0,0,8.59367631649153
1603805400,278.76,284.51,276.31,283.29,275.4065906841935,271.34455111957084,279.1112869480223,265.68260050310073,0,0,0,0,0,0,8.565556579599278
1603891800,278.79,278.79,267.26,267.67,273.99993783252194,270.9945938700879,275.29752463201487,265.76053773827323,0,0,0,0,0,0,9.098731109627902
1603978200,276.55,283.6,273.78,280.83,275.24176731751794,271.9312992157938,277.1416830880099,266.35149704265467,0,0,0,0,0,0,9.586678887511624
1604064600,274.5,276.7,259.1,263.11,273.0359914416056,271.0911754809563,272.46445539200664,266.2243795115702,0,0,0,0,0,0,10.454058966975078
1604327400,264.6,270.47,257.34,261.36,270.9130839067682,270.16439686372235,268.7629702613378,266.0336195307243,0,1,0,0,0,0,10.645197612191149
1604413800,263.16,270.05,260.88,265.3,269.8925231964467,269.70112097193925,267.6086468408919,266.00485013736255,0,0,0,0,0,0,10.539826354177496
1604500200,281,288.94,278.62,287.38,273.0720644334564,271.38482373651647,274.1990978939279,266.8430913084464,0,0,0,0,0,0,11.475553043164817
1604586600,291.8965,297.38,288.95,294.68,277.0007799910098,273.60341195208633,281.0260652626186,267.9347347865465,1,0,0,0,0,0,11.370156397224473
1604673000,293.95,294.6,288.06,293.41,279.98427453809893,275.4897536709353,285.1540435084124,268.93376479491724,0,0,0,0,0,0,11.03085951170844
1604932200,289.87,292.58,278.53,278.77,279.76349734935366,275.80215808322714,283.0260290056083,269.31949950884206,0,0,0,0,0,0,11.305798118014986
1605018600,273.1,274,264,272.43,278.4301341949257,275.48100017053883,279.4940193370722,269.44147992026,0,1,0,0,0,0,11.553241109585343
1605105000,273.47,278.4,272.48,276.48,278.0755643413028,275.5761430114399,278.4893462247148,269.71750031554393,0,0,0,0,0,0,11.154438173186389
1605191400,277.18,279.75,274.43,275.08,277.5309162792478,275.52889129606467,277.3528974831432,269.9277944208167,1,0,0,0,0,0,10.737692589387361
1605277800,277.72,277.76,273.1,276.95,277.42529513756637,275.66423498215374,277.21859832209543,270.2031750317651,0,0,0,0,0,0,10.303571690145404
1605537000,275.05,279.41,274.63,278.96,277.7043323852816,275.97811736480577,277.7990655480636,270.5465799324802,0,0,0,0,0,0,9.90903085513502
1605623400,277.68,277.68,273.29,275,277.21263558795766,275.88496333006236,276.86604369870906,270.72122385669667,0,0,0,0,0,0,9.606242936911087
1605709800,274.52,277.3889,271.84,271.97,276.2594291174199,275.51210967958025,275.2340291324727,270.77019547015954,0,0,0,0,0,0,9.316432727131724
1605796200,271.025,273.47,269.19,272.94,275.6558965506163,275.26714685295354,274.4693527549818,270.8552858438788,0,0,0,0,0,0,8.956687532336604
1605882600,272.56,273,269.41,269.7,274.5730062686861,274.73694239076747,272.8795685033212,270.80998051666785,0,0,0,0,0,0,8.573352708598273
1606141800,270.89,270.9471,264.53,268.43,273.45609603801586,274.1362812106944,271.39637900221413,270.7166479473868,0,1,0,0,0,0,8.41933465798411
1606228200,268.49,277.8199,267.87,276.92,274.08589675837663,274.4013972858664,273.2375860014761,270.9599166553324,0,0,0,0,0,0,8.52866075384239
1606314600,278.14,280.18,272.65,275.59,274.35937007503543,274.5145975443553,274.021724000984,271.1414885512017,1,0,0,0,0,0,8.45732784285365
1606487400,277.39,279.13,274.82,277.81,274.9867573341199,274.82844539727387,275.28448266732266,271.4029988040957,0,0,0,0,0,0,8.161090139792675
1606746600,276.03,277.7,271.01,276.97,275.3473469097345,275.0324029784859,275.8463217782151,271.6213125764841,0,1,0,0,0,0,8.06386941552177
1606833000,279.16,289.3,278.96,286.55,277.3841929261464,276.12931698053484,279.41421451881007,272.20675129897495,0,0,0,0,0,0,8.368593028698786
1606919400,285.36,291.78,280.825,287.52,279.22706693957434,277.2141439347696,282.11614301254,272.8072708558779,1,0,0,0,0,0,8.553336383791729
1607005800,286.25,286.65,281.07,281.85,279.70396385965176,277.6556540362201,282.02742867502667,273.1618876850592,0,0,0,0,0,0,8.403098070663747
1607092200,280.3,283.46,279.3,279.7,279.7032431578969,277.8503536518182,281.2516191166844,273.41828424642944,0,0,0,0,0,0,8.100019637044905
1607351400,279.19,288.49,278.2,285.58,280.77174440191567,278.5865104468831,282.69441274445626,273.89521427598123,1,0,0,0,0,0,8.256446805827414
1607437800,286.01,286.4272,281.55,283.4,281.24960905611283,279.04493802337043,282.9296084963042,274.2679509710408,0,0,0,0,0,0,8.0150720339826
1607524200,283.66,287.63,271.75,277.92,280.64422559136506,278.93780106876375,281.25973899753615,274.4111685800196,0,0,0,0,0,0,8.576852602983843
1607610600,275.535,278.73,271.86,277.12,280.00345730202594,278.7646771574529,279.87982599835743,274.51739726315606,0,0,0,0,0,0,8.45493455991357
1607697000,274.53,276.48,270.25,273.55,278.83010142893033,278.2680412376955,277.76988399890496,274.47946011558133,0,0,0,0,0,0,8.341724948491173
1607956200,273.3722,277.22,271.56,274.19,277.98644662367025,277.879656357915,276.5765893326033,274.4681087384997,0,0,0,0,0,0,8.15017316645609
1608042600,274.83,276.08,267.47,275.55,277.54345632845747,277.65778432382785,276.2343928884022,274.51053584679386,0,1,0,0,0,0,8.183017940280653
1608129000,274.76,277.86,272.51,275.67,277.20282790510157,277.46847153108234,276.04626192560147,274.5560050292725,0,0,0,0,0,0,7.980659515974893
1608215400,277.07,280.44,273.61,274.48,276.7077682859922,277.1838551947888,275.5241746170677,274.55302443988927,1,0,0,0,0,0,7.898469550548114
1608301800,275.775,278,271.14,276.4,276.6518104158118,277.1092023190946,275.81611641137846,274.62545485401125,0,0,0,0,0,0,7.824293154080393
1608561000,272.978,274.67,267.79,272.79,275.9496630674824,276.6978497172761,274.807410940919,274.55347623228533,0,0,0,0,0,0,7.880415071646076
1608647400,271.5,271.5,264.63,267.09,274.33881523703104,275.78281641086886,272.23494062727934,274.2607908898428,0,1,0,0,0,0,7.900385423671358
1608733800,266.89,272.1699,266.23,268.11,273.20630337575267,275.0520719907861,270.85996041818623,274.0195834039666,0,0,0,0,0,0,7.760350750551973
1608820200,268.875,270.4,266.2,267.4,272.1506118528885,274.32330322975884,269.7066402787908,273.75999189792867,0,0,0,0,0,0,7.506039982655403
1609165800,268.74,277.3,265.66,277,273.03231878872697,274.5782267316866,272.13776018586054,273.88705103918636,0,1,0,0,0,0,7.801322841037158
1609252200,276.95,280.51,276.28,276.78,273.7137153725948,274.7879194239069,273.68517345724035,274.0005000180418,1,0,0,0,0,0,7.5462283523916485
1609338600,277.95,278.08,271.71,271.87,273.3784943957594,274.5100223359158,273.08011563816024,273.9169509977264,0,0,0,0,0,0,7.462212041506532
1609425000,272,277.09,269.81,273.16,273.338768141985,274.3814487801143,273.1067437587735,273.8872666448744,0,0,0,0,0,0,7.449196895684635
1609770600,274.78,275,265.2,268.94,272.53899211616954,273.86321556296053,271.7178291725157,273.6932561882127,0,0,0,0,0,0,7.617111403135732
1609857000,268.29,272.4,268.2111,270.97,272.25372082232053,273.58767122363093,271.46855278167715,273.5864618278906,0,0,0,0,0,0,7.372239160054607
1609943400,262,267.75,260.01,263.31,270.6275897637168,272.6088453928089,268.7490351877848,273.18346332483605,0,1,0,0,0,0,7.62850779147928
1610029800,265.9,271.61,264.78,268.74,270.2843916248592,272.2403839268271,268.7460234585232,273.009209861117,0,0,0,0,0,0,7.676471520659333
1610116200,268.31,268.95,263.18,267.57,269.7908658748848,271.7955854576055,268.3540156390155,272.7959075136222,0,0,0,0,0,0,7.540294983469379
1610375400,260.48,263.47,255.9,256.84,267.4361629885421,270.3712439854526,264.5160104260103,272.1701856503429,0,0,0,0,0,0,7.835273913221565
1610461800,256.63,259.72,250.3,251.09,264.4641333542617,268.53493503445713,260.0406736173402,271.3435117032706,0,0,0,0,0,0,7.9484686337057395
1610548200,251.55,253.95,249.2,251.64,262.13247274439595,266.92589360260405,257.2404490782268,270.57082496980905,0,0,0,0,0,0,7.720006588441044
1610634600,253.4,255.03,244.61,245.64,259.13384133632394,264.89866564045127,253.37363271881784,269.59314555922833,0,1,0,0,0,0,7.9128632606952545
1610721000,247.9,253.86,247.16,251.36,257.7204156388105,263.6092689127892,252.70242181254523,268.87812024318015,0,0,0,0,0,0,7.934801599217024
1611066600,256.9,262.2,252.7201,261.1,258.3348855226631,263.37029092109503,255.50161454169682,268.57309591991816,0,0,0,0,0,0,8.14231577070152
1611153000,268.93,270.32,263.6,267.48,259.99763360945167,263.76169178575265,259.49440969446454,268.5302294132547,0,0,0,0,0,0,8.21929321565141
1611239400,269.26,273.6,267.4901,272.87,262.33806386227866,264.6291497109191,263.9529397963097,268.70041649508784,0,0,0,0,0,0,8.069343700247739
1611325800,272.01,278.47,272,274.5,264.549324978228,265.56923069083155,267.4686265308731,268.9278511423393,0,0,0,0,0,0,7.95510486451576
1611585000,278.14,280.1,271.51,278.01,266.996720436732,266.7540658631333,270.98241768724876,269.28401384263975,0,0,0,0,0,0,8.00045451705035
1611671400,278.1398,285.39,277.81,282.05,269.7336803573262,268.21082149521584,274.6716117914992,269.78464075077153,0,0,0,0,0,0,7.970422051546753
1611757800,282.53,283.45,268.1201,272.14,270.1711930196305,268.58502897186196,273.82774119433276,269.87700778015306,0,0,0,0,0,0,8.496099047864842
1611844200,277.18,286.79,264.7,265,269.2309761069704,268.24359764120845,270.88516079622184,269.6857525730882,1,0,0,0,0,0,9.467091973017355
1611930600,265.3,266.56,254.85,258.33,267.2489804511576,267.2994454849029,266.7001071974812,269.240428942771,0,1,0,0,0,0,9.627299689230401
1612189800,259.52,264.17,254.91,262.01,266.29643855094713,266.795688772055,265.1367381316541,268.9568827097212,0,0,0,0,0,0,9.601063997142518
1612276200,264,268.85,263.27,267.08,266.4389042689567,266.82276603185926,265.7844920877694,268.8832794662027,0,0,0,0,0,0,9.403845140203769
1612362600,265.62,269.2,263.84,266.65,266.4772853109646,266.80631212406314,266.0729947251796,268.7956998792928,1,0,0,0,0,0,9.114999058760644
1612449000,267.01,268.16,264,266.49,266.4795970726074,266.77618715986665,266.2119964834531,268.70528027618326,0,0,0,0,0,0,8.761070554563457
1612535400,266.8,269.17,265.67,268.1,266.7742157866788,266.9022645732127,266.84133098896876,268.6815437947643,0,0,0,0,0,0,8.385279800666067
1612794600,268.75,269.86,265,266.58,266.73890382546443,266.87157270909717,266.7542206593125,268.5991303126167,0,0,0,0,0,0,8.133474100618491
1612881000,266.44,273.39,265.75,269.45,267.2318304026527,267.11713721299265,267.652813772875,268.6324977513376,0,0,0,0,0,0,8.098225950574312
1612967400,272.4465,273.7999,267.72,271.87,268.07513396580674,267.56979081175524,269.05854251525,268.7594586238342,1,0,0,0,0,0,7.954059811247572
1613053800,271.89,273.58,268.49,270.39,268.4960186992964,267.83838216301666,269.50236167683335,268.8234014228995,0,0,0,0,0,0,7.749484110444173
1613140200,270.52,271.18,268.34,270.5,268.860378935788,268.0918695760627,269.8349077845556,268.88915038670734,0,0,0,0,0,0,7.398806673983877
1613485800,270.8,276.6,270.05,273.97,269.7894009474629,268.6516915211996,271.2132718563704,269.0883993911502,1,0,0,0,0,0,7.338177625842172
1613572200,271.24,273.97,269.58,273.57,270.47678259337874,269.1201018525139,271.99884790424693,269.2641484346345,0,0,0,0,0,0,7.127593509710591
1613658600,269.565,271.95,266.03,269.39,270.27918575821894,269.14580643798877,271.1292319361646,269.269083790139,0,0,0,0,0,0,7.157051116159836
1613745000,269.86,270.27,260.15,261.56,268.6938792567246,268.42334868198986,267.9394879574431,268.966766778761,0,0,0,0,0,0,7.368690322148419
1614004200,257.95,263.07,257.53,260.33,267.1731739373201,267.6525535694194,265.4029919716287,268.628070042339,0,0,0,0,0,0,7.238069584852105
1614090600,259.5,267.46,254.96,265.855,266.93350594871646,267.48135799137947,265.5536613144191,268.5193221975414,0,0,0,0,0,0,7.613921757362667
1614177000,262.325,266.38,258.39,264.31,266.4565048671316,267.1793238969624,265.1391075429461,268.35425073881424,0,0,0,0,0,0,7.64078448897962
1614263400,262.3,266.94,254.04,254.69,264.31714034583496,265.9898644782041,261.6560716952974,267.8183977686647,0,1,0,0,0,0,8.016442739766791
1614349800,256.47,265.55,256.47,257.62,263.09947846477405,265.19273452789895,260.3107144635316,267.4184606012661,0,0,0,0,0,0,8.219553972640593
1614609000,260.82,266.65,257.9039,264.91,263.4286641984515,265.16580743000384,261.8438096423544,267.32008959729484,0,0,0,0,0,0,8.277442974594836
1614695400,265.78,266.71,258.65,259,262.62345252600574,264.5785876747654,260.8958730949029,266.99381157387154,1,0,0,0,0,0,8.261911333552348
1614781800,260.29,260.9899,255.1,255.41,261.3119157030956,263.7053888485973,259.0672487299353,266.53954445332755,0,0,0,0,0,0,8.092481952584322
1614868200,256.47,266.49,253.5,257.64,260.6442946661691,263.1277327677785,258.59149915329016,266.1905427100598,0,1,0,0,0,0,8.44230467025687
1614954600,260.67,265.45,255.61,264.28,261.3053319995929,263.2374725041806,260.48766610219343,266.115619466528,0,0,0,0,0,0,8.542140050952806
1615213800,265.55,265.58,255.05,255.31,260.21527163603054,262.48247512283007,258.76177740146227,265.69186968352693,0,0,0,0,0,0,8.68413004731332
1615300200,261.175,268.53,259.81,265.74,261.2197677022068,262.79271558732245,261.08785160097483,265.693757146918,0,0,0,0,0,0,9.008120758219508
1615386600,268.64,268.97,262.87,264.9,261.8889008472601,262.9934093409108,262.3585677339832,265.66262941566634,0,0,0,0,0,0,8.800397846918116
1615473000,268.11,277.9,267.82,273.88,264.0691006932128,264.03022749891926,266.1990451559888,265.984879242503,1,0,0,0,0,0,9.100369429281107
1615559400,269.14,269.74,264.02,268.4,264.8565369308105,264.446396308546,266.9326967706592,266.07958986044406,0,0,0,0,0,0,9.154628755761028
1615815000,269.08,275.96,268.5,273.75,266.47353021611764,265.3324538029702,269.2051311804395,266.3803902580737,0,0,0,0,0,0,9.040726701778096
1615901400,276.085,282.14,274.8,279.28,268.80197926773263,266.6607915360206,272.5634207869596,266.8862573067767,0,0,0,0,0,0,8.99424622307966
1615987800,275.705,286.23,275.41,284.01,271.5670739463267,268.31309710401865,276.3789471913064,267.5577766280796,0,0,0,0,0,0,9.124657207145399
1616074200,279.87,285.1899,278.28,278.62,272.84942413790367,269.2947069036359,277.12596479420426,267.99158930933135,0,0,0,0,0,0,8.966460263777874
1616160600,281.22,292.8,281.195,290.11,275.9877106582848,271.2771157699563,281.4539765294695,268.85897796386735,0,0,0,0,0,0,9.338855959222311
1616419800,290.45,299.705,286.7501,293.54,279.1790359931421,273.3973904585319,285.48265101964637,269.8268611809706,1,0,0,0,0,0,9.59714481927786
1616506200,293.15,298,289.81,290.63,281.26102944893444,275.03859136724316,287.1984340130976,270.6426705464227,0,0,0,0,0,0,9.496634475043729
1616592600,291,291.72,281.16,282.14,281.4208422764009,275.71491599893426,285.51228934206506,271.0935462112689,0,0,0,0,0,0,9.572589155397749
1616679000,280.98,288.06,277.75,278.74,280.9334164079644,276.003019237131,283.2548595613767,271.39340714416034,0,1,0,0,0,0,9.625261358583625
1616765400,278.3018,284.5,277.77,283.02,281.31279524287993,276.671303119309,283.1765730409178,271.8493519620364,0,0,0,0,0,0,9.418456975827654
1617024600,285.77,293.18,284.7,290.82,283.04137792599266,278.0187980603272,285.7243820272785,272.5932989439173,0,0,0,0,0,0,9.471424334697108
1617111000,289.83,292.47,286.7,288,283.9429455758122,278.9693887212484,286.482921351519,273.1974832990578,0,0,0,0,0,0,9.207036882218745
1617197400,289.99,296.5,288.61,294.53,285.86786456202816,280.4513517001771,289.16528090101264,274.0340525814477,0,0,0,0,0,0,9.156534247774548
1617283800,298.4,302.4,296.6,298.66,288.1937073689321,282.1855086811126,292.3301872673418,274.99977600962626,0,0,0,0,0,0,9.06463894436208
1617629400,300.89,310.765,300.68,308.91,291.9603060291263,284.73069833053046,297.8567915115612,276.32958871513114,0,0,0,0,0,0,9.281807591193358
1617715800,308.8365,311.35,305.25,306.26,294.56025038746697,286.7811080133371,300.6578610077075,277.50333033414563,0,0,0,0,0,0,9.054535620393834
1617802200,306.34,314.25,305.5,313.09,297.9292957715639,289.28671677397165,304.80190733847166,278.8988860073164,0,0,0,0,0,0,9.032783076079989
1617888600,314.85,315.88,310.05,313.02,300.6730601767341,291.5470294621648,307.5412715589811,280.23696890899026,1,0,0,0,0,0,8.804012856359988
1617975000,311.4,314.74,310.33,312.46,302.81614014460064,293.5387409419586,309.1808477059874,281.50061718706905,0,0,0,0,0,0,8.490154795191419
1618234200,311.05,312.15,307.93,311.54,304.402296481946,295.253146566534,309.9672318039916,282.6786321993409,0,0,0,0,0,0,8.207286595534887
1618320600,312.21,314.428,309.32,309.76,305.37642439431943,296.63475165543554,309.89815453599437,283.7406466228961,0,0,0,0,0,0,7.98590898156811
1618407000,307.3,308.03,301.95,302.82,304.91161995898864,297.22382292634643,307.5387696906629,284.4888565592531,0,1,0,0,0,0,7.9733440543132446
1618493400,306.34,310.14,304.1,307.82,305.44041633008163,298.2329826476468,307.6325131271086,285.40380336085104,0,0,0,0,0,0,7.926676621862298
1618579800,308.17,308.95,304.61,306.18,305.5748860882486,298.989841443109,307.14834208473906,286.2185561702294,0,0,0,0,0,0,7.670485434586418
1618839000,305.007,307.7,300.56,302.24,304.9685431631125,299.2993803532891,305.5122280564927,286.84684808512236,0,0,0,0,0,0,7.632593617830245
1618925400,301.99,305.1,297.21,302.65,304.5469898607284,299.61848698630916,304.5581520376618,287.4665795327646,0,0,0,0,0,0,7.65097978798523
1619011800,301.945,301.98,297.39,301.47,303.9875371587778,299.7948215590416,303.52876802510787,288.0157332765778,0,0,0,0,0,0,7.480195517414856
1619098200,301.33,302.92,296.04,296.52,302.6298031299091,299.48293379151386,301.1925120167386,288.3492339323983,0,1,0,0,0,0,7.43732440902808
1619184600,298.76,302.59,297.15,301.13,302.35711165174376,299.6397972399411,301.1716746778257,288.8504404448533,0,0,0,0,0,0,7.339658379811788
1619443800,303.3396,305.8,301.56,303.04,302.4812731696085,299.9636260742324,301.7944497852171,289.4068937607414,0,0,0,0,0,0,7.148968495539519
1619530200,304.28,305.34,301.11,303.57,302.67922350240696,300.30709025763883,302.38629985681143,289.9623096916927,0,0,0,0,0,0,6.940470745858121
1619616600,307.36,310.92,305.37,307.1,303.4830010474239,300.9540340426256,303.9575332378743,290.634375978293,0,0,0,0,0,0,6.969722835439685
1619703000,330.12,331.81,321.61,329.51,308.215182675165,303.67364984808984,312.4750221585829,292.1589102536541,1,0,0,0,0,0,8.236885490051135
1619789400,326.1435,329.82,324.5,325.08,311.2815130978623,305.71234986255746,316.67668143905524,293.4499333809618,0,0,0,0,0,0,8.028536526476053
1620048600,326.17,328.55,321.84,322.58,313.3357834437055,307.3187927327901,318.6444542927035,294.59228893464956,0,0,0,0,0,0,7.93435534601348
1620135000,320.025,322.19,313.12,318.36,314.2492773630318,308.3703362820482,318.54963619513563,295.5243560352515,0,1,0,0,0,0,8.043329964155372
1620221400,318.19,321.06,314.49,315.02,314.38940875157147,309.0036375885198,317.3730907967571,296.2888910926926,0,0,0,0,0,0,7.938092109572845
1620307800,314.52,320.24,313.275,320.02,315.4131526149221,310.0528149610417,318.2553938645047,297.2195228145478,0,0,0,0,0,0,7.868585530317644
1620394200,322.38,322.935,318.75,319.08,316.0798521394817,310.9125468695139,318.53026257633644,298.0767964296636,1,0,0,0,0,0,7.6054722781520985
1620653400,314.35,314.5786,304.83,305.97,314.2416972050305,310.4418281200364,314.3435083842243,298.38633382457874,0,0,0,0,0,0,8.080081401141234
1620739800,300.75,306.84,299.69,306.53,312.8395704404795,310.0692730609853,311.7390055894829,298.7056932824384,0,0,0,0,0,0,8.01364701534543
1620826200,301.13,304.96,298.19,302.55,310.9687394513014,309.35315181708194,308.67600372632194,298.85645040861726,0,1,0,0,0,0,8.036957942820754
1620912600,306.0833,308.86,302.7701,305.26,309.93078682379206,308.9633278345027,307.53733581754796,299.10757000043617,0,0,0,0,0,0,7.913603804047844
1620999000,309.54,316.85,309.08,315.94,311.0233710376481,309.6277728026453,310.3382238783653,299.7676652945367,1,0,0,0,0,0,8.176203532330144
1621258200,313.55,315.68,311.58,315.46,311.8300308489848,310.1832230119172,312.04548258557685,300.38305096926075,0,0,0,0,0,0,7.903617565735134
1621344600,315.59,316.5,309.81,309.96,311.49002524007847,310.1619636774489,311.3503217237179,300.7586175979172,0,0,0,0,0,0,7.816930596754053
1621431000,304.185,314.66,303.57,313.59,311.87183883279147,310.4884433272157,312.09688114914525,301.2618090646655,0,1,0,0,0,0,8.050721268414481
1621517400,313.58,319.25,313.16,318.61,313.0969590450112,311.26192491509994,314.26792076609684,301.94213027781586,0,0,0,0,0,0,7.910669749242016
1621603800,319.29,319.93,315.8101,316.23,313.66660285500916,311.73507492318566,314.9219471773979,302.5024388943721,0,0,0,0,0,0,7.639900481439017
1621863000,318.21,325.95,318.03,324.63,315.659947790462,312.9631630257394,318.15796478493195,303.37018638871047,0,0,0,0,0,0,7.788479018479085
1621949400,327.08,329.18,324.8,327.79,317.86541182855984,314.3752427375737,321.36864318995464,304.3278261381728,0,0,0,0,0,0,7.5571590885877225
1622035800,328.35,329.8299,325.82,327.66,319.646246041549,315.6404577149477,323.46576212663643,305.2428133484405,0,0,0,0,0,0,7.303783439402886
1622122200,328,333.78,326.76,332.75,322.02874676126737,317.2699379325717,326.56050808442427,306.32152655046247,1,0,0,0,0,0,7.28351319373125
1622208600,331,332.8684,328.33,328.73,323.24715644103696,318.3613724151839,327.28367205628285,307.20029021515023,0,0,0,0,0,0,7.087433679893306
1622554200,330.15,331.42,326.64,329.13,324.3167643608484,319.3869559946902,327.89911470418855,308.06027883416397,0,0,0,0,0,0,6.922616988472358
1622640600,330.38,331.87,327.1215,329.15,325.1955344770578,320.3167697094816,328.316076469459,308.8873267230203,0,0,0,0,0,0,6.7673229178671885
1622727000,325.78,327.375,323.48,326.04,325.34907366304725,320.8618392609595,327.55738431297266,309.5599805770195,0,1,0,0,0,0,6.6889427094481
1622813400,325.9,332.455,325.18,330.35,326.2583329970387,321.7654736170586,328.48825620864847,310.375275456352,0,0,0,0,0,0,6.73080394448752
1623072600,329.48,337.69,328.93,336.58,328.1349997248498,323.17638089162443,331.18550413909895,311.40291171296565,0,0,0,0,0,0,6.875746519881268
1623159000,336.7,338.2999,332.24,333.68,329.14318159305896,324.1767255686126,332.0170027593993,312.27652301833956,1,0,0,0,0,0,6.817471768461175
1623245400,335.74,336.8,330,330.25,329.3444213034119,324.75513265731615,331.4280018395995,312.9813652529145,0,0,0,0,0,0,6.816223784999663
1623331800,330.785,333.94,328.545,332.46,329.910890157337,325.48892954709555,331.77200122639965,313.745233282212,0,1,0,0,0,0,6.714707800356829
1623418200,332.58,332.83,328.93,331.26,330.156182856003,326.038555304515,331.6013341509331,314.432086878988,0,0,0,0,0,0,6.513657243188482
1623677400,331.9,336.82,329.81,336.77,331.35869506400246,327.060597656466,333.32422276728875,315.30808347196887,0,0,0,0,0,0,6.549110297246448
1623763800,336.99,339.92,335.03,336.75,332.3389323250929,327.98339787965966,334.46614851152583,316.1489429436564,1,0,0,0,0,0,6.430602418871705
1623850200,336.695,337.55,328.72,331.08,332.1100355387124,328.2783123673111,333.33743234101723,316.73447459292476,0,1,0,0,0,0,6.6019879603808675
1623936600,330.49,337.98,330.15,336.51,332.91002907712834,329.0622826180434,334.3949548940115,317.5099853932022,0,0,0,0,0,0,6.6897031060679515
1624023000,334.53,336.15,329,329.66,332.3191146994686,329.11920808299163,332.8166365960077,317.9864565542531,0,0,0,0,0,0,6.748295741348811
1624282200,331.09,332.92,327.65,332.29,332.31382111774707,329.42118826556384,332.64109106400514,318.54737982663534,0,1,0,0,0,0,6.642703188395328
1624368600,332.685,339.92,332.6,339.03,333.53494455088395,330.336313192653,334.77072737600344,319.35061983343394,0,0,0,0,0,0,6.713224389224233
1624455000,339.35,343.4199,338.2,340.59,334.81768190526867,331.3128547933527,336.71048491733563,320.183536702711,0,0,0,0,0,0,6.606558361422501
1624541400,341.85,344.9,341.79,343.18,336.338103377038,332.44305909874765,338.8669899448904,321.0853587928008,0,0,0,0,0,0,6.442518478463752
1624627800,342.59,344.12,339.68,341.37,337.252993672122,333.293243946486,339.70132662992694,321.88083491857327,0,0,0,0,0,0,6.299481444287769
1624887000,342.46,358.14,341.77,355.64,340.5960857317362,335.421506427773,345.01421775328464,323.2047237452959,1,0,0,0,0,0,7.047375626838642
1624973400,356.27,356.74,349.05,351.89,342.64952468960234,336.98993438703275,347.3061451688564,324.329636539598,0,0,0,0,0,0,7.093277367778739
1625059800,352.165,352.92,347.17,347.71,343.56961110967467,338.01089301683913,347.4407634459043,325.2465135380452,0,0,0,0,0,0,6.997328984365971
1625146200,346.82,354.6699,346.5,354.39,345.5369545442793,339.57080796761636,349.75717563060283,326.38939536008263,0,1,0,0,0,0,7.081084056911258
1625232600,355.1,356.44,352.62,354.7,347.20296280895576,341.01168339927193,351.4047837537352,327.4996151498833,0,0,0,0,0,0,6.848149481417596
1625578200,356.5,358.79,349.18,352.78,348.2169695709638,342.13247545648414,351.8631891691568,328.4910027910644,1,0,0,0,0,0,7.045424518459197
1625664600,355.26,356.49,350,350.49,348.63024783078856,342.92843017491424,351.40545944610454,329.35370856396383,0,0,0,0,0,0,7.005751338569255
1625751000,345.73,348.33,342.56,345.65,348.088384588827,343.18762730111285,349.4869729640697,329.99277881635743,0,1,0,0,0,0,7.071769100100023
1625837400,345.32,350.71,345.265,350.42,348.51231466358576,343.8764247010069,349.79798197604646,330.7938463137552,0,0,0,0,0,0,6.9555713072357355
1626096600,351.23,354.19,349.64,353.16,349.3573483611156,344.7605747294824,350.91865465069765,331.6709503798824,0,0,0,0,0,0,6.7837447852903265
1626183000,351.5,358.49,348.8,352.09,349.85419411364006,345.45861523143645,351.3091031004651,332.47169742380856,1,0,0,0,0,0,6.991334443483874
1626269400,354.56,355.2,346.73,347.63,349.4497951838873,345.6654137808235,350.08273540031007,333.06614066209056,0,0,0,0,0,0,7.096953411806452
1626355800,349.2348,349.2348,340.22,344.46,348.5425596959078,345.5506124683641,348.20849026687335,333.5129586753419,0,0,0,0,0,0,7.2339424538202755
1626442200,344.91,345.9899,340.14,341.16,347.2002761148337,345.13245889994846,345.8589935112489,333.8128426488579,0,0,0,0,0,0,7.135082278547398
1626701400,337.57,339.79,334.54,336.95,345.3365895485003,344.35317709995337,342.88932900749927,333.93586842733407,0,0,0,0,0,0,7.098290687222585
1626787800,338.8,343.45,334.5,341.66,344.66811872150026,344.09668404281496,342.47955267166617,334.23877554783076,0,1,0,0,0,0,7.2305556381352565
1626874200,341.5,346.52,341.25,346.23,344.95209713577293,344.2998569911183,343.7297017811108,334.7090196439943,0,0,0,0,0,0,7.090515949697022
1626960600,346.68,351.54,345.21,351.19,346.08626129290514,344.9560610872023,346.21646785407387,335.35533259913177,0,0,0,0,0,0,7.036193381861524
1627047000,360.91,375.33,357.19,369.79,350.3960319669224,347.3211981265163,354.0743119027159,336.7057117128913,1,0,0,0,0,0,8.2578938545857
1627306200,369.58,374.44,368.22,372.46,354.4076625183911,349.71536973351476,360.2028746018106,338.10784066532693,0,0,0,0,0,0,8.112330007829575
1627392600,371.91,373.15,364.55,367.81,356.8444511514109,351.4386678541324,362.7385830678737,339.272631227471,0,0,0,0,0,0,8.147163578698889
1627479000,374.56,377.5499,366.93,373.28,359.8327327602453,353.5187947251674,366.2523887119158,340.606253532276,1,0,0,0,0,0,8.323787608791823
1627565400,361,365.52,356.74,358.32,359.5576904402007,353.9760523703896,363.6082591412772,341.30091025650046,0,0,0,0,0,0,8.910659922449549
1627651800,354,360.73,352.94,356.3,358.9653830874369,354.1973807160668,361.1721727608515,341.88910985428475,0,0,0,0,0,0,8.830612785131725
1627911000,358.1,359.4,350.74,351.95,357.6898588897211,353.98334445739374,358.09811517390096,342.2836545658814,0,0,0,0,0,0,8.818426157622314
1627997400,352.73,353.7699,347.7,351.24,356.5171572734082,353.72207355668957,355.8120767826006,342.63488379859194,0,1,0,0,0,0,8.622102860649294
1628083800,352.42,360.48,351.51,358.92,356.9540377691522,354.21711417033816,356.8480511884004,343.2735158064903,0,0,0,0,0,0,8.666238370602917
1628170200,359.64,363.9,356.9,362.97,358.0478490838518,355.0507223445917,358.88870079226695,344.04592695133385,0,0,0,0,0,0,8.54722134413128
1628256600,361.4,365.15,361.395,363.51,359.0409674322424,355.85636783558294,360.4291338615113,344.8092239336345,0,0,0,0,0,0,8.204919819550474
1628515800,363.7623,365.775,360.75,361.61,359.50806426274374,356.40433280362265,360.8227559076742,345.4680778970214,1,0,0,0,0,0,7.977782689582582
1628602200,361.825,364.1,359.0435,361.13,359.80296166951763,356.85439634613476,360.92517060511614,346.0822709206676,0,0,0,0,0,0,7.769119640326685
1628688600,362.1,362.36,357.81,359.96,359.8315140932417,357.15016812269334,360.60344707007744,346.62649559044536,0,0,0,0,0,0,7.539182523160494
1628775000,358.45,363,357.11,362.65,360.34396607628867,357.6739616348178,361.2856313800516,347.2548683123887,0,1,0,0,0,0,7.4213837715061715
1628861400,362.97,364.6607,361.48,363.18,360.85960860787253,358.1983462410256,361.9170875867011,347.8793832805303,0,0,0,0,0,0,7.1184777878271595
1629120600,362.52,366.95,357.38,366.56,361.89604340644115,358.9946942180708,363.4647250578007,348.6119564852154,1,0,0,0,0,0,7.293586517268076
1629207000,362.98,364.67,355.07,358.45,361.2694900598155,358.9428185782545,361.7931500385338,348.99776211324615,0,0,0,0,0,0,7.593330337463214
1629293400,356.25,359.86,355.15,355.45,360.2114009580309,358.61016918984933,359.67876669235585,349.2507910499816,0,0,0,0,0,0,7.387378170501558
1629379800,351.345,357.57,351,355.12,359.28569169293434,358.2777721241494,358.1591777949039,349.4809561068451,0,1,0,0,0,0,7.328994015465732
1629466200,354.6,359.9898,353.31,359.37,359.3010204760372,358.3817938266114,358.5627851966026,349.86876174971394,0,0,0,0,0,0,7.282623014361036
1629725400,359.44,365.69,359.1,363.35,360.0371985713032,358.8549563193151,360.15852346440175,350.39743775952905,0,0,0,0,0,0,7.2331499419066745
1629811800,363.66,367.9559,361.84,365.51,361.03225337652077,359.4887700031898,361.94234897626785,350.99008725915536,0,0,0,0,0,0,7.153346374627627
1629898200,365.6,370.86,365.4,368.39,362.3700254898806,360.3365061933622,364.09156598417854,351.6724367784042,0,0,0,0,0,0,7.032393062154227
1629984600,368.375,369.44,364.13,364.38,362.7354754008114,360.7216008416134,364.187710656119,352.1707725910158,0,0,0,0,0,0,6.909364986286069
1630071000,365.1,373.74,364.08,372.63,364.53447987339115,361.8557340947931,367.0018071040793,352.97309523450537,0,1,0,0,0,0,7.105838915837066
1630330200,372.56,381.49,370.52,380.66,367.46639262368365,363.6466165619557,371.55453806938624,354.05885620570126,0,0,0,0,0,0,7.381850421848706
1630416600,379.95,382.759,378.8,379.38,369.63250305574115,365.14503403224563,374.1630253795908,355.05184223685023,0,0,0,0,0,0,7.137361106002371
1630503000,379.59,384.33,378.81,382.05,371.89022977287914,366.7550307910794,376.7920169197272,356.1105935216796,1,0,0,0,0,0,7.021835312716486
1630589400,381.5,381.75,374.06,375.28,372.50655163235564,367.5669326205004,376.28801127981814,356.862334952202,0,0,0,0,0,0,7.090989933236737
1630675800,374.75,377.16,373.11,376.26,373.1889967901092,368.39484379950034,376.2786741865454,357.6230276991745,0,1,0,0,0,0,6.873776366576971
1631021400,375.88,382.96,373.15,382.18,374.82372464645294,369.70771581859555,378.24578279103025,358.5860462207755,1,0,0,0,0,0,7.083506626107187
1631107800,380.16,380.87,374.79,377.57,375.32304743800694,370.4565047882531,378.0205218606868,359.33051499643136,0,0,0,0,0,0,7.105399009956672
1631194200,377.64,379.83,376.565,378,375.809766085642,371.1749329036576,378.01368124045786,360.062651663238,0,0,0,0,0,0,6.831084794959766
1631280600,381.361,383.79,378.26,378.69,376.33344497916164,371.8906535794997,378.2391208269719,360.7931359117385,1,0,0,0,0,0,6.756721595319784
1631539800,381.68,381.75,374.3451,376.51,376.3655458920413,372.33059133383307,377.66274721798123,361.40948352304287,0,0,0,0,0,0,6.803020052796943
1631626200,377.4,378.59,375.11,376.53,376.3954466389429,372.7305350163252,377.2851648119875,362.00244495351177,0,0,0,0,0,0,6.565661477597159
1631712600,377,377.555,367.67,373.92,375.94536543186234,372.8438173957228,376.1634432079917,362.46980005337406,0,0,0,0,0,0,6.802757086340217
1631799000,372.79,373.56,369.71,373.06,375.4207535351601,372.8644062151778,375.1289621386611,362.88510201206526,0,0,0,0,0,0,6.617560151601633
1631885400,371.405,371.41,361.59,364.72,373.47516198331283,372.0887484803989,371.65930809244077,362.9570587959058,0,0,0,0,0,0,6.964162997915804
1632144600,359.3,361.03,349.8,355.7,370.2433143499832,370.5279152917895,366.33953872829386,362.6724682548899,0,0,0,0,0,0,7.532437069493248
1632231000,358.5,360.04,355.19,357.48,367.92271174089535,369.28525669257147,363.3863591521959,362.4688420488158,0,0,0,0,0,0,7.340834421672304
1632317400,347.23,349.84,340.6901,343.21,363.4294914243689,366.8018989123266,356.6609061014639,361.71359334101913,0,1,0,0,0,0,8.015767677267144
1632403800,345.355,349.67,343,345.96,360.2532202563018,364.8169561587717,353.09393740097596,361.0958053668615,0,0,0,0,0,0,7.9196414146052065
1632490200,343.2387,354.35,342.37,352.96,358.9271802097015,363.6877222388887,353.04929160065063,360.7767541760042,0,0,0,0,0,0,8.209667027847694
1632749400,349.805,355.15,347.08,353.58,357.95496562611936,362.7250820256612,353.22619440043377,360.49452852204325,1,0,0,0,0,0,8.199690811572859
1632835800,347.97,349.6,338.92,340.65,354.8086082395522,360.6226932613125,349.0341296002892,359.71631171725727,0,0,0,0,0,0,8.661141467889081
1632922200,343.15,345.23,338.88,339.61,352.04522492327,358.6214843792828,345.8927530668595,358.9278289048158,0,0,0,0,0,0,8.496059934468434
1633008600,340.445,342.8,338.15,339.39,349.7442749372209,356.7899144383987,343.72516871123963,358.1616395359995,0,0,0,0,0,0,8.221341367720692
1633095000,341.61,345.02,338.64,343.01,348.51986131227164,355.47754163474167,343.4867791408264,357.5674575934113,0,0,0,0,0,0,8.08981698431207
1633354200,335.53,335.94,322.7,326.23,344.467159255495,352.692061479052,337.7345194272176,356.3385376877873,0,1,0,0,0,0,8.962687199718351
1633440600,328.58,335.18,326.1638,332.96,342.3749484817686,350.8128175286661,336.1430129514784,355.42173228826624,0,0,0,0,0,0,8.966509542595613
1633527000,329.74,334.38,325.8,333.64,340.78677603053796,349.17731109736457,335.3086753009856,354.56754670833425,0,0,0,0,0,0,8.938901718124496
1633613400,337,338.84,328.98,329.22,338.68372584316745,347.2766148023775,333.27911686732375,353.57352526879174,1,0,0,0,0,0,9.004694452544172
1633699800,331.51,333.4,328.71,330.05,337.1139575080461,345.6359848211987,332.20274457821586,352.6510340817803,0,0,0,0,0,0,8.696501991648159
1633959000,327.625,330.46,325.31,325.45,334.9932379611286,343.7135100763226,329.9518297188106,351.584326862887,0,0,0,0,0,0,8.443180420816146
1634045400,323.03,324.38,317.37,323.77,332.9526492409234,341.8141281642919,327.8912198125404,350.49356894669535,0,1,0,0,0,0,8.41723896218642
1634131800,326.97,327,322.66,324.54,331.4230766516646,340.168973101026,326.7741465416936,349.47578192917786,0,0,0,0,0,0,8.126007607744532
1634218200,328.355,330.52,327.1,328.53,330.8970627149983,339.06049947235687,327.3594310277957,348.6543787162689,0,0,0,0,0,0,7.972721350048491
1634304600,328.68,329.07,322.51,324.76,329.78123313045313,337.6985471416562,326.4929540185305,347.7173442568074,0,1,0,0,0,0,7.871812682187884
1634563800,328.95,335.89,327.5,335.34,330.7919180158253,337.4739236043556,329.44196934568697,347.23195820752085,0,0,0,0,0,0,8.104540347745893
1634650200,339.645,342.46,337.28,339.99,332.4642965584025,337.7135499277503,332.9579795637913,346.9479598464416,0,0,0,0,0,0,8.034216037192616
1634736600,343.445,343.98,339.4531,340.78,333.97624263869295,338.00559279177406,335.56531970919417,346.7060790681498,1,0,0,0,0,0,7.78369346310743
1634823000,340.275,342.31,337.8,341.88,335.41328943165786,338.37458395446225,337.67021313946276,346.51682106547725,0,0,0,0,0,0,7.549858215742613
1634909400,326.345,329.63,321.11,324.61,333.44905498953824,337.0636711968944,333.31680875964184,345.6577300433017,0,0,0,0,0,0,8.494154057475281
1635168600,320.3,329.56,319.72,328.69,332.58377226416764,336.2661787019521,331.7745391730946,344.992328865133,0,0,0,0,0,0,8.59028591051276
1635255000,328.26,330.2099,309.6,315.81,329.53399548886443,334.31797120652806,326.45302611539637,343.8479238115984,1,0,0,0,0,0,9.448829774047562
1635341400,314.19,319.25,312.06,312.22,326.3859963090709,332.21340252019206,321.7086840769309,342.6076130738886,0,0,0,0,0,0,9.287484790187023
1635427800,312.99,325.52,308.11,316.92,324.664906071058,330.7568879944595,320.11245605128727,341.600255698442,0,1,0,0,0,0,9.867664448030805
1635514200,320.19,325.9999,319.6,323.57,324.46583223995657,330.0724224711776,321.26497070085816,340.8931868475227,0,0,0,0,0,0,9.811395558885748
1635773400,326.04,333.45,326,329.98,325.4684081963281,330.06362033106547,324.16998046723876,340.46521873585516,0,0,0,0,0,0,9.816295876108194
1635859800,331.38,334.7895,323.8,328.08,325.943243069723,329.8747041090592,325.4733203114925,339.9795238834687,0,0,0,0,0,0,9.900096170671892
1635946200,327.49,332.15,323.2,331.62,326.9753806934097,330.0409227653393,327.522213540995,339.6516994174503,0,1,0,0,0,0,9.832232158481043
1636032600,334.0065,337.273,332.65,335.85,328.5889478400625,330.5941682162594,330.29814236066335,339.5026131657856,0,0,0,0,0,0,9.533715575732398
1636119000,340.31,346.79,339.64,341.13,330.8691391418693,331.5975807670918,333.90876157377556,339.5664322573234,1,0,0,0,0,0,9.634164463180083
1636381800,344.42,344.789,338.34,338.62,332.27838657062034,332.26638259879735,335.47917438251704,339.52931726684017,0,0,0,0,0,0,9.406652715810079
1636468200,340,341.3075,334.47,335.37,332.84049810323484,332.5619652084357,335.44278292167803,339.3662067857876,0,0,0,0,0,0,9.223141807537928
1636554600,332.49,333.19,325.51,327.64,331.89495299355576,332.0932066171561,332.8418552811187,338.9063555392861,0,1,0,0,0,0,9.268631678428077
1636641000,329.82,332.459,327,327.74,331.13950699472747,331.67861551076027,331.1412368540791,338.4684592436278,0,0,0,0,0,0,8.996515129968929
1636727400,330.18,341.86,329.78,340.89,332.912323904777,332.5558902240212,334.3908245693861,338.56342162623065,0,0,0,0,0,0,9.362478334971147
1636986600,344.34,353.65,343.2,347.56,335.57553774027207,333.9848530598287,338.7805497129241,338.9162286212804,1,0,0,0,0,0,9.605158453901778
1637073000,343.83,346.65,340.87,342.96,336.9181672420408,334.83962895889266,340.17369980861605,339.07480789103414,0,0,0,0,0,0,9.396932850051652
1637159400,344.24,347.3,340.1,340.77,337.61850047076064,335.4044262009029,340.3724665390774,339.14128601295437,0,0,0,0,0,0,9.240009075047961
1637245800,339.72,342.46,335.3,338.69,337.81331856698597,335.7173379912931,339.8116443593849,339.12358852225026,0,1,0,0,0,0,9.09143699825882
1637332200,342.2,352.1,339.9,345.3,339.17453337298855,336.6299724683128,341.64109623958996,339.365800737064,0,0,0,0,0,0,9.399905784097475
1637591400,349.05,353.83,340.51,341.01,339.5082545778997,337.04711794752114,341.4307308263933,339.43027913953205,1,0,0,0,0,0,9.679912513804798
1637677800,338.93,341.3999,333.5,337.25,339.0976628364634,337.0664400477572,340.0371538842622,339.3447779968053,0,0,0,0,0,0,9.55276876281874
1637764200,336,341.78,332.81,341.06,339.4544514116519,337.446779090828,340.3781025895081,339.4120416047737,0,0,0,0,0,0,9.511142422617398
1637937000,335.795,337.75,331.902,333.12,338.3027329731697,337.0347048917015,337.95873505967205,339.16529487517477,0,0,0,0,0,0,9.485917963859013
1638196200,336.89,340.67,335.305,338.03,338.2531451598661,337.1294949020156,337.98249003978134,339.1207735075209,0,0,0,0,0,0,9.347638109297653
1638282600,335,335.81,323.43,324.46,335.745300585345,335.9228763399189,333.47499335985424,338.5458412131083,0,0,0,0,0,0,9.72280681577639
1638369000,330.29,330.5,310.29,310.6,331.1734277516459,333.5111738313552,325.8499955732362,337.4499258714178,0,0,0,0,0,0,10.471892043220933
1638455400,311.4,314.6,307.2,310.39,327.39462270589206,331.30915727598807,320.6966637154908,336.3887523078328,0,0,0,0,0,0,10.252471182990869
1638541800,313.73,313.75,299.5,306.84,323.65741857754807,328.9787613449416,316.0777758103272,335.2299777075256,0,1,0,0,0,0,10.538008955634378
1638801000,308.13,320.1,306.34,317.87,322.6051606543575,327.92078407399475,316.6751838735515,334.5491942680148,0,0,0,0,0,0,10.768151173089068
1638887400,321.57,326.54,321,322.81,322.64240417174705,327.4340427336143,318.72012258236765,334.0888337084848,0,0,0,0,0,0,10.618283232154136
1638973800,325,332.75,323.07,330.56,324.0819670496112,327.7317529494606,322.6667483882451,333.95044807285797,0,0,0,0,0,0,10.569834429857412
1639060200,329.54,336.13,328,329.82,325.1252457678637,327.93063362094057,325.0511655921634,333.7884697170596,0,0,0,0,0,0,10.395560542010454
1639146600,332.555,335.03,326.37,329.75,325.9661101737067,328.10390660942244,326.6174437281089,333.6300983556063,0,0,0,0,0,0,10.271591931866848
1639405800,330.95,341.09,329.59,334.49,327.51590832394186,328.71210597995366,329.2416291520726,333.6638199887198,0,0,0,0,0,0,10.35933536530493
1639492200,328.05,335.7,327.65,333.74,328.6475613559524,329.1909530294819,330.74108610138177,333.6668074401426,0,0,0,0,0,0,10.194382839211722
1639578600,332.4935,342.11,323.98,341.66,331.0134592912338,330.3784813123884,334.38072406758783,333.9802659719017,0,1,0,0,0,0,10.761212636410885
1639665000,338.98,344.46,333.74,334.9,331.72010305646404,330.80910213977995,334.55381604505857,334.0163339730036,1,0,0,0,0,0,10.758268876667248
1639751400,332.795,337.11,330.75,333.79,332.09644795528874,331.09299717408663,334.2992106967057,334.00745813092504,0,0,0,0,0,0,10.44410681404816
1640010600,329.775,329.9,322.53,325.45,330.888002872509,330.5555688717927,331.3494737978038,333.67187153755543,0,1,0,0,0,0,10.502384898759008
1640097000,326.41,336,323.75,334.2,331.4901841684164,330.9026575506696,332.29964919853586,333.69258245765127,0,0,0,0,0,0,10.62721454884765
1640183400,333.8003,334.51,328.26,330.45,331.3010597741589,330.85954730774864,331.6830994656906,333.5654223612728,0,0,0,0,0,0,10.314556366787103
1640269800,330.1,336.67,328.36,335.24,332.01723072431184,331.2767332784392,332.8687329771271,333.63109207259544,0,0,0,0,0,0,10.171373769159453
1640615400,338.845,347.87,338.01,346.18,334.59227968352786,332.696092013826,337.3058219847514,334.12320610896427,0,0,0,0,0,0,10.346989928505208
1640701800,346.63,352.71,345.2,346.22,336.70641065015917,333.98408325060444,340.2772146565009,334.5975901831225,1,0,0,0,0,0,10.144347790754836
1640788200,346.91,349.6899,341.6401,342.94,337.83979053194844,334.83702770292786,341.1648097710006,334.9247435092746,0,0,0,0,0,0,9.994737234272348
1640874600,344,347.23,343.22,344.36,339.0252831625033,335.7439774455062,342.2298731806671,335.2947535677344,0,0,0,0,0,0,9.587256003252895
1640961000,343.015,343.44,336.27,336.35,338.53886804204814,335.8016938792675,340.2699154537781,335.33613578076444,0,0,0,0,0,0,9.480309145877689
1641220200,338.295,341.0816,337.19,338.54,338.53907385258486,336.06248493838484,339.6932769691854,335.4617775148521,0,0,0,0,0,0,9.14111563545785
1641306600,339.95,343.0854,331.8711,336.53,338.1737876975694,336.1070101823482,338.6388513127902,335.50366859270105,0,0,0,0,0,0,9.289200232925145
1641393000,333.02,335.76,323.84,324.17,335.62764447982954,334.97015206974356,333.8159008751935,335.05921100083043,0,0,0,0,0,0,9.532114502001921
1641479400,322.82,339.165,322.72,332.46,335.0517091198605,334.7310899678632,333.36393391679565,334.9572811576606,0,0,0,0,0,0,10.025892037573211
1641565800,332.74,337,328.8801,331.79,334.45867109806767,334.45098616140007,332.83928927786377,334.8330740534386,0,0,0,0,0,0,9.889749749175122
1641825000,325.31,328.34,315.43,328.07,333.2970945347826,333.8432731936477,331.24952618524253,334.5678554631077,0,1,0,0,0,0,10.351910481376901
1641911400,326.78,334.63,325.28,334.37,333.49216825573126,333.8934376513955,332.289684123495,334.56009642533877,0,0,0,0,0,0,10.280345446992838
1641997800,335.18,336.365,330.03,333.26,333.4499558455983,333.8331102560245,332.61312274899666,334.50911225179607,1,0,0,0,0,0,9.998535057921924
1642084200,334.98,335.63,325.76,326.48,332.1826911463986,333.13281404116503,330.5687484993311,334.19424510466683,0,0,0,0,0,0,9.989353982356073
1642170600,321.79,332.73,321.21,331.9,332.1312927561443,333.0154031801017,331.01249899955405,334.1042747084054,0,0,0,0,0,0,10.098685840759215
1642516200,323.29,324.21,317.64,318.15,329.58923952775444,331.5996504962825,326.724999333036,333.4786168767032,0,0,0,0,0,0,10.395922566419271
1642602600,319.5822,327.1,319.33,319.59,327.7711959772536,330.4558742585413,324.346666222024,332.93396523447956,0,0,0,0,0,0,10.292642383103612
1642689000,323.9,327.82,315.98,316.56,325.7327967086621,329.13245766248974,321.75111081468265,332.29184895077447,1,0,0,0,0,0,10.403167927167638
1642775400,314.81,318.31,303.04,303.17,321.63047003435986,326.65984264701456,315.55740720978844,331.1498156585872,0,0,0,0,0,0,10.750798789512805
1643034600,297.84,309.53,289.01,308.71,319.28129366447627,324.95033382348936,313.27493813985893,330.2698228876622,0,1,0,0,0,0,11.448598875976174
1643121000,299.95,306.23,297.58,300.15,315.8028766345715,322.58839726887135,308.8999587599059,329.08865336265586,0,0,0,0,0,0,11.425841813406448
1643207400,307.01,307.51,290.85,294.63,311.95326270101305,319.92569276707405,304.1433058399373,327.7373336229439,0,0,0,0,0,0,11.799710255305985
1643293800,297.752,301.709,294.26,294.64,308.8053967553743,317.5175315511622,300.97553722662485,326.4393989710637,0,0,0,0,0,0,11.488945237069844
1643380200,295.6204,301.9,293.0333,301.71,307.5153246180335,316.0120523558134,301.22035815108325,325.4696186192573,0,0,0,0,0,0,11.301642005850567
1643639400,300.68,313.79,299.32,313.26,308.55981105111834,315.74995213145024,305.23357210072214,324.9908100459531,0,0,0,0,0,0,11.527953291146957
1643725800,314.555,319.6598,312.12,319,310.45802722364226,316.05948049988353,309.82238140048145,324.7558763186608,0,0,0,0,0,0,11.243085198922175
1643812200,327.82,328,316.8747,323,312.73838591025276,316.7204823570375,314.2149209336543,324.68701842381137,1,0,0,0,0,0,11.234671970427732
1643898600,244.645,248,235.745,237.76,299.10595210838864,309.20043641827203,288.7299472891029,321.27811574052464,0,0,0,0,0,0,16.664695401111466
1643985000,234.97,242.6099,230.11,237.09,287.830324452318,302.33277580700803,271.5166315260686,317.9766210056021,0,0,0,0,0,0,16.367210015317788
1644244200,237.7,238.3,224.01,224.91,276.39026546098745,294.9591781111025,255.98108768404572,314.3269495936177,0,0,0,0,0,0,16.21883787136652
1644330600,220.85,225.77,216.15,220.18,266.17021719535336,287.83735162433084,244.04739178936381,310.63491235465233,0,1,0,0,0,0,15.747492309126056
1644417000,224.2,233.37,222.21,232,259.9574504325618,282.5195086124898,240.03159452624254,307.5511903015287,0,0,0,0,0,0,15.564814287045623
1644503400,228.27,235,226.7,228.07,254.15973217209603,277.333841125586,236.04439635082835,304.4342808779394,1,0,0,0,0,0,15.04589898082808
1644589800,228.46,230.42,218.7701,219.55,247.8670535953513,271.83061816124444,230.54626423388558,301.10548554939277,0,0,0,0,0,0,14.803327625054644
1644849000,219.31,221,214.78,217.7,242.3821347598329,266.6753211935069,226.2641761559237,297.83468219451464,0,0,0,0,0,0,14.190232794693598
1644935400,220.47,221.15,215.06,221,238.49447389440874,262.3252906036491,224.5094507706158,294.82155740257286,0,0,0,0,0,0,13.611644737929769
1645021800,212.41,217.46,212.36,216.54,234.50275136815262,257.9647867366349,221.85296718041053,291.75169240639354,0,0,0,0,0,0,13.25652725664907
1645108200,214.02,217.5,207.1601,207.71,229.63134202848852,253.1786165712411,217.13864478694035,288.4559397630056,0,0,0,0,0,0,13.048196738316992
1645194600,209.39,210.75,205.18,206.16,225.36382529603605,248.70065308826574,213.4790965246269,285.22864800759356,0,0,0,0,0,0,12.514039828437207
1645540200,202.34,207.48,200.06,202.08,221.1304025149386,244.26059088938328,209.6793976830846,281.9679167131781,0,0,0,0,0,0,12.150179840691692
1645626600,204.16,206.94,198.05,198.45,217.00669296676793,239.89767747134678,205.9362651220564,278.69270429305345,0,0,0,0,0,0,11.917309852070856
1645713000,191.06,208.35,190.22,207.6,215.2963851546283,236.82170818836138,206.49084341470427,275.90475510509054,0,1,0,0,0,0,12.361073434065796
1645799400,204.94,211.32,203.18,210.48,214.42067876287769,234.31297407518412,207.8205622764695,273.3390784343027,0,0,0,0,0,0,12.059568188775382
1646058600,207.675,213.1508,206.83,211.03,213.80419171508174,232.09554797278562,208.89037485097967,270.89558516236923,1,0,0,0,0,0,11.649656175291426
1646145000,209.87,211.7517,202.22,203.49,211.92888413052142,229.37121007061558,207.0902499006531,268.252228881492,0,0,0,0,0,0,11.49837359134204
1646231400,204.775,209.15,202.02,208.11,211.2345415613357,227.34633292103314,207.4301666004354,265.89371010182566,0,0,0,0,0,0,11.18634690624618
1646317800,209.015,209.08,201.42,202.97,209.73189764109284,225.02477740474427,205.94344440029028,263.42611362724426,0,0,0,0,0,0,10.934464984371456
1646404200,202.37,205.89,198.79,200.06,207.9733707972578,222.6471795566734,203.98229626686017,260.9411679948033,0,0,0,0,0,0,10.660574628344921
1646663400,200.79,200.89,187.28,187.47,204.24548519775638,219.29697197984734,198.47819751124013,258.0599457204973,0,0,0,0,0,0,10.871247869177425
1646749800,187.85,196.7,186.11,190.29,201.70812425270975,216.53440321986187,195.74879834082674,255.4023007902817,0,1,0,0,0,0,10.85115873566475
1646836200,195.74,199.1,193.92,198.5,201.12482893403526,214.81684100844646,196.66586556055117,253.17083801419224,0,0,0,0,0,0,10.70536168311727
1646922600,194.84,196.28,191.068,195.21,200.0494054914834,212.94952281716584,196.18057704036744,250.89786397442,0,0,0,0,0,0,10.471550134323179
1647009000,192.635,193.56,186.67,187.61,197.7876954021228,210.53623492981671,193.32371802691162,248.4159869558153,0,0,0,0,0,0,10.333582267585811
1647264600,187.03,192.29,185.82,186.63,195.75902351082775,208.25945065078656,191.09247868460776,245.9930070751951,0,1,0,0,0,0,10.057612105615396
1647351000,190.8,192.28,185.911,192.03,195.0810192361318,206.71378868404497,191.4049857897385,243.8768107193051,0,0,0,0,0,0,9.794139812357153
1647437400,194.7,203.73,194.52,203.63,196.63537937501692,206.42009452365974,195.47999052649234,242.29850441658726,0,0,0,0,0,0,9.93027268290307
1647523800,201.7,208.04,201.11,207.84,198.67258312501386,206.55532361664453,199.59999368432824,240.94719051789755,0,0,0,0,0,0,9.715967491267135
1647610200,206.7,216.8,206,216.49,201.91211346592044,207.5014832722022,205.22999578955216,239.98808500739176,0,0,0,0,0,0,9.793398384748055
1647869400,214.5,214.71,207.63,211.49,203.65354738120763,207.88134200818294,207.31666385970144,238.87051304631757,0,0,0,0,0,0,9.726727071551766
1647955800,211.37,219.46,210.18,216.65,206.0165387664426,208.7164522931179,210.42777590646762,237.99912037783452,0,0,0,0,0,0,9.694817995012354
1648042200,213.33,216.7988,212.16,213.46,207.36989535436214,209.1682187413924,211.43851727097842,237.03680193164493,0,0,0,0,0,0,9.333673852511472
1648128600,215,220.67,214.79,219.57,209.58809619902357,210.1588645755455,214.1490115139856,236.35182930687455,0,0,0,0,0,0,9.181982863046366
1648215000,220.51,225.5,218.8901,221.82,211.812078708292,211.26944890168403,216.7060076759904,235.78195364778142,0,0,0,0,0,0,8.998262658543055
1648474200,222.13,224.04,219.54,223.59,213.953518943148,212.44283472057126,219.0006717839936,235.30383781845666,0,0,0,0,0,0,8.676958182932838
1648560600,226.07,230.89,225.29,229.86,216.8456064080302,214.10161236623114,222.62044785599574,235.09035398243876,0,0,0,0,0,0,8.578604027009062
1648647000,228.91,231.151,226.71,227.85,218.8464052429338,215.41098261706625,224.36363190399715,234.80641853214703,1,0,0,0,0,0,8.283060882222701
1648733400,228.45,228.49,222.26,222.36,219.48524065330946,216.07279379639328,223.69575460266478,234.3183236877491,0,1,0,0,0,0,8.136413676349653
1648819800,224.55,227.28,222.7,224.85,220.46065144361683,216.90871819673677,224.0805030684432,233.94701687646483,0,0,0,0,0,0,7.906669842324677
1649079000,225.98,234.351,225.86,233.89,222.90235118114103,218.5259831303809,227.35033537896211,233.94478092052503,0,0,0,0,0,0,8.020550567872915
1649165400,234.08,236.86,231.02,231.84,224.5273782391154,219.79398473701127,228.8468902526414,233.86224049226914,1,0,0,0,0,0,7.864796955881992
1649251800,226.91,228.9899,221.405,223.3,224.30421855927622,220.12789095253402,226.99792683509426,233.44803498276838,0,0,0,0,0,0,8.048382887604706
1649338200,223.93,225.52,218.56,222.95,224.0579970030442,220.39666324276888,225.64861789006284,233.0363473363853,0,0,0,0,0,0,7.970641252775799
1649424600,222.38,225.13,220.0283,222.33,223.74381572976344,220.58079055298137,224.54241192670855,232.61649057809566,0,0,0,0,0,0,7.765716877577527
1649683800,218.42,220.61,215.2198,216.46,222.4194855970792,220.1883343098403,221.8482746178057,231.982902712288,0,0,0,0,0,0,7.718894243464848
1649770200,220.235,222.03,213.13,214.14,220.91412457942843,219.6123024708079,219.27884974520381,231.28318103729632,0,0,0,0,0,0,7.803258940360216
1649856600,211.82,216.61,211.33,214.99,219.83701101953235,219.1720831878738,217.84923316346922,230.6442327613239,0,0,0,0,0,0,7.623026158905915
1649943000,214.89,214.99,210,210.18,218.08119083416284,218.3156943128382,215.2928221089795,229.84171382950728,0,0,0,0,0,0,7.434952861841208
1650288600,210,213.38,208.3,210.77,216.7518834097696,217.59705675923456,213.78521473931966,229.0938034832521,0,0,0,0,0,0,7.266741943138264
1650375000,210.52,218.4299,209,217.31,216.85335915344785,217.56971802025984,214.96014315954645,228.6316935427324,1,0,0,0,0,0,7.421253232914103
1650461400,213.605,214.16,198.92,200.42,213.8654756710028,215.93641154213987,210.11342877303096,227.525352619488,0,0,0,0,0,0,8.204735144848812
1650547800,201.6,202.965,185.58,188.07,209.17538918536593,213.2824675857456,202.76561918202063,225.978083889312,0,0,0,0,0,0,8.860468348788181
1650634200,190.37,192.72,183.27,184.11,204.6180456971176,210.50413733948412,196.54707945468041,224.33619824659388,0,0,0,0,0,0,8.902577752446167
1650893400,182.73,187.18,181.655,186.99,201.41294647945986,208.26469568810467,193.36138630312027,222.8716414526098,0,0,0,0,0,0,8.661322198700011
1650979800,186.63,187.185,179.5,180.95,197.6924107559217,205.66329609876135,189.2242575354135,221.22765551329175,0,0,0,0,0,0,8.591584898792869
1651066200,174.43,181.2099,169,174.95,193.55742698211776,202.7382202798317,184.46617169027567,219.41284549316265,0,1,0,0,0,0,8.85003597745052
1651152600,202.92,208.53,192.9,205.73,195.77062207627816,203.0231516817525,191.55411446018377,218.8762633169602,0,0,0,0,0,0,10.6164619790612
1651239000,204.46,212.48,199.9,200.47,196.62505442604578,202.77999437872845,194.52607630678918,218.15444906923628,0,0,0,0,0,0,10.756714694842541
1651498200,201.165,211.88,200.99,211.13,199.26231725767383,203.57523300932573,200.06071753785946,217.87898047828583,0,0,0,0,0,0,10.803377930925217
1651584600,210.45,214.8999,208.09,212.03,201.58371411991496,204.38044891319947,204.05047835857297,217.64960869482363,0,0,0,0,0,0,10.518129507287702
1651671000,210.65,224.3,206.96,223.41,205.55212973447587,206.19278711194238,210.50365223904865,217.87550639306585,1,0,0,0,0,0,11.005405971052866
1651757400,218.74,220.17,206.16,208.28,206.04810614638936,206.39156929175738,209.76243482603243,217.49921202471032,0,0,0,0,0,0,11.451448401691948
1651843800,207.34,209.38,201.02,203.77,205.63390502886404,206.14189602587572,207.76495655068828,216.96081155315306,0,0,0,0,0,0,11.23063065871395
1652103000,199.84,202.57,195.58,196.21,203.92046775088875,205.1960011662685,203.91330436712553,216.14705423734313,0,0,0,0,0,0,11.013442754520097
1652189400,199.51,202.96,194.19,197.65,202.78038270527261,204.47733438852865,201.82553624475037,215.42167956136888,0,0,0,0,0,0,10.853196843482948
1652275800,196.325,200.6742,188.27,188.74,200.2275858497685,202.9785406372402,197.46369082983358,214.37533918641324,0,0,0,0,0,0,10.963982783234167
1652362200,187.055,198.05,184.78,191.24,198.59347933162877,201.86058438607446,195.38912721988905,213.4680709830245,0,1,0,0,0,0,11.128698298717442
1652448600,192.58,199.89,191.28,198.62,198.59830127133264,201.55195730168643,196.46608481325936,212.88579368957255,0,0,0,0,0,0,10.951648420237623
1652707800,197.05,205.37,195.93,200.04,198.86042831290854,201.40796136819247,197.65738987550623,212.3820370742952,0,0,0,0,0,0,10.843673533077792
1652794200,202.115,205.46,198.36,202.62,199.54398680147062,201.5233936188408,199.3115932503375,211.99921209098952,1,0,0,0,0,0,10.576268280715093
1652880600,200,201,191.63,192.24,198.21598920120323,200.63926089323692,196.954395500225,211.22434102859776,0,0,0,0,0,0,10.6058205463783
1652967000,191.2,195.29,189.6,191.29,196.9567184373481,199.74885509388102,195.06626366681667,210.44260216473117,0,0,0,0,0,0,10.25469050735128
1653053400,194.97,197.91,187.87,193.54,196.3354969032848,199.15753556113046,194.55750911121112,209.77975502101623,0,0,0,0,0,0,10.239355471111903
1653312600,195.19,196.9924,191.24,196.23,196.3163156481421,198.8787226505466,195.11500607414075,209.2483920790156,0,0,0,0,0,0,9.918858651746765
1653399000,180.55,183.6759,176.11,181.28,193.58244007575263,197.202653826685,190.5033373827605,208.15159238964242,0,1,0,0,0,0,10.647511605193424
1653485400,180.4,185.45,179.32,183.83,191.8092691528885,195.9290677479531,188.278891588507,207.1978044527937,0,0,0,0,0,0,10.324832204822465
1653571800,182.878,192.8301,182.26,191.63,191.77667476145422,195.51963272433852,189.39592772567133,206.58730231739003,0,0,0,0,0,0,10.342351333049432
1653658200,191.36,195.3329,189.8,195.13,192.38637025937163,195.48252484583008,191.30728515044754,206.13799634415903,0,0,0,0,0,0,9.99881909497447
1654003800,194.885,197.6,192.01,193.64,192.61430293948587,195.30704628908435,192.08485676696503,205.64787884046652,0,0,0,0,0,0,9.683903445333437
1654090200,196.51,199.53,185,188.64,191.8917024050339,194.67208949964774,190.93657117797667,204.9809031996639,0,1,0,0,0,0,10.030053199238191
1654176600,188.45,200.935,187.73,198.86,193.15866560411865,195.07093811872892,193.57771411865113,204.74086778006924,1,0,0,0,0,0,10.25683511357832
1654263000,195.98,196.61,189.78,190.78,192.72618094882435,194.66227734551663,192.64514274576743,204.19338276908613,0,0,0,0,0,0,10.172775462608442
1654522200,193.99,196.92,188.4,194.25,193.003238958129,194.6230128364198,193.18009516384495,203.80344618990628,0,0,0,0,0,0,10.054720072422125
1654608600,191.93,196.53,191.49,195.65,193.4844682384692,194.72082113771316,194.00339677589665,203.4837032020668,0,0,0,0,0,0,9.69652578153483
1654695000,194.67,202.03,194.41,196.64,194.05820128602025,194.90360007697856,194.88226451726442,203.2153226843387,1,0,0,0,0,0,9.548202511425199
1654781400,194.28,199.45,183.68,184,192.22943741583475,193.86516197440918,191.25484301150962,202.4617806182862,0,0,0,0,0,0,9.992616617751969
1654867800,183.04,183.1,175.02,175.57,189.20044879477388,192.122765595894,186.02656200767308,201.40720098619656,0,0,0,0,0,0,9.920286859341113
1655127000,170.59,172.575,164.03,164.26,184.66582174117863,189.46916887247554,178.77104133844873,199.9504480063457,0,0,0,0,0,0,10.035980655102462
1655213400,166.03,166.75,161.3601,163.73,180.85930869732798,187.0178194560493,173.75736089229915,198.53003828060668,0,0,0,0,0,0,9.704117751166573
1655299800,167.2,172.16,163.975,169.35,178.76670711599562,185.3351699840446,172.2882405948661,197.38572305391622,0,0,0,0,0,0,9.613109340368961
1655386200,163.72,165.08,159.61,160.87,175.51276036763278,183.00515379508798,168.4821603965774,195.95373391454697,0,0,0,0,0,0,9.622172958914035
1655472600,161.68,165.9,159.9,163.74,173.37225848260863,181.17037724317484,166.90144026438495,194.69045023162357,0,0,0,0,0,0,9.363446318991604
1655818200,165.93,167.76,155.97,157.05,170.40457512213433,178.87319845811058,163.6176268429233,193.2143541441089,1,0,0,0,0,0,9.536771581920775
1655904600,158.38,160.79,155.44,155.85,167.75828873629172,176.68051289067148,161.0284178952822,191.74908535414386,0,0,0,0,0,0,9.237716468926433
1655991000,156.27,159.75,154.25,158.75,166.12041805696595,174.9728449963218,160.26894526352146,190.45500357555,0,1,0,0,0,0,8.970736721145974
1656077400,161.725,170.25,161.3,170.16,166.85488750115397,174.5144788061959,163.5659635090143,189.65912108239118,0,0,0,0,0,0,9.151398383921261
1656336600,171.32,171.75,168.01,169.49,167.3339988645805,174.03595701512964,165.54064233934287,188.86817515759154,1,0,0,0,0,0,8.764869927926886
1656423000,169.9,171.3,160.61,160.68,166.12418088920222,172.76396110892682,163.92042822622858,187.7627565239605,0,0,0,0,0,0,8.902379218789251
1656509400,163.57,166.33,160.32,163.94,165.72705709116545,171.9235838604576,163.92695215081906,186.82853077792282,0,0,0,0,0,0,8.69578070316145
1656595800,162.15,165.23,158.49,161.25,164.91304671095355,170.90705206422354,163.0346347672127,185.82545113957292,0,0,0,0,0,0,8.556082081507059
1656682200,160.31,160.62,155,160.03,164.0252200362347,169.8711423438213,162.03308984480847,184.813864820374,0,1,0,0,0,0,8.391361932827984
1657027800,158.14,168.25,157.02,168.19,164.7824527569193,169.71103354917165,164.08539322987232,184.16194855290834,0,0,0,0,0,0,8.59412179476884
1657114200,168.2,171.59,165.46,169.77,165.6892795283885,169.71664940163149,165.98026215324822,183.5975584135786,0,0,0,0,0,0,8.418113095142495
1657200600,169.45,172.72,167.78,172.19,166.87122870504516,169.9522066014761,168.05017476883214,183.15020318167356,1,0,0,0,0,0,8.16967644548946
1657287000,169.98,172.4,168.1501,170.88,167.60009621321876,170.040567877526,168.99344984588808,182.66901874317657,0,0,0,0,0,0,7.889692413668784
1657546200,167.065,167.49,161.91,162.88,166.74189690172443,169.35860903204733,166.95563323059204,181.89297879246377,0,0,0,0,0,0,7.966857241263871
1657632600,164.8,165.9107,162.1,163.27,166.11064291959272,168.77874150518568,165.7270888203947,181.16266589864165,0,0,0,0,0,0,7.66998886688788
1657719000,160.16,164.98,159.6127,163.49,165.6341623887577,168.27505183802515,164.9813925469298,180.4696201771263,0,0,0,0,0,0,7.505511090681602
1657805400,161.22,162.59,157.2801,158.05,164.25522377261993,167.30123737726086,162.67092836461987,179.59041938586645,0,1,0,0,0,0,7.4129674413472015
1657891800,160.54,164.98,159.82,164.7,164.33609217759812,167.0535004841884,163.34728557641324,179.00648137073443,0,0,0,0,0,0,7.3784697669652575
1658151000,166.75,171.685,165.64,167.23,164.86225723621664,167.07030996188473,164.64152371760883,178.5446585718821,0,0,0,0,0,0,7.350364783610597
1658237400,170.37,176.49,169.51,175.78,166.84730137508635,167.89980425122906,168.35434914507255,178.43624058867104,0,0,0,0,0,0,7.486767299066984
1658323800,177.485,183.6,176.7,183.09,169.80051930688882,169.3464895606358,173.2662327633817,178.61874095774277,0,0,0,0,0,0,7.510569634847913
1658410200,180.63,183.85,178.87,183.17,172.23133397836358,170.66301436438476,176.56748850892114,178.79722170449796,1,0,0,0,0,0,7.329814660930205
1658496600,173.07,175.5995,168.41,169.27,171.6929096186611,170.53034632968146,174.13499233928076,178.42360516706665,0,0,0,0,0,0,7.860542185149475
1658755800,169,170.57,164.805,166.65,170.77601696072273,170.16078953637847,171.63999489285385,177.961895160515,0,0,0,0,0,0,7.71086060049594
1658842200,165.94,166,157.95,159.15,168.66219569513677,169.11214291386625,167.47666326190256,177.22417378167128,0,0,0,0,0,0,7.7815134147462315
1658928600,162.59,170.87,162.02,169.58,168.82906920511192,169.15670073159328,168.17777550793505,176.92440226082144,1,0,0,0,0,0,8.062833885121501
1659015000,161.06,161.51,154.85,160.72,167.35469298600066,168.3532054238225,165.69185033862337,176.28893550549512,0,1,0,0,0,0,8.539060036184251
1659101400,157.69,160.14,155.17,159.1,165.8538397158187,167.47194776441083,163.49456689241558,175.61485960331885,0,0,0,0,0,0,8.325555747885376
1659360600,157.25,165.19,155.2301,159.93,164.77677794930622,166.75366702494313,162.30637792827704,174.99976706985535,0,0,0,0,0,0,8.442294623036421
1659447000,158.31,162.24,158.01,160.19,163.94281832215964,166.12855587971046,161.60091861885135,174.41899189064534,0,0,0,0,0,0,8.141416435676678
1659533400,162.69,169.54,161.57,168.8,164.82594226358515,166.38297912926186,164.00061241256756,174.19863926748278,0,0,0,0,0,0,8.227743833128343
1659619800,168.295,172.15,166.8,170.57,165.87031639747875,166.7817430217131,166.19040827504503,174.0563396883658,0,0,0,0,0,0,8.022190702190604
1659706200,166.99,171.612,165.8,167.11,166.09571341611897,166.81300559107376,166.49693885003003,173.78393421039067,0,0,0,0,0,0,7.864319937748418
1659965400,168,177.51,167.13,170.25,166.8510382495519,167.14033839192388,167.74795923335336,173.64534855508123,0,0,0,0,0,0,8.045439942194957
1660051800,168.95,169.53,166.6,168.53,167.15630402236064,167.27268711650257,168.00863948890225,173.44474665096038,0,0,0,0,0,0,7.731479946323889
1660138200,175.99,180.48,173.95,178.34,169.18970329102234,168.3267169149309,171.45242632593482,173.63671737053056,0,0,0,0,0,0,8.032802807300753
1660224600,179.71,183.1,176.37,177.49,170.6988481472001,169.19941054208033,173.46495088395656,173.78782649325484,1,0,0,0,0,0,7.939745463922127
1660311000,180.81,181.4572,178.911,180.5,172.4808757568001,170.2756571571203,175.80996725597103,174.05104898371545,0,0,0,0,0,0,7.655992216499117
1660570200,178.96,181.44,178.2,180.89,174.00980743738188,171.28654695168026,177.50331150398068,174.3192431412168,0,0,0,0,0,0,7.340564201034895
1660656600,179.44,180.99,177.035,179.47,175.00256972149427,172.06592343247263,178.15887433598712,174.52123360626712,0,0,0,0,0,0,7.098738186675261
1660743000,176.76,178.14,174.17,174.85,174.97482977213167,172.33107358176096,177.0559162239914,174.53412640602136,0,0,0,0,0,0,6.970256887627029
1660829400,174.34,175.76,171.86,174.66,174.91758799538044,172.55287609778372,176.25727748266092,174.53906262539306,0,0,0,0,0,0,6.750952824225096
1660915800,170.2,172.32,167.05,167.96,173.65257199622036,172.11545932656622,173.49151832177395,174.2810601694953,0,0,0,0,0,0,6.812313336780446
1661175000,165.49,165.49,162.26,163.05,171.7248316332712,171.25208224784564,170.01101221451597,173.84062643735822,0,0,0,0,0,0,6.732862384153273
1661261400,162.48,165.05,160.7,161.11,169.79486224540372,170.28616965281273,167.04400814301064,173.3413861849128,0,0,0,0,0,0,6.562657928142326
1661347800,160.6,165.46,159.77,163.26,168.60670547351214,169.61701063825913,165.78267209534042,172.9460377070731,0,1,0,0,0,0,6.500325218989303
1661434200,165.18,168.88,164.02,168.78,168.6382135692372,169.53729533937732,166.78178139689362,172.78266367934472,0,0,0,0,0,0,6.437444846204353
1661520600,168.48,170.92,161.6726,161.78,167.3912656475577,168.79850530705568,165.1145209312624,172.3511866723116,1,0,0,0,0,0,6.638155928618327
1661779800,160.655,163.05,159.01,159.17,165.89649007527447,167.88150480162182,163.13301395417494,171.83427739104448,0,0,0,0,0,0,6.452573362288448
1661866200,160.355,161.66,155.91,157.16,164.3080373343155,166.86040910622927,161.1420093027833,171.25881553257216,0,1,0,0,0,0,6.402389550696417
1661952600,167.07,167.84,162.14,162.93,164.05748509171266,166.48608442944553,161.73800620185554,170.93219531560854,0,0,0,0,0,0,6.707933154218102
1662039000,163.58,167.3599,160.345,165.36,164.29430598412856,166.37883829330787,162.9453374679037,170.71367785225135,0,0,0,0,0,0,6.729859357488238
1662125400,167.45,167.93,159.22,160.32,163.5717048961052,165.8018060748976,162.07022497860245,170.30608264235914,1,0,0,0,0,0,6.871297974810508
1662471000,160.1,161.69,157.69,158.54,162.6568494604497,165.1102054963359,160.8934833190683,169.84466763677642,0,0,0,0,0,0,6.666205262324043
1662557400,157.76,160.955,156.81,160.39,162.24469501309522,164.6606621157325,160.72565554604554,169.47389635690283,0,1,0,0,0,0,6.486119172158041
1662643800,158.71,162.23,157.74,162.06,162.21111410162337,164.41298000947225,161.17043703069703,169.1831553232988,0,0,0,0,0,0,6.343539231289609
1662730200,163.248,169.54,163.02,169.15,163.47272971951003,164.8641247704749,163.83029135379803,169.18185511454197,0,0,0,0,0,0,6.424715000483208
1662989400,167.39,171.39,167.28,168.96,164.47041522505367,165.25420812566776,165.54019423586536,169.1731549139717,1,0,0,0,0,0,6.259378214734406
1663075800,161.54,161.63,152.67,153.13,162.4085215477712,164.09952163750893,161.40346282391025,168.54401158401203,0,0,0,0,0,0,6.975851199396236
1663162200,153.33,153.54,149.05,151.47,160.41969944817643,162.89671005298428,158.0923085492735,167.87444250228606,0,0,0,0,0,0,6.79829039943936
1663248600,149.8,154.1984,148.7,149.55,158.4433904575989,161.6255948098429,155.24487236618234,167.1558369139611,0,0,0,0,0,0,6.705441085193692
1663335000,148.05,148.58,144.2935,146.29,156.23368310167183,160.16506197081026,152.2599149107882,166.3375687996881,0,1,0,0,0,0,6.601945293394143
1663594200,145.235,148.58,145.1,148.02,154.74028617409513,159.00838940216167,150.84660994052547,165.6192327683278,0,0,0,0,0,0,6.378949201008849
1663680600,145.775,148.84,145.22,146.09,153.1675068697142,157.7780666019558,149.26107329368364,164.85338050290318,0,0,0,0,0,0,6.181881400936788
1663767000,146.39,149.6,142,142.12,151.1588692570389,156.2868221636743,146.88071552912243,163.96187538514226,1,0,0,0,0,0,6.28317558658416
1663853400,141.55,144.58,140.87,142.82,149.64271121030455,155.00426767189578,145.52714368608162,163.13278223278374,0,0,0,0,0,0,6.0993773303995775
1663939800,141.42,142.62,138.89,140.41,147.96403644479463,153.6143374174295,143.82142912405442,162.24169273345888,0,0,0,0,0,0,5.944421806799609
1664199000,140.12,142.24,136.19,136.37,145.85602981846833,151.9720195681505,141.3376194160363,161.22711654783305,0,0,0,0,0,0,5.951963106313923
1664285400,137.92,139.42,134.1201,134.4,143.77311530601955,150.2984938949933,139.02507961069085,160.17507276164352,0,1,0,0,0,0,5.905387170148642
1664371800,134.62,142.03,134.27,141.61,143.379821614016,149.47101828594631,139.88671974046056,159.44703069255945,0,0,0,0,0,0,6.037859515138024
1664458200,139.36,139.84,135.2,136.41,142.11258132055855,148.22711178252285,138.72781316030705,158.5436177242238,0,0,0,0,0,0,6.064440978342453
1664544600,136.05,140.99,135.5,135.68,140.943021080457,147.0321487556159,137.7118754402047,157.6470052644503,0,0,0,0,0,0,6.0234094798894215
1664803800,137.14,139.62,136.1,138.61,140.51883542946481,146.23003935031915,138.0112502934698,156.90045603839343,0,0,0,0,0,0,5.874594517040177
1664890200,140.49,142.3901,139.34,140.28,140.47541080592575,145.66336893600302,138.76750019564653,156.2486734486525,1,0,0,0,0,0,5.724987765823021
1664976600,138.24,140.21,134.78,138.98,140.20351793212106,145.02685760876463,138.83833346376434,155.5714705683132,0,0,0,0,0,0,5.708917211121376
1665063000,137.715,141.45,136.6,139.07,139.9974237626445,144.45953783650134,138.91555564250956,154.92435407543817,0,0,0,0,0,0,5.647565981755563
1665149400,136.76,138.29,132.44,133.45,138.8069830785273,143.4110104235012,137.09370376167303,154.08222254306804,0,0,0,0,0,0,5.717739840201594
1665408600,133.55,136.11,131.87,133.79,137.89480433697688,142.49472371650108,135.99246917444867,153.28644911000654,0,0,0,0,0,0,5.61218699447291
1665495000,131.62,132.66,126.99,128.54,136.1939308211629,141.16570241016765,133.5083127829658,152.3160001253004,0,0,0,0,0,0,5.697030780581987
1665581400,128.32,129.67,126.25,127.5,134.613216126406,139.86420694253263,131.50554185531053,151.34282364979842,0,0,0,0,0,0,5.53438572482613
1665667800,123.53,131.14,122.5301,130.29,133.8271768306958,138.95237770991048,131.10036123687368,150.51722272235534,0,1,0,0,0,0,5.754065315909977
1665754200,131,131.79,126.52,126.76,132.5422355887511,137.7911988803952,129.65357415791578,149.5855669293218,0,0,0,0,0,0,5.719489221916406
1666013400,130.3,134.79,130.18,134.04,132.81455639079635,137.4339418441671,131.1157161052772,148.97593685366212,0,0,0,0,0,0,5.884525706065234
1666099800,137.085,137.8399,131.4,132.8,132.81190977428793,136.9926140494845,131.6771440701848,148.34158638881263,1,0,0,0,0,0,5.9241952984891455
1666186200,132.89,137,132.22,133.23,132.88792617896286,136.6342698542955,132.19476271345653,147.7489751578788,0,0,0,0,0,0,5.842467062882777
1666272600,132.93,136.77,131.31,131.53,132.64103051006052,136.14814891579115,131.97317514230434,147.11293691639335,0,0,0,0,0,0,5.81514798696258
1666359000,126.31,130.12,125.44,130.01,132.16266132641314,135.56356330476342,131.3187834282029,146.44223350790733,0,0,0,0,0,0,5.83478027360811
1666618200,127.25,133.48,124.57,129.72,131.71854108524713,135.00703346621452,130.78585561880192,145.78645964485213,0,1,0,0,0,0,6.054438825493245
1666704600,130.875,138.35,130.59,137.51,132.7715336152022,135.24541123133696,133.02723707920129,145.46189259995597,1,0,0,0,0,0,6.238407480815155
1666791000,131.68,135.55,128.53,129.82,132.2348911397109,134.72870539978106,131.95815805280085,144.8484850470165,0,0,0,0,0,0,6.434235517899786
1666877400,97.975,102.5,96.38,97.94,125.99945638703619,131.22501917123049,120.61877203520056,143.0089366138002,0,0,0,0,0,0,8.363218695192659
1666963800,99.58,100.85,97.51,99.2,121.1268279530296,128.175017345399,113.47918135680038,141.29093909953352,0,0,0,0,0,0,8.004417359821755
1667223000,98.22,99.32,92.6,93.16,116.04195014338785,124.84025378869433,106.70612090453359,139.40345129170868,0,0,0,0,0,0,7.912673262691629
1667309400,94.33,97.49,93.55,95.2,112.25250466277188,122.01737247548535,102.87074726968906,137.66998261360246,0,0,0,0,0,0,7.656768029642227
1667395800,94.205,95.2,90.48,90.54,108.3047765422679,119.01952747782008,98.7604981797927,135.82174800130431,0,0,0,0,0,0,7.446998884667782
1667482200,90.08,90.4576,88.41,88.91,104.77845353458282,116.1519534323134,95.47699878652847,133.9820716090963,0,0,0,0,0,0,7.067213250048655
1667568600,90.35,91.39,88.09,90.79,102.23509834647686,113.7365292959026,93.91466585768565,132.2882648793278,0,1,0,0,0,0,6.798126589330893
1667831400,94.78,96.88,93.1,96.72,101.23235319257198,112.11590745819758,94.8497772384571,130.89343096249144,0,0,0,0,0,0,6.747546118664401
1667917800,95.92,97.8,94.79,96.47,100.36647079392253,110.62582103360734,95.38985149230473,129.54349249337412,0,0,0,0,0,0,6.4805785387598
1668004200,101.72,104.9,100.74,101.47,100.5671124677548,109.75383807802568,97.41656766153649,128.44257121912415,0,0,0,0,0,0,6.619822928848386
1668090600,107.12,112.75,104.61,111.87,102.62218292816301,109.9553773086899,102.23437844102433,127.792666465433,0,0,0,0,0,0,6.952692719644929
1668177000,109.23,114.9,108.81,113.02,104.51269512304246,110.24724613643372,105.82958562734956,127.2133462118866,0,0,0,0,0,0,6.891071811098863
1668436200,110.99,116.27,110.8,114.22,106.27765964612566,110.62560364724955,108.62639041823304,126.70380322318516,0,0,0,0,0,0,6.789566681734658
1668522600,116.07,118.74,114.4116,117.08,108.24172152864827,111.24030806179721,111.44426027882203,126.32639917521712,1,0,0,0,0,0,6.627454775896467
1668609000,114.5,116.075,112.66,113.23,109.14868125071222,111.42980253210223,112.03950685254802,125.81281489383606,0,0,0,0,0,0,6.469779434761006
1668695400,110.41,112.33,109.8,111.45,109.56710284149182,111.43172610047344,111.84300456836534,125.24956725094053,0,0,0,0,0,0,6.252652332278077
1668781800,113.8,114.32,110.62,112.05,110.01853868849331,111.49060932899978,111.9120030455769,124.73193716266834,0,0,0,0,0,0,6.070320022829642
1669041000,111.52,112.3699,109.19,109.86,109.98971347240362,111.33531320242837,111.2280020303846,124.14872394060292,0,0,0,0,0,0,5.863861449770382
1669127400,109.86,111.62,108.3216,111.44,110.2534019319666,111.34528337362566,111.2986680202564,123.65034260959888,0,1,0,0,0,0,5.680614203358211
1669213800,111.72,112.67,110.73,112.24,110.61460158069994,111.43049448089941,111.6124453468376,123.20287819353618,0,0,0,0,0,0,5.41342747454691
1669386600,111.3,112.73,111.02,111.41,110.75921947511813,111.42854262557566,111.5449635645584,122.74041238202496,1,0,0,0,0,0,5.148896940650702
1669645800,110.78,112.04,108.38,108.78,110.39936138873301,111.17630047075893,110.62330904303893,122.19294522978868,0,1,0,0,0,0,5.042547159175653
1669732200,109.54,110.94,108.5437,109.46,110.22856840896337,111.01284328306761,110.23553936202595,121.69361404430677,0,0,0,0,0,0,4.85352950494882
1669818600,109.505,118.16,109.38,118.1,111.65973778915185,111.68781058944212,112.85702624135062,121.55268800335357,0,0,0,0,0,0,5.133991683166761
1669905000,119.198,121.2,118.4,120.44,113.25614910021515,112.52135243806669,115.38468416090042,121.50905317969264,0,0,0,0,0,0,4.988706562940565
1669991400,117.83,124.04,117.61,123.49,115.1168492638124,113.5659855392032,118.08645610726694,121.5867373687243,0,0,0,0,0,0,5.091656094159097
1670250600,121.75,124.67,121.35,122.43,116.44651303402833,114.41017739261241,119.5343040715113,121.61980649151943,1,0,0,0,0,0,4.965109230290591
1670337000,119.91,120.55,113.74,114.12,116.02351066420499,114.38254145045885,117.7295360476742,121.32569643302847,0,0,0,0,0,0,5.231172856698407
1670423400,113.76,115.88,112.88,113.93,115.64287236162227,114.33944226470086,116.46302403178281,121.03566912192932,0,1,0,0,0,0,5.071803366934235
1670509800,116.39,117.34,114.59,115.33,115.58598647769095,114.43378109663412,116.08534935452187,120.81191739165757,0,0,0,0,0,0,4.953103126438933
1670596200,115.3,117.54,113.87,115.9,115.64307984538351,114.57342099219278,116.02356623634792,120.61929318022003,0,0,0,0,0,0,4.861452903121866
1670855400,115.18,115.72,113.14,114.71,115.47342896440469,114.58642851674585,115.58571082423194,120.38755619276041,0,1,0,0,0,0,4.711349124327447
1670941800,122.13,123.3,118.64,120.15,116.3237146072402,115.11629246753196,117.10714054948797,120.37824026363255,0,0,0,0,0,0,4.9883956154469145
1671028200,119.39,124.14,119.39,121.59,117.28122104228744,115.73283604205272,118.60142703299198,120.42576025329402,1,0,0,0,0,0,4.971367357200706
1671114600,118.33,118.625,114.01,116.15,117.07554448914428,115.7725659428096,117.78428468866132,120.25808338061582,0,1,0,0,0,0,5.157698260257798
1671201000,120.23,123.31,118.8214,119.43,117.50362730929986,116.12089299587537,118.33285645910755,120.22560952255245,0,0,0,0,0,0,5.300719813096527
1671460200,116.83,117.8,114.331,114.48,116.95387688942716,115.96461747245867,117.04857097273836,120.0002915020602,0,0,0,0,0,0,5.286311255018204
1671546600,113.26,117.33,112.46,117.09,116.97862654589495,116.07179676079593,117.06238064849224,119.88616242354803,0,1,0,0,0,0,5.2565747368026186
1671633000,116.7,120.34,115.62,119.76,117.4843308102777,116.4230542121487,117.96158709899483,119.88121487752653,1,0,0,0,0,0,5.218247969888146
1671719400,117.2,118.62,114.38,117.12,117.41808884477267,116.48943000146787,117.68105806599655,119.77293194115295,0,0,0,0,0,0,5.229801686324707
1671805800,116.03,118.175,115.535,118.04,117.53116360026854,116.6371033346614,117.80070537733104,119.70497382581361,0,0,0,0,0,0,5.044815851587229
1672151400,117.93,118.6,116.0501,116.88,117.41277021840153,116.66023635040794,117.49380358488736,119.5941905385268,0,0,0,0,0,0,4.866607576473855
1672237800,116.25,118.15,115.51,115.62,117.08681199687398,116.56116622179766,116.86920238992491,119.43833992917281,0,1,0,0,0,0,4.707564178154294
1672324200,116.4,121.03,115.77,120.26,117.66375527016962,116.91343610543598,117.99946825994994,119.47056189273466,0,0,0,0,0,0,4.757738165428988
1672410600,118.16,120.42,117.74,120.34,118.15034522104787,117.23977552396589,118.77964550663329,119.50465750478429,0,0,0,0,0,0,4.6093282964697755
1672756200,122.82,126.37,122.28,124.74,119.34846427176645,117.95408261692153,120.76643033775552,119.70996505361627,0,0,0,0,0,0,4.710804846721934
1672842600,127.38,129.0498,125.85,127.37,120.80692531326346,118.8508366534052,122.96762022517035,120.01035858092544,0,0,0,0,0,0,4.682161643384654
1672929000,126.125,128.52,124.54,126.94,121.92202980176101,119.6212331626047,124.29174681678023,120.28210922481072,0,0,0,0,0,0,4.632007240285751
1673015400,128.97,130.33,126.04,130.02,123.39438801962265,120.6115919090233,126.20116454452015,120.663987294426,0,0,0,0,0,0,4.607578151693913
1673274600,131.16,132.95,129.28,129.47,124.49904474332763,121.45524982244966,127.29077636301344,121.00932112601713,0,0,0,0,0,0,4.540608283715775
1673361000,127.27,133.44,127.15,132.99,126.04285478999533,122.55379745840683,129.19051757534228,121.4791516700949,0,0,0,0,0,0,4.665564834878934
1673447400,130.96,133.8494,130.34,132.89,127.28779028272345,123.53819770046333,130.4236783835615,121.92663591832647,0,0,0,0,0,0,4.582981632387582
1673533800,133.44,137.6781,131.76,136.71,129.00091932222827,124.79265506232396,132.51911892237433,122.50637568623523,1,0,0,0,0,0,4.678347230074183
1673620200,134.97,137.39,134.835,136.98,130.4516612636413,125.95335458019787,134.00607928158288,123.07396879657895,0,0,0,0,0,0,4.526679570783169
1673965800,136.176,136.75,134.25,135.36,131.34408648843382,126.84922557255997,134.45738618772194,123.55577394181115,0,0,0,0,0,0,4.398345315727227
1674052200,135.81,137.25,132.8,133.02,131.64879803599132,127.4369183751733,133.9782574584813,123.92692006174013,0,0,0,0,0,0,4.4020349360324245
1674138600,132.49,137.45,132.14,136.15,132.4671983930838,128.26673567277584,134.70217163898752,124.40625652990718,0,1,0,0,0,0,4.46688958345868
1674225000,135.89,139.94,134.61,139.37,133.72225323070492,129.32418941822576,136.2581144259917,124.99306999932259,0,0,0,0,0,0,4.528540327497344
1674484200,139.29,143.76,138.66,143.27,135.45820718875856,130.65236185458522,138.5954096173278,125.70981235229033,0,0,0,0,0,0,4.569358875533248
1674570600,141.69,145,141.36,143.14,136.85489679080246,131.8416607255771,140.1102730782185,126.39334912278875,0,0,0,0,0,0,4.502976098709444
1674657000,141.22,143.17,140.31,141.5,137.69946101065656,132.76150256123643,140.573515385479,126.98576680424802,0,0,0,0,0,0,4.385620663087339
1674743400,144.4,147.51,143.3,147.3,139.44501355417356,134.1461213649282,142.81567692365266,127.78240340015986,0,0,0,0,0,0,4.5016477585810994
1674829800,148.237,153.19,147.39,151.74,141.6804656352329,135.82172885398268,145.7904512824351,128.72191699231047,1,0,0,0,0,0,4.600815775825305
1675089000,149.405,151.1233,146.95,147.06,142.6585627924633,136.8920403916986,146.21363418829006,129.44105750241593,0,0,0,0,0,0,4.614328934694927
1675175400,147.95,149.88,147.52,148.97,143.80609683019725,138.04232225915587,147.13242279219338,130.20689838467413,0,0,0,0,0,0,4.486162582216718
1675261800,148.03,153.58,147.06,153.12,145.49953377016138,139.4782915678077,149.12828186146226,131.10545138919673,0,0,0,0,0,0,4.631436683486953
1675348200,183.38,197.16,180.16,188.77,153.36689126649568,144.17273998992124,162.34218790764152,133.36680623667922,1,0,0,0,0,0,7.4463340632378845
1675434600,183.465,196.77,182.89,186.53,159.3965473998601,148.2067647527859,170.40479193842768,135.45163736465258,0,0,0,0,0,0,7.905881630149466
1675693800,186.53,190.7,185.5156,186.06,164.24444787261282,151.8118347763301,175.62319462561845,137.43627903662698,0,0,0,0,0,0,7.711490085138789
1675780200,185.575,193.7799,184.4,191.62,169.2218209866832,155.6030886071558,180.95546308374563,139.5611308391122,0,0,0,0,0,0,7.830662221914589
1675866600,190,190.83,182.92,183.43,171.80512626183173,158.25327064456954,181.7803087224971,141.2814786493431,0,0,0,0,0,0,7.89275777749212
1675953000,186.13,186.65,177.27,177.92,172.91692148695324,160.12629248794386,180.4935391483314,142.71828340819238,0,0,0,0,0,0,7.99898936481411
1676039400,176.3534,178.89,173.35,174.15,173.14111758023446,161.46188367956825,178.3790260988876,143.950899745126,0,1,0,0,0,0,7.823347267327387
1676298600,178.215,181,175.82,179.43,174.28455074746455,163.1731328529427,178.72935073259174,145.34223701002304,0,0,0,0,0,0,7.753822462518287
1676385000,177.16,181.5064,175.88,179.48,175.2291778842892,164.7261678193291,178.97956715506115,146.68097281355156,1,0,0,0,0,0,7.601863715195554
1676471400,176.415,178.19,175.33,177.16,175.58023645078205,165.91034231272633,178.37304477004076,147.87622878164757,0,0,0,0,0,0,7.355302021253013
1676557800,172.75,175.85,171.79,172.44,175.00928436882168,166.53221447341906,176.39536318002718,148.8395139274653,0,0,0,0,0,0,7.213494734020655
1676644200,170.22,173.18,169.7,172.88,174.62214175630865,167.13676547595057,175.22357545335146,149.78227808717256,0,0,0,0,0,0,6.946816538733466
1676989800,174.31,178.17,171.88,172.08,174.15993416425255,167.60754971633622,174.17571696890099,150.65669855434226,1,0,0,0,0,0,6.899901071681074
1677076200,171.07,172.755,169.69,171.12,173.60721886166118,167.94206879097086,173.15714464593398,151.45918096397588,0,0,0,0,0,0,6.625979566560997
1677162600,172,173.69,169.38,172.04,173.32226997772278,168.33234795373554,172.78476309728933,152.26627190656507,0,0,0,0,0,0,6.460552454663784
1677249000,168.64,170.72,167.66,170.39,172.7891299817732,168.52831481528452,171.98650873152621,152.97700634160174,0,1,0,0,0,0,6.3119415650449415
1677508200,171.875,173.12,169.06,169.54,172.19837907599623,168.6246657852574,171.17100582101747,153.62653550467618,0,0,0,0,0,0,6.15108859611316
1677594600,171.9,177.55,171.87,174.94,172.69685560763327,169.22612618666147,172.42733721401166,154.4623576417477,0,0,0,0,0,0,6.283867982105079
1677681000,174.59,177.85,173.05,173.42,172.8283364062454,169.62554274031277,172.7582248093411,155.20579459697328,0,0,0,0,0,0,6.177877411954715
1677767400,172.38,175.01,171.43,174.53,173.13772978692805,170.09263390790204,173.34881653956074,155.96360657356257,0,1,0,0,0,0,5.992314739672234
1677853800,178.92,186.62,177.05,185.25,175.3399607347593,171.53619258333995,177.3158776930405,157.1120925902856,0,0,0,0,0,0,6.427863686838504
1678113000,188,189.66,184.64,184.9,177.07814969207578,172.8089361468314,179.843918462027,158.2018144494901,0,0,0,0,0,0,6.327301994921469
1678199400,189,190.36,184.01,184.51,178.42939520260745,173.9233231804665,181.39927897468468,159.23350800049047,1,0,0,0,0,0,6.3289232809985085
1678285800,182.87,185.26,181.34,184.97,179.61859607486065,174.9753876394697,182.58951931645646,160.24278219654968,0,0,0,0,0,0,6.156857332355757
1678372200,186.35,188.93,180.3,181.69,179.99521497034053,175.61487453094875,182.2896795443043,161.08384956139088,0,0,0,0,0,0,6.333510380044631
1678458600,181.01,184.77,178.8,179.51,179.90699406664226,175.9858388613346,181.36311969620286,161.8064436962383,0,0,0,0,0,0,6.307545352898586
1678714200,177.96,183.78,174.82,180.9,180.08754059998003,176.45385420787417,181.20874646413523,162.5552106101113,0,1,0,0,0,0,6.497006399120116
1678800600,187.58,194.32,186.56,194.02,182.6207150363473,178.12682047379093,185.47916430942348,163.7891239195187,0,0,0,0,0,0,6.991505942040107
1678887000,192.95,197.78,190.8351,197.75,185.37149412064778,179.99569471438227,189.569442872949,165.12092298149835,0,0,0,0,0,0,6.988176946180099
1678973400,198.26,205.76,196.0886,204.93,188.92758609871183,182.37039045586968,194.689628581966,166.6820632567337,1,0,0,0,0,0,7.179835735738662
1679059800,200.56,201.9,195.4304,195.61,190.14257044440058,183.63130565054877,194.996419054644,167.8164921486265,0,0,0,0,0,0,7.345533183185901
1679319000,198.48,199.36,193.64,197.81,191.53664854541864,184.98165749335365,195.93427936976266,168.99270814279802,0,1,0,0,0,0,7.229423670101196
1679405400,203.2,203.55,197.95,202.16,193.46816699170617,186.61769011303426,198.00951957984176,170.29338625484516,0,0,0,0,0,0,7.123036265093968
1679491800,202.5,207.37,199.67,199.81,194.62122753866868,187.87410057845958,198.6096797198945,171.45090051936103,0,0,0,0,0,0,7.1642479604444
1679578200,202.84,207.88,202.15,204.28,196.37736798618346,189.43656719003485,200.49978647992967,172.73831618526845,1,0,0,0,0,0,7.228944534698371
1679664600,205.18,207.58,203.55,206.01,198.1287556250592,191.01498936241248,202.3365243199531,174.04308809957163,0,0,0,0,0,0,7.000448496505631
1679923800,204.81,205.86,201.36,202.84,198.98534551141208,192.14118085170654,202.5043495466354,175.17237876233352,0,0,0,0,0,0,6.832559318183798
1680010200,200.15,201.03,197.9,200.68,199.29346450933716,192.9544017229726,201.89623303109028,176.17267763439887,0,1,0,0,0,0,6.6973765097420985
1680096600,203.56,205.72,202.5355,205.35,200.39465278036675,194.1349348922133,203.04748868739352,177.31688635461853,0,0,0,0,0,0,6.578992473331948
1680183000,203.38,208.09,202.82,207.84,201.74835227484553,195.44017918819299,204.64499245826235,178.51387120345703,0,0,0,0,0,0,6.485493010951096
1680269400,207.24,212.17,206.77,211.94,203.6013791339645,197.01159069407936,207.07666163884156,179.8246997837136,0,0,0,0,0,0,6.407957795883159
1680528600,208.84,213.4861,208.2,213.07,205.32294656415277,198.54096300892894,209.07444109256105,181.12843704709738,0,0,0,0,0,0,6.32782509617722
1680615000,213.39,216.24,212.54,214.72,207.0315017343068,200.08182367474524,210.95629406170735,182.44575324132884,0,0,0,0,0,0,6.140123303593134
1680701400,214.15,215.19,209.94,211.48,207.84031960079648,201.16736427715045,211.1308627078049,183.5843511534336,0,0,0,0,0,0,6.076543067622196
1680787800,209.25,216.94,208.65,216.1,209.34207967337895,202.58952006027897,212.78724180520328,184.85947463761266,1,1,0,0,0,0,6.23464713422061
1681133400,214.71,215.66,210.66,214.75,210.32533791458278,203.74766100691906,213.4414945368022,186.03165210280432,0,0,0,0,0,0,6.177886624633423
1681219800,215.48,216.02,213.41,213.85,210.9661855664768,204.70978853006963,213.5776630245348,187.1225677066159,0,0,0,0,0,0,5.923037580016752
1681306200,214.835,216.84,212.584,214,211.51778819075375,205.5945705748249,213.71844201635653,188.17658465929765,0,0,0,0,0,0,5.803963467158412
1681392600,215.73,221.15,215.69,220.35,213.12364488334399,206.99984956769873,215.92896134423768,189.43828722167814,0,0,0,0,0,0,5.900108933789954
1681479000,217.88,222.11,217.55,221.49,214.64480035909963,208.37986389458456,217.78264089615845,190.6952171345535,1,0,0,0,0,0,5.804386867090671
1681738200,219.79,220.979,217.13,218.86,215.4112002938088,209.37797209510032,218.14176059743897,191.79971842339455,0,0,0,0,0,0,5.701216376584196
1681824600,219.91,220.44,216.21,217.89,215.86189114947993,210.18864141937647,218.05784039829265,192.82286672051634,0,0,0,0,0,0,5.596129492542468
1681911000,213.472,217.33,212.93,215.7,215.83245639502903,210.7135327127692,217.27189359886177,193.72000920206472,0,0,0,0,0,0,5.550691671646575
1681997400,213.48,216.75,212.77,213.07,215.33019159593283,210.93795816869593,215.87126239924117,194.4788323706112,0,0,0,0,0,0,5.438499409386105
1682083800,210.21,213.41,209.58,212.89,214.88652039667232,211.1238669145344,214.8775082661608,195.20083894431272,0,0,0,0,0,0,5.323606594429953
1682343000,213.675,213.92,210.71,212.79,214.50533487000462,211.28254625600732,214.18167217744053,195.8906099661044,0,0,0,0,0,0,5.172634694827813
1682429400,210.815,211.26,207.13,207.55,213.2407285300038,210.92706566019712,211.97111478496035,196.3478409478258,0,1,0,0,0,0,5.207446502340112
1682515800,212.5,214.11,208.88,209.4,212.5424142518213,210.78163083541645,211.1140765233069,196.85969032242087,0,0,0,0,0,0,5.304057466458675
1682602200,239.89,241.685,236.77,238.56,217.2728843878538,213.42718980347203,220.2627176822046,198.49499658428672,0,0,0,0,0,0,7.231267647425912
1682688600,239.01,240.43,235.75,240.32,221.46326904460764,215.98840982218897,226.94847845480305,200.13519279666764,0,0,0,0,0,0,7.049034244038347
1682947800,238.615,244,236.46,243.18,225.4117655819517,218.5780850772186,232.35898563653538,201.82322445170027,0,0,0,0,0,0,7.084103226607035
1683034200,243.18,244.92,238.99,239.24,227.92599002159685,220.54588649843586,234.6526570910236,203.29054898300615,1,0,0,0,0,0,7.001667281849388
1683120600,239.47,241.75,232.75,237.03,229.5812645631247,222.1158020700134,235.44510472734908,204.61366470916278,0,0,0,0,0,0,7.14440533314586
1683207000,236.06,238.2,232.9264,233.52,230.2973982789202,223.20191615858354,234.80340315156604,205.74724648527405,0,0,0,0,0,0,7.010776380778298
1683293400,232.24,234.68,229.85,232.78,230.74878041002563,224.11411461967083,234.12893543437735,206.80735446624368,0,1,0,0,0,0,6.8550066392941345
1683552600,231.415,235.62,230.27,233.27,231.20718397183916,224.9861037035117,233.84262362291824,207.84510527148902,0,0,0,0,0,0,6.747506165058838
1683639000,231.46,235.88,231.08,233.37,231.60042324968657,225.78457001746298,233.68508241527883,208.8460815353522,0,0,0,0,0,0,6.608398581840349
1683725400,236.17,236.75,230.72,233.08,231.86943720428903,226.4793728729427,233.48338827685257,209.79643127906388,0,0,0,0,0,0,6.567084397423181
1683811800,233.05,238.21,232.3,235.79,232.5822668035092,227.36609926599576,234.25225885123504,210.81578691517902,0,0,0,0,0,0,6.520149797607239
1683898200,236.74,236.9599,231.45,233.81,232.805491021053,227.9798040978057,234.10483923415669,211.7175207616426,0,0,0,0,0,0,6.447989097778152
1684157400,236.92,240.255,235.33,238.86,233.906310835407,229.016013231348,235.68989282277113,212.7819317121664,0,0,0,0,0,0,6.447775590793998
1684243800,235.79,239.635,235.52,238.82,234.799708865333,229.94972625693393,236.73326188184743,213.80303242933635,0,0,0,0,0,0,6.281148762880139
1684330200,238.45,243.8423,238.14,242.485,236.19703452618154,231.14356185151166,238.65050792123162,214.92781547132316,0,0,0,0,0,0,6.239802422674415
1684416600,241.3,247.0881,241.19,246.85,238.13393733960308,232.63941310374864,241.38367194748776,216.17966584499675,0,0,0,0,0,0,6.215395106769099
1684503000,247.47,248.69,243.41,245.64,239.4986760051298,233.87756423672496,242.80244796499184,217.3349730667616,0,0,0,0,0,0,6.1485811705713065
1684762200,245.41,253.57,245.12,248.32,241.1025530951062,235.2530343094178,244.64163197666122,218.55007216218272,1,0,0,0,0,0,6.312968229816213
1684848600,246.81,251.61,246.65,246.74,242.12754344145054,236.34703104185422,245.3410879844408,219.65555952837164,0,0,0,0,0,0,6.216327641972199
1684935000,245.28,249.5892,244.952,249.21,243.41526281573226,237.57207570453477,246.63072532296053,220.81455719392568,0,1,0,0,0,0,6.103532810402756
1685021400,253.4,255.62,249.17,252.69,245.1015786674173,239.0118780183886,248.65048354864035,222.06457455886977,0,0,0,0,0,0,6.12828046680256
1685107800,252.93,262.3107,252.71,262.04,248.1812916369778,241.20503249282777,253.11365569909358,223.63223830165919,0,0,0,0,0,0,6.377739004888092
1685453400,265.25,268.65,261.29,262.52,250.78832952116363,243.23502939827273,256.2491037993957,225.15724856433923,0,0,0,0,0,0,6.44790050453894
1685539800,260,265,258.45,264.72,253.3213605173157,245.2812170746277,259.0727358662638,226.7087290127965,0,0,0,0,0,0,6.455193325643302
1685626200,265.9,274,265.89,272.61,256.8283858778037,247.88395830561555,263.5851572441759,228.50877885543196,0,0,0,0,0,0,6.656965230954492
1685712600,272.66,275.35,271.12,272.61,259.6977702636576,250.23881941936645,266.5934381627839,230.23823850816012,0,0,0,0,0,0,6.483610571600601
1685971800,270.3,275.57,269.56,271.39,261.82363021571985,252.25321756990297,268.1922921085226,231.85203307646756,0,0,0,0,0,0,6.4497812450577
1686058200,270.14,276.57,269.69,271.12,263.51387926740716,254.05005399181698,269.16819473901506,233.39195334797864,1,0,0,0,0,0,6.480511156125006
1686144600,271.67,274.25,262.8,263.6,263.52953758242404,254.959572659263,267.31212982601005,234.57658262845007,0,0,0,0,0,0,6.835474644973219
1686231000,260.62,267.65,258.88,264.58,263.72053074925606,255.8758038345713,266.4014198840067,235.75318723125594,0,1,0,0,0,0,6.973655027475131
1686317400,262.48,267.949,261.7,264.95,263.9440706130277,256.74001299318354,265.9176132560045,236.8981602810106,0,0,0,0,0,0,6.9218939540840525
1686576600,267.17,271.75,265.33,271.05,265.2360577742954,258.10286889859464,267.62840883733634,238.23744811312784,0,0,0,0,0,0,6.91318724307805
1686663000,274.88,275.72,269.0923,271.32,266.34222908805987,259.36164328920466,268.8589392248909,239.53480308908362,0,0,0,0,0,0,6.892795297143904
1686749400,271.89,274.99,268.315,273.35,267.61636925386716,260.69386773785186,270.3559594832606,240.86088924245288,0,0,0,0,0,0,6.877238490205054
1686835800,272.3,283.99,271.42,281.83,270.20066575316406,262.7068327151993,274.1806396555071,242.4675210368665,0,0,0,0,0,0,7.283864312333264
1686922200,284.75,287.85,280.13,281,272.1641810707706,264.44903912327555,276.4537597703381,243.97859864326387,1,0,0,0,0,0,7.315016861452318
1687267800,278.73,284.8,276.22,284.33,274.3761481488123,266.34246396867786,279.0791731802254,245.56100653960647,0,0,0,0,0,0,7.405372799920009
1687354200,283.53,284,278.36,281.64,275.6968484853919,267.7993721621371,279.93278212015025,246.97586902824935,0,0,0,0,0,0,7.302846171354291
1687440600,279.08,285.26,277.79,284.88,277.3665123971388,269.42609862288595,281.58185474676685,248.46230553694545,0,0,0,0,0,0,7.314785730543269
1687527000,281.51,289.67,278.95,288.73,279.4326010522045,271.26456542070633,283.9645698311779,250.0414308100064,0,0,0,0,0,0,7.558015321218752
1687786200,288.7,289.79,277.6,278.47,279.25758267907645,271.950797285401,282.1330465541186,251.1562766605944,1,1,0,0,0,0,7.888871369703127
1687872600,282.01,289.345,280.655,287.05,280.6743858283353,273.3888165915533,283.77203103607906,252.56387365429657,0,0,0,0,0,0,8.102166271867189
1687959000,284.82,289.55,284.06,285.29,281.5135884050016,274.522262630453,284.27802069071936,253.84725115804966,0,0,0,0,0,0,7.915582966733818
1688045400,284.5,286.57,280.69,281.53,281.51657233136496,275.18966618945745,283.3620137938129,254.93284915185163,0,0,0,0,0,0,7.7701841833956875
1688131800,284.76,289.05,284.415,286.98,282.5099228165713,276.3125551237948,284.5680091958753,256.1896001655045,0,0,0,0,0,0,7.752313884581712
1688391000,286.7,289.4,284.8499,286.02,283.1481186681038,277.23707368343344,285.0520061305835,257.35941976685723,0,0,0,0,0,0,7.523584321397303
1688563800,287.65,298.12,286.36,294.37,285.18846072844855,278.8687809516779,288.15800408705564,258.8108150701177,0,0,0,0,0,0,7.850471155583212
1688650200,295.885,298.12,291.31,291.99,286.425104232367,280.1184208610419,289.4353360580371,260.11195957717194,0,0,0,0,0,0,7.776151787327268
1688736600,292.18,296.2,288.66,290.53,287.17144891739116,281.109999826657,289.8002240386914,261.3048239074789,0,0,0,0,0,0,7.7592838025181745
1688995800,295.55,298.13,287.05,294.1,288.4311854778655,282.34714270030867,291.23348269246094,262.5909092444405,0,1,0,0,0,0,7.996477816624018
1689082200,293.9,300.18,291.9,298.29,290.22369720916265,283.86551006218406,293.5856551283073,263.9908735877958,0,0,0,0,0,0,8.016729401150876
1689168600,301.745,309.45,300.1004,309.34,293.6993886256785,286.29165196102366,298.8371034188715,265.7692707019999,0,0,0,0,0,0,8.241248729640096
1689255000,313.62,316.24,310.2901,313.41,297.28313614828244,288.8743517742595,303.694735612581,267.63753459603913,1,0,0,0,0,0,8.145445248951521
1689341400,311.79,314.88,307.3612,308.87,299.38983866677654,290.77869922433,305.4198237417207,269.25449402364546,0,0,0,0,0,0,8.100684874026411
1689600600,307.54,311.71,304.71,310.62,301.4316861819081,292.668346917251,307.15321582781377,270.8766707286005,0,1,0,0,0,0,8.022064525881667
1689687000,310.875,314.2,307.6188,312.05,303.36228869428845,294.51421863941755,308.7854772185425,272.4913110921848,0,0,0,0,0,0,7.919145631175831
1689773400,313.03,318.68,310.52,316.01,305.6618725680542,296.56143591185395,311.19365147902835,274.19792634347164,1,0,0,0,0,0,7.936349514663273
1689859800,313.5,315.54,302.22,302.52,305.0906230102262,297.1289182059631,308.30243431935224,275.3085958986296,0,0,0,0,0,0,8.354467406473036
1689946200,304.57,305.46,291.2,294.26,303.1214188265487,296.85568790063326,303.6216228795682,276.0517882163304,0,0,0,0,0,0,8.776291163153534
1690205400,295.78,297.52,288.3001,291.61,301.028433585358,296.35609857676343,299.6177485863788,276.6619141686312,0,1,0,0,0,0,8.807977508642567
1690291800,295.19,298.3,291.86,294.47,299.8359911152929,296.1764701408812,297.9018323909192,277.3602704757437,0,0,0,0,0,0,8.656693400882384
1690378200,301.19,301.77,291.9,298.57,299.60581091251237,296.4044253655592,298.12455492727946,278.1920245747341,0,0,0,0,0,0,8.743358157962215
1690464600,325.12,325.35,309.84,311.71,301.80657256478287,297.86209914026784,302.6530366181863,279.50645498356806,0,0,0,0,0,0,10.031689718107772
1690551000,316.875,326.2,314.2481,325.48,306.11083209845873,300.4923754126233,310.2620244121242,281.3093391018595,1,0,0,0,0,0,10.350140452528647
1690810200,323.69,325.6599,317.59,318.6,308.381589898739,302.21691108761155,313.04134960808284,282.7717179606101,0,0,0,0,0,0,10.187266134490887
1690896600,317.535,324.14,314.66,322.71,310.98675537169555,304.1686338411724,316.2642330720552,284.3379250994097,0,0,0,0,0,0,10.136747124884392
1690983000,318,318.39,310.65,314.31,311.5909816677509,305.1344782372512,315.61282204803683,285.5133005857073,0,0,0,0,0,0,10.274122330249794
1691069400,309.93,315.9499,309.93,313.19,311.88171227361437,305.9016707860844,314.8052146986912,286.59866134705214,0,1,0,0,0,0,9.970249306660524
1691155800,314.96,318.41,310.2,310.73,311.67231004204814,306.3615116636002,313.4468097991275,287.5449883530501,1,0,0,0,0,0,9.844517213327633
1691415000,313.23,317.07,310.46,316.56,312.5609809434939,307.33279626706684,314.484539866085,288.6828319470481,0,0,0,0,0,0,9.613480269518517
1691501400,314.4,317.89,310.11,312.64,312.57534804467684,307.8382442416319,313.8696932440567,289.6223287334384,0,0,0,0,0,0,9.482517393124336
1691587800,312.88,313.63,302.85,305.21,311.2361938547356,307.5879352662384,310.98312882937114,290.2336099595781,0,0,0,0,0,0,9.57519472218688
1691674200,307.94,312.339,303.87,305.74,310.2368858811473,307.41194143135857,309.23541921958076,290.84170368665343,0,0,0,0,0,0,9.496180813459246
1691760600,302.57,304.72,300.36,301.64,308.6738157209387,306.86223272361013,306.70361281305384,291.26516628717684,0,0,0,0,0,0,9.202167898212155
1692019800,300.98,306.21,298.25,306.19,308.2222128625862,306.7982105594568,306.5324085420359,291.8504538837581,0,0,0,0,0,0,9.113441619768428
1692106200,306.14,307.23,300.03,301.95,307.08181052393417,306.3364762204609,305.00493902802395,292.2465145157676,1,0,0,0,0,0,8.976767218356402
1692192600,300.195,301.08,294.28,294.29,304.7560267923098,305.1891927708932,301.43329268534933,292.3266512014238,0,0,0,0,0,0,8.883426702759518
1692279000,293.05,296.05,284.95,285.09,301.1803855573444,303.27498393557005,295.98552845689954,292.0428609582307,0,0,0,0,0,0,9.041753366848125
1692365400,279.03,285.69,274.38,283.25,297.92031545600906,301.3678426083729,291.7403523045997,291.6980428814373,0,1,0,0,0,0,9.20377098350183
1692624600,283.45,290.5,281.85,289.9,296.46207628218923,300.2756671218612,291.12690153639977,291.62753139589074,0,0,0,0,0,0,9.164215913251697
1692711000,292.55,292.9,286.75,287.6,294.85078968542757,299.068460729303,289.9512676909332,291.4695889882087,0,0,0,0,0,0,8.94891477659086
1692797400,288.5,297.4,287.67,294.24,294.7397370153498,298.60860732651224,291.3808451272888,291.5782325572986,0,0,0,0,0,0,9.009706578262938
1692883800,298.5,299.46,286.64,286.75,293.2870575580135,297.4792161525587,289.8372300848592,291.3888901040712,1,0,0,0,0,0,9.2818703941013
1692970200,286.13,288.386,276.03,285.5,291.8712289111019,296.3383384237436,288.39148672323944,291.1579532372449,0,1,0,0,0,0,9.501451080236924
1693229400,288,291.45,285.8,290.26,291.5782781999925,295.7594490500537,289.0143244821596,291.12273938480394,0,0,0,0,0,0,9.247776003077144
1693315800,288.585,299.15,288.18,297.99,292.74404579999384,295.9718824738581,292.00621632143975,291.39204372265476,0,0,0,0,0,0,9.370792002857346
1693402200,297.17,298.29,293.43,295.1,293.17240110908585,295.8888460477764,293.0374775476265,291.53745377274674,0,0,0,0,0,0,9.048592574081821
1693488600,295.8,301.1,295.66,295.89,293.666509998343,295.88895594798817,293.98831836508435,291.70814186009,0,0,0,0,0,0,8.830835961647406
1693575000,299.37,301.74,294.47,296.38,294.15987181682607,295.93572204817974,294.7855455767229,291.89135198322373,0,0,0,0,0,0,8.71934767867259
1693920600,297.02,301.39,295.51,300.15,295.2489860319486,296.337081853115,296.5736970511486,292.21522053290124,0,0,0,0,0,0,8.516537130195974
1694007000,301.71,303.3,295.66,299.17,295.9618976625034,296.6068835813898,297.4391313674324,292.4879569825914,0,0,0,0,0,0,8.453927335181975
1694093400,298,307.0499,292.22,298.67,296.45427990568464,296.8033708593527,297.8494209116216,292.7303900420976,0,1,0,0,0,0,8.909353954097545
1694179800,299.22,305.25,296.78,297.89,296.71531992283286,296.90685934893816,297.8629472744144,292.9327276875055,0,0,0,0,0,0,8.877971528804865
1694439000,301.41,309.04,301.28,307.56,298.68707993686326,297.9214441728488,301.09529818294294,293.50634620956413,1,0,0,0,0,0,9.040259276747378
1694525400,306.33,308.6599,300.23,301.66,299.2276108574336,298.27749710876793,301.28353212196197,293.82609733860085,0,0,0,0,0,0,8.996662185551134
1694611800,302.36,307.18,301.3206,305.06,300.28804524699115,298.92344976507576,302.5423547479746,294.26664254100865,0,0,0,0,0,0,8.772572029440338
1694698200,306.74,312.87,305.03,311.72,302.36658247481097,300.14216883506856,305.6015698319831,294.9510879315573,1,0,0,0,0,0,8.705959741623174
1694784600,311.61,312,298.75,300.31,301.9926583884817,300.1581527555382,303.8377132213221,295.161241346006,0,0,0,0,0,0,9.030534045792946
1695043800,298.19,303.6,297.8,302.55,302.0939932269396,300.3859477312012,303.4084754808814,295.45099658733915,0,1,0,0,0,0,8.799781613950593
1695130200,302.48,306.17,299.81,305.07,302.635085367496,300.83204794727726,303.96231698725427,295.8282124074435,0,0,0,0,0,0,8.625511498668407
1695216600,305.05,308.06,299.43,299.67,302.09597893704216,300.72137671420325,302.53154465816954,295.9788707444065,1,0,0,0,0,0,8.625832105906378
1695303000,295.7,300.2566,293.27,295.73,300.9385282212163,300.2460075033267,300.26436310544636,295.96911110737096,0,1,0,0,0,0,8.508744098341637
1695389400,299.3,305.38,298.27,299.08,300.60061399917697,300.13495916967656,299.8695754036309,296.0911067502192,0,0,0,0,0,0,8.590262377031518
1695648600,295.64,300.95,293.7,300.83,300.64232054478117,300.20115353446926,300.18971693575395,296.276945701191,0,0,0,0,0,0,8.494529350100695
1695735000,297.66,300.2999,296.0101,298.96,300.3364440820937,300.08294843594837,299.7798112905026,296.38216351683053,0,0,0,0,0,0,8.2320558250935
1695821400,300.45,301.2997,286.79,297.74,299.86436333989485,299.85981048966755,299.0998741936684,296.43541200636656,0,1,0,0,0,0,8.68045898044396
1695907800,298.935,306.3299,296.7,303.96,300.60902455082305,300.2503047287468,300.7199161291123,296.7304938884698,0,0,0,0,0,0,8.748276196126536
1695994200,307.38,310.64,299.36,300.21,300.5364746324916,300.2464661831519,300.54994408607485,296.8669451085298,1,0,0,0,0,0,8.929113610688924
1696253400,302.74,307.18,301.63,306.82,301.6789337902204,300.8725170228517,302.6399627240499,297.2572609866267,0,0,0,0,0,0,8.789176924211146
1696339800,304.26,306.77,299.64,300.94,301.54458219199853,300.8789439730563,302.07330848269993,297.401682124406,0,0,0,0,0,0,8.674235715338922
1696426200,298.725,306.9,298.5,305.58,302.2782945207261,301.32666359467,303.24220565513326,297.7224004724685,0,1,0,0,0,0,8.654647449957569
1696512600,304.625,306.208,299.5,304.79,302.73496824423046,301.6565051570824,303.7581371034222,297.99956123825405,0,0,0,0,0,0,8.51560120353203
1696599000,301.44,316.31,300.9148,315.43,305.04315583618853,302.9682665706936,307.64875806894815,298.68310785636174,0,0,0,0,0,0,9.007001117565457
1696858200,312.5,320.33,311.82,318.36,307.4644002296088,304.4341459449132,311.2191720459654,299.454750685524,0,0,0,0,0,0,8.971501037739353
1696944600,319.12,324.66,318.16,321.84,310.0781456424072,306.0918463311119,314.7594480306436,300.33260359981716,0,0,0,0,0,0,8.7949652493294
1697031000,323.005,328.835,322.95,327.82,313.3039373437877,308.16119429957746,319.11296535376243,301.41054071354984,0,0,0,0,0,0,8.666396302948728
1697117400,328,330.54,322.69,324.16,315.2777669176445,309.6848900805701,320.7953102358416,302.302676371842,1,0,0,0,0,0,8.608082281309535
1697203800,323.53,325.0502,312.37,314.69,315.1709002053455,310.1615672157539,318.7602068238944,302.78845376902467,0,1,0,0,0,0,8.89894783264457
1697463000,318.64,321.82,315.52,321.15,316.25800925891906,311.2080846237773,319.55680454926295,303.5085144055335,0,0,0,0,0,0,8.7725944160271
1697549400,318.18,324.4,317.3,324,317.66564393911557,312.4263622786557,321.03786969950863,304.31210207590476,0,0,0,0,0,0,8.653123386310877
1697635800,321.39,325.94,315.56,316.97,317.53916322291275,312.8590896806885,319.68191313300576,304.80849022979083,1,0,0,0,0,0,8.7764717158601
1697722200,319.875,321.89,311.7504,312.81,316.67931536420133,312.8544144730039,317.39127542200384,305.12227492666176,0,0,0,0,0,0,8.87383802187009
1697808600,314.14,315.3,306.47,308.65,315.21943984343744,312.4539940470035,314.4775169480026,305.2606170864005,0,1,0,0,0,0,8.870706734593655
1698067800,309.5,317.36,307.26,314.01,314.99954169008515,312.602185090146,314.321677965335,305.60373014183574,0,0,0,0,0,0,8.958513396408396
1698154200,316.78,318.35,310.63,312.55,314.55417047370605,312.59721508156065,313.73111864355667,305.8761328813716,1,0,0,0,0,0,8.870048153807797
1698240600,310,310.88,298.84,299.53,311.8225031148504,311.3527184071263,308.99741242903775,305.62726492523933,0,0,0,0,0,0,9.215758999964388
1698327000,295,295,279.403,288.35,307.5547752757867,309.1619833207333,302.1149416193585,304.94972512424954,0,1,0,0,0,0,9.995133357109784
1698413400,294.48,299.31,292.97,296.73,305.58663431655276,307.9779849092349,300.31996107957235,304.6273829625143,0,0,0,0,0,0,10.064052403030512
1698672600,299.09,309.3967,299.05,302.66,305.05451898627047,307.47151015597444,301.09997405304824,304.5502306894745,0,0,0,0,0,0,10.249955802814046
1698759000,303.31,303.68,296.86,301.27,304.3664246251304,306.8808901411197,301.1566493686988,304.42159419184804,0,0,0,0,0,0,10.0049589597559
1698845400,301.85,312.74,301.85,311.85,305.7270746932885,307.3541386991083,304.72109957913256,304.7129042235403,0,0,0,0,0,0,10.109604748344767
1698931800,317.3,318.82,308.33,310.87,306.6621520217815,307.6889826325266,306.770733052755,304.9543589598721,1,0,0,0,0,0,10.136775837748713
1699018200,312.55,315.55,311.0167,314.6,308.1053971087303,308.34717476276217,309.38048870183667,305.3326193928183,0,0,0,0,0,0,9.747006135052377
1699281000,315.98,318.33,314.45,315.8,309.50441581623386,309.0569676424991,311.52032580122443,305.7431049068254,0,0,0,0,0,0,9.32793426826292
1699367400,317.06,321,315.12,318.82,311.19815839510045,309.9867802479754,313.9535505341496,306.255924322244,0,0,0,0,0,0,9.081653249101283
1699453800,318.14,321.33,314.88,319.78,312.7584932323549,310.9194678434063,315.8957003560997,306.7862802311756,0,0,0,0,0,0,8.89367801702262
1699540200,319.418,324.1799,318.8,320.55,314.1751308264722,311.83666138212953,317.4471335707332,307.32603394760014,0,0,0,0,0,0,8.642693872949573
1699626600,319.94,329.1,319.46,328.77,316.82874340347723,313.4493602981172,321.2214223804888,308.1669737927923,0,0,0,0,0,0,8.71393002488175
1699885800,326.2,332.33,325.7,329.19,319.076244602845,314.94846884115367,323.87761492032587,308.99140619307497,0,0,0,0,0,0,8.565077880247339
1699972200,334.54,338.1,333.33,336.31,322.209654675055,316.9829003800914,328.02174328021727,310.06272359726813,0,0,0,0,0,0,8.589715174515387
1700058600,337.93,338.4,330.02,332.71,324.11880837049955,318.4807193915113,329.58449552014486,310.95085208364975,1,0,0,0,0,0,8.57473551919286
1700145000,329.37,334.58,326.38,334.19,325.9499341213178,319.9768413542245,331.11966368009655,311.8621912176243,0,1,0,0,0,0,8.547968696393369
1700231400,330.26,335.5,329.35,335.04,327.6026733719873,321.4114278919174,332.4264424533977,312.7711248953645,0,0,0,0,0,0,8.376685218079555
1700490600,334.89,341.87,334.19,339.97,329.8512782134442,323.17891094983,334.9409616355985,313.83774744848745,0,0,0,0,0,0,8.32692198821673
1700577000,338.33,339.9015,335.9,336.98,331.14740944736343,324.49330038317953,335.62064109039903,314.745286764233,0,0,0,0,0,0,8.022856131915539
1700663400,339.21,342.92,338.58,341.49,333.0278804569337,326.1120336800196,337.577094060266,315.7940990479886,1,0,0,0,0,0,7.874080693921572
1700836200,340.13,341.8556,336.77,338.23,333.97372037385486,327.2661257104939,337.7947293735107,316.67393830100866,0,0,0,0,0,0,7.674903501498603
1701095400,336.18,339.9,334.2,334.7,334.10577121497215,327.9741137380659,336.7631529156738,317.3808426813613,0,0,0,0,0,0,7.5338389656772735
1701181800,333.4,339.375,333.4,338.99,334.9938128122499,329.023245763012,337.50543527711585,318.22826061542554,0,0,0,0,0,0,7.422493325271756
1701268200,339.69,339.9,330.78,332.2,334.4858468463863,329.32579378558233,335.7369568514106,318.7761719638402,0,0,0,0,0,0,7.54374380203806
1701354600,331.89,333.5,322.4037,327.15,333.1520565106797,329.1185753298126,332.8746379009404,319.10455737702296,0,0,0,0,0,0,7.797497816178198
1701441000,325.48,326.86,320.76,324.82,331.6371371451016,328.70918720316376,330.18975860062693,319.3286923818456,0,0,0,0,0,0,7.696962257879754
1701700200,317.29,320.86,313.66,320.02,329.52493039144673,327.8816455647672,326.79983906708463,319.35580248451834,0,1,0,0,0,0,7.944322096602627
1701786600,318.98,321.88,315.39,318.29,327.4822157748201,326.96815551097984,323.9632260447231,319.3140063086549,0,0,0,0,0,0,7.840441946845297
1701873000,321.93,322.25,317.04,317.45,325.6581765430346,326.06166450993413,321.79215069648205,319.24090802204097,0,0,0,0,0,0,7.652553236356345
1701959400,317.77,328.24,317.77,326.59,325.8275989897556,326.1119821756547,323.3914337976547,319.52910770745115,0,0,0,0,0,0,7.876656576616608
1702045800,323.09,333.17,323,332.75,327.0862173552546,326.7441743494019,326.51095586510314,320.0475740718648,0,0,0,0,0,0,8.040466821143996
1702305000,329.4,329.89,319.995,325.28,326.75781419975374,326.60472917326837,326.1006372434021,320.25276724551713,0,0,0,0,0,0,8.377219191062283
1702391400,324.6,334.47,324.56,334.22,328.11457525434395,327.3299930615285,328.8070914956014,320.80050186334,0,0,0,0,0,0,8.486703534557837
1702477800,333.93,338.37,332.64,334.74,329.3191979353723,328.0357080080496,330.78472766373426,321.34714884909135,0,0,0,0,0,0,8.289796139232278
1702564200,333.85,334.7,328.6371,333.17,330.0193437653046,328.52468819775913,331.5798184424895,321.8107900706956,0,0,0,0,0,0,8.13358927214426
1702650600,331.99,338.66,331.22,334.92,330.91037217161283,329.13376551225826,332.69321229499303,322.3248767345899,0,0,0,0,0,0,8.084047181276812
1702909800,337.48,347.56,337.02,344.62,333.4030317767741,330.6086449872813,336.66880819666204,323.1991952940177,0,0,0,0,0,0,8.409472382614181
1702996200,345.58,353.6,345.12,350.36,336.48611690826976,332.48972641706405,341.2325387977747,324.2643248903308,0,0,0,0,0,0,8.450224355284599
1703082600,348.65,354.96,347.79,349.28,338.81227747040253,334.08880009162937,343.9150258651831,325.2453317573766,0,0,0,0,0,0,8.358779758478553
1703169000,352.98,356.405,349.21,354.09,341.5900452030566,335.9936762733789,347.30668391012205,326.37649521787165,0,0,0,0,0,0,8.275652632872943
1703255400,355.58,357.1999,351.22,353.39,343.7354915297736,337.6504690092476,349.33445594008134,327.4358483465826,0,0,0,0,0,0,8.111670301953446
1703601000,354.99,356.98,353.45,354.83,345.7526748879966,339.2866148178907,351.1663039600542,328.51012880357933,0,0,0,0,0,0,7.788693851813916
1703687400,356.07,359,355.31,357.83,347.94855218108813,341.05265150190115,353.3875359733695,329.6599276740272,0,0,0,0,0,0,7.530215719541494
1703773800,359.7,361.9,357.81,358.32,349.83426996634483,342.69716088267245,355.031690648913,330.7838520789673,1,0,0,0,0,0,7.284486025288529
1703860200,358.99,360,351.82,353.96,350.5844026997367,343.76981222717984,354.67446043260867,331.69272062489017,0,0,0,0,0,0,7.348451309196491
1704205800,351.32,353.16,340.01,346.29,349.8036022088755,344.0098301103056,351.87964028840577,332.26516295332584,0,1,0,0,0,0,7.819990501396741
1704292200,344.98,347.95,343.175,344.47,348.8338563527163,344.053655814086,349.40976019227054,332.74378401397973,0,0,0,0,0,0,7.602491179868401
1704378600,344.5,348.1499,343.3987,347.12,348.52224610676785,344.3456885936969,348.646506794847,333.30755718990207,0,0,0,0,0,0,7.398827524163514
1704465000,346.99,353.5,346.2601,351.95,349.1454740873555,345.0699087276305,349.7476711965647,334.03863337853335,0,0,0,0,0,0,7.387475558151833
1704724200,354.7,358.98,352.05,358.66,350.8753878896545,346.3642031345228,352.7184474643765,335.00417716761046,0,0,0,0,0,0,7.361941589712418
1704810600,356.4,360.64,355.36,357.43,352.067135546081,347.41808855028256,354.288964976251,335.8836212002532,0,0,0,0,0,0,7.213231476161529
1704897000,360.17,372.94,359.08,370.47,355.413110901339,349.6135086883509,359.68264331750066,337.2399497806354,0,0,0,0,0,0,7.8058577992928475
1704983400,372.13,372.78,362.93,369.67,358.005272555641,351.5236507180318,363.01176221166713,338.5117164559046,0,0,0,0,0,0,7.951867956486213
1705069800,370.155,377.06,369.54,374.49,361.00249572734265,353.7109220782192,366.83784147444476,339.9226295360652,1,0,0,0,0,0,7.921020245308625
1705415400,373.65,375.61,367.23,367.46,362.17658741328034,355.02035807076976,367.04522764962985,341.0025264170038,0,0,0,0,0,0,7.953804513500866
1705501800,366.3,368.54,358.61,368.37,363.30266242904753,356.2917525402203,367.48681843308657,342.07576067516055,0,1,0,0,0,0,8.09496133396509
1705588200,371.49,376.85,370.95,376.13,365.63490562376614,358.18110944115165,370.36787895539106,343.41122104084053,0,0,0,0,0,0,8.122464095824729
1705674600,379,384.36,377.97,383.45,368.8740136921723,360.58767044675625,374.7285859702607,344.98136923531735,0,0,0,0,0,0,8.130145231837249
1705933800,387.95,390.3525,381.1601,381.78,371.2205566572319,362.6059875470652,377.0790573135071,346.4244527947167,0,0,0,0,0,0,8.206020572420304
1706020200,384.615,388.38,382.075,385.2,373.76227362864427,364.7577982568685,379.78603820900474,347.9450624890415,0,0,0,0,0,0,8.091304817247426
1706106600,390,396.15,387.81,390.7,376.841860241618,367.22848413716673,383.4240254726698,349.6217267051575,0,0,0,0,0,0,8.29549733030118
1706193000,390.17,395.49,385.66,393.18,379.8124311067784,369.7000570764842,386.67601698177987,351.32989428534745,0,0,0,0,0,0,8.405104663851095
1706279400,394.35,396.79,391.5908,394.14,382.4174436328187,372.0276706882476,389.1640113211866,353.00872196043184,0,0,0,0,0,0,8.176111473576018
1706538600,394.985,402.93,393.1,401.02,385.7997266086698,374.7888449084145,393.11600754745774,354.8915171776698,0,0,0,0,0,0,8.294246368320588
1706625000,403.59,406.36,399.57,400.06,388.39250358891167,377.1956215838036,395.43067169830516,356.6628302295259,1,0,0,0,0,0,8.186800199154833
1706711400,389,398,387.1,390.14,388.71023020910957,378.4284195282032,393.66711446553677,357.9756604166033,0,1,0,0,0,0,8.527743042072343
1706797800,393.94,400.5,393.05,394.78,389.81382471654416,379.9857129064696,394.03807631035784,359.41896785124635,0,0,0,0,0,0,8.658618539067175
1706884200,459.6,485.96,453.01,474.99,405.3004020408089,389.03374024871056,421.0220508735719,363.9511651904132,1,0,0,0,0,0,14.553002929133807
1707143400,469.88,471.9,459.22,459.41,415.1385107606618,395.7362411774048,433.81803391571464,367.6946489084362,0,0,0,0,0,0,14.639931291338533
1707229800,464,467.12,453,454.72,422.33514516781423,401.35374201765194,440.78535594380975,371.107407774772,0,1,0,0,0,0,14.60279334195721
1707316200,458,471.52,456.1773,469.59,430.9269369554844,407.85243325406606,450.3869039625398,374.96947021497704,0,0,0,0,0,0,14.759736674674548
1707402600,468.32,470.59,465.03,470,438.0311302363054,413.7712491346312,456.9246026416932,378.69615765752695,0,0,0,0,0,0,14.102612626483507
1707489000,472.95,473.59,467.465,468.11,443.50001564788624,418.9463682646663,460.65306842779546,382.20258284742783,0,0,0,0,0,0,13.532783153163257
1707748200,468.19,479.145,466.58,468.9,448.1181946209978,423.7038570013648,463.4020456185303,385.6024815592934,1,0,0,0,0,0,13.463655785080165
1707834600,456.87,467.89,455.09,460.12,450.30034105354366,427.1720610964729,462.3080304123535,388.5247371844191,0,1,0,0,0,0,13.48839465757444
1707921000,467.93,474.11,466.0901,473.28,454.47846086199024,431.5632933729993,465.96535360823566,391.84847298110856,0,0,0,0,0,0,13.524223610604839
1708007400,475.28,488.62,472.22,484.03,459.851467977992,436.5601225755708,471.9869024054904,395.4634348249867,1,0,0,0,0,0,13.729636209847348
1708093800,478.11,478.96,469.21,473.32,462.30029198199344,440.0610632826593,472.43126827032694,398.5166334593009,0,0,0,0,0,0,13.807519337715393
1708439400,469.715,476.18,466.56,471.75,464.0184207125401,443.0790572557394,472.20417884688464,401.3885301863872,0,0,0,0,0,0,13.508410813592864
1708525800,466.5,469,461.79,468.03,464.7477987648055,445.4553375170975,470.8127858979231,404.00192115947004,0,1,0,0,0,0,13.25495289833623
1708612200,480.24,489.99,476.0618,486.13,468.635471716659,449.3291148964216,475.91852393194876,407.22263013360845,0,0,0,0,0,0,13.876741977026501
1708698600,488.05,494.3599,482.3482,484.03,471.43447685908467,452.6339610967624,478.62234928796585,410.2346838538591,1,0,0,0,0,0,13.743524692953176
1708957800,483.47,486.14,480.6,481.74,473.3082083392511,455.4059648018326,479.6615661919772,413.0388138988058,0,0,0,0,0,0,13.15755864345652
1709044200,479.975,487.27,479.92,487.05,475.80671591393275,458.41968243975333,482.12437746131815,415.9412133537546,0,1,0,0,0,0,12.742733026066768
1709130600,485,491.05,482.75,484.02,477.3000402932177,460.85780792168157,482.75625164087876,418.61096969282306,0,0,0,0,0,0,12.425394952776285
1709217000,488.44,491.7,482.61,490.13,479.6327602399054,463.6456357386643,485.21416776058584,421.4156375480065,0,0,0,0,0,0,12.187152456149406
1709303400,492.11,504.25,491.85,502.3,483.7540765599226,467.3270037635534,490.9094451737239,424.5875733304376,0,0,0,0,0,0,12.325212994995878
1709562600,503,504.42,496.42,498.19,486.378789912664,470.2663367384531,493.3362967824826,427.47394300375373,1,0,0,0,0,0,12.016269209639031
1709649000,495,495.58,487.89,490.22,487.0771917467251,472.1666856205052,492.2975311883217,429.93457268988107,0,1,0,0,0,0,11.893678551807671
1709735400,497.63,502.97,494.292,496.09,488.71588415641145,474.4450965137904,493.5616874588811,432.5289031726308,0,0,0,0,0,0,11.954844369535694
1709821800,503.28,519.85,501.38,512.19,492.9839052188821,478.0398492267628,499.7711249725874,435.6528677540963,0,0,0,0,0,0,12.79806977171172
1709908200,514.19,523.57,499.35,505.95,495.34137699726716,480.69795882421397,501.8307499817249,438.4096180382494,1,0,0,0,0,0,13.61392193087517
1710163800,497.01,497.318,476,483.59,493.204762997764,480.97339131714597,495.7504999878166,440.1813977230239,0,1,0,0,0,0,14.78078465009837
1710250200,493.26,502.31,484.73,499.75,494.3948060890797,482.76163976313205,497.0836666585444,442.51742134172883,0,0,0,0,0,0,15.062157175091345
1710336600,495.39,500.98,491.0318,495.57,494.608477709247,483.98148359521474,496.57911110569626,444.59791462244533,0,0,0,0,0,0,14.69687451972768
1710423000,500.255,501.35,488.16,491.83,494.10329994392936,484.7289613480514,494.99607407046415,446.45015326470235,0,0,0,0,0,0,14.589240625461418
1710509400,489.01,491.83,481.3001,484.1,492.2845181359422,484.66906026728464,491.36404938030944,447.92661784255716,0,0,0,0,0,0,14.299287723642745
1710768600,491.91,497.42,486.81,496.98,493.13824211122545,485.84153071801944,493.2360329202063,449.85027988794707,0,0,0,0,0,0,14.229338600525406
1710855000,488.17,496.6296,481.28,496.24,493.70219809100263,486.8318611258271,494.23735528013754,451.6694845982237,0,1,0,0,0,0,14.334385843345022
1710941400,499.5,508.1999,495.17,505.52,495.85088934718397,488.6116838757483,497.998236853425,453.7812695159404,0,0,0,0,0,0,14.241208283106092
1711027800,514.71,515.04,506.01,507.76,498.01618219315054,490.435333030439,501.25215790228333,455.8980824760996,1,0,0,0,0,0,13.903979120027085
1711114200,507,509.97,504.34,509.58,500.1186945216686,492.25863464658767,504.0281052681889,458.003255712331,0,0,0,0,0,0,13.312980611453725
1711373400,505.79,507.22,500.2411,503.02,500.64620460863796,493.2835265850079,503.69207017879256,459.7686182334161,0,0,0,0,0,0,13.0291177106356
1711459800,505.13,510,495.2137,495.89,499.78144013434013,493.5317621483405,501.09138011919504,461.18514300857623,1,0,0,0,0,0,13.154630731304483
1711546200,499.3,499.89,488.07,493.86,498.7048146553692,493.56302289611756,498.68092007946336,462.4665099494164,0,0,0,0,0,0,13.059299964782735
1711632600,492.84,492.89,485.15,485.58,496.31848471802937,492.80273500124923,494.3139467196422,463.3729213239491,0,0,0,0,0,0,12.748635681583972
1711978200,487.2,497.43,481.78,491.35,495.4151238602058,492.66437928684456,493.32596447976147,464.47006166418635,0,1,0,0,0,0,12.955875990042262
1712064600,485.1,497.53,484.65,497.37,495.77055588562297,493.11253364047843,494.67397631984096,465.76025532441435,0,0,0,0,0,0,12.950456276467815
1712151000,498.93,507.24,498.75,506.74,497.76500027005517,494.41038757948047,498.6959842132273,467.3673041352216,0,0,0,0,0,0,12.730423685291543
1712237400,516.42,530,510.58,510.92,500.1568184027724,495.98273161952994,502.77065614215155,469.07525299266393,0,0,0,0,0,0,13.482536279199289
1712323800,516.855,530.7,514.4099,527.34,505.09921505681376,498.9691381319557,510.96043742810105,471.36014503216734,0,0,0,0,0,0,13.932355116399341
1712583000,529.28,531.4899,518.89,519.25,507.67208504648397,500.9006487860551,513.7236249520673,473.23817856031764,1,0,0,0,0,0,13.83717975094225
1712669400,522.23,525.87,506.74,516.9,509.3498877653051,502.4243965207165,514.7824166347116,474.9504068520699,0,0,0,0,0,0,14.215238340160662
1712755800,509.29,522.5599,505.8,519.83,511.2553627170678,504.0820730425531,516.4649444231411,476.71039089708677,0,1,0,0,0,0,14.39699988729204
1712842200,521.11,523.86,517.29,523.16,513.4198422230554,505.8990184670718,518.6966296154274,478.5319441952402,0,0,0,0,0,0,13.837928466771185
1712928600,517.75,520.1899,509.33,511.9,513.143507273409,506.47054051782686,516.4310864102849,479.84049540327,0,0,0,0,0,0,13.837362147716098
1713187800,516.72,518.53,497.28,500.23,510.7955968600619,505.87620332565285,511.0307242735233,480.64008381882803,0,0,0,0,0,0,14.36683628002209
1713274200,498.11,504.7699,497.11,499.76,508.789124703687,505.29370777082875,507.27381618234887,481.3898844533838,0,0,0,0,0,0,13.887769402877653
1713360600,503.1,503.16,487.14,494.17,506.13110203028936,504.23430703074985,502.90587745489927,481.8910654552119,0,0,0,0,0,0,14.040071588386395
1713447000,499.82,512.21,499.04,501.8,505.3436289338731,504.00246826591655,502.53725163659954,482.6718079863801,1,0,0,0,0,0,14.325780760644511
1713533400,502.8,502.8,475.73,481.07,500.93024185498706,501.8184236691626,495.38150109106635,482.6089919869142,0,0,0,0,0,0,15.236082134884187
1713792600,489.715,492.01,473.4,481.73,497.439288790444,499.9052404625757,490.83100072737756,482.57452171291754,0,1,0,0,0,0,15.477076268106746
1713879000,491.25,498.76,488.97,496.1,497.19578173763597,499.54283660899705,492.5873338182517,483.1049326261365,0,0,0,0,0,0,15.587999391813407
1713965400,508.06,510,484.58,493.5,496.52382142170217,498.96732836052115,492.8915558788345,483.5125823270723,1,0,0,0,0,0,16.290285149541024
1714051800,421.4,445.77,414.5,441.38,486.4976720723018,493.4828208976144,475.7210372525563,481.8603241965989,0,1,0,0,0,0,20.769550496002378
1714138200,441.46,446.44,431.96,443.29,478.64173169551964,488.7025522406987,464.9106915017042,480.34776246339896,0,0,0,0,0,0,20.320296889145066
1714397400,439.56,439.76,428.56,432.62,470.27414411451605,483.36135678920357,454.1471276678028,478.47608550405,0,0,0,0,0,0,19.92098996849185
1714483800,431.05,439.6199,429.72,430.17,462.9824815482404,478.2955132854699,446.1547517785352,476.5817292097735,0,0,0,0,0,0,19.205197827885286
1714570200,428.6,449.96,427.11,439.19,458.6565758121967,474.5711786868537,443.83316785235684,475.1153868878216,0,1,0,0,0,0,19.46554084017919
1714656600,438.84,443.96,432.28,441.68,455.5699256645246,471.43868547858193,443.11544523490454,473.80419524516196,0,0,0,0,0,0,18.909430780166392
1714743000,445.93,454.17,443.85,451.96,454.91357554370194,469.5835725758598,446.06363015660304,472.94756013750856,0,0,0,0,0,0,18.450900010154506
1715002200,455.58,466.16,453.34,465.68,456.8711072630289,469.21180375911126,452.60242010440203,472.6625577791749,0,0,0,0,0,0,18.147264295143472
1715088600,466.29,471.53,461.31,468.24,458.9381786697509,469.1192510201483,457.81494673626804,472.4891241407759,0,0,0,0,0,0,17.58103113120465
1715175000,463.5,475.58,463.002,472.6,461.42214618434167,469.4507509229913,462.7432978241787,472.4934722136867,0,0,0,0,0,0,17.22367176469003
1715261400,470,476.08,467.63,475.42,463.9672105144614,470.01925083508735,466.9688652161191,472.6082380092284,0,0,0,0,0,0,16.59698092435503
1715347800,477.09,477.5,469.6,476.2,466.19135405728656,470.6078936126981,470.0459101440794,472.7490914206312,1,0,0,0,0,0,15.975768001186811
1715607000,472.75,473.35,462.85,468.01,466.5220169559617,470.3604751733935,469.3672734293863,472.5632446982535,0,0,0,0,0,0,15.78821314395918
1715693400,463.37,472.54,460.08,471.85,467.49074114578684,470.5023346806894,470.1948489529242,472.53527431792986,0,1,0,0,0,0,15.550483633676382
1715779800,474.98,482.4999,471.2,481.54,470.04515184655287,471.5535409015761,473.9765659686161,472.8884008152659,1,0,0,0,0,0,15.246870516985215
1715866200,475,477.69,472.75,473.23,470.6242151471796,471.7132036728546,473.7277106457441,472.9017968617261,0,0,0,0,0,0,14.785665480057702
1715952600,470.83,472.8,468.42,471.91,470.8579942113288,471.73194618020176,473.12180709716273,472.8629028671486,0,0,0,0,0,0,14.073117945767866
1716211800,469.95,473.2,467.04,468.84,470.49108617290534,471.45652273446825,471.69453806477514,472.7051419703977,0,0,0,0,0,0,13.507895235355873
1716298200,467.12,470.7,462.27,464.63,469.42543414146803,470.80637771213793,469.33969204318345,472.3884697362644,0,0,0,0,0,0,13.145188432830453
1716384600,467.87,473.7199,465.65,467.78,469.1262642975648,470.5181512633629,468.81979469545564,472.2077454328815,0,0,0,0,0,0,12.855524973342565
1716471000,472.88,474.3581,461.54,465.78,468.51785260709846,470.0668987620902,467.80652979697044,471.9556769845332,0,1,0,0,0,0,12.852851760960949
1716557400,467.62,479.8499,466.3,478.22,470.28187940580784,470.8433845942721,471.27768653131363,472.20133671062996,0,0,0,0,0,0,12.939783778035167
1716903000,476.575,480.86,474.84,479.92,472.03426496838824,471.7078241567224,474.1584576875424,472.5040293886445,1,0,0,0,0,0,12.445513508175514
1716989400,474.66,479.85,473.7,474.36,472.45712588322675,471.96041233227265,474.22563845836163,472.5768125498741,0,0,0,0,0,0,12.000833971877265
1717075800,471.67,471.73,464.71,467.05,471.47401208627645,471.4927540149134,471.83375897224107,472.3600748028202,0,0,0,0,0,0,11.83291725960032
1717162200,465.8,469.12,454.4601,466.83,470.629646252408,471.04868220396924,470.1658393148274,472.1432091242782,0,1,0,0,0,0,12.034844598200296
1717421400,470.86,479.6,468.24,477.49,471.8769832974247,471.6621410416864,472.6072262098849,472.3528871978359,0,0,0,0,0,0,12.08735569832885
1717507800,477,478.89,473.2322,476.99,472.806622697893,472.1695561805734,474.0681508065899,472.5347347587051,0,0,0,0,0,0,11.62810171987679
1717594200,484.45,496.65,483.91,495.06,476.85269129827606,474.34959844909025,481.06543387105995,473.41807849365784,0,0,0,0,0,0,12.201808739885589
1717680600,492.98,502.82,490.89,493.76,479.92674742586223,476.19820812060544,485.29695591404,474.21580090567124,1,0,0,0,0,0,12.18239382989376
1717767000,495.91,498.91,490.1701,492.96,482.2964297120691,477.7945692519763,487.85130394269333,474.95086753682136,0,0,0,0,0,0,11.93650141347278
1718026200,493.86,502.66,493.41,502.6,485.9879879462383,480.1569912279786,492.76753596179555,476.0351472412597,0,0,0,0,0,0,11.776751312510441
1718112600,500.16,507.6,498.27,507.47,489.89380831964957,482.75823015864734,497.6683573078637,477.2678865651319,0,0,0,0,0,0,11.601983361616842
1718199000,513.99,514.01,504.47,508.84,493.3385704433496,485.2422082387762,501.39223820524245,478.50600866061694,1,0,0,0,0,0,11.454698835787065
1718285400,505.71,509.36,501.36,504.1,495.29519399910424,487.0381884065118,502.29482547016164,479.5096945954947,0,0,0,0,0,0,11.207934633230847
1718371800,502.65,507.15,500.75,504.16,496.90697690835805,488.66883712970116,502.9165503134411,480.4763732388086,0,0,0,0,0,0,10.864510730857214
1718631000,501.67,510.75,496.01,506.63,498.6747992886566,490.3794240697296,504.15436687562743,481.5020056608161,1,0,0,0,0,0,11.141331392938842
1718717400,504.56,506,495.02,499.49,498.82301759980993,491.2470979678506,502.59957791708496,482.2074172035292,0,0,0,0,0,0,11.17480772201464
1718890200,502,503.67,496.77,501.7,499.3461053089354,492.24261244710294,502.29971861138995,482.9718322151555,0,0,0,0,0,0,10.869464313299309
1718976600,503.45,503.45,492.39,494.78,498.51590434367444,492.4842684045217,499.7931457409266,483.4348976184827,0,1,0,0,0,0,10.8830740052065
1719235800,499.2,507.8,494.29,498.91,498.58755809936997,493.0962428421863,499.4987638272844,484.0417643785422,0,0,0,0,0,0,11.070711576263179
1719322200,497.05,510.71,495.5,510.6,500.7716384449391,494.76326733340665,503.1991758848563,485.0832638146778,0,0,0,0,0,0,11.366375035101523
1719408600,506.645,513.81,504.6765,513.12,503.0167950913138,496.51152758736794,506.50611725657086,486.1827436650826,0,0,0,0,0,0,11.206883961165698
1719495000,514.25,522.8799,513.9,519.56,506.02465052925675,498.7066201980948,510.85741150438054,487.49165567821666,1,0,0,0,0,0,11.103527963939579
1719581400,517.15,521.88,503.84,504.22,505.69653225121004,499.23170398875243,508.64494100292035,488.1476691810317,0,0,0,0,0,0,11.59899025222961
1719840600,504.95,506.58,493.17,504.68,505.5117082055355,499.750589323157,507.3232940019469,488.79599587981477,0,1,0,0,0,0,11.728348091356064
1719927000,500.76,510.5,499.45,509.5,506.2368521681654,500.6791046257135,508.0488626679646,489.6079176100181,0,0,0,0,0,0,11.679894656259204
1720013400,506.37,511.28,506.02,509.96,506.91378813758985,501.56299942326456,508.68590844530974,490.4060384880566,0,0,0,0,0,0,11.22133075224069
1720186200,511.6,540.87,511.6,539.91,512.9130993853008,505.21509471628696,519.0939389635398,492.34737031205435,0,0,0,0,0,0,12.627664269937785
1720445400,542.35,542.81,526.65,529.32,515.8961722243371,507.5107999814025,522.5026259756933,493.7972773586405,1,0,0,0,0,0,12.879973964942227
1720531800,533.75,537.48,528.1901,530,518.4605045471849,509.65262855460225,525.0017506504622,495.21699197202713,0,0,0,0,0,0,12.623540110303496
1720618200,530.79,538.88,528.36,534.69,521.4113219022422,512.0371401208306,528.2311671003082,496.76495307116335,0,0,0,0,0,0,12.473287245281815
1720704600,530.89,535.46,508.3733,512.7,519.8274451927437,512.1002696331325,523.0541114002054,497.3898568722942,0,0,0,0,0,0,13.517102442047404
1720791000,497.755,508.09,494.23,498.87,516.0170006122448,510.8402439537865,514.9927409334703,497.4479017008317,0,0,0,0,0,0,13.87088083904402
1721050200,498.63,506.6799,493.37,496.16,512.406636864564,509.4421254819973,508.71516062231353,497.39739575177947,0,0,0,0,0,0,13.830810779112301
1721136600,501.5,503.9499,485.79,489.79,508.2945210710069,507.57049448371185,502.40677374820905,497.0990665066116,0,0,0,0,0,0,14.140031437747137
1721223000,479.17,479.17,459.12,461.99,499.87551723991476,503.22949500907265,488.93451583213937,495.72224036909745,0,1,0,0,0,0,15.320743477908056
1721309400,475,479.2393,464.54,475.85,495.5072413781121,500.62192405582766,484.5730105547596,494.9429368252113,0,0,0,0,0,0,15.458497515200339
1721395800,476.06,486.71,475.71,476.79,492.10410658209173,498.3522170028917,481.97867370317306,494.2310569497128,0,0,0,0,0,0,15.140033406971742
1721655000,486.575,492.06,483.9,487.4,491.2488144762569,497.309148716902,483.78578246878203,493.9631723634496,0,0,0,0,0,0,15.149316735045188
1721741400,489.84,495.22,487.72,488.69,490.7835754805738,496.4882774105304,485.4205216458547,493.75638129037316,1,0,0,0,0,0,14.625794111113393
1721827800,472.305,476.3,460.58,461.27,485.4174708477422,493.13415575238463,477.3703477639031,492.48240555349577,0,0,0,0,0,0,15.588951674605296
1721914200,463.26,463.548,442.65,453.41,479.5979306936073,489.35090282358607,469.3835651759354,490.95015435531946,0,1,0,0,0,0,15.968169412133491
1722000600,464.195,469.77,459.42,465.7,477.0710342038605,487.09843588800646,468.15571011729025,489.9599522237383,0,0,0,0,0,0,15.99615731126681
1722259800,469.88,473.96,465.02,465.71,475.00539162134044,485.0614419939106,467.34047341152683,489.0089737051603,0,0,0,0,0,0,15.492146074747751
1722346200,467,472.73,456.7,463.19,472.8571385992785,482.9784475183001,465.9569822743512,487.9964649324089,0,1,0,0,0,0,15.530564212265771
1722432600,471.02,476.5,466.75,474.83,473.21584067213695,482.2024048975096,468.91465484956746,487.48013297427525,0,0,0,0,0,0,15.371952482818216
1722519000,521,527.1709,492.1,497.74,477.6747787317484,483.6821758596516,478.523103233045,487.88248070077424,1,0,0,0,0,0,18.012591591188343
1722605400,489,501.145,476.15,488.14,479.57754623506685,484.10673053968475,481.72873548869666,487.8925794968223,0,0,0,0,0,0,18.511335048960607
1722864600,451.345,483.48,450.8,475.73,478.8779923741456,483.30894667876237,479.7291569924644,487.41561559498615,0,1,0,0,0,0,19.856239688320564
1722951000,479,502.56,478.65,494.09,481.6438119424828,484.3357136617374,484.51610466164294,487.67735615988863,0,0,0,0,0,0,20.354365424869094
1723037400,503.13,510.15,486.86,488.92,482.9667552256677,484.77231236061954,485.98406977442863,487.7260872908734,0,0,0,0,0,0,20.56405360880701
1723123800,497.5,509.96,494.72,509.63,487.81461791191,487.13971118341766,493.86604651628573,488.58506425985877,0,0,0,0,0,0,20.598049779606505
1723210200,507.71,518.34,505.7,517.77,493.2610510188354,490.0568815469017,501.83403101085713,489.7295715437859,0,0,0,0,0,0,20.02961765249176
1723469400,516.86,518.02,509.1,515.95,497.38631446995623,492.52289282814917,506.5393540072381,490.75782364010803,0,0,0,0,0,0,19.23607353445663
1723555800,520.01,531.4999,518.15,528.54,503.05062092996417,495.9530935111826,513.872902671492,492.23947761500574,0,0,0,0,0,0,18.972775424852582
1723642200,528.06,534,523.13,526.76,507.36141712451615,498.8870846053557,518.1686017809947,493.5932235908879,0,0,0,0,0,0,18.394005751648827
1723728600,531.79,539.77,526.7,537.33,512.8102503746042,502.5483146429409,524.5557345206631,495.308391293206,1,0,0,0,0,0,18.01371962653105
1723815000,531.9,533.66,524.66,527.42,515.4665684883125,504.91704658170846,525.5104896804421,496.56767006602144,0,0,0,0,0,0,17.63202536749312
1724074200,526.87,531.66,522.76,529.28,517.9781014904376,507.23732785964097,526.7669931202947,497.8505065340206,0,1,0,0,0,0,17.00830926981504
1724160600,528.35,531.09,525.88,526.73,519.5693557649034,509.09377282538946,526.7546620801965,498.98303568954924,0,0,0,0,0,0,16.16557289339968
1724247000,527.15,539.4,526.935,535.16,522.4040183531029,511.57627065154287,529.5564413867976,500.40174017231203,0,0,0,0,0,0,15.9158891152997
1724333400,537,544.23,528.59,531.93,524.1360150161751,513.5147210656817,530.3476275911984,501.6381425184959,1,0,0,0,0,0,15.89618274992115
1724419800,536.92,539.87,525.06,528,524.8385577405069,514.8942714403787,529.5650850607989,502.6719408511039,0,0,0,0,0,0,15.81859826778393
1724679000,527.6,528,514.95,521.12,524.162456333142,515.4871979698664,526.7500567071993,503.3953941510606,0,0,0,0,0,0,15.620841248656504
1724765400,518.98,524.01,515.31,519.1,523.2420097271162,515.8312743536886,524.2000378047995,504.01126104709743,0,0,0,0,0,0,15.126495445181044
1724851800,517.675,521.085,512.45,516.78,522.0670988676405,515.9216291771469,521.7266918698664,504.5119959079956,0,1,0,0,0,0,14.662817199096683
1724938200,519.05,527.2,515.6789,518.22,521.3676263462513,516.1405216364662,520.5577945799109,505.04956469591735,1,0,0,0,0,0,14.438408827732639
1725024600,521.35,523.54,515.2,521.31,521.3571488287511,516.6328529091837,520.8085297199406,505.6872288254892,0,0,0,0,0,0,14.002808197180302
1725370200,519.64,525.49,508.6176,511.76,519.612212678069,516.1687716797377,517.7923531466271,505.92537671468574,0,0,0,0,0,0,14.207779040238853
1725456600,506.07,516.59,504.07,512.74,518.3627194638747,515.8422219959532,516.1082354310847,506.1926168435216,0,0,0,0,0,0,14.087223394507507
1725543000,511.72,521.6295,511.15,516.86,518.0894977431702,515.9391532344339,516.3588236207231,506.61094559475606,0,0,0,0,0,0,13.829528866328403
1725629400,521.88,524.5849,498.25,500.27,514.8495890625939,514.4468529263926,510.9958824138154,506.3622810616284,1,1,0,0,0,0,14.722769661590657
1725888600,506.16,511.33,502.08,504.79,513.020572869395,513.5271526476886,508.92725494254364,506.3006229807802,0,0,0,0,0,0,14.461143257191324
1725975000,508.16,514.18,500.0278,504.79,511.52410507495955,512.6950428717182,507.54816996169575,506.2413828638868,0,0,0,0,0,0,14.439075881677654
1726061400,507.01,513.12,495.6,511.83,511.5797223340578,512.6126578363164,508.9754466411305,506.460544320205,0,1,0,0,0,0,14.659141890129249
1726147800,517.05,526.71,515.22,525.6,514.1288637278655,513.8495475661911,514.5169644274204,507.2111112096087,0,0,0,0,0,0,14.674917469405736
1726234200,520.34,527.581,517.11,524.62,516.0363430500718,514.8753049408396,517.8846429516136,507.8938127308005,0,0,0,0,0,0,14.37463765016247
1726493400,524.54,534.1,517.4,533.28,519.1715534046042,516.628133041712,523.0164286344091,508.8893494864554,0,0,0,0,0,0,14.540734960865153
1726579800,537.6,542.1,530.57,536.315,522.2885436946762,518.5030727520251,527.4492857562727,509.9648651928689,0,0,0,0,0,0,14.325682463660497
1726666200,537.065,544.2,533.9026,537.95,525.1360812047351,520.3551610613561,530.9495238375151,511.0623214598152,0,0,0,0,0,0,14.037948001970465
1726752600,550,562.07,546.52,559.1,531.3113391675105,524.0451457221793,540.3330158916767,512.9461519908028,0,0,0,0,0,0,14.758094573258289
1726839000,560,564.5,556.3001,561.35,536.7729138643267,527.5979889867336,547.3386772611178,514.8443421088106,0,0,0,0,0,0,14.289652103739837
1727098200,569.5,573.9799,562.41,564.41,541.7978386162673,531.1038947975209,553.0291181740786,516.7880933986611,0,0,0,0,0,0,14.171098382044136
1727184600,566.68,567.745,554.19,563.33,545.7127770496733,534.1730476739475,556.4627454493857,518.6132662065568,0,1,0,0,0,0,14.127091354755265
1727271000,564.05,576.88,563.72,568.31,549.8213630406417,537.4241859907144,560.4118302995904,520.5621577278682,0,0,0,0,0,0,14.085870543701315
1727357400,575.73,577.4,562.3501,567.84,553.0974788514342,540.3209301820749,562.8878868663936,522.4161907581479,1,0,0,0,0,0,14.154729790579792
1727443800,570.1,570.8399,564.51,567.36,555.6906645148098,542.896079688544,564.3785912442625,524.1786930813578,0,0,0,0,0,0,13.595813376966946
1727703000,567.7,574.68,564.8,572.44,558.7359982393898,545.7097863848732,567.065727496175,526.0712933526771,0,0,0,0,0,0,13.33039813575502
1727789400,577.98,583.04,570.1,576.47,561.9603621958644,548.6393305386947,570.20048499745,528.0477132211996,0,0,0,0,0,0,13.302512554629658
1727875800,574.86,576,569.34,572.81,563.9330236147981,550.941299058819,571.0703233316333,529.8030970164467,0,0,0,0,0,0,12.86161880072754
1727962200,570.15,583.36,568.73,582.77,567.3579284121075,553.97260391036,574.9702155544222,531.8802304667821,0,1,0,0,0,0,12.987931743532714
1728048600,583.73,596.85,581.43,595.94,572.5546687008152,557.96949877604,581.9601437029481,534.3923782916141,0,0,0,0,0,0,13.161650904708953
1728307800,598.22,602.95,584.04,584.78,574.7774562097579,560.5228798449886,582.9000958019654,536.3683634566489,1,0,0,0,0,0,13.57224726865832
1728394200,589.69,593.56,585.97,592.89,578.070645989802,563.6054627168944,586.2300638679769,538.5848982230549,0,0,0,0,0,0,13.229943892325581
1728480600,593.99,594.39,581.61,590.51,580.3323467189289,566.1677996009997,587.656709245318,540.6211767241116,0,1,0,0,0,0,13.197805042873751
1728567000,587.57,590.23,582.52,583.83,580.9682836791236,567.8499139247141,586.3811394968786,542.3156403819896,0,0,0,0,0,0,12.825818968382771
1728653400,584.83,591.21,582.71,589.95,582.601323010192,569.9546840271223,587.5707596645858,544.1836544846567,0,0,0,0,0,0,12.516831899212574
1728912600,594.22,600.1,589.96,590.42,584.0229006447025,571.903761738825,588.5205064430572,545.9968445048662,1,0,0,0,0,0,12.347772477840246
1728999000,590.16,590.61,580.143,586.27,584.4314641638475,573.2719749065559,587.7703376287049,547.5761839360479,0,0,0,0,0,0,12.213431586565942
1729085400,581.395,582.08,574.03,576.79,583.042107043148,573.6070249154553,584.1102250858032,548.721823781693,0,1,0,0,0,0,12.21532933038266
1729171800,583.33,584.97,575.2,576.93,581.9308148534848,573.923498733031,581.7168167238688,549.8280267706463,0,0,0,0,0,0,12.04066294964104
1729258200,581.1,583.9675,575.25,576.47,580.9379394255784,574.1660226632185,579.9678778159125,550.8728100345425,0,0,0,0,0,0,11.803294167523822
1729517400,576.03,577.2399,569.11,575.16,579.8874049845641,574.2606871714835,578.365251877275,551.8252488567173,0,0,0,0,0,0,11.54090886984355
1729603800,574.29,583.53,572.12,582.01,580.273331351007,574.9987169646755,579.5801679181833,553.0089645878264,0,0,0,0,0,0,11.531558236283294
1729690200,579.97,585,562.5,563.69,577.2581801962784,573.9216963013731,574.2834452787889,553.4278287216372,1,0,0,0,0,0,12.315018362263059
1729776600,567.125,568.8799,561.52,567.78,575.534874706046,573.3367728440995,572.1156301858592,553.9906589678475,0,1,0,0,0,0,11.961081336387128
1729863000,573.935,581.29,571.72,573.25,575.1194429413104,573.3285087637091,572.4937534572394,554.7459272436182,0,0,0,0,0,0,12.071718383788047
1730122200,582,583.7499,574.12,578.16,575.6722714974358,573.788650786213,574.3825023048263,555.664126175241,0,0,0,0,0,0,11.959445642088903
1730208600,580.145,593.67,575.398,593.28,578.8736766797201,575.6449697589546,580.6816682032176,557.1392584820943,0,0,0,0,0,0,12.41034238193969
1730295000,600.98,601.2,589.38,591.8,581.2239172834073,577.1835440676256,584.387778802145,558.4985032475024,1,0,0,0,0,0,12.368175068944002
1730381400,585,589.9,563.01,567.58,578.7432050500605,576.2689208230898,578.7851858680967,558.8546403750513,0,0,0,0,0,0,13.541162564019428
1730467800,567.605,573.67,562.56,567.16,576.6371677682313,575.4014045542241,574.9101239120645,559.1803407525002,0,0,0,0,0,0,13.367508095160899
1730730600,564.1,568.69,557.89,560.68,573.7358645376438,573.9993660252503,570.1667492747097,559.2391509190688,0,0,0,0,0,0,13.184114659792268
1730817000,567.305,573.48,566.67,572.43,573.4984346217086,573.8499025942741,570.9211661831398,559.756439118321,0,0,0,0,0,0,13.156677898378538
1730903400,562.75,573,555.1679,572.05,573.2350828723071,573.6784832995813,571.2974441220932,560.2385395450535,0,1,0,0,0,0,13.490636619922926
1730989800,576.89,594.7999,575.21,591.7,576.5923405318877,575.3948182234308,578.0982960813955,561.4723223079926,1,0,0,0,0,0,14.152012575642718
1731076200,591.54,593.1,584.52,589.34,578.9100967988172,576.7229307735802,581.8455307209304,562.5651724135615,0,0,0,0,0,0,13.754011677382527
1731335400,586.36,587,576.51,583.17,579.6846246535778,577.3369373665726,582.2870204806202,563.3732048679317,0,0,0,0,0,0,13.688010843283777
1731421800,588.545,599.66,580.38,584.82,580.6183292620182,578.0496099983276,583.1313469870802,564.2142556574246,1,0,0,0,0,0,14.087438640192078
1731508200,582.605,585.64,575.17,580,580.505905759833,578.2353614270583,582.0875646580535,564.8333044551727,0,0,0,0,0,0,13.829050165892644
1731594600,577,580.76,573.01,577.16,579.8975592580451,578.1329460530527,580.445043105369,565.31670428046,0,0,0,0,0,0,13.394832296900313
1731681000,571.22,572.57,551.5,554.08,575.2034575747642,575.8421892860953,571.6566954035793,564.876049210638,0,0,0,0,0,0,14.270915704264576
1731940200,557.04,559.9,550.09,554.4,571.4210107429889,573.8000760207528,565.9044636023862,564.4652237513973,0,1,0,0,0,0,13.952278868245674
1732026600,551.86,561.43,550.6,561.09,569.5426451533546,572.5895925902049,564.2996424015907,564.3328620356563,0,0,0,0,0,0,13.729258949085263
1732113000,562.93,566.3499,554.2001,565.52,568.8112551254719,571.9162980578044,564.7064282677271,564.3794164656305,0,0,0,0,0,0,13.616440452722031
1732199400,569.52,570,549.05,563.09,567.7710269208407,571.0756982427754,564.1676188451514,564.3288511140371,0,1,0,0,0,0,14.14026613467046
1732285800,563.55,563.8273,554.59,559.14,566.2017492988696,569.9389650767968,562.4917458967676,564.1253667566239,0,0,0,0,0,0,13.790054267908285
1732545000,562.1,572.5915,556.39,565.11,566.0032494263478,569.4790636409114,563.3644972645118,564.1639798249915,0,0,0,0,0,0,13.962300391629123
1732631400,566,577.5,565.2,573.54,567.3735677124664,569.8658194846341,566.7563315096745,564.5316668906781,0,0,0,0,0,0,13.84999322079847
1732717800,574.89,574.98,564.1001,569.2,567.7056463101998,569.8024081051452,567.5708876731163,564.7147387773182,0,0,0,0,0,0,13.637843705027153
1732890600,569,578.46,566.9,574.32,568.9082560719817,570.2326549522743,569.8205917820776,565.0914156880116,0,0,0,0,0,0,13.489426297525217
1733149800,577.5,594.5,575.57,592.83,573.2576640588941,572.3847830520577,577.490394521385,566.1792033080895,0,0,0,0,0,0,13.967324419130554
1733236200,595,614.2,591.2501,613.65,580.6017251390952,576.3148037137665,589.54359634759,568.0408031783605,0,0,0,0,0,0,14.608936960621234
1733322600,612.96,617.78,605.1,613.78,586.6341387501687,579.8829176457888,597.6223975650599,569.834497171366,0,0,0,0,0,0,14.471155749148284
1733409000,617.075,619.9,607.05,608.93,590.6879317046835,582.6493064414279,601.3915983767066,571.3676541450379,0,0,0,0,0,0,14.355358909923408
1733495400,610.1,629.7899,608.53,623.77,596.7028532129228,586.5655629708158,608.851065584471,573.4226481001344,1,0,0,0,0,0,14.848540416357451
1733754600,623.925,626.4,606.1701,613.57,599.7696071742096,589.1374141164524,610.4240437229807,574.9970540569919,0,1,0,0,0,0,15.232923243760485
1733841000,617.56,625.59,612.74,619.32,603.3242240516261,592.0119461053617,613.3893624819872,576.7352087998551,0,0,0,0,0,0,15.062714440634737
1733927400,623.37,638.4,621.5349,632.68,608.6616378604214,595.8850940953273,619.8195749879915,578.9291221802529,1,0,0,0,0,0,15.349663409160822
1734013800,631.5,636.6599,627.2094,630.79,612.6849764312539,599.2093708481533,623.4763833253277,580.9628820947528,0,0,0,0,0,0,14.928294594220764
1734100200,627.22,631.08,616.886,620.35,614.0786170801168,601.2227641007102,622.4342555502185,582.5074749537821,0,0,0,0,0,0,14.875844980347859
1734359400,629.975,631.15,618.58,624.24,615.9261412473683,603.4148818054044,623.0361703668124,584.1440445634377,0,0,0,0,0,0,14.711141767465865
1734445800,626.17,632.37,616.54,619.44,616.5650246569377,604.9410835382231,621.8374469112083,585.5281996785969,1,0,0,0,0,0,14.791060212646878
1734532200,621,627.36,596.32,597.19,613.0422929011308,604.2028851060114,613.6216312741388,585.9855251813971,0,0,0,0,0,0,15.951698768886384
1734618600,610.39,611.52,595,595.57,609.8655123736526,603.3807055721056,607.6044208494259,586.3613869389893,0,0,0,0,0,0,15.992291713965926
1734705000,590.58,603.11,580,585.25,605.3899646693521,601.6539717080956,600.1529472329506,586.3178031374604,0,1,0,0,0,0,16.500699448682646
1734964200,589.6,601.09,586.25,599.85,604.3826983658336,601.4821648787531,600.0519648219671,586.8484775242266,0,0,0,0,0,0,16.453506630919602
1735050600,602.715,607.99,599.2849,607.75,604.9949350265911,602.0791015569671,602.6179765479781,587.6681450722962,1,0,0,0,0,0,15.900049014425345
1735223400,605.48,606.3,598.94,603.35,604.6958559308472,602.2001395039226,602.8619843653187,588.2831197753434,0,0,0,0,0,0,15.393616941966387
1735309800,599.41,601.85,589.8,599.81,603.807518488875,601.9725071702157,601.8446562435457,588.7351542939574,0,0,0,0,0,0,15.261930017540221
1735569000,588.75,596.9399,585.58,591.24,601.5225151272614,600.9503636301952,598.3097708290305,588.8333835373317,0,0,0,0,0,0,15.188220730573056
1735655400,592.265,593.97,583.85,585.51,598.6111487404866,599.4798528082719,594.043180552687,588.7030547711618,0,1,0,0,0,0,14.826204964103551
1735828200,589.72,604.91,587.82,599.24,598.7254853331253,599.4570096836745,595.7754537017913,589.1162683095475,0,0,0,0,0,0,15.152904609524725
1735914600,604.76,609.5,596.4136,604.63,599.7990334543753,599.9496754280865,598.7269691345275,589.7246499444673,0,0,0,0,0,0,15.00529713741582
1736173800,611.825,630.99,605.62,630.2,605.3264819172161,602.8306587206497,609.2179794230184,591.311918574096,0,0,0,0,0,0,15.816347341886118
1736260200,631.7,632.1011,608.23,617.89,607.6107579322678,604.2648816996355,612.1086529486789,592.3541962770727,1,0,0,0,0,0,16.39168681746568
1736346600,613.395,616.4397,602.79,610.72,608.1760746718555,604.8796548710988,611.6457686324526,593.0744238740502,0,0,0,0,0,0,16.29942347336099
1736519400,610.03,629.91,597.34,615.86,609.5731520042455,605.9254020262322,613.0505124216351,593.9679758789895,0,0,0,0,0,0,17.46160751097806
1736778600,607.1,608.97,598.445,608.33,609.3471243671099,606.1544113570673,611.4770082810901,594.531192511186,0,0,0,0,0,0,17.45827840305105
1736865000,605.065,605.49,588.55,594.25,606.6021926639991,605.0206578944894,605.7346721873934,594.5201653538845,0,1,0,0,0,0,17.62411565997598
1736951400,610.21,622.46,606.5,617.12,608.5145212705447,606.1729761902524,609.5297814582623,595.4064333792223,0,0,0,0,0,0,18.380250255691983
1737037800,611.5,616.25,609.71,611.3,609.0209719486274,606.6612641721331,610.1198543055082,596.0297105016058,0,0,0,0,0,0,17.596660951713982
1737124200,624.05,624.97,603.67,612.77,609.7026134125134,607.2430485366918,611.0032362036721,596.6861924427193,0,1,0,0,0,0,17.861185169448703
1737469800,617.825,621.5,609.0082,616.46,610.9312291556928,608.1208534379593,612.8221574691148,597.4616358763382,0,0,0,0,0,0,17.477657657345226
1737556200,623.3,633.7,619.435,623.5,613.2164602182941,609.5855340629156,616.3814383127432,598.4827481949131,0,0,0,0,0,0,17.460682110391996
1737642600,627.36,636.6,621.15,636.45,617.4407401786042,612.1440546283523,623.0709588751621,599.9716600304067,0,0,0,0,0,0,17.317061959649713
1737729000,636.4,652,634.2,647.49,622.9042419643125,615.5103351399378,631.2106392501081,601.8351243429398,0,0,0,0,0,0,17.351557533960445
1737988200,626.61,663.87,625.1,659.88,629.6271070617103,619.7360175075627,640.7670928334054,604.1113939765501,0,0,0,0,0,0,18.881446281534696
1738074600,666,682.58,659.465,674.33,637.7549057777629,624.9354444116043,651.9547285556037,606.8650648009991,0,0,0,0,0,0,19.183842975710792
1738161000,675,681.0459,665.67,676.49,644.797650181806,629.8454020866895,660.1331523704024,609.5954544166462,0,0,0,0,0,0,18.911847048874307
1738247400,696.82,710.79,676.1,687,652.470804694205,635.2886971260524,669.0887682469349,612.630926792464,1,0,0,0,0,0,20.03885797395471
1738333800,691,705.2999,685.58,689.18,659.1452038407132,640.4212021616664,675.7858454979566,615.6328512319752,0,0,0,0,0,0,20.01607526152937
1738593000,675.91,704,675.25,697.46,666.111530415129,645.8534686224601,683.0105636653044,618.8417590267998,0,1,0,0,0,0,20.639927028562987
1738679400,702.5,707.71,691.61,704.19,673.0348885214692,651.4093287536544,690.0703757768696,622.188748868886,0,0,0,0,0,0,20.315646526522777
1738765800,703.55,718.14,699.01,704.87,678.8230906084748,656.5008212533064,695.0035838512464,625.4311508740277,0,0,0,0,0,0,20.230957488914008
1738852200,705.88,718.9,703.5,711.99,684.8534377705703,661.7855049434677,700.6657225674976,628.8256155456345,0,0,0,0,0,0,19.88588909684872
1738938600,716.795,725.01,711.75,714.52,690.2473581759211,666.8078378059946,705.2838150449984,632.1861796418841,1,0,0,0,0,0,19.41261130421667
1739197800,718.56,721.2,711.33,717.4,695.1842021439355,671.6261389673284,709.3225433633322,635.5278980873004,0,0,0,0,0,0,18.730996211058336
1739284200,713.32,723.66,710.04,719.8,699.659801754129,676.2141257323448,712.8150289088882,638.8326863976023,0,1,0,0,0,0,18.365925053125597
1739370600,715.3,727.1,712.6,725.38,704.3362014351965,680.8965899483119,717.0033526059254,642.2266986957355,0,0,0,0,0,0,18.08978754933091
1739457000,721.5197,729,718.04,728.56,708.7405284469789,685.4359623341869,720.8555684039503,645.6123183547263,0,0,0,0,0,0,17.580517010092994
1739543400,726.14,740.91,725.62,736.67,713.8186141838919,690.3153944928358,726.1270456026335,649.1832078310116,1,0,0,0,0,0,17.416908652229207
1739889000,736,737,706.44,716.37,714.2825025140934,692.7967854935181,722.8746970684224,651.8179839945013,0,0,0,0,0,0,18.35570089135569
1739975400,704.095,707,695.39,703.77,712.3711384206218,693.8418535417544,716.5064647122816,653.8553179555013,0,0,0,0,0,0,18.543150827687423
1740061800,697.275,705.63,693.64,694.84,709.1836587077815,693.9369151092063,709.2843098081878,655.4625603886188,0,0,0,0,0,0,18.07506862570975
1740148200,696.58,703.87,682.36,683.55,704.5229934881849,692.9476850988057,700.7062065387919,656.564028608673,0,0,0,0,0,0,18.320420866730483
1740407400,686.28,687.27,662.45,668.13,697.9060855812421,690.5840960417765,689.8474710258613,657.0175961142152,0,0,0,0,0,0,18.784676519106874
1740493800,665.972,668,641.86,657.5,690.5595245664708,687.4332297520835,679.0649806839075,657.0365139136577,0,1,0,0,0,0,19.319342482027814
1740580200,659.65,683.0078,658,673.7,687.4941564634761,686.125303109028,677.2766537892717,657.6899839562593,0,0,0,0,0,0,19.76137516188297
1740666600,682.45,688.6469,657.57,658.24,682.1752189246622,683.4695599557872,670.9311025261811,657.7115532128765,1,0,0,0,0,0,20.56962693603418
1740753000,658.04,669.63,642.6017,668.2,679.634270029269,682.0153161504742,670.0207350174541,658.1228648515872,0,0,0,0,0,0,21.03096072631745
1741012200,673.675,681.25,650.8439,655.05,675.1644027512201,679.4471908028099,665.0304900116361,658.0023603476034,0,0,0,0,0,0,21.700613531580494
1741098600,645.51,649.75,623.65,640,668.770874978271,675.6903154882566,656.6869933410907,657.2963854320111,0,1,0,0,0,0,22.393426850753315
1741185000,641,659.5,637.66,656.47,666.534352254949,673.8598092512798,656.6146622273938,657.2639781601675,0,0,0,0,0,0,22.353896361413796
1741271400,648,650.5625,624.11,627.93,659.5153791176855,669.4855417035388,647.0531081515958,656.113626075455,0,0,0,0,0,0,23.06861804988424
1741357800,625.37,634.79,600.61,625.66,653.3598556417427,665.3116805889161,639.9220721010638,654.9193662293587,0,0,0,0,0,0,23.86228818917822
1741613400,608.07,610.1059,586.8701,597.99,643.2926091614258,658.9000919614003,625.9447147340426,652.6868420635016,0,1,0,0,0,0,24.928546175665492
1741699800,595.055,614.934,593.33,605.71,636.4594074957121,653.8343689174575,619.1998098226951,650.8446129629721,0,0,0,0,0,0,24.69107859168938
1741786200,629.9,633.33,609.35,619.56,633.3867879510371,650.570143306271,619.3198732151301,649.6177653957967,1,0,0,0,0,0,24.900287263711565
1741872600,620.245,620.5,586.51,590.64,625.6146446872123,644.8625106104357,609.7599154767533,647.3049118508635,0,1,0,0,0,0,25.54955245916074
1741959000,602.805,608.86,594.78,607.6,622.3392547440827,641.3137000761085,609.0399436511689,645.747856484163,0,0,0,0,0,0,25.02601299779212
1742218200,607.46,613.1,598,604.9,619.1684811542495,637.8457286402886,607.6599624341126,644.1459797592938,0,0,0,0,0,0,24.317012069378396
1742304600,600.05,600.25,574.66,582.36,612.4760300352951,632.5613735316897,599.2266416227417,641.7230001608901,0,1,0,0,0,0,24.74008263585137
1742391000,584.28,592.3223,574.77,584.06,607.3094791197869,627.9421951001002,594.1710944151611,639.4617060369336,0,0,0,0,0,0,24.22666959043342
1742477400,582.755,610.2,579.51,586,603.4350283707348,623.9477003286621,591.447396276774,637.3651685452892,0,0,0,0,0,0,24.688336048259607
1742563800,583.425,597.545,580.95,596.25,602.1286595760557,621.3098241068848,593.048264184516,635.7528089944935,0,0,0,0,0,0,24.11024061624106
1742823000,614.97,622.54,612.2001,618.85,605.1689032895001,621.0755551443243,601.6488427896774,635.0899537398075,0,0,0,0,0,0,24.265937715080984
1742909400,626.76,633.88,621.18,626.31,609.0127390550456,621.5740737020077,609.8692285264516,634.7456418284424,1,0,0,0,0,0,23.60622787828948
1742995800,624.89,626.7499,606.61,610.98,609.3704228632191,620.5651143018165,610.239485684301,633.8136558743859,0,0,0,0,0,0,23.358633029840234
1743082200,602,614.25,600.1,602.58,608.1358005244521,618.8522462730721,607.6863237895341,632.5888066244099,0,0,0,0,0,0,22.700873527708787
1743168600,600.31,601.75,573.92,576.74,602.4274731563698,614.8415561518271,597.370882526356,630.3986573450213,0,0,0,0,0,0,23.126525418586738
1743427800,563.5,578.7,553.3,576.36,597.6879325824844,611.1766460421293,590.3672550175706,628.2794943118832,0,1,0,0,0,0,23.288916460116265
1743514200,570.84,589.91,570,586,595.5628539311236,608.7788702285932,588.9115033450471,626.6214749271035,0,0,0,0,0,0,23.047565284393674
1743600600,574.91,592.66,573.36,583.93,593.4477895800103,606.4123111592033,587.2510022300314,624.9472994397661,1,0,0,0,0,0,22.77988204979412
1743687000,546.22,552.5596,530.3,531.62,582.2063732927357,599.2892339059459,568.707334820021,621.2874053440889,0,0,0,0,0,0,24.983461903380256
1743773400,506.62,518,494.2,504.73,568.1197599667838,590.2835925815701,547.3815565466806,616.7165267031443,0,0,0,0,0,0,25.87178605313881
1744032600,485.1,539.37,481.9,516.25,558.6888945182777,583.2327742404682,537.0043710311204,612.776662910864,0,1,0,0,0,0,28.128801335057467
1744119000,543.25,547.43,502.86,510.45,549.9181864240454,576.3010814556617,528.152914020747,608.7638526006341,0,0,0,0,0,0,29.303172668267646
1744205400,509.265,587.89,502.11,585.77,556.4366979833098,577.2028832217892,547.3586093471646,607.8621328908054,1,0,0,0,0,0,33.33723176339139
1744291800,575.49,581.3,535.3,546.29,554.5918438045262,574.2587991054284,547.002406231443,605.4475394441071,0,0,0,0,0,0,34.561000923149145
1744378200,535.505,547.4,528.5901,543.57,552.5878722037032,571.3360563334828,545.858270820962,603.0209692698284,0,0,0,0,0,0,33.435922285781345
1744637400,556.175,557.77,528.28,531.48,548.7500772575754,567.5402414445797,541.0655138806413,600.2154410631684,0,0,0,0,0,0,33.15407069393982
1744723800,532.105,537.94,517.5,521.52,543.7991541198344,563.1573613070007,534.5503425870942,597.129345335201,0,0,0,0,0,0,32.24592278722984
1744810200,508.51,513.37,495.63,502.31,536.2556715525918,557.3623745158577,523.8035617247294,593.4109396357813,0,0,0,0,0,0,31.791928302427703
1744896600,505.25,507.3,498.0133,501.48,529.9328221793933,552.0402436095856,516.362374483153,589.8058047481037,0,0,0,0,0,0,30.18441199511144
1745242200,491.325,493.5,479.8,484.66,521.7013999649581,545.6230775515298,505.794916322102,585.6824398560212,0,1,0,0,0,0,29.576953995460624
1745328600,491.87,506.88,486.36,500.28,517.8065999713293,541.3046892132888,503.95661088140133,582.3333245675498,0,0,0,0,0,0,29.05145728149915
1745415000,528.525,535.3376,516.52,520.27,518.2544908856331,539.3013854786899,509.39440725426755,579.8994687021557,0,0,0,0,0,0,29.48046747567778
1745501400,518.73,533.9,517.5,533.15,520.9627652700634,538.7155392426242,517.3129381695117,578.0661562040319,0,0,0,0,0,0,28.546148370272224
1745587800,546.8,549.86,536.25,547.27,525.7458988573246,539.5302497909457,527.2986254463411,576.8584638038739,0,0,0,0,0,0,27.700709200967065
1745847000,555.64,558.4899,540.59,549.74,530.1084627014474,540.5026069537128,534.7790836308941,575.7949946350944,1,0,0,0,0,0,27.00065140089799
1745933400,546,556.5699,544.12,554.44,534.5323785739115,541.8299777200258,541.332722420596,574.9575438650908,0,0,0,0,0,0,25.961312015119557
1746019800,538.4,549.1,529.5,549,537.1628551968366,542.5128369847853,543.8884816137307,573.9396009684206,0,1,0,0,0,0,25.888361156896735
1746106200,592.075,592.95,570.5,572.21,543.5350633428664,545.3411382243296,553.3289877424871,573.871773479463,0,0,0,0,0,0,27.1784782171184
1746192600,583.455,604.34,578.33,597.02,553.259597280527,550.2629345839173,567.8926584949915,574.7795470685036,1,0,0,0,0,0,27.532158344467085
1746451800,591.22,603.21,588.05,599.27,561.6251250477039,554.9302741473538,578.3517723299943,575.7399569873858,0,0,0,0,0,0,26.648432748433727
1746538200,592.525,596.03,586.58,587.31,566.2951023117578,558.0140575618915,581.3378482199962,576.193684164351,0,0,0,0,0,0,25.651401837831315
1746624600,590.36,603.075,586.67,596.81,571.8432655278018,561.7089092226637,586.4952321466641,577.002167138298,0,0,0,0,0,0,24.990944563700513
1746711000,606.285,611.2959,596.62,598.01,576.600853613656,565.1661559633624,590.333488097776,577.8260037211098,0,0,0,0,0,0,24.254155666293332
1746797400,603.72,606.97,591.7062,592.49,579.489789320264,567.7684268239946,591.0523253985174,578.4010623987134,0,0,0,0,0,0,23.611987404415242
1747056600,630.92,640.3896,621.03,639.43,590.3880094438523,574.5933385550427,607.1782169323449,580.794354069352,0,0,0,0,0,0,25.346816875528436
1747143000,645.545,660.92,642.83,656.03,602.3229168176973,582.34921107361,623.4621446215632,583.7447715568285,0,0,0,0,0,0,25.071329955847833
1747229400,661.21,662.67,654.31,659.36,612.693295578116,589.6835719237424,635.4280964143754,586.7100746330312,1,0,0,0,0,0,23.877663530430134
1747315800,654.275,657.31,638.58,643.88,618.363605473004,594.8451365024337,638.2453976095836,588.9520324905594,0,0,0,0,0,0,23.65640184968512
1747402200,637.955,640.44,626.15,640.34,622.3593135688214,599.177980645059,638.9435984063891,590.9672469026943,0,1,0,0,0,0,23.23308743185047
1747661400,628.25,643,627.8,640.43,625.6448929199448,603.1067443931487,639.4390656042594,592.9069627104318,0,0,0,0,0,0,22.659295472432582
1747747800,636.01,639.3536,632.26,637.1,627.7276396617731,606.3441973080869,638.6593770695063,594.6400229962973,0,0,0,0,0,0,21.624345795830255
1747834200,631.79,646.61,630.17,635.5,629.1407960869052,609.1209404216024,637.6062513796709,596.2423750356581,1,0,0,0,0,0,21.254035381842385
1747920600,634.05,643.25,630.71,636.57,630.4915604347407,611.735136571926,637.2608342531139,597.8238505244559,0,0,0,0,0,0,20.631604283139357
1748007000,624,632.445,622.65,627.06,629.867640355697,613.1946473745996,633.8605561687426,598.9703661901635,0,1,0,0,0,0,20.152203977200834
1748352600,635.41,643.08,632.75,642.32,632.1317057455702,615.9684904817806,636.6803707791618,600.670351829765,0,0,0,0,0,0,19.857046550257927
1748439000,642.6,650.88,642.5472,643.58,634.2132137918302,618.5981580549443,638.9802471861078,602.3530831305585,0,0,0,0,0,0,19.05011465381093
1748525400,651.645,653.32,639.5,645.05,636.1835385569519,621.1173810973305,641.0034981240718,604.0274720273993,0,0,0,0,0,0,18.67653503568158
1748611800,642.5,649.4099,632.78,647.49,638.2392588193243,623.6290590880609,643.1656654160479,605.7318848890699,0,1,0,0,0,0,18.530346818847185
1748871000,644.39,673.26,644.2616,670.9,644.177575397629,628.1310534606265,652.4104436106986,608.2874972463612,0,0,0,0,0,0,19.27806490321524
1748957400,671.445,675.58,665.03,666.85,648.2998344162419,631.8185721786621,657.2236290737991,610.5840659817981,0,0,0,0,0,0,18.654631695842728
1749043800,669.32,689,668.57,687.95,655.5089554314707,637.164422447361,667.4657527158661,613.6180241785903,0,0,0,0,0,0,18.904300860425387
1749130200,691.66,694.38,682.25,684.62,660.8018726257487,641.684001261898,673.1838351439108,616.402415387273,0,0,0,0,0,0,18.420422227537863
1749216600,696.17,702.806,691.87,697.71,667.5124412392489,647.0198106655267,681.3592234292738,619.5909481171839,0,0,0,0,0,0,18.403677782713732
1749475800,698.46,705.19,693.94,694.06,672.33927010484,651.4998286973813,685.5928156195158,622.5113030929806,0,0,0,0,0,0,17.89270079823418
1749562200,701.345,703.23,691.56,702.4,677.8048573585055,656.3474640595355,691.1952104130105,625.6441931677657,0,0,0,0,0,0,17.448222169788888
1749648600,703.705,708.8707,691.99,694.14,680.7748832933227,659.9467531967225,692.176806942007,628.330303239618,1,0,0,0,0,0,17.407684871946827
1749735000,693.3,695.38,687,693.36,683.0630863309003,663.1289671779871,692.5712046280047,630.8804874262997,0,0,0,0,0,0,16.76285023823634
1749821400,687.95,694.57,681.01,682.87,683.0279797252821,665.0090655419883,689.3374697520031,632.9192918409547,0,1,0,0,0,0,16.534075221219464
1750080600,699.33,707.15,693.5103,702.12,686.4992561388672,668.5434402522751,693.598313168002,635.6330451020937,1,0,0,0,0,0,17.087355562560926
1750167000,702,705.97,696.06,697.23,688.4503004772549,671.2754935615823,694.8088754453347,638.048611960835,0,0,0,0,0,0,16.574687308092294
1750253400,698.18,701.59,694.9,695.77,689.7811549359359,673.6083036985744,695.1292502968898,640.3121958055082,0,0,0,0,0,0,15.868638214657134
1750426200,700.75,701.8197,678.67,682.35,688.4300358566749,674.4408462034721,690.8695001979265,641.9607371464687,0,1,0,0,0,0,16.388714056467343
1750685400,683.69,699.05,678.75,698.53,690.2663929736431,676.735051326951,693.423000131951,644.1791396113131,0,0,0,0,0,0,16.66809162386253
1750771800,704.885,713.19,702.11,712.2,694.2543215238898,680.112665486289,699.6820000879674,646.8466243324381,0,0,0,0,0,0,16.524656507872354
1750858200,713.315,716.58,705.38,708.68,696.8771721559098,682.8333640114043,702.6813333919782,649.2714625939111,0,0,0,0,0,0,16.14432390016719
1750944600,714.355,728.22,711.05,726.09,702.1885954002898,686.9530436293659,710.4842222613188,652.283954256895,0,0,0,0,0,0,16.386872193012398
1751031000,726.515,735.43,725.86,733.63,707.905214418419,691.3984680456167,718.1994815075459,655.4739952664285,0,0,0,0,0,0,15.899952750654364
1751290200,744.55,747.9,734.25,738.09,713.3933572514337,695.8452806127009,724.829654338364,658.7138385893136,1,0,0,0,0,0,15.78352755417905
1751376600,736.875,737.7499,715.37,719.22,714.4527468420821,698.0714443638723,722.9597695589093,661.0866292328699,0,0,0,0,0,0,16.27898987173769
1751463000,715.325,720.3,712.8,713.57,714.292247416249,699.5474972815987,719.8298463726062,663.1448006355024,0,1,0,0,0,0,15.651919166613569
1751549400,726.61,729.03,714.42,719.01,715.1500206132946,701.4010689690655,719.5565642484041,665.3355927674435,0,0,0,0,0,0,15.638210654712594
1751895000,717.6,727,713.51,718.35,715.731835047241,703.0152528767735,719.1543761656028,667.4145891295045,0,0,0,0,0,0,15.484767036518837
1751981400,721.57,722.9099,714.81,720.67,716.6296832204699,704.6966573646998,719.6595841104019,669.503036614622,0,0,0,0,0,0,14.95727653391035
1752067800,722.715,737.53,722.715,732.78,719.5661044531117,707.3712614252046,724.0330560736012,671.9844861591466,1,0,0,0,0,0,15.093185352916754
1752154200,731.55,735.7999,719.6,727.24,720.9613581889096,709.2635222418518,725.1020373824008,674.1513690548663,0,0,0,0,0,0,15.172236399136981
1752240600,722.495,725.16,709.7,717.51,720.3338385181987,710.0489010759611,722.5713582549339,675.8517075233029,0,1,0,0,0,0,15.341362370627195
1752499800,717.6,728,716.547,720.92,720.4404133330717,711.0842438306315,722.0209055032892,677.6190915419969,0,0,0,0,0,0,15.06362220129668
1752586200,723.9,724.4716,709.82,710.39,718.6130654543314,711.0181253705714,718.1439370021928,678.9042252070167,0,0,0,0,0,0,15.034192044061196
1752672600,713.37,713.97,699.2701,702.91,715.757962644453,710.2459229543265,713.0659580014619,679.8456281400748,0,0,0,0,0,0,15.010314040913972
1752759000,704.39,705.9,697.105,701.41,713.1492421636433,709.4044064824859,709.1806386676412,680.6912897816405,0,0,0,0,0,0,14.566363037991541
1752845400,702.19,704.71,691.65,704.28,711.5366526793445,708.9163677698682,707.5470924450941,681.616337241184,0,1,0,0,0,0,14.458765678135007
1753104600,706.8,717,705.76,712.965,711.796352192191,709.3019517917855,709.3530616300627,682.8456965650591,1,0,0,0,0,0,14.334568129696795
1753191000,716.19,716.6,701.41,704.81,710.5261063390653,708.8741468592345,707.8387077533752,683.7070417978019,0,0,0,0,0,0,14.395670406147028
1753277400,706.365,714.6285,704.93,713.58,711.0813597319626,709.3223233488312,709.7524718355835,684.8785303547509,0,0,0,0,0,0,14.068729662850817
1753363800,717.05,723.6239,714,714.8,711.757476144333,709.8440068394187,711.4349812237223,686.0519213212312,0,0,0,0,0,0,13.781241829790046
1753450200,716.915,720.6499,711.9,712.68,711.9252077544543,710.1141014261408,711.8499874824815,687.0961597007908,0,0,0,0,0,0,13.42186027051933
1753709400,715.2,724.7352,712.68,717.63,712.9624427081899,710.8299012903178,713.7766583216544,688.2935652027206,1,0,0,0,0,0,13.324241679767951
1753795800,720,724.47,699.91,700,710.6056349430645,709.7984821198114,709.1844388811029,688.7526410771237,0,0,0,0,0,0,14.126795845498817
1753882200,708.09,708.5,691.2001,695.21,707.80642858978,708.4091028703056,704.5262925874019,689.0058708388051,0,1,0,0,0,0,14.3534461422489
1753968600,775.2,784.75,765.51,773.44,719.73980520982,714.6025216445622,727.4975283916013,692.317013158852,1,0,0,0,0,0,19.723914274945404
1754055000,760.73,765.9999,745.31,750.01,725.2434769898528,717.9746624403182,735.0016855944009,694.5794832310538,0,0,0,0,0,0,20.32434896959217
1754314200,760,776.85,758.41,776.37,734.5392084462432,723.5361231602878,748.7911237296006,697.7869544768948,0,0,0,0,0,0,20.789752614621303
1754400600,776.445,783.1299,763,763.46,739.7975341832898,727.3383971450223,753.680749153067,700.3623680268205,1,0,0,0,0,0,20.742620285005497
1754487000,770,773.64,760.4601,771.99,745.6507097863281,731.5909307502583,759.7838327687114,703.1712947708668,0,0,0,0,0,0,20.20242597893367
1754573400,773.49,775,759.55,761.83,748.5923989160866,734.4708421073766,760.4658885124743,705.4716361524014,0,0,0,0,0,0,19.86296698043841
1754659800,762.75,769.9,758.58,769.3,752.35741729498,737.7879047638169,763.4105923416495,707.9747092444641,0,1,0,0,0,0,19.252755053264234
1754919000,770.075,773.4584,764.67,765.87,754.8142505140745,740.4623900244057,764.230394894433,710.2451128035046,0,0,0,0,0,0,18.50530112088822
1755005400,773,793.67,772.43,790,761.2116595115154,745.1802576411291,772.8202632629553,713.3727554386613,0,0,0,0,0,0,19.169208183681917
1755091800,791.15,795.4561,778.23,780.08,764.6422668730581,748.5040426276882,775.2401755086369,715.9887258136158,0,0,0,0,0,0,19.03041474199035
1755178200,777.88,787.81,772.51,782.13,767.8218547143202,751.7065147583846,777.5367836724246,718.5825012719054,0,0,0,0,0,0,18.76395654613389
1755264600,784.15,796.25,780.82,785.23,770.9869720389893,754.8992276385385,780.1011891149498,721.1961286730071,1,0,0,0,0,0,18.52581679283861
1755523800,775.085,775.81,756.5601,767.37,770.3293407591731,756.086920244392,775.8574594099665,723.006868725046,0,0,0,0,0,0,19.250394164778708
1755610200,767.12,767.17,749.36,751.48,766.9021878938689,755.6481659354023,767.7316396066443,724.1234621083776,0,0,0,0,0,0,19.16179458158023
1755696600,747.57,750.1999,731,747.72,763.4145173677109,754.893102512983,761.0610930710963,725.0488165355,0,1,0,0,0,0,19.25595211146736
1755783000,744.705,745.5,733.1101,739.1,758.9936960281271,753.3889975117465,753.7407287140642,725.5998433380295,0,0,0,0,0,0,18.924091246362554
1755869400,739.23,756.9,734.39,754.79,758.2293876593767,753.5224263201517,754.0904858093761,726.7445553639891,0,0,0,0,0,0,19.180227585908085
1756128600,754.82,758.88,750.13,753.3,757.3331353576718,753.5012428610896,753.826990539584,727.785945349715,1,0,0,0,0,0,18.435211329771793
1756215000,750.8,754.87,747.94,754.1,756.7452925653679,753.5582673505097,753.917993693056,728.8178690614909,0,0,0,0,0,0,17.613410520502377
1756301400,752.3,754.1499,742.84,747.38,755.0425120989373,752.9698609361755,751.7386624620374,729.5457957649619,0,0,0,0,0,0,17.16315976903792
1756387800,744,753.0548,740.795,751.11,754.3275098991305,752.7927313232063,751.5291083080249,730.3914508330026,0,0,0,0,0,0,16.812919785535218
1756474200,745.28,747.14,735.3466,738.7,751.4861444629249,751.450566435282,747.2527388720166,730.7172762905319,0,0,0,0,0,0,16.73795408656842
1756819800,726.04,736,721.7306,735.11,748.5086636514841,749.8943220128742,743.2051592480111,730.8895399654131,0,1,0,0,0,0,16.75448593752782
1756906200,736,740.25,733.9893,737.05,746.4252702603052,748.6710532497433,741.1534394986741,731.1311266334361,0,0,0,0,0,0,16.00492979913298
1756992600,748.57,761.16,745.82,748.65,746.8297665766133,748.6690481783392,743.6522929991161,731.8181412752622,0,0,0,0,0,0,16.583863384909197
1757079000,752.615,757.95,745.03,752.45,747.8516271990472,749.0291388280211,746.5848619994107,732.6272337742715,0,0,0,0,0,0,16.32215885741569
1757338200,755.995,766.51,752.02,752.3,748.6604222537659,749.3406494158287,748.4899079996071,733.3987148027314,1,0,0,0,0,0,16.191290367600285
1757424600,757.49,766.3,753.43,765.7,751.7585272985357,750.8986828047974,754.2266053330715,734.665431869291,0,0,0,0,0,0,16.034769627057408
1757511000,765.13,765.7,751,751.98,751.7987950624383,751.0016653948168,753.4777368887143,735.3444345410835,0,0,0,0,0,0,15.939428939410453
1757597400,754.65,757.1,748.37,750.9,751.6353777783586,750.9919829762628,752.6184912591428,735.954456715943,0,0,0,0,0,0,15.424469729452564
1757683800,748.725,757.5703,743.76,755.59,752.3544000004753,751.4298893594759,753.6089941727619,736.7244780212002,0,1,0,0,0,0,15.309171891634522
1757943000,757.47,774.07,751.985,764.7,754.5990545458434,752.6937094204782,757.3059961151746,737.8215573144864,0,0,0,0,0,0,15.793159613660631
1758029400,767,781.36,765.1,779,759.0355900829628,755.1990704280516,764.5373307434497,739.4363982041144,0,0,0,0,0,0,15.85507678411344
1758115800,779.99,783.29,766.31,775.715,762.0682100678787,757.152968482523,768.2632204956332,740.8590884706198,0,0,0,0,0,0,15.935428442391053
1758202200,780.75,788.78,773.36,780.25,765.3739900555371,759.3526857699018,772.2588136637554,742.4038300992229,0,0,0,0,0,0,15.898612125077404
1758288600,786.42,790.8,769.1901,778.38,767.7387191363485,761.164810934673,774.2992091091703,743.8146602914102,1,0,0,0,0,0,16.306561259000443
1758547800,781.845,785.73,764.47,765.16,767.2698611115579,761.5453051313708,771.2528060727802,744.6517324368451,0,0,0,0,0,0,16.660378311928984
1758634200,769.25,770.6,751.07,755.4,765.1117045458201,760.9600379760021,765.9685373818535,745.0732331255963,0,0,0,0,0,0,16.86535128964834
1758720600,757.5,761.11,752.5251,760.66,764.3023037193074,760.9314629306685,764.1990249212356,745.6844788853768,0,0,0,0,0,0,16.27389048324489
1758807000,753.45,756.765,744.55,748.91,761.5037030430697,759.7865616991763,759.1026832808237,745.8109699094797,0,0,0,0,0,0,16.26218402015597
1758893400,750,751.9299,737.3532,743.75,758.2757570352388,758.2592701087785,753.9851221872158,745.7301475600883,0,0,0,0,0,0,16.141792304430542
1759152600,748.72,750.78,739.15,743.4,755.5710739379226,756.8441015269901,750.4567481248105,745.6387692243986,0,0,0,0,0,0,15.819521425542646
1759239000,742.25,742.97,726.3,734.38,751.7181514037549,754.7046632863244,745.097832083207,745.1972488626575,0,0,0,0,0,0,15.91098418086103
1759325400,721.49,721.8499,710.2,717.34,745.467578421254,751.146123925722,735.8452213888047,744.1048077307886,0,0,0,0,0,0,16.501628167942382
1759411800,722.58,727.77,718.14,727.05,742.1189277992078,748.8512549804151,732.9134809258697,743.4359917413459,0,0,0,0,0,0,16.067940441660777
1759498200,729.625,731,710.18,710.56,736.3809409266245,745.2044687918042,725.4623206172465,742.1467371632539,1,0,0,0,0,0,16.40737326725644
1759757400,705.185,716.88,690.51,715.66,732.6134971217837,742.3907098592514,722.1948804114977,741.1080415882243,0,1,0,0,0,0,17.118989462452408
1759843800,717.72,718.4999,705.75,713.08,729.0619521905503,739.5992136821799,719.1565869409985,740.0089027024115,0,0,0,0,0,0,16.80691164370581
1759930200,713.45,719.65,707.81,717.84,727.0215972468139,737.5269076172103,718.7177246273324,739.1395339689836,0,0,0,0,0,0,16.452132240583968
1760016600,718.275,733.51,712.44,733.51,728.2013068383023,737.1443449869998,723.6484830848882,738.9187679309842,0,0,0,0,0,0,16.781979937685108
1760103000,730.92,735.27,704.51,705.3,724.0374328677019,734.1115502263332,717.5323220565921,737.6003848748672,1,0,0,0,0,0,17.78040994213617
1760362200,713.01,719.94,707.6413,715.7,722.5215359826652,732.3580692523967,716.921548037728,736.7415462523235,0,0,0,0,0,0,17.556094946269308
1760448600,707.78,715.55,699.33,708.65,719.9994385312715,730.1001578950256,714.1643653584854,735.6399169875265,0,1,0,0,0,0,17.471373878678644
1760535000,717.06,723.9,709.51,717.55,719.5540860710403,728.9049047621661,715.2929102389902,734.9305084782117,0,0,0,0,0,0,17.312704315915884
1760621400,717.55,725.49,703.88,712.07,718.193343149033,727.3015804991027,714.2186068259934,734.0340179496543,0,0,0,0,0,0,17.61965400763618
1760707800,707.075,718.54,706.12,716.915,717.9609171219361,726.312382356331,715.1174045506623,733.362683912413,0,0,0,0,0,0,17.248250149947875
1760967000,721.19,733.77,720.18,732.17,720.5443867361295,726.8702507033471,720.8016030337749,733.3159119942792,0,0,0,0,0,0,17.22016085352303
1761053400,736.015,738.5,728.75,733.27,722.8581346022877,727.4797506363617,724.9577353558499,733.3141115239152,0,0,0,0,0,0,16.686577935414242
1761139800,733.83,740.6,724.03,733.41,724.77665558369,728.0445362900415,727.7751569038999,733.3178718563107,0,0,0,0,0,0,16.678250940027514
1761226200,734.7,742.41,733.1,734,726.4536272957463,728.6117233100375,729.8501046025999,733.3446219795926,0,0,0,0,0,0,16.15194730145412
1761312600,736.79,741.21,731.15,738.36,728.6184223328834,729.5401306138434,732.6867364017332,733.541303470589,0,0,0,0,0,0,15.716808208493115
1761571800,749.73,755.75,748.01,750.82,732.6550728178137,731.5667848410965,738.7311576011555,734.2188994129189,0,0,0,0,0,0,15.836321907886463
1761658200,752.63,758.4,745.5201,751.44,736.0705141236657,733.4594719990873,742.9674384007703,734.8942366908436,0,0,0,0,0,0,15.625148914466001
1761744600,754.75,759.155,742.51,751.67,738.9067842829992,735.1938079991743,745.8682922671802,735.5521097617909,1,0,0,0,0,0,15.69799542057557
1761831000,669.15,680.9599,650.17,666.47,725.7364598679085,728.6486834278244,719.4021948447868,732.8430074181913,0,0,0,0,0,0,21.826710033391603
1761917400,674.51,674.89,645.57,648.35,711.6661944373797,721.0011897680316,695.7181298965245,729.5295561468897,0,0,0,0,0,0,22.361945031006485
1762180200,656,659.3299,636.18,637.71,698.2196136305834,713.0686955044096,676.382086597683,725.9287892391685,0,0,0,0,0,0,22.418227528791736
1762266600,628.035,641.7399,626.01,627.32,685.3287747886591,704.9021530754181,660.0280577317887,722.061777896456,0,0,0,0,0,0,21.940489848163757
1762353000,632.31,642.23,626.5375,635.95,676.3508157361756,698.3352813539498,652.0020384878592,718.6848454299283,0,0,0,0,0,0,21.494204859009205
1762439400,635.85,636,618,618.94,665.9124856023255,690.7738259869069,640.9813589919062,714.7732828640487,0,0,0,0,0,0,21.244618797651405
1762525800,616.485,622.1348,601.2,621.71,657.8756700382663,684.1963187500586,634.5575726612708,711.1237423595762,0,1,0,0,0,0,21.222488883533448
1762785000,631.09,635,618.105,631.76,653.1273663949452,679.2023836310054,633.6250484408472,708.011438737632,0,0,0,0,0,0,20.91338253470963
1762871400,628,629.56,619.39,627.08,648.3914815958642,674.2383470947192,631.4433656272315,704.8376568263524,0,0,0,0,0,0,20.303140925087515
1762957800,628.13,628.99,607.77,609.01,641.231212214798,668.0261235618888,623.965577084821,701.0797094998287,0,0,0,0,0,0,20.368630859009837
1763044200,613.07,617.65,603,609.89,635.5328099939256,662.489349889328,619.2737180565473,697.5036424606197,0,0,0,0,0,0,19.96015722622342
1763130600,601.79,613.68,595.2,609.46,630.7922990859391,657.4389356141539,616.0024787043649,694.050950599419,0,0,0,0,0,0,19.8544317100646
1763389800,609.035,611.69,595.4,602.01,625.5591537975865,652.1599893651869,611.3383191362433,690.4415015563045,0,0,0,0,0,0,19.59982944505999
1763476200,591.6,603.66,583.78,597.69,620.4920349252981,646.9723713304072,606.7888794241622,686.8041877697827,0,0,0,0,0,0,19.619841627555704
1763562600,593.715,595.33,581.25,590.32,615.0062103934257,641.576907394178,601.2992529494416,683.020494131752,0,1,0,0,0,0,19.3927100827303
1763649000,603.5,606.72,583.35,589.15,610.3050812309847,636.5838685947324,597.2495019662944,679.339298283448,0,0,0,0,0,0,19.676802219678134
1763735400,588.5,598.12,581.86,594.25,607.3859755526238,632.5520715857102,596.2496679775296,676.0024630566461,0,0,0,0,0,0,19.43274491827255
1763994600,598.72,616.7,597.6301,613.05,608.4157981794194,630.6947314346902,601.8497786516864,673.533739015209,0,0,0,0,0,0,19.648263138395944
1764081000,624,637.045,618.3,636.22,613.4711076013432,631.2209474885292,613.3065191011243,672.0704551322597,0,0,0,0,0,0,19.958744342796233
1764167400,637.69,638.36,631.63,633.61,617.1327244010989,631.4484762991455,620.0743460674162,670.5622019898182,0,0,0,0,0,0,19.013834032596503
1764340200,636.075,648.05,635.5,647.95,622.7358654190809,633.0200499849411,629.3662307116108,669.6754489706096,1,0,0,0,0,0,18.687131601696745
1764599400,639.55,645.32,637.76,640.87,626.0329807974299,633.7676642720896,633.2008204744072,668.5458235207818,0,0,0,0,0,0,18.080193630146983
1764685800,642.34,647.87,638.07,647.1,629.8633479251699,635.0374105318906,637.8338803162715,667.7048108336924,0,0,0,0,0,0,17.488751227993625
1764772200,644.41,648.8499,637.55,639.6,631.6336483024118,635.4719428621868,638.4225868775143,666.6026613892338,0,1,0,0,0,0,17.046690425994086
1764858600,676,676.1,660.05,661.53,637.0693486110641,637.9536625895976,646.1250579183428,666.4037334916168,0,0,0,0,0,0,18.43621253842308
1764945000,664,674.69,662.3947,673.42,643.678557954507,641.3314090096359,655.2233719455619,666.6788811978279,0,0,0,0,0,0,18.05934021425001
1765204200,669.34,676.71,665.07,666.8,647.882456508233,643.7569891039562,659.0822479637079,666.6836309547758,1,0,0,0,0,0,17.60081591323215
1765290600,663.765,664.48,653.34,656.96,649.5329189612816,645.0144187131033,658.3748319758053,666.3023120938042,0,0,0,0,0,0,17.305043348001277
1765377000,649.95,654.51,643.3976,650.13,649.6414791501395,645.501616930903,655.6265546505368,665.6681037764001,0,0,0,0,0,0,17.0377116802869
1765463400,643.29,655.28,640.795,652.71,650.1993920319323,646.1881296041503,654.6543697670246,665.1599428439923,0,0,0,0,0,0,16.85537513169498
1765549800,649.8,711,638.61,644.23,649.1140480261265,646.0016410704217,651.1795798446831,664.3391607716788,1,1,0,0,0,0,20.822134050859624
1765809000,645.7,653,638.7001,647.51,648.8224029304671,646.14529430181,649.956386563122,663.6791936825934,0,0,0,0,0,0,20.356260190083933
1765895400,643.5,662.54,643.2,657.15,650.3365114885639,647.1933615111615,652.354257708748,663.4231468715113,0,0,0,0,0,0,20.2836701765065
1765981800,655.61,661.23,649.2,649.5,650.1844184906432,647.4130413672414,651.4028384724987,662.8771411118443,0,0,0,0,0,0,19.694122306756036
1766068200,657.025,670.56,656.46,664.45,652.7781605832536,649.0356088560756,655.7518923149992,662.9388218525562,0,0,0,0,0,0,19.791684999130602
1766154600,666.42,671,658.18,658.77,653.867585931753,649.9626937269255,656.7579282099995,662.7753386426521,0,0,0,0,0,0,19.293707499192703
1766413800,661.645,673.58,656.65,661.5,655.2552975805252,651.0614848005516,658.3386188066663,662.725325362548,1,0,0,0,0,0,19.12487124925037
1766500200,660.05,666,658.25,664.94,657.0161525658842,652.38324815288,660.5390792044442,662.8121753483305,0,0,0,0,0,0,18.312380445732483
1766586600,662.53,668.18,662.2,667.55,658.9313975539053,653.8277007097486,662.8760528029628,662.997972393494,0,0,0,0,0,0,17.431496128180154
1766759400,668.06,668.9499,661.3201,663.29,659.7238707259226,654.728872070725,663.0140352019752,663.0094244564942,0,0,0,0,0,0,16.73137497616728
1767018600,658.01,660.25,654.39,658.69,659.5358942303003,655.1061223497036,661.5726901346501,662.8400352621219,0,1,0,0,0,0,16.17199104929819
1767105000,658.69,672.22,657.84,665.95,660.7020952793366,656.1388726021128,663.0317934231001,662.9619946636074,1,0,0,0,0,0,16.043991688634033
1767191400,664.75,665,659.44,660.09,660.5908052285481,656.5151704495306,662.0511956154,662.8493674218972,0,0,0,0,0,0,15.36299228230303
1767364200,662.725,664.39,643.5,650.41,658.7397497324484,655.9337256448134,658.1707970769334,662.3615490916268,0,1,0,0,0,0,15.757778547852812
1767623400,651.01,664.54,647.7512,658.79,658.7488861447306,656.2057517738788,658.3771980512889,662.2214883429356,0,0,0,0,0,0,15.831422937291892
1767709800,659.57,665.52,651.9,660.62,659.0890886638705,656.6261563668427,659.1247987008593,662.1586848785067,1,0,0,0,0,0,15.673464156056756
1767796200,655.64,659.15,644.81,648.69,657.1983452704395,655.870331950953,655.6465324672396,661.6305011577809,0,0,0,0,0,0,15.683216716338421
1767882600,645.88,647.102,635.72,646.06,655.173191584905,654.9360146222907,652.4510216448264,661.0198932692405,0,1,0,0,0,0,15.48941552231425
1767969000,645.435,654.95,642.85,653.06,654.7889749331041,654.757346563025,652.6540144298842,660.7077405920154,0,0,0,0,0,0,15.247314413577518
1768228200,652.525,653.97,641.225,641.97,652.4582522179943,653.539504033213,649.0926762865895,659.9729272354658,0,0,0,0,0,0,15.068577669750553
1768314600,642.27,642.27,624.1,631.09,648.5731154510862,651.4014560300499,643.0917841910597,658.8402634223103,0,0,0,0,0,0,15.290107836196938
1768401000,626.5,628.45,614.815,615.52,642.5634580963433,647.9841745033784,633.9011894607064,657.1414295626118,0,0,0,0,0,0,15.360457276468583
1768487400,618.48,624.17,614.23,620.8,638.60646571519,645.3952055030567,629.5341263071376,655.7162754621172,0,0,0,0,0,0,14.973281756720823
1768573800,624.1762,629.08,620.08,620.25,635.2689264942463,643.000424026575,626.4394175380918,654.3254411302695,1,0,0,0,0,0,14.546618774097908
1768919400,607.88,611.4,600,604.12,629.6054853134742,639.2975265002345,618.9996116920612,652.3566003016315,0,1,0,0,0,0,14.954003147376628
1769005800,606.74,618.27,600.08,612.96,626.5790334382971,636.7891906430693,616.9864077947075,650.8116355839204,0,0,0,0,0,0,15.185145779706867
1769092200,629.35,660.57,626.55,647.63,630.4064819040613,637.8216486770627,627.200938529805,650.6868655610216,0,0,0,0,0,0,17.50120679544209
1769178600,644.77,666.4899,644.445,658.76,635.5616670124137,639.8157773744854,637.7206256865367,651.0034590684326,0,0,0,0,0,0,17.825756310053368
1769437800,665.125,675.28,661.2855,672.36,642.2522730101567,642.9152271483439,649.2670837910244,651.8409704775137,0,0,0,0,0,0,17.73248800219241
1769524200,674.59,676.815,664.66,672.97,647.8373142810374,645.7775864675492,657.168055860683,652.6695598705523,0,0,0,0,0,0,17.334096002035817
1769610600,674.5,677.6775,666.1,668.73,651.6359844117578,647.9635306134969,661.0220372404553,653.2993810520993,0,0,0,0,0,0,16.922910573318973
1769697000,737.43,744,712.55,738.31,667.3948963368928,656.5679562693543,686.7846914936368,656.6331308147621,1,0,0,0,0,0,21.090559818081903
1769783400,727.5,732.17,713.59,716.5,676.3230970029123,662.2757699579872,696.6897943290912,658.9808511749675,0,0,0,0,0,0,21.34980554536176
1770042600,714.6,721.3,703.5201,706.41,681.7934430023828,666.4790299619884,699.9298628860608,660.840817795557,0,0,0,0,0,0,21.094812292121635
1770129000,707.37,717,686.41,691.7,683.5946351837678,668.8810271084657,697.1865752573739,662.0509818035744,0,0,0,0,0,0,21.77303998554152
1770215400,687.73,688.83,667.46,668.99,680.9392469685373,668.891405479088,687.7877168382493,662.3231001642185,0,0,0,0,0,0,21.9492514151457
1770301800,663.58,681.5,653.5,670.21,678.9884747924397,669.0169859096511,681.9284778921661,662.6323903538571,0,0,0,0,0,0,22.38144774263529
1770388200,665.49,671.9899,646.5001,661.46,675.8014793756324,668.2972729658749,675.1056519281108,662.586414261549,0,1,0,0,0,0,22.60347290387563
1770647400,663.18,683.3099,658.78,677.22,676.0593922164265,669.1470564929344,675.8104346187405,663.1602803689392,1,0,0,0,0,0,22.741074839313086
1770733800,677.6,680.65,669.79,670.72,675.0885936316217,669.2968606364645,674.1136230791603,663.4567399623141,0,0,0,0,0,0,21.89242663650501
1770820200,674,679.2675,657.1,668.69,673.9252129713269,669.2390643853727,672.3057487194402,663.661965846145,0,0,0,0,0,0,21.91207473389751
1770906600,669.97,676,645.28,649.81,669.540628794722,667.3886773010514,664.8071658129601,663.1187514992373,0,0,0,0,0,0,22.54121225290483
1770993000,645.1,651.4299,634.57,639.77,664.1277871956817,664.7583270819036,656.4614438753067,662.2031141855417,,,0,0,0,0,22.135404234840195
1771338600,639.495,642.6,628.8,639.259,659.6061895237395,662.32981974077,650.7272959168712,661.303345001795,,,,,,,21.5400182180659