Price,Close,High,Low,Open,Volume
Ticker,NQ=F,NQ=F,NQ=F,NQ=F,NQ=F
Datetime,,,,,
2026-03-01 23:10:00+00:00,24800.75,24809.0,24776.25,24785.5,0
2026-03-01 23:11:00+00:00,24809.25,24813.0,24782.0,24801.75,352
2026-03-01 23:12:00+00:00,24797.5,24815.0,24793.0,24809.0,288
2026-03-01 23:13:00+00:00,24786.5,24799.5,24775.0,24799.5,291
2026-03-01 23:14:00+00:00,24777.0,24784.0,24767.75,24783.25,255
2026-03-01 23:15:00+00:00,24774.25,24791.5,24757.5,24775.5,307
2026-03-01 23:16:00+00:00,24792.5,24793.5,24762.5,24772.75,339
2026-03-01 23:17:00+00:00,24791.25,24801.25,24785.25,24791.25,236
2026-03-01 23:18:00+00:00,24780.5,24797.5,24780.25,24791.75,163
2026-03-01 23:19:00+00:00,24772.25,24787.0,24767.25,24782.25,295
2026-03-01 23:20:00+00:00,24791.5,24800.0,24766.75,24770.75,368
2026-03-01 23:21:00+00:00,24770.0,24793.75,24770.0,24790.5,196
2026-03-01 23:22:00+00:00,24773.75,24783.25,24765.0,24770.0,219
2026-03-01 23:23:00+00:00,24778.25,24781.5,24767.75,24771.5,169
2026-03-01 23:24:00+00:00,24769.5,24776.0,24767.0,24775.75,67
2026-03-01 23:25:00+00:00,24770.0,24774.0,24765.75,24773.75,152
2026-03-01 23:26:00+00:00,24776.5,24783.5,24767.25,24771.5,174
2026-03-01 23:27:00+00:00,24760.0,24783.75,24751.0,24779.0,294
2026-03-01 23:28:00+00:00,24772.5,24773.5,24756.75,24757.75,194
2026-03-01 23:29:00+00:00,24765.25,24775.0,24758.5,24773.5,104
2026-03-01 23:30:00+00:00,24754.5,24767.0,24752.75,24764.75,258
2026-03-01 23:31:00+00:00,24763.0,24769.0,24732.5,24753.0,549
2026-03-01 23:32:00+00:00,24746.0,24764.5,24741.75,24764.5,150
2026-03-01 23:33:00+00:00,24737.5,24753.75,24735.25,24745.0,177
2026-03-01 23:34:00+00:00,24738.25,24746.0,24735.25,24735.25,333
2026-03-01 23:35:00+00:00,24738.0,24752.75,24733.5,24740.25,222
2026-03-01 23:36:00+00:00,24734.5,24749.5,24733.5,24736.0,172
2026-03-01 23:37:00+00:00,24725.0,24742.5,24714.5,24739.0,379
2026-03-01 23:38:00+00:00,24741.75,24742.5,24719.75,24725.25,212
2026-03-01 23:39:00+00:00,24747.75,24750.0,24734.0,24741.25,177
2026-03-01 23:40:00+00:00,24751.25,24757.25,24743.0,24747.75,204
2026-03-01 23:41:00+00:00,24754.5,24755.0,24747.0,24752.5,82
2026-03-01 23:42:00+00:00,24765.25,24773.25,24755.0,24755.0,303
2026-03-01 23:43:00+00:00,24765.25,24770.0,24748.75,24764.5,192
2026-03-01 23:44:00+00:00,24771.25,24776.25,24765.0,24765.75,179
2026-03-01 23:45:00+00:00,24764.5,24779.25,24760.0,24771.25,270
2026-03-01 23:46:00+00:00,24761.5,24770.5,24758.25,24766.0,154
2026-03-01 23:47:00+00:00,24756.25,24768.25,24753.0,24761.5,179
2026-03-01 23:48:00+00:00,24754.75,24762.25,24753.5,24756.25,107
2026-03-01 23:49:00+00:00,24764.25,24768.5,24747.75,24755.0,128
2026-03-01 23:50:00+00:00,24756.5,24765.75,24755.25,24762.0,150
2026-03-01 23:51:00+00:00,24737.75,24758.5,24733.75,24755.5,306
2026-03-01 23:52:00+00:00,24739.5,24744.25,24732.75,24738.0,174
2026-03-01 23:53:00+00:00,24738.0,24744.0,24737.5,24742.5,171
2026-03-01 23:54:00+00:00,24733.25,24746.0,24731.5,24740.0,282
2026-03-01 23:55:00+00:00,24729.25,24738.5,24725.25,24735.25,376
2026-03-01 23:56:00+00:00,24736.75,24743.75,24729.75,24731.25,209
2026-03-01 23:57:00+00:00,24742.25,24743.0,24736.5,24737.25,88
2026-03-01 23:58:00+00:00,24731.0,24743.0,24727.5,24743.0,114
2026-03-01 23:59:00+00:00,24742.0,24743.0,24730.0,24731.75,237
2026-03-02 00:00:00+00:00,24726.5,24743.5,24723.0,24739.25,400
2026-03-02 00:01:00+00:00,24743.75,24747.5,24723.0,24728.0,395
2026-03-02 00:02:00+00:00,24754.0,24762.75,24740.5,24746.25,364
2026-03-02 00:03:00+00:00,24737.5,24753.75,24736.5,24753.5,154
2026-03-02 00:04:00+00:00,24736.25,24746.0,24732.0,24738.75,88
2026-03-02 00:05:00+00:00,24740.5,24749.75,24732.25,24737.0,250
2026-03-02 00:06:00+00:00,24735.75,24749.0,24727.5,24742.25,173
2026-03-02 00:07:00+00:00,24742.75,24752.0,24733.0,24733.0,136
2026-03-02 00:08:00+00:00,24750.0,24758.25,24742.25,24742.25,158
2026-03-02 00:09:00+00:00,24754.75,24765.0,24744.25,24747.75,315
2026-03-02 00:10:00+00:00,24770.25,24778.5,24755.0,24755.5,354
2026-03-02 00:11:00+00:00,24759.75,24775.0,24758.0,24767.0,152
2026-03-02 00:12:00+00:00,24756.0,24760.0,24750.0,24758.75,257
2026-03-02 00:13:00+00:00,24759.0,24761.75,24755.75,24755.75,91
2026-03-02 00:14:00+00:00,24758.5,24764.25,24756.5,24760.0,85
2026-03-02 00:15:00+00:00,24732.0,24758.75,24732.0,24756.25,350
2026-03-02 00:16:00+00:00,24723.0,24733.5,24721.5,24732.5,416
2026-03-02 00:17:00+00:00,24726.5,24732.5,24716.25,24722.75,200
2026-03-02 00:18:00+00:00,24720.5,24729.0,24720.5,24726.75,200
2026-03-02 00:19:00+00:00,24731.5,24734.0,24712.75,24721.5,309
2026-03-02 00:20:00+00:00,24728.5,24733.25,24724.5,24733.25,137
2026-03-02 00:21:00+00:00,24726.5,24729.25,24718.5,24728.5,185
2026-03-02 00:22:00+00:00,24726.75,24727.0,24721.5,24726.5,175
2026-03-02 00:23:00+00:00,24733.75,24739.0,24722.0,24725.0,187
2026-03-02 00:24:00+00:00,24740.75,24747.5,24732.25,24733.75,197
2026-03-02 00:25:00+00:00,24745.5,24747.5,24733.5,24742.0,208
2026-03-02 00:26:00+00:00,24731.5,24746.0,24726.75,24745.0,158
2026-03-02 00:27:00+00:00,24728.25,24737.75,24725.5,24730.5,174
2026-03-02 00:28:00+00:00,24718.25,24729.5,24715.0,24727.25,352
2026-03-02 00:29:00+00:00,24733.0,24734.25,24715.75,24717.75,140
2026-03-02 00:30:00+00:00,24732.0,24739.0,24730.25,24732.0,136
2026-03-02 00:31:00+00:00,24724.25,24732.25,24723.25,24732.25,189
2026-03-02 00:32:00+00:00,24729.5,24734.5,24723.25,24725.5,335
2026-03-02 00:33:00+00:00,24717.5,24733.5,24715.5,24732.5,379
2026-03-02 00:34:00+00:00,24727.75,24730.0,24714.0,24717.0,194
2026-03-02 00:35:00+00:00,24724.75,24730.25,24723.75,24728.5,84
2026-03-02 00:36:00+00:00,24721.5,24728.75,24720.25,24725.25,61
2026-03-02 00:37:00+00:00,24727.5,24728.5,24718.0,24720.0,109
2026-03-02 00:38:00+00:00,24731.5,24736.0,24726.5,24727.25,280
2026-03-02 00:39:00+00:00,24732.0,24734.75,24728.75,24731.5,79
2026-03-02 00:40:00+00:00,24746.75,24747.0,24733.0,24734.25,129
2026-03-02 00:41:00+00:00,24741.75,24748.0,24739.5,24745.5,88
2026-03-02 00:42:00+00:00,24745.0,24747.0,24740.25,24744.0,99
2026-03-02 00:43:00+00:00,24748.0,24748.25,24744.5,24744.5,70
2026-03-02 00:44:00+00:00,24753.5,24756.5,24744.0,24748.5,526
2026-03-02 00:45:00+00:00,24769.25,24770.25,24756.5,24757.25,281
2026-03-02 00:46:00+00:00,24765.25,24770.0,24760.5,24769.0,209
2026-03-02 00:47:00+00:00,24765.0,24769.0,24765.0,24766.0,83
2026-03-02 00:48:00+00:00,24766.0,24769.25,24763.75,24765.5,270
2026-03-02 00:49:00+00:00,24766.5,24777.75,24764.25,24766.75,475
2026-03-02 00:50:00+00:00,24779.0,24782.0,24767.25,24767.25,402
2026-03-02 00:51:00+00:00,24771.5,24782.75,24771.25,24779.75,441
2026-03-02 00:52:00+00:00,24776.0,24784.0,24770.75,24771.0,323
2026-03-02 00:53:00+00:00,24780.0,24780.0,24770.0,24776.5,198
2026-03-02 00:54:00+00:00,24780.75,24782.0,24773.25,24777.25,107
2026-03-02 00:55:00+00:00,24778.75,24787.25,24776.25,24781.25,189
2026-03-02 00:56:00+00:00,24778.25,24782.5,24776.0,24780.25,71
2026-03-02 00:57:00+00:00,24779.0,24781.0,24776.5,24778.75,126
2026-03-02 00:58:00+00:00,24789.25,24791.0,24776.0,24778.75,229
2026-03-02 00:59:00+00:00,24786.0,24796.25,24786.0,24789.75,423
2026-03-02 01:00:00+00:00,24784.5,24791.25,24780.25,24785.5,254
2026-03-02 01:01:00+00:00,24782.0,24788.5,24778.75,24785.25,312
2026-03-02 01:02:00+00:00,24782.5,24799.75,24780.5,24782.0,390
2026-03-02 01:03:00+00:00,24788.25,24792.0,24772.5,24783.25,442
2026-03-02 01:04:00+00:00,24792.5,24796.5,24788.0,24788.25,153
2026-03-02 01:05:00+00:00,24808.0,24814.0,24791.25,24791.75,688
2026-03-02 01:06:00+00:00,24803.25,24814.5,24802.75,24809.0,470
2026-03-02 01:07:00+00:00,24822.0,24825.25,24801.0,24803.25,495
2026-03-02 01:08:00+00:00,24834.5,24841.0,24820.5,24822.25,759
2026-03-02 01:09:00+00:00,24851.0,24863.5,24834.75,24835.25,765
2026-03-02 01:10:00+00:00,24874.5,24877.5,24852.5,24852.5,648
2026-03-02 01:11:00+00:00,24873.5,24888.75,24866.75,24874.5,627
2026-03-02 01:12:00+00:00,24881.75,24886.75,24870.25,24873.5,361
2026-03-02 01:13:00+00:00,24880.25,24893.25,24876.0,24885.25,686
2026-03-02 01:14:00+00:00,24873.75,24881.25,24865.5,24878.75,465
2026-03-02 01:15:00+00:00,24868.5,24876.5,24861.25,24876.25,296
2026-03-02 01:16:00+00:00,24880.5,24881.5,24866.75,24869.0,275
2026-03-02 01:17:00+00:00,24880.75,24883.75,24871.0,24879.5,248
2026-03-02 01:18:00+00:00,24876.75,24883.0,24866.25,24883.0,256
2026-03-02 01:19:00+00:00,24876.75,24883.25,24873.75,24878.25,103
2026-03-02 01:20:00+00:00,24872.25,24878.75,24870.75,24877.25,109
2026-03-02 01:21:00+00:00,24872.5,24875.0,24866.75,24874.25,110
2026-03-02 01:22:00+00:00,24866.75,24874.75,24864.0,24871.25,164
2026-03-02 01:23:00+00:00,24859.25,24869.75,24859.25,24867.75,230
2026-03-02 01:24:00+00:00,24857.0,24864.0,24853.25,24860.75,389
2026-03-02 01:25:00+00:00,24856.75,24864.75,24853.25,24856.5,182
2026-03-02 01:26:00+00:00,24855.75,24858.5,24847.75,24857.0,243
2026-03-02 01:27:00+00:00,24872.75,24876.0,24853.75,24855.25,303
2026-03-02 01:28:00+00:00,24869.5,24872.5,24864.25,24872.5,168
2026-03-02 01:29:00+00:00,24869.5,24871.0,24860.0,24867.5,171
2026-03-02 01:30:00+00:00,24886.25,24889.75,24862.25,24870.5,360
2026-03-02 01:31:00+00:00,24880.0,24901.25,24880.0,24886.75,630
2026-03-02 01:32:00+00:00,24885.75,24889.25,24875.5,24880.0,267
2026-03-02 01:33:00+00:00,24887.5,24896.0,24885.5,24885.5,170
2026-03-02 01:34:00+00:00,24887.0,24889.0,24881.75,24887.5,107
2026-03-02 01:35:00+00:00,24887.25,24893.75,24886.0,24887.0,133
2026-03-02 01:36:00+00:00,24886.25,24889.25,24879.25,24888.0,133
2026-03-02 01:37:00+00:00,24875.75,24886.25,24874.5,24885.25,416
2026-03-02 01:38:00+00:00,24896.0,24896.0,24874.25,24874.25,145
2026-03-02 01:39:00+00:00,24888.25,24897.5,24886.0,24896.75,253
2026-03-02 01:40:00+00:00,24883.0,24893.75,24880.75,24888.25,142
2026-03-02 01:41:00+00:00,24876.5,24885.25,24868.0,24882.75,242
2026-03-02 01:42:00+00:00,24884.0,24890.0,24876.25,24876.25,126
2026-03-02 01:43:00+00:00,24874.75,24883.75,24871.25,24883.75,96
2026-03-02 01:44:00+00:00,24869.0,24878.0,24865.25,24875.75,157
2026-03-02 01:45:00+00:00,24869.25,24873.25,24862.0,24870.75,237
2026-03-02 01:46:00+00:00,24864.5,24869.5,24859.0,24869.5,121
2026-03-02 01:47:00+00:00,24860.25,24866.0,24859.0,24862.75,134
2026-03-02 01:48:00+00:00,24859.25,24862.75,24856.5,24859.25,331
2026-03-02 01:49:00+00:00,24858.25,24864.75,24853.0,24858.75,152
2026-03-02 01:50:00+00:00,24861.25,24864.0,24856.5,24858.25,74
2026-03-02 01:51:00+00:00,24866.0,24872.25,24861.5,24861.5,139
2026-03-02 01:52:00+00:00,24872.0,24872.75,24861.0,24864.75,238
2026-03-02 01:53:00+00:00,24861.5,24870.0,24861.5,24870.0,74
2026-03-02 01:54:00+00:00,24862.25,24864.5,24860.75,24862.25,61
2026-03-02 01:55:00+00:00,24863.0,24866.75,24856.25,24862.25,116
2026-03-02 01:56:00+00:00,24866.0,24866.5,24854.25,24862.5,177
2026-03-02 01:57:00+00:00,24864.75,24868.25,24861.25,24867.0,66
2026-03-02 01:58:00+00:00,24861.25,24864.75,24859.5,24864.0,34
2026-03-02 01:59:00+00:00,24861.75,24863.25,24856.75,24861.25,95
2026-03-02 02:00:00+00:00,24859.25,24865.25,24854.75,24864.0,147
2026-03-02 02:01:00+00:00,24861.5,24864.5,24857.0,24858.0,59
2026-03-02 02:02:00+00:00,24863.25,24864.25,24859.0,24861.5,83
2026-03-02 02:03:00+00:00,24871.0,24873.75,24864.0,24865.0,148
2026-03-02 02:04:00+00:00,24867.25,24871.0,24865.25,24871.0,53
2026-03-02 02:05:00+00:00,24860.0,24873.75,24860.0,24867.25,120
2026-03-02 02:06:00+00:00,24841.0,24859.5,24840.5,24859.5,494
2026-03-02 02:07:00+00:00,24844.75,24850.5,24840.5,24841.5,139
2026-03-02 02:08:00+00:00,24839.0,24845.0,24834.75,24845.0,210
2026-03-02 02:09:00+00:00,24836.0,24840.25,24834.0,24839.0,152
2026-03-02 02:10:00+00:00,24826.25,24837.0,24826.25,24834.25,138
2026-03-02 02:11:00+00:00,24835.25,24839.0,24823.0,24826.5,236
2026-03-02 02:12:00+00:00,24829.75,24837.0,24829.75,24836.0,44
2026-03-02 02:13:00+00:00,24840.0,24840.75,24830.25,24830.25,112
2026-03-02 02:14:00+00:00,24838.5,24845.0,24836.25,24838.75,154
2026-03-02 02:15:00+00:00,24837.25,24843.75,24830.25,24838.75,117
2026-03-02 02:16:00+00:00,24840.5,24845.5,24836.25,24837.75,78
2026-03-02 02:17:00+00:00,24832.5,24840.5,24831.0,24840.25,102
2026-03-02 02:18:00+00:00,24833.0,24839.0,24830.0,24831.0,58
2026-03-02 02:19:00+00:00,24832.5,24836.75,24831.75,24833.0,29
2026-03-02 02:20:00+00:00,24820.5,24830.25,24815.25,24830.25,226
2026-03-02 02:21:00+00:00,24817.75,24826.0,24814.0,24820.25,128
2026-03-02 02:22:00+00:00,24834.5,24835.0,24816.25,24817.25,155
2026-03-02 02:23:00+00:00,24835.5,24838.25,24832.0,24836.0,68
2026-03-02 02:24:00+00:00,24818.25,24835.0,24816.75,24835.0,102
2026-03-02 02:25:00+00:00,24817.5,24822.5,24816.75,24817.0,73
2026-03-02 02:26:00+00:00,24812.5,24820.25,24807.75,24816.5,158
2026-03-02 02:27:00+00:00,24818.0,24820.0,24810.75,24811.25,77
2026-03-02 02:28:00+00:00,24815.0,24823.75,24813.5,24820.0,88
2026-03-02 02:29:00+00:00,24809.5,24818.0,24808.0,24815.5,78
2026-03-02 02:30:00+00:00,24811.0,24815.5,24804.0,24811.0,193
2026-03-02 02:31:00+00:00,24816.5,24818.75,24809.0,24810.5,114
2026-03-02 02:32:00+00:00,24831.0,24832.5,24814.75,24816.25,161
2026-03-02 02:33:00+00:00,24834.25,24837.0,24827.75,24831.25,101
2026-03-02 02:34:00+00:00,24831.75,24835.0,24830.5,24834.75,62
2026-03-02 02:35:00+00:00,24832.0,24836.0,24828.25,24832.5,63
2026-03-02 02:36:00+00:00,24831.0,24836.0,24830.5,24832.5,37
2026-03-02 02:37:00+00:00,24833.75,24836.25,24828.75,24831.0,65
2026-03-02 02:38:00+00:00,24840.75,24842.25,24834.25,24834.25,114
2026-03-02 02:39:00+00:00,24840.0,24841.75,24835.25,24841.0,84
2026-03-02 02:40:00+00:00,24846.25,24847.0,24840.75,24840.75,117
2026-03-02 02:41:00+00:00,24844.5,24847.25,24834.0,24847.0,117
2026-03-02 02:42:00+00:00,24839.75,24844.0,24837.0,24844.0,50
2026-03-02 02:43:00+00:00,24834.25,24841.5,24832.5,24840.75,77
2026-03-02 02:44:00+00:00,24838.0,24841.25,24833.75,24835.75,43
2026-03-02 02:45:00+00:00,24840.0,24842.25,24832.0,24837.75,87
2026-03-02 02:46:00+00:00,24836.75,24841.5,24836.25,24841.5,44
2026-03-02 02:47:00+00:00,24839.75,24840.25,24836.0,24838.75,25
2026-03-02 02:48:00+00:00,24840.75,24841.25,24838.75,24840.5,23
2026-03-02 02:49:00+00:00,24821.75,24840.5,24821.75,24840.5,161
2026-03-02 02:50:00+00:00,24813.5,24821.75,24808.0,24821.5,294
2026-03-02 02:51:00+00:00,24812.0,24816.25,24808.5,24812.0,111
2026-03-02 02:52:00+00:00,24807.75,24815.0,24796.5,24814.25,346
2026-03-02 02:53:00+00:00,24799.5,24810.75,24797.25,24807.0,130
2026-03-02 02:54:00+00:00,24807.25,24808.75,24796.5,24801.0,220
2026-03-02 02:55:00+00:00,24814.5,24814.5,24803.75,24806.75,118
2026-03-02 02:56:00+00:00,24821.25,24822.25,24812.5,24812.5,137
2026-03-02 02:57:00+00:00,24822.75,24823.5,24817.75,24821.5,98
2026-03-02 02:58:00+00:00,24821.75,24826.0,24819.25,24823.0,74
2026-03-02 02:59:00+00:00,24821.0,24823.5,24818.5,24823.0,65
2026-03-02 03:00:00+00:00,24826.5,24828.0,24818.0,24821.25,82
2026-03-02 03:01:00+00:00,24808.75,24825.75,24808.5,24825.75,119
2026-03-02 03:02:00+00:00,24812.5,24817.5,24806.75,24807.25,111
2026-03-02 03:03:00+00:00,24808.5,24814.5,24803.75,24814.5,128
2026-03-02 03:04:00+00:00,24808.0,24810.0,24807.0,24807.75,32
2026-03-02 03:05:00+00:00,24808.5,24810.0,24807.0,24808.0,36
2026-03-02 03:06:00+00:00,24806.25,24812.0,24802.75,24809.5,79
2026-03-02 03:07:00+00:00,24817.5,24818.0,24805.75,24806.0,91
2026-03-02 03:08:00+00:00,24819.25,24820.25,24815.0,24819.0,79
2026-03-02 03:09:00+00:00,24812.75,24820.5,24812.75,24818.75,45
2026-03-02 03:10:00+00:00,24814.5,24815.75,24813.25,24813.25,30
2026-03-02 03:11:00+00:00,24821.75,24821.75,24813.75,24814.0,44
2026-03-02 03:12:00+00:00,24818.5,24823.25,24818.0,24821.0,47
2026-03-02 03:13:00+00:00,24817.0,24819.25,24814.75,24819.25,36
2026-03-02 03:14:00+00:00,24819.0,24819.25,24817.75,24817.75,11
2026-03-02 03:15:00+00:00,24814.0,24818.5,24811.5,24817.25,33
2026-03-02 03:16:00+00:00,24811.5,24814.25,24808.0,24814.25,101
2026-03-02 03:17:00+00:00,24813.75,24816.0,24811.75,24813.25,38
2026-03-02 03:18:00+00:00,24814.25,24815.25,24807.0,24813.25,64
2026-03-02 03:19:00+00:00,24830.0,24830.5,24813.5,24815.0,131
2026-03-02 03:20:00+00:00,24820.75,24835.5,24813.25,24830.25,222
2026-03-02 03:21:00+00:00,24814.75,24825.5,24814.75,24821.5,101
2026-03-02 03:22:00+00:00,24809.25,24818.0,24805.75,24813.75,97
2026-03-02 03:23:00+00:00,24821.0,24822.0,24812.0,24812.5,60
2026-03-02 03:24:00+00:00,24824.5,24826.0,24817.25,24819.75,74
2026-03-02 03:25:00+00:00,24816.25,24828.25,24816.25,24822.75,77
2026-03-02 03:26:00+00:00,24817.0,24818.25,24816.25,24817.25,36
2026-03-02 03:27:00+00:00,24820.5,24823.5,24813.75,24816.75,65
2026-03-02 03:28:00+00:00,24816.5,24822.0,24816.25,24822.0,20
2026-03-02 03:29:00+00:00,24819.75,24820.0,24813.0,24817.5,42
2026-03-02 03:30:00+00:00,24816.5,24823.0,24816.0,24823.0,50
2026-03-02 03:31:00+00:00,24815.25,24817.5,24807.5,24816.0,115
2026-03-02 03:32:00+00:00,24806.5,24815.5,24806.5,24815.5,56
2026-03-02 03:33:00+00:00,24806.5,24813.75,24806.5,24808.5,57
2026-03-02 03:34:00+00:00,24797.0,24809.75,24795.5,24809.75,154
2026-03-02 03:35:00+00:00,24800.75,24800.75,24785.25,24796.25,186
2026-03-02 03:36:00+00:00,24801.5,24807.25,24798.0,24803.0,79
2026-03-02 03:37:00+00:00,24802.0,24807.0,24800.25,24801.25,50
2026-03-02 03:38:00+00:00,24807.25,24807.5,24802.25,24802.25,39
2026-03-02 03:39:00+00:00,24804.0,24809.75,24803.25,24805.75,58
2026-03-02 03:40:00+00:00,24803.75,24805.25,24800.5,24805.25,25
2026-03-02 03:41:00+00:00,24805.75,24809.25,24801.25,24805.0,72
2026-03-02 03:42:00+00:00,24800.25,24808.75,24799.75,24806.75,51
2026-03-02 03:43:00+00:00,24793.75,24804.0,24788.25,24801.0,189
2026-03-02 03:44:00+00:00,24795.25,24800.25,24792.75,24792.75,95
2026-03-02 03:45:00+00:00,24797.25,24799.0,24794.25,24799.0,30
2026-03-02 03:46:00+00:00,24797.25,24797.25,24788.25,24796.25,97
2026-03-02 03:47:00+00:00,24797.0,24801.5,24796.0,24796.25,60
2026-03-02 03:48:00+00:00,24796.75,24802.25,24796.0,24797.5,61
2026-03-02 03:49:00+00:00,24801.5,24802.5,24797.25,24797.25,30
2026-03-02 03:50:00+00:00,24806.75,24814.0,24803.0,24803.0,133
2026-03-02 03:51:00+00:00,24799.25,24807.75,24796.5,24807.75,96
2026-03-02 03:52:00+00:00,24804.75,24810.75,24799.5,24799.5,113
2026-03-02 03:53:00+00:00,24804.0,24806.5,24801.75,24805.25,37
2026-03-02 03:54:00+00:00,24796.75,24806.25,24795.5,24804.0,49
2026-03-02 03:55:00+00:00,24794.25,24797.0,24792.25,24796.0,63
2026-03-02 03:56:00+00:00,24794.25,24794.75,24787.0,24794.25,115
2026-03-02 03:57:00+00:00,24790.0,24794.75,24790.0,24793.5,55
2026-03-02 03:58:00+00:00,24792.75,24793.0,24790.25,24791.75,32
2026-03-02 03:59:00+00:00,24791.5,24794.25,24788.25,24793.75,43
2026-03-02 04:00:00+00:00,24789.0,24794.0,24787.75,24792.75,64
2026-03-02 04:01:00+00:00,24793.25,24794.0,24788.0,24788.75,47
2026-03-02 04:02:00+00:00,24793.75,24798.25,24792.5,24793.5,61
2026-03-02 04:03:00+00:00,24795.0,24796.75,24793.0,24793.75,40
2026-03-02 04:04:00+00:00,24793.0,24798.0,24793.0,24795.5,46
2026-03-02 04:05:00+00:00,24792.75,24795.0,24792.75,24793.75,16
2026-03-02 04:06:00+00:00,24795.0,24796.0,24794.0,24794.75,26
2026-03-02 04:07:00+00:00,24792.25,24798.25,24791.5,24795.75,65
2026-03-02 04:08:00+00:00,24794.75,24796.75,24792.5,24792.5,37
2026-03-02 04:09:00+00:00,24794.75,24797.75,24794.75,24795.75,16
2026-03-02 04:10:00+00:00,24793.5,24795.5,24793.5,24793.5,10
2026-03-02 04:11:00+00:00,24783.25,24794.5,24782.0,24794.25,196
2026-03-02 04:12:00+00:00,24782.0,24786.25,24778.25,24783.0,168
2026-03-02 04:13:00+00:00,24797.25,24797.25,24783.25,24783.25,129
2026-03-02 04:14:00+00:00,24796.75,24797.25,24792.75,24796.0,56
2026-03-02 04:15:00+00:00,24799.5,24800.25,24796.25,24796.25,56
2026-03-02 04:16:00+00:00,24806.25,24809.0,24800.0,24800.5,180
2026-03-02 04:17:00+00:00,24806.25,24809.0,24804.5,24806.25,41
2026-03-02 04:18:00+00:00,24796.75,24809.5,24784.75,24806.75,534
2026-03-02 04:19:00+00:00,24768.0,24802.25,24765.0,24797.75,405
2026-03-02 04:20:00+00:00,24765.5,24780.75,24747.75,24770.0,613
2026-03-02 04:21:00+00:00,24772.0,24775.25,24756.75,24765.25,180
2026-03-02 04:22:00+00:00,24754.25,24775.0,24752.5,24773.0,181
2026-03-02 04:23:00+00:00,24762.5,24765.25,24740.75,24752.25,289
2026-03-02 04:24:00+00:00,24775.25,24783.5,24764.25,24764.25,218
2026-03-02 04:25:00+00:00,24773.75,24782.75,24772.75,24777.5,88
2026-03-02 04:26:00+00:00,24783.75,24786.0,24772.0,24774.5,84
2026-03-02 04:27:00+00:00,24792.5,24795.75,24782.5,24783.0,247
2026-03-02 04:28:00+00:00,24794.5,24797.5,24789.0,24794.0,158
2026-03-02 04:29:00+00:00,24799.5,24801.25,24791.5,24793.25,167
2026-03-02 04:30:00+00:00,24797.0,24807.5,24793.25,24800.0,136
2026-03-02 04:31:00+00:00,24802.75,24805.0,24794.75,24799.25,80
2026-03-02 04:32:00+00:00,24805.25,24806.0,24800.0,24803.75,98
2026-03-02 04:33:00+00:00,24800.5,24805.25,24798.5,24804.5,76
2026-03-02 04:34:00+00:00,24800.25,24802.5,24796.25,24799.25,32
2026-03-02 04:35:00+00:00,24801.0,24802.25,24796.75,24798.5,46
2026-03-02 04:36:00+00:00,24799.5,24804.0,24799.25,24799.75,35
2026-03-02 04:37:00+00:00,24805.75,24805.75,24797.25,24801.75,47
2026-03-02 04:38:00+00:00,24805.5,24808.0,24802.25,24805.75,57
2026-03-02 04:39:00+00:00,24806.75,24809.75,24800.5,24805.0,79
2026-03-02 04:40:00+00:00,24810.75,24817.75,24807.75,24807.75,157
2026-03-02 04:41:00+00:00,24812.75,24813.0,24806.5,24808.75,76
2026-03-02 04:42:00+00:00,24804.0,24812.25,24801.0,24812.25,60
2026-03-02 04:43:00+00:00,24803.0,24808.0,24801.75,24804.0,32
2026-03-02 04:44:00+00:00,24793.0,24803.5,24793.0,24803.25,169
2026-03-02 04:45:00+00:00,24788.0,24796.25,24786.0,24792.5,147
2026-03-02 04:46:00+00:00,24790.25,24791.75,24785.0,24786.5,72
2026-03-02 04:47:00+00:00,24787.75,24790.25,24786.5,24790.25,26
2026-03-02 04:48:00+00:00,24784.75,24787.5,24781.0,24786.5,48
2026-03-02 04:49:00+00:00,24783.75,24785.25,24782.25,24783.25,23
2026-03-02 04:50:00+00:00,24768.5,24783.5,24766.0,24782.0,223
2026-03-02 04:51:00+00:00,24772.0,24775.5,24768.75,24768.75,84
2026-03-02 04:52:00+00:00,24775.25,24776.0,24767.5,24772.0,141
2026-03-02 04:53:00+00:00,24773.75,24776.25,24766.75,24774.5,138
2026-03-02 04:54:00+00:00,24773.5,24779.5,24772.75,24772.75,49
2026-03-02 04:55:00+00:00,24768.5,24773.5,24768.5,24773.0,23
2026-03-02 04:56:00+00:00,24770.75,24772.0,24767.75,24768.0,64
2026-03-02 04:57:00+00:00,24763.0,24769.5,24761.75,24769.5,38
2026-03-02 04:58:00+00:00,24761.75,24764.5,24757.5,24762.25,97
2026-03-02 05:00:00+00:00,24762.75,24766.0,24757.0,24759.0,96
2026-03-02 05:01:00+00:00,24766.75,24768.25,24762.25,24762.75,81
2026-03-02 05:02:00+00:00,24759.5,24769.5,24759.25,24768.0,95
2026-03-02 05:03:00+00:00,24763.25,24763.75,24758.5,24758.5,30
2026-03-02 05:04:00+00:00,24748.25,24764.5,24745.5,24763.25,224
2026-03-02 05:05:00+00:00,24743.0,24752.0,24743.0,24747.5,113
2026-03-02 05:06:00+00:00,24742.75,24743.5,24730.25,24742.5,329
2026-03-02 05:07:00+00:00,24738.75,24743.25,24737.5,24742.25,60
2026-03-02 05:08:00+00:00,24744.25,24744.25,24737.75,24738.75,70
2026-03-02 05:09:00+00:00,24738.0,24743.5,24735.0,24742.75,78
2026-03-02 05:10:00+00:00,24750.0,24751.25,24736.5,24737.25,126
2026-03-02 05:11:00+00:00,24748.0,24750.5,24747.25,24749.75,57
2026-03-02 05:12:00+00:00,24750.0,24750.75,24747.0,24747.25,20
2026-03-02 05:13:00+00:00,24744.0,24752.75,24743.0,24750.25,56
2026-03-02 05:14:00+00:00,24743.25,24746.0,24741.5,24744.0,31
2026-03-02 05:15:00+00:00,24750.25,24750.25,24741.5,24741.75,42
2026-03-02 05:16:00+00:00,24749.0,24757.5,24747.75,24750.5,101
2026-03-02 05:17:00+00:00,24750.5,24750.5,24745.0,24748.75,53
2026-03-02 05:18:00+00:00,24750.25,24754.5,24748.75,24751.25,50
2026-03-02 05:19:00+00:00,24748.5,24751.75,24747.25,24749.75,44
2026-03-02 05:20:00+00:00,24744.5,24751.5,24742.25,24750.0,60
2026-03-02 05:21:00+00:00,24742.5,24748.5,24739.5,24746.5,72
2026-03-02 05:22:00+00:00,24733.75,24743.0,24732.75,24743.0,115
2026-03-02 05:23:00+00:00,24724.5,24734.0,24721.75,24734.0,358
2026-03-02 05:24:00+00:00,24722.75,24725.5,24718.0,24725.5,210
2026-03-02 05:25:00+00:00,24727.5,24730.5,24720.0,24720.5,74
2026-03-02 05:26:00+00:00,24733.0,24733.0,24725.5,24728.75,85
2026-03-02 05:27:00+00:00,24730.25,24737.5,24728.0,24733.75,94
2026-03-02 05:28:00+00:00,24726.25,24735.25,24726.25,24731.0,73
2026-03-02 05:29:00+00:00,24729.0,24729.0,24720.0,24724.75,109
2026-03-02 05:30:00+00:00,24737.75,24738.25,24727.25,24731.75,121
2026-03-02 05:31:00+00:00,24735.0,24738.0,24727.0,24737.75,125
2026-03-02 05:32:00+00:00,24730.0,24734.75,24728.75,24733.25,112
2026-03-02 05:33:00+00:00,24736.0,24736.5,24730.5,24730.5,35
2026-03-02 05:34:00+00:00,24736.75,24737.25,24733.25,24735.0,66
2026-03-02 05:35:00+00:00,24742.0,24742.25,24736.5,24736.5,74
2026-03-02 05:36:00+00:00,24746.25,24749.25,24740.75,24742.0,93
2026-03-02 05:37:00+00:00,24732.75,24746.5,24732.0,24746.25,112
2026-03-02 05:38:00+00:00,24738.25,24738.25,24725.5,24733.25,91
2026-03-02 05:39:00+00:00,24730.75,24739.5,24730.75,24738.25,46
2026-03-02 05:40:00+00:00,24728.75,24735.0,24728.25,24730.5,46
2026-03-02 05:41:00+00:00,24733.0,24734.75,24727.25,24729.5,58
2026-03-02 05:42:00+00:00,24740.5,24740.5,24733.0,24733.25,35
2026-03-02 05:43:00+00:00,24736.5,24741.25,24735.0,24740.0,24
2026-03-02 05:44:00+00:00,24734.75,24735.5,24731.5,24734.5,37
2026-03-02 05:45:00+00:00,24736.0,24738.0,24731.5,24733.5,67
2026-03-02 05:46:00+00:00,24730.5,24738.25,24730.0,24735.25,55
2026-03-02 05:47:00+00:00,24731.25,24731.25,24724.75,24730.0,123
2026-03-02 05:48:00+00:00,24730.75,24733.0,24725.25,24731.0,103
2026-03-02 05:49:00+00:00,24727.0,24732.75,24725.0,24731.0,93
2026-03-02 05:50:00+00:00,24718.5,24728.5,24717.75,24728.25,168
2026-03-02 05:51:00+00:00,24719.25,24719.5,24712.25,24718.0,184
2026-03-02 05:52:00+00:00,24713.0,24720.0,24710.0,24720.0,114
2026-03-02 05:53:00+00:00,24720.75,24723.25,24714.5,24714.5,104
2026-03-02 05:54:00+00:00,24716.0,24720.75,24716.0,24720.25,45
2026-03-02 05:55:00+00:00,24705.75,24716.5,24705.0,24714.0,151
2026-03-02 05:56:00+00:00,24695.25,24705.5,24691.0,24705.5,497
2026-03-02 05:57:00+00:00,24688.0,24700.0,24686.75,24694.5,225
2026-03-02 05:58:00+00:00,24676.0,24693.5,24674.75,24689.75,237
2026-03-02 05:59:00+00:00,24677.25,24678.25,24672.0,24677.0,210
2026-03-02 06:00:00+00:00,24679.0,24684.25,24674.5,24675.75,237
2026-03-02 06:01:00+00:00,24682.0,24686.5,24675.5,24677.0,105
2026-03-02 06:02:00+00:00,24684.25,24689.0,24681.25,24681.5,112
2026-03-02 06:03:00+00:00,24686.25,24695.25,24681.5,24686.75,163
2026-03-02 06:04:00+00:00,24693.0,24693.5,24677.0,24685.5,108
2026-03-02 06:05:00+00:00,24690.0,24700.75,24690.0,24693.5,154
2026-03-02 06:06:00+00:00,24699.75,24703.0,24692.75,24693.75,65
2026-03-02 06:07:00+00:00,24688.25,24699.0,24683.5,24699.0,149
2026-03-02 06:08:00+00:00,24696.75,24698.5,24687.25,24688.0,119
2026-03-02 06:09:00+00:00,24696.25,24701.25,24690.0,24696.75,126
2026-03-02 06:10:00+00:00,24698.25,24700.0,24694.5,24696.5,80
2026-03-02 06:11:00+00:00,24695.0,24701.5,24694.5,24697.25,46
2026-03-02 06:12:00+00:00,24690.25,24695.5,24686.0,24695.5,90
2026-03-02 06:13:00+00:00,24691.25,24694.75,24684.0,24685.75,67
2026-03-02 06:14:00+00:00,24691.0,24698.75,24691.0,24692.0,74
2026-03-02 06:15:00+00:00,24694.25,24696.25,24692.0,24692.5,54
2026-03-02 06:16:00+00:00,24689.25,24698.75,24688.75,24695.5,77
2026-03-02 06:17:00+00:00,24686.5,24689.25,24680.75,24689.25,111
2026-03-02 06:18:00+00:00,24668.5,24687.25,24664.0,24686.25,208
2026-03-02 06:19:00+00:00,24658.0,24669.0,24656.5,24669.0,327
2026-03-02 06:20:00+00:00,24644.0,24666.0,24643.0,24656.75,523
2026-03-02 06:21:00+00:00,24649.75,24652.5,24633.5,24645.0,420
2026-03-02 06:22:00+00:00,24641.0,24649.0,24636.5,24649.0,230
2026-03-02 06:23:00+00:00,24648.5,24650.75,24640.0,24640.0,159
2026-03-02 06:24:00+00:00,24644.25,24650.0,24642.0,24647.0,101
2026-03-02 06:25:00+00:00,24650.75,24654.5,24643.0,24645.0,243
2026-03-02 06:26:00+00:00,24655.75,24663.25,24652.0,24652.0,158
2026-03-02 06:27:00+00:00,24657.5,24660.25,24650.25,24657.0,129
2026-03-02 06:28:00+00:00,24659.5,24661.75,24655.0,24657.75,89
2026-03-02 06:29:00+00:00,24668.25,24673.5,24659.75,24659.75,228
2026-03-02 06:30:00+00:00,24670.25,24675.5,24658.25,24669.75,131
2026-03-02 06:31:00+00:00,24673.5,24679.25,24669.75,24669.75,156
2026-03-02 06:32:00+00:00,24666.25,24676.25,24666.25,24674.0,124
2026-03-02 06:33:00+00:00,24667.25,24673.0,24664.5,24666.0,95
2026-03-02 06:34:00+00:00,24670.25,24677.5,24665.75,24666.5,141
2026-03-02 06:35:00+00:00,24657.5,24672.0,24654.0,24672.0,209
2026-03-02 06:36:00+00:00,24649.75,24659.25,24647.75,24658.75,174
2026-03-02 06:37:00+00:00,24645.0,24657.75,24643.0,24650.0,172
2026-03-02 06:38:00+00:00,24638.5,24646.75,24637.25,24645.25,201
2026-03-02 06:39:00+00:00,24632.0,24641.0,24629.75,24638.75,248
2026-03-02 06:40:00+00:00,24625.0,24631.75,24620.25,24631.5,305
2026-03-02 06:41:00+00:00,24637.25,24639.25,24622.5,24625.25,176
2026-03-02 06:42:00+00:00,24641.25,24643.0,24632.25,24635.25,200
2026-03-02 06:43:00+00:00,24628.0,24642.25,24627.25,24642.25,137
2026-03-02 06:44:00+00:00,24620.75,24628.75,24616.75,24628.0,256
2026-03-02 06:45:00+00:00,24618.0,24622.25,24593.0,24621.0,786
2026-03-02 06:46:00+00:00,24610.5,24619.75,24604.0,24616.5,303
2026-03-02 06:47:00+00:00,24601.0,24613.25,24593.5,24610.75,336
2026-03-02 06:48:00+00:00,24586.0,24603.25,24583.5,24603.0,433
2026-03-02 06:49:00+00:00,24581.5,24593.25,24575.0,24586.25,399
2026-03-02 06:50:00+00:00,24568.5,24582.25,24563.5,24582.25,431
2026-03-02 06:51:00+00:00,24547.25,24568.0,24528.0,24567.5,818
2026-03-02 06:52:00+00:00,24581.25,24584.0,24542.0,24545.5,556
2026-03-02 06:53:00+00:00,24581.5,24582.5,24571.0,24581.0,251
2026-03-02 06:54:00+00:00,24578.5,24580.75,24573.0,24580.75,125
2026-03-02 06:55:00+00:00,24585.0,24589.25,24572.5,24577.0,172
2026-03-02 06:56:00+00:00,24593.5,24594.0,24580.0,24586.75,321
2026-03-02 06:57:00+00:00,24585.75,24594.5,24584.25,24592.25,155
2026-03-02 06:58:00+00:00,24585.0,24589.0,24579.5,24585.5,190
2026-03-02 06:59:00+00:00,24590.75,24591.25,24583.0,24584.75,84
2026-03-02 07:00:00+00:00,24592.5,24602.5,24587.0,24588.0,373
2026-03-02 07:01:00+00:00,24593.5,24596.5,24585.25,24592.75,200
2026-03-02 07:02:00+00:00,24588.5,24601.75,24588.5,24594.5,305
2026-03-02 07:03:00+00:00,24592.75,24593.0,24573.5,24588.75,272
2026-03-02 07:04:00+00:00,24588.25,24596.0,24577.5,24592.25,207
2026-03-02 07:05:00+00:00,24583.5,24587.5,24566.25,24587.5,375
2026-03-02 07:06:00+00:00,24595.0,24598.0,24582.5,24583.5,205
2026-03-02 07:07:00+00:00,24579.0,24595.25,24577.0,24595.25,181
2026-03-02 07:08:00+00:00,24547.0,24580.5,24539.5,24580.0,616
2026-03-02 07:09:00+00:00,24542.0,24557.5,24533.0,24547.5,655
2026-03-02 07:10:00+00:00,24567.5,24568.25,24533.0,24542.5,306
2026-03-02 07:11:00+00:00,24563.75,24570.75,24554.25,24565.5,184
2026-03-02 07:12:00+00:00,24569.25,24574.0,24559.5,24564.25,141
2026-03-02 07:13:00+00:00,24563.0,24571.5,24555.5,24569.25,272
2026-03-02 07:14:00+00:00,24541.0,24565.5,24539.25,24565.25,320
2026-03-02 07:15:00+00:00,24564.0,24564.0,24541.25,24541.25,265
2026-03-02 07:16:00+00:00,24570.75,24574.25,24559.0,24562.5,306
2026-03-02 07:17:00+00:00,24558.0,24578.75,24558.0,24570.5,190
2026-03-02 07:18:00+00:00,24540.25,24560.75,24538.25,24557.75,299
2026-03-02 07:19:00+00:00,24544.75,24547.75,24536.5,24540.0,150
2026-03-02 07:20:00+00:00,24539.75,24550.0,24533.5,24544.25,192
2026-03-02 07:21:00+00:00,24560.5,24562.5,24537.0,24538.5,225
2026-03-02 07:22:00+00:00,24579.0,24580.75,24554.0,24559.75,419
2026-03-02 07:23:00+00:00,24585.25,24588.25,24575.5,24578.75,283
2026-03-02 07:24:00+00:00,24574.5,24585.25,24574.0,24585.25,198
2026-03-02 07:25:00+00:00,24582.25,24587.5,24574.0,24574.25,347
2026-03-02 07:26:00+00:00,24578.25,24585.75,24574.5,24583.25,279
2026-03-02 07:27:00+00:00,24570.5,24579.5,24567.0,24577.25,236
2026-03-02 07:28:00+00:00,24572.0,24573.0,24562.5,24570.5,167
2026-03-02 07:29:00+00:00,24567.25,24573.75,24563.75,24571.75,95
2026-03-02 07:30:00+00:00,24557.75,24566.25,24556.0,24566.25,137
2026-03-02 07:31:00+00:00,24572.5,24581.25,24555.25,24557.5,232
2026-03-02 07:32:00+00:00,24579.0,24583.5,24572.5,24573.75,148
2026-03-02 07:33:00+00:00,24563.5,24579.75,24562.5,24579.75,175
2026-03-02 07:34:00+00:00,24555.75,24563.5,24550.5,24562.0,228
2026-03-02 07:35:00+00:00,24561.75,24564.0,24547.0,24556.5,157
2026-03-02 07:36:00+00:00,24564.5,24566.75,24558.25,24563.0,174
2026-03-02 07:37:00+00:00,24560.25,24567.0,24559.0,24563.25,114
2026-03-02 07:38:00+00:00,24552.25,24559.5,24547.5,24559.5,216
2026-03-02 07:39:00+00:00,24567.5,24570.25,24552.75,24552.75,226
2026-03-02 07:40:00+00:00,24564.5,24571.5,24563.5,24568.5,130
2026-03-02 07:41:00+00:00,24569.0,24571.25,24563.75,24564.0,66
2026-03-02 07:42:00+00:00,24557.75,24567.75,24555.75,24567.75,158
2026-03-02 07:43:00+00:00,24562.5,24563.25,24554.75,24555.5,92
2026-03-02 07:44:00+00:00,24577.0,24582.0,24562.5,24562.5,245
2026-03-02 07:45:00+00:00,24569.25,24577.25,24567.5,24577.25,129
2026-03-02 07:46:00+00:00,24563.25,24574.5,24559.75,24568.75,145
2026-03-02 07:47:00+00:00,24559.5,24563.75,24554.5,24561.25,184
2026-03-02 07:48:00+00:00,24564.75,24569.0,24557.25,24558.5,142
2026-03-02 07:49:00+00:00,24558.25,24567.5,24555.75,24566.25,112
2026-03-02 07:50:00+00:00,24561.25,24566.25,24557.0,24559.0,118
2026-03-02 07:51:00+00:00,24555.5,24565.25,24552.25,24561.75,165
2026-03-02 07:52:00+00:00,24559.75,24568.0,24555.25,24555.25,121
2026-03-02 07:53:00+00:00,24548.25,24562.0,24544.5,24558.75,175
2026-03-02 07:54:00+00:00,24546.5,24555.25,24542.0,24548.5,244
2026-03-02 07:55:00+00:00,24543.0,24553.5,24541.5,24545.75,206
2026-03-02 07:56:00+00:00,24559.5,24562.0,24535.75,24543.25,272
2026-03-02 07:57:00+00:00,24538.75,24559.25,24537.0,24559.25,251
2026-03-02 07:58:00+00:00,24545.5,24553.5,24539.0,24539.0,201
2026-03-02 07:59:00+00:00,24540.5,24549.0,24531.0,24545.25,407
2026-03-02 08:00:00+00:00,24528.25,24550.75,24507.0,24542.0,1096
2026-03-02 08:01:00+00:00,24542.0,24546.25,24521.5,24529.25,429
2026-03-02 08:02:00+00:00,24532.5,24543.75,24512.5,24542.25,411
2026-03-02 08:03:00+00:00,24540.0,24556.0,24530.5,24531.0,403
2026-03-02 08:04:00+00:00,24523.25,24539.0,24518.0,24539.0,288
2026-03-02 08:05:00+00:00,24531.25,24536.5,24510.25,24525.75,427
2026-03-02 08:06:00+00:00,24525.25,24539.25,24521.5,24532.5,337
2026-03-02 08:07:00+00:00,24514.25,24535.0,24511.5,24523.5,357
2026-03-02 08:08:00+00:00,24518.0,24518.25,24503.0,24514.25,473
2026-03-02 08:09:00+00:00,24511.0,24523.5,24507.25,24516.0,318
2026-03-02 08:10:00+00:00,24516.25,24516.25,24507.25,24510.25,788
2026-03-02 08:11:00+00:00,24496.75,24516.25,24495.0,24515.75,839
2026-03-02 08:12:00+00:00,24491.0,24504.5,24483.0,24498.25,487
2026-03-02 08:13:00+00:00,24515.0,24515.5,24487.5,24490.0,533
2026-03-02 08:14:00+00:00,24530.75,24537.0,24511.75,24513.75,391
2026-03-02 08:15:00+00:00,24522.75,24537.25,24517.5,24529.5,334
2026-03-02 08:16:00+00:00,24523.75,24533.5,24517.75,24520.75,206
2026-03-02 08:17:00+00:00,24493.25,24523.75,24490.75,24523.75,465
2026-03-02 08:18:00+00:00,24478.5,24497.0,24478.0,24491.5,530
2026-03-02 08:19:00+00:00,24503.5,24512.0,24479.0,24479.0,448
2026-03-02 08:20:00+00:00,24508.75,24518.0,24501.5,24504.0,216
2026-03-02 08:21:00+00:00,24495.75,24515.0,24495.5,24512.25,150
2026-03-02 08:22:00+00:00,24481.75,24495.0,24479.5,24494.75,299
2026-03-02 08:23:00+00:00,24485.5,24490.25,24480.5,24485.0,185
2026-03-02 08:24:00+00:00,24491.0,24492.0,24477.0,24483.0,235
2026-03-02 08:25:00+00:00,24494.25,24503.0,24485.5,24488.75,358
2026-03-02 08:26:00+00:00,24498.25,24514.75,24492.75,24494.25,291
2026-03-02 08:27:00+00:00,24504.25,24513.25,24495.0,24497.25,293
2026-03-02 08:28:00+00:00,24486.5,24501.0,24485.0,24500.5,209
2026-03-02 08:29:00+00:00,24489.75,24496.25,24477.25,24487.25,278
2026-03-02 08:30:00+00:00,24505.75,24512.5,24485.25,24487.75,378
2026-03-02 08:31:00+00:00,24511.25,24511.25,24492.75,24504.5,270
2026-03-02 08:32:00+00:00,24525.25,24526.5,24500.5,24512.5,332
2026-03-02 08:33:00+00:00,24522.0,24526.75,24509.5,24524.25,232
2026-03-02 08:34:00+00:00,24512.25,24523.75,24505.75,24520.5,162
2026-03-02 08:35:00+00:00,24525.5,24528.25,24509.5,24510.75,204
2026-03-02 08:36:00+00:00,24533.25,24534.0,24523.0,24525.25,188
2026-03-02 08:37:00+00:00,24535.25,24538.75,24527.25,24531.75,292
2026-03-02 08:38:00+00:00,24538.25,24541.5,24528.0,24535.75,316
2026-03-02 08:39:00+00:00,24547.25,24548.25,24536.0,24538.0,311
2026-03-02 08:40:00+00:00,24558.5,24562.0,24545.75,24547.25,393
2026-03-02 08:41:00+00:00,24568.5,24568.5,24551.5,24558.5,416
2026-03-02 08:42:00+00:00,24552.25,24569.25,24551.25,24567.75,384
2026-03-02 08:43:00+00:00,24556.75,24558.5,24550.0,24551.5,259
2026-03-02 08:44:00+00:00,24554.25,24562.75,24551.75,24555.75,231
2026-03-02 08:45:00+00:00,24564.75,24566.0,24544.0,24554.5,262
2026-03-02 08:46:00+00:00,24555.75,24581.0,24555.75,24564.5,422
2026-03-02 08:47:00+00:00,24553.5,24558.25,24545.25,24555.75,244
2026-03-02 08:48:00+00:00,24556.75,24557.5,24546.75,24552.25,176
2026-03-02 08:49:00+00:00,24570.0,24574.5,24556.25,24557.75,247
2026-03-02 08:50:00+00:00,24583.5,24588.75,24569.75,24569.75,326
2026-03-02 08:51:00+00:00,24582.5,24591.0,24575.25,24583.0,369
2026-03-02 08:52:00+00:00,24586.75,24587.0,24573.5,24583.5,215
2026-03-02 08:53:00+00:00,24578.0,24586.75,24572.0,24586.75,185
2026-03-02 08:54:00+00:00,24572.0,24578.5,24570.25,24576.25,201
2026-03-02 08:55:00+00:00,24568.25,24578.0,24565.25,24572.75,303
2026-03-02 08:56:00+00:00,24573.75,24575.75,24564.5,24568.5,176
2026-03-02 08:57:00+00:00,24568.75,24578.75,24564.0,24575.25,272
2026-03-02 08:58:00+00:00,24568.25,24572.0,24563.25,24567.75,116
2026-03-02 08:59:00+00:00,24563.5,24568.75,24558.5,24568.75,291
2026-03-02 09:00:00+00:00,24570.25,24573.0,24552.0,24562.25,357
2026-03-02 09:01:00+00:00,24587.0,24589.0,24558.25,24569.5,502
2026-03-02 09:02:00+00:00,24570.75,24586.5,24569.0,24586.5,372
2026-03-02 09:03:00+00:00,24589.25,24590.0,24570.0,24570.0,284
2026-03-02 09:04:00+00:00,24570.25,24595.5,24570.25,24589.0,379
2026-03-02 09:05:00+00:00,24581.0,24587.0,24570.75,24571.75,185
2026-03-02 09:06:00+00:00,24591.5,24599.0,24583.25,24584.0,312
2026-03-02 09:07:00+00:00,24602.25,24606.5,24590.25,24591.0,347
2026-03-02 09:08:00+00:00,24607.5,24610.75,24600.75,24603.5,237
2026-03-02 09:09:00+00:00,24618.0,24618.0,24603.5,24608.25,299
2026-03-02 09:10:00+00:00,24616.5,24619.75,24612.75,24617.5,240
2026-03-02 09:11:00+00:00,24625.25,24627.75,24615.75,24616.75,389
2026-03-02 09:12:00+00:00,24625.5,24629.0,24617.0,24625.25,398
2026-03-02 09:13:00+00:00,24630.5,24633.5,24624.25,24625.5,178
2026-03-02 09:14:00+00:00,24617.25,24630.25,24615.75,24630.25,323
2026-03-02 09:15:00+00:00,24621.75,24628.25,24617.75,24617.75,230
2026-03-02 09:16:00+00:00,24622.0,24628.5,24617.75,24623.75,222
2026-03-02 09:17:00+00:00,24639.5,24648.5,24622.5,24622.75,513
2026-03-02 09:18:00+00:00,24632.25,24642.0,24630.0,24637.75,324
2026-03-02 09:19:00+00:00,24632.0,24637.5,24629.25,24632.5,207
2026-03-02 09:20:00+00:00,24628.0,24635.5,24621.25,24633.0,281
2026-03-02 09:21:00+00:00,24640.0,24642.0,24626.75,24626.75,193
2026-03-02 09:22:00+00:00,24646.75,24650.0,24637.5,24638.75,498
2026-03-02 09:23:00+00:00,24633.75,24649.25,24631.75,24647.5,231
2026-03-02 09:24:00+00:00,24628.75,24635.0,24628.0,24632.75,195
2026-03-02 09:25:00+00:00,24626.75,24638.25,24625.75,24629.0,225
2026-03-02 09:26:00+00:00,24635.25,24637.25,24626.0,24626.5,199
2026-03-02 09:27:00+00:00,24639.0,24640.5,24635.75,24637.75,162
2026-03-02 09:28:00+00:00,24650.0,24652.5,24633.0,24638.5,224
2026-03-02 09:29:00+00:00,24637.5,24650.5,24631.25,24650.25,165
2026-03-02 09:30:00+00:00,24637.0,24640.75,24630.25,24638.75,135
2026-03-02 09:31:00+00:00,24647.25,24649.25,24635.0,24636.0,343
2026-03-02 09:32:00+00:00,24647.5,24653.25,24642.25,24646.75,120
2026-03-02 09:33:00+00:00,24647.0,24651.75,24643.0,24650.25,115
2026-03-02 09:34:00+00:00,24639.0,24654.25,24638.25,24648.25,183
2026-03-02 09:35:00+00:00,24628.25,24639.0,24626.25,24638.5,224
2026-03-02 09:36:00+00:00,24630.25,24632.75,24626.5,24629.0,138
2026-03-02 09:37:00+00:00,24646.5,24648.5,24629.75,24631.0,353
2026-03-02 09:38:00+00:00,24633.25,24645.75,24632.0,24645.75,306
2026-03-02 09:39:00+00:00,24626.25,24636.25,24625.75,24634.0,238
2026-03-02 09:40:00+00:00,24617.0,24631.0,24616.75,24626.75,424
2026-03-02 09:41:00+00:00,24617.5,24623.75,24615.0,24617.25,274
2026-03-02 09:42:00+00:00,24616.5,24619.0,24612.0,24617.5,180
2026-03-02 09:43:00+00:00,24625.25,24628.25,24613.0,24615.25,207
2026-03-02 09:44:00+00:00,24635.75,24640.25,24625.5,24626.75,197
2026-03-02 09:45:00+00:00,24633.25,24637.75,24629.75,24636.25,100
2026-03-02 09:46:00+00:00,24625.5,24635.25,24625.0,24634.0,100
2026-03-02 09:47:00+00:00,24624.25,24630.5,24620.5,24627.25,96
2026-03-02 09:48:00+00:00,24621.5,24627.5,24620.75,24622.5,83
2026-03-02 09:49:00+00:00,24626.5,24626.75,24616.75,24622.0,158
2026-03-02 09:50:00+00:00,24623.0,24632.75,24621.5,24625.0,139
2026-03-02 09:51:00+00:00,24627.0,24628.25,24610.25,24620.75,181
2026-03-02 09:52:00+00:00,24628.75,24629.0,24623.75,24628.0,141
2026-03-02 09:53:00+00:00,24626.75,24629.5,24624.0,24628.75,87
2026-03-02 09:54:00+00:00,24622.0,24627.25,24619.5,24626.75,91
2026-03-02 09:55:00+00:00,24635.5,24637.5,24619.75,24621.5,163
2026-03-02 09:56:00+00:00,24625.5,24634.75,24625.0,24634.75,122
2026-03-02 09:57:00+00:00,24635.5,24638.5,24625.0,24626.5,136
2026-03-02 09:58:00+00:00,24632.5,24636.0,24631.0,24635.0,59
2026-03-02 09:59:00+00:00,24629.0,24636.75,24628.25,24632.0,103
2026-03-02 10:00:00+00:00,24638.75,24645.75,24628.5,24628.5,449
2026-03-02 10:01:00+00:00,24643.0,24646.0,24625.5,24639.5,211
2026-03-02 10:02:00+00:00,24669.5,24670.0,24640.75,24642.0,1187
2026-03-02 10:03:00+00:00,24671.5,24672.25,24662.0,24669.0,948
2026-03-02 10:04:00+00:00,24665.25,24671.75,24662.75,24671.0,309
2026-03-02 10:05:00+00:00,24679.5,24680.0,24663.0,24665.25,381
2026-03-02 10:06:00+00:00,24668.5,24684.25,24668.25,24679.75,303
2026-03-02 10:07:00+00:00,24655.75,24672.5,24653.0,24668.0,269
2026-03-02 10:08:00+00:00,24662.25,24671.25,24654.0,24654.75,245
2026-03-02 10:09:00+00:00,24664.25,24669.0,24662.25,24662.75,107
2026-03-02 10:10:00+00:00,24650.25,24667.75,24650.0,24667.0,184
2026-03-02 10:11:00+00:00,24646.25,24654.5,24638.5,24650.0,303
2026-03-02 10:12:00+00:00,24652.0,24652.5,24641.0,24646.75,84
2026-03-02 10:13:00+00:00,24645.75,24656.0,24642.75,24652.25,148
2026-03-02 10:14:00+00:00,24646.5,24648.25,24641.0,24643.75,109
2026-03-02 10:15:00+00:00,24637.5,24648.75,24632.5,24647.0,136
2026-03-02 10:16:00+00:00,24643.0,24646.0,24634.75,24638.5,114
2026-03-02 10:17:00+00:00,24637.25,24645.75,24636.25,24642.75,211
2026-03-02 10:18:00+00:00,24652.0,24652.0,24638.5,24638.5,114
2026-03-02 10:19:00+00:00,24649.5,24656.0,24648.25,24651.75,75
2026-03-02 10:20:00+00:00,24655.75,24656.25,24646.75,24651.0,105
2026-03-02 10:21:00+00:00,24664.5,24665.0,24655.0,24655.5,138
2026-03-02 10:22:00+00:00,24662.5,24673.0,24662.25,24666.75,150
2026-03-02 10:23:00+00:00,24658.75,24662.25,24657.75,24661.0,45
2026-03-02 10:24:00+00:00,24649.5,24659.75,24648.5,24658.5,128
2026-03-02 10:25:00+00:00,24640.75,24649.0,24639.0,24649.0,164
2026-03-02 10:26:00+00:00,24651.75,24652.5,24639.25,24641.5,190
2026-03-02 10:27:00+00:00,24639.0,24652.0,24638.75,24651.75,118
2026-03-02 10:28:00+00:00,24650.75,24652.0,24638.0,24640.0,134
2026-03-02 10:29:00+00:00,24656.75,24657.0,24645.25,24650.25,121
2026-03-02 10:30:00+00:00,24662.25,24663.5,24656.75,24657.25,141
2026-03-02 10:31:00+00:00,24664.75,24665.5,24658.25,24661.5,106
2026-03-02 10:32:00+00:00,24668.5,24669.75,24656.5,24665.75,199
2026-03-02 10:33:00+00:00,24666.5,24668.5,24663.5,24668.0,62
2026-03-02 10:34:00+00:00,24670.0,24675.0,24664.75,24668.0,77
2026-03-02 10:35:00+00:00,24669.25,24678.0,24668.0,24669.25,141
2026-03-02 10:36:00+00:00,24674.25,24674.25,24668.75,24670.5,67
2026-03-02 10:37:00+00:00,24677.75,24679.25,24673.5,24674.5,45
2026-03-02 10:38:00+00:00,24679.25,24681.25,24674.25,24677.75,102
2026-03-02 10:39:00+00:00,24683.25,24684.5,24674.25,24678.25,141
2026-03-02 10:40:00+00:00,24666.25,24681.5,24665.75,24681.5,169
2026-03-02 10:41:00+00:00,24670.25,24675.0,24654.0,24668.5,410
2026-03-02 10:42:00+00:00,24666.0,24671.25,24659.25,24671.25,166
2026-03-02 10:43:00+00:00,24669.0,24671.25,24659.0,24667.5,95
2026-03-02 10:44:00+00:00,24680.75,24680.75,24666.0,24669.5,94
2026-03-02 10:45:00+00:00,24667.0,24683.75,24667.0,24680.5,89
2026-03-02 10:46:00+00:00,24668.75,24668.75,24660.75,24666.0,101
2026-03-02 10:47:00+00:00,24664.75,24671.75,24662.75,24668.25,80
2026-03-02 10:48:00+00:00,24666.75,24673.0,24666.0,24666.25,55
2026-03-02 10:49:00+00:00,24664.0,24668.5,24663.0,24667.75,66
2026-03-02 10:50:00+00:00,24661.0,24665.75,24655.0,24661.5,132
2026-03-02 10:51:00+00:00,24672.25,24673.75,24657.75,24660.25,152
2026-03-02 10:52:00+00:00,24665.75,24673.75,24665.75,24672.5,69
2026-03-02 10:53:00+00:00,24668.0,24668.5,24663.0,24665.25,117
2026-03-02 10:54:00+00:00,24661.75,24667.25,24657.25,24667.25,69
2026-03-02 10:55:00+00:00,24652.5,24664.0,24650.75,24664.0,102
2026-03-02 10:56:00+00:00,24645.25,24650.75,24642.25,24650.75,145
2026-03-02 10:57:00+00:00,24654.0,24656.0,24640.75,24645.5,147
2026-03-02 10:58:00+00:00,24656.5,24658.5,24651.5,24656.25,116
2026-03-02 10:59:00+00:00,24657.75,24658.0,24649.0,24657.5,82
2026-03-02 11:00:00+00:00,24655.5,24662.75,24654.0,24657.75,97
2026-03-02 11:01:00+00:00,24665.0,24666.25,24656.5,24656.5,115
2026-03-02 11:02:00+00:00,24664.5,24667.0,24661.5,24665.75,78
2026-03-02 11:03:00+00:00,24662.0,24666.25,24658.75,24665.25,104
2026-03-02 11:04:00+00:00,24666.75,24667.0,24658.5,24662.25,79
2026-03-02 11:05:00+00:00,24668.0,24668.75,24664.25,24667.0,72
2026-03-02 11:06:00+00:00,24648.75,24666.0,24647.5,24666.0,153
2026-03-02 11:07:00+00:00,24646.0,24650.75,24643.5,24649.5,121
2026-03-02 11:08:00+00:00,24638.75,24646.75,24637.0,24646.5,194
2026-03-02 11:09:00+00:00,24638.0,24644.5,24636.75,24639.75,136
2026-03-02 11:10:00+00:00,24654.0,24656.0,24638.0,24638.75,189
2026-03-02 11:11:00+00:00,24645.75,24655.25,24645.5,24654.25,241
2026-03-02 11:12:00+00:00,24647.25,24650.0,24640.0,24645.25,139
2026-03-02 11:13:00+00:00,24647.5,24647.5,24642.5,24646.25,61
2026-03-02 11:14:00+00:00,24645.25,24649.5,24641.0,24646.0,122
2026-03-02 11:15:00+00:00,24642.0,24647.25,24640.0,24646.0,121
2026-03-02 11:16:00+00:00,24636.0,24643.25,24635.0,24641.75,194
2026-03-02 11:17:00+00:00,24651.25,24651.25,24635.0,24636.25,141
2026-03-02 11:18:00+00:00,24646.75,24661.75,24645.75,24652.5,122
2026-03-02 11:19:00+00:00,24658.5,24658.5,24645.75,24646.75,56
2026-03-02 11:20:00+00:00,24662.0,24669.5,24659.0,24659.0,138
2026-03-02 11:21:00+00:00,24664.0,24667.0,24661.75,24662.0,72
2026-03-02 11:22:00+00:00,24654.75,24663.0,24654.75,24661.25,56
2026-03-02 11:23:00+00:00,24654.0,24660.0,24654.0,24654.25,89
2026-03-02 11:24:00+00:00,24655.75,24656.5,24646.75,24654.0,248
2026-03-02 11:25:00+00:00,24670.5,24670.75,24659.75,24659.75,130
2026-03-02 11:26:00+00:00,24669.5,24671.0,24664.5,24669.75,67
2026-03-02 11:27:00+00:00,24662.0,24668.0,24662.0,24668.0,64
2026-03-02 11:28:00+00:00,24661.0,24664.25,24659.0,24662.75,50
2026-03-02 11:29:00+00:00,24655.75,24660.5,24654.75,24660.0,69
2026-03-02 11:30:00+00:00,24667.5,24668.0,24655.75,24655.75,84
2026-03-02 11:31:00+00:00,24670.25,24672.75,24667.0,24668.75,102
2026-03-02 11:32:00+00:00,24673.25,24674.75,24671.25,24672.75,131
2026-03-02 11:33:00+00:00,24687.75,24689.0,24673.25,24673.75,366
2026-03-02 11:34:00+00:00,24678.75,24688.5,24678.75,24687.5,236
2026-03-02 11:35:00+00:00,24676.0,24680.25,24669.0,24679.5,129
2026-03-02 11:36:00+00:00,24686.75,24689.0,24675.25,24676.75,346
2026-03-02 11:37:00+00:00,24677.0,24687.0,24676.0,24687.0,113
2026-03-02 11:38:00+00:00,24674.0,24679.0,24671.5,24678.0,61
2026-03-02 11:39:00+00:00,24668.0,24675.5,24667.0,24675.25,73
2026-03-02 11:40:00+00:00,24665.75,24673.0,24665.75,24668.0,126
2026-03-02 11:41:00+00:00,24674.0,24675.0,24662.25,24665.75,87
2026-03-02 11:42:00+00:00,24671.0,24678.0,24670.0,24675.5,58
2026-03-02 11:43:00+00:00,24677.0,24679.25,24668.5,24673.0,47
2026-03-02 11:44:00+00:00,24681.0,24684.75,24676.0,24677.0,97
2026-03-02 11:45:00+00:00,24704.5,24704.75,24676.5,24681.75,1148
2026-03-02 11:46:00+00:00,24720.0,24726.0,24703.75,24704.0,747
2026-03-02 11:47:00+00:00,24715.0,24723.5,24714.0,24720.25,193
2026-03-02 11:48:00+00:00,24723.25,24724.75,24710.5,24715.0,202
2026-03-02 11:49:00+00:00,24722.25,24729.0,24719.25,24720.75,227
2026-03-02 11:50:00+00:00,24719.75,24727.75,24715.75,24723.25,201
2026-03-02 11:51:00+00:00,24712.5,24722.75,24701.75,24720.5,557
2026-03-02 11:52:00+00:00,24710.5,24716.25,24706.25,24711.25,146
2026-03-02 11:53:00+00:00,24700.0,24710.75,24698.75,24710.75,147
2026-03-02 11:54:00+00:00,24688.75,24700.75,24687.0,24700.75,199
2026-03-02 11:55:00+00:00,24671.0,24691.25,24670.0,24689.25,204
2026-03-02 11:56:00+00:00,24686.5,24690.25,24670.5,24670.5,266
2026-03-02 11:57:00+00:00,24678.25,24686.5,24676.5,24682.75,130
2026-03-02 11:58:00+00:00,24681.25,24690.0,24676.5,24679.25,233
2026-03-02 11:59:00+00:00,24688.0,24691.75,24680.0,24680.0,144
2026-03-02 12:00:00+00:00,24696.0,24697.75,24685.0,24685.75,332
2026-03-02 12:01:00+00:00,24686.0,24705.5,24684.0,24695.5,297
2026-03-02 12:02:00+00:00,24680.5,24693.25,24676.75,24687.0,158
2026-03-02 12:03:00+00:00,24688.75,24690.75,24681.25,24681.25,115
2026-03-02 12:04:00+00:00,24682.25,24691.5,24679.5,24689.0,139
2026-03-02 12:05:00+00:00,24684.0,24686.5,24675.5,24682.5,145
2026-03-02 12:06:00+00:00,24676.25,24684.75,24670.5,24684.75,239
2026-03-02 12:07:00+00:00,24662.75,24679.0,24660.0,24676.5,234
2026-03-02 12:08:00+00:00,24654.25,24668.75,24651.5,24663.0,247
2026-03-02 12:09:00+00:00,24657.75,24665.5,24650.25,24654.25,230
2026-03-02 12:10:00+00:00,24651.5,24657.0,24650.25,24656.25,190
2026-03-02 12:11:00+00:00,24639.0,24650.0,24636.75,24650.0,316
2026-03-02 12:12:00+00:00,24653.5,24658.0,24637.75,24639.0,259
2026-03-02 12:13:00+00:00,24652.5,24652.75,24646.75,24650.5,150
2026-03-02 12:14:00+00:00,24661.0,24663.0,24649.75,24650.75,201
2026-03-02 12:15:00+00:00,24648.75,24659.75,24646.0,24659.75,147
2026-03-02 12:16:00+00:00,24642.75,24652.5,24642.75,24648.5,137
2026-03-02 12:17:00+00:00,24646.5,24650.0,24641.0,24643.5,148
2026-03-02 12:18:00+00:00,24639.5,24647.5,24638.25,24647.25,128
2026-03-02 12:19:00+00:00,24633.75,24645.0,24633.0,24639.0,273
2026-03-02 12:20:00+00:00,24635.75,24639.5,24632.75,24633.75,240
2026-03-02 12:21:00+00:00,24636.75,24641.75,24630.75,24635.5,263
2026-03-02 12:22:00+00:00,24634.5,24639.25,24631.0,24636.0,117
2026-03-02 12:23:00+00:00,24643.25,24645.25,24634.75,24634.75,232
2026-03-02 12:24:00+00:00,24644.0,24649.5,24642.25,24645.0,201
2026-03-02 12:25:00+00:00,24636.25,24644.0,24635.0,24643.25,152
2026-03-02 12:26:00+00:00,24649.5,24652.5,24633.75,24636.5,211
2026-03-02 12:27:00+00:00,24642.5,24656.5,24642.5,24648.5,311
2026-03-02 12:28:00+00:00,24641.75,24647.25,24639.25,24642.5,137
2026-03-02 12:29:00+00:00,24634.0,24641.25,24633.25,24640.75,181
2026-03-02 12:30:00+00:00,24633.25,24638.75,24633.25,24634.0,164
2026-03-02 12:31:00+00:00,24636.75,24639.75,24632.75,24635.0,128
2026-03-02 12:32:00+00:00,24639.25,24646.75,24636.5,24636.5,240
2026-03-02 12:33:00+00:00,24648.5,24650.75,24638.25,24638.5,143
2026-03-02 12:34:00+00:00,24651.5,24655.5,24645.75,24650.25,132
2026-03-02 12:35:00+00:00,24639.75,24655.5,24639.5,24651.25,114
2026-03-02 12:36:00+00:00,24630.0,24641.5,24628.0,24640.0,242
2026-03-02 12:37:00+00:00,24639.0,24645.75,24630.5,24630.5,159
2026-03-02 12:38:00+00:00,24642.25,24642.25,24633.25,24639.5,95
2026-03-02 12:39:00+00:00,24636.0,24642.0,24631.25,24641.5,95
2026-03-02 12:40:00+00:00,24646.75,24649.5,24635.0,24635.75,277
2026-03-02 12:41:00+00:00,24643.25,24650.0,24641.25,24646.75,148
2026-03-02 12:42:00+00:00,24644.0,24647.75,24641.0,24642.25,89
2026-03-02 12:43:00+00:00,24644.75,24646.0,24634.75,24644.5,193
2026-03-02 12:44:00+00:00,24640.0,24646.75,24639.0,24646.75,101
2026-03-02 12:45:00+00:00,24653.25,24655.0,24640.5,24640.5,180
2026-03-02 12:46:00+00:00,24659.25,24660.0,24647.0,24651.75,220
2026-03-02 12:47:00+00:00,24655.0,24664.0,24652.25,24660.0,230
2026-03-02 12:48:00+00:00,24654.5,24658.0,24651.25,24656.0,95
2026-03-02 12:49:00+00:00,24654.5,24659.75,24652.5,24655.5,97
2026-03-02 12:50:00+00:00,24649.0,24656.0,24647.25,24655.25,152
2026-03-02 12:51:00+00:00,24636.75,24652.0,24633.0,24649.25,354
2026-03-02 12:52:00+00:00,24633.5,24637.75,24629.75,24637.0,259
2026-03-02 12:53:00+00:00,24634.25,24639.25,24628.0,24634.5,260
2026-03-02 12:54:00+00:00,24622.75,24636.75,24621.5,24633.25,359
2026-03-02 12:55:00+00:00,24613.75,24624.0,24610.25,24621.5,338
2026-03-02 12:56:00+00:00,24613.0,24616.75,24609.75,24613.25,175
2026-03-02 12:57:00+00:00,24617.5,24624.0,24613.5,24613.75,193
2026-03-02 12:58:00+00:00,24626.5,24628.0,24616.0,24619.25,155
2026-03-02 12:59:00+00:00,24629.0,24638.75,24628.5,24628.75,264
2026-03-02 13:00:00+00:00,24641.0,24644.0,24629.5,24630.0,387
2026-03-02 13:01:00+00:00,24647.75,24648.5,24639.5,24640.5,190
2026-03-02 13:02:00+00:00,24637.75,24652.75,24637.75,24647.5,216
2026-03-02 13:03:00+00:00,24632.5,24641.25,24628.5,24638.5,236
2026-03-02 13:04:00+00:00,24634.25,24635.0,24621.5,24631.5,325
2026-03-02 13:05:00+00:00,24641.75,24644.0,24631.75,24633.5,143
2026-03-02 13:06:00+00:00,24639.5,24643.25,24635.5,24640.25,229
2026-03-02 13:07:00+00:00,24639.25,24644.25,24635.25,24641.75,143
2026-03-02 13:08:00+00:00,24654.25,24658.5,24634.5,24636.0,207
2026-03-02 13:09:00+00:00,24642.75,24654.5,24640.0,24653.25,173
2026-03-02 13:10:00+00:00,24660.0,24662.0,24644.0,24644.0,310
2026-03-02 13:11:00+00:00,24647.75,24663.25,24645.0,24660.0,309
2026-03-02 13:12:00+00:00,24653.75,24661.25,24645.25,24648.5,213
2026-03-02 13:13:00+00:00,24656.0,24660.5,24651.5,24653.25,168
2026-03-02 13:14:00+00:00,24648.5,24659.0,24643.75,24656.75,204
2026-03-02 13:15:00+00:00,24655.25,24655.25,24647.25,24649.5,160
2026-03-02 13:16:00+00:00,24655.5,24659.25,24653.25,24656.75,175
2026-03-02 13:17:00+00:00,24650.75,24658.5,24645.25,24656.75,201
2026-03-02 13:18:00+00:00,24661.5,24662.25,24652.75,24655.25,212
2026-03-02 13:19:00+00:00,24665.75,24678.75,24662.25,24663.25,440
2026-03-02 13:20:00+00:00,24678.5,24679.0,24662.0,24667.0,414
2026-03-02 13:21:00+00:00,24708.75,24709.5,24678.0,24678.0,1457
2026-03-02 13:22:00+00:00,24711.5,24722.0,24705.0,24708.25,762
2026-03-02 13:23:00+00:00,24704.0,24715.75,24700.75,24712.5,335
2026-03-02 13:24:00+00:00,24715.75,24720.0,24703.0,24704.5,347
2026-03-02 13:25:00+00:00,24728.25,24739.25,24715.25,24716.25,1010
2026-03-02 13:26:00+00:00,24719.75,24734.5,24718.25,24728.0,530
2026-03-02 13:27:00+00:00,24702.25,24722.25,24700.25,24720.0,568
2026-03-02 13:28:00+00:00,24710.0,24711.75,24697.5,24700.0,338
2026-03-02 13:29:00+00:00,24700.75,24713.5,24694.75,24710.25,292
2026-03-02 13:30:00+00:00,24690.5,24705.75,24688.5,24701.75,400
2026-03-02 13:31:00+00:00,24705.75,24710.25,24687.25,24689.75,409
2026-03-02 13:32:00+00:00,24695.5,24706.25,24694.5,24706.25,165
2026-03-02 13:33:00+00:00,24679.5,24697.25,24676.5,24696.75,350
2026-03-02 13:34:00+00:00,24695.0,24704.25,24677.0,24679.0,500
2026-03-02 13:35:00+00:00,24682.0,24699.5,24682.0,24696.25,224
2026-03-02 13:36:00+00:00,24682.25,24695.0,24680.75,24683.5,183
2026-03-02 13:37:00+00:00,24673.75,24683.0,24669.5,24681.25,295
2026-03-02 13:38:00+00:00,24679.25,24687.5,24666.25,24672.75,290
2026-03-02 13:39:00+00:00,24679.75,24685.75,24676.25,24680.0,136
2026-03-02 13:40:00+00:00,24682.5,24686.75,24676.25,24680.5,173
2026-03-02 13:41:00+00:00,24675.0,24683.0,24673.5,24681.75,162
2026-03-02 13:42:00+00:00,24673.75,24678.25,24668.75,24675.0,285
2026-03-02 13:43:00+00:00,24674.0,24675.5,24667.25,24672.25,186
2026-03-02 13:44:00+00:00,24656.5,24676.75,24655.0,24674.25,279
2026-03-02 13:45:00+00:00,24672.0,24675.0,24656.75,24656.75,293
2026-03-02 13:46:00+00:00,24670.5,24673.75,24662.25,24670.0,158
2026-03-02 13:47:00+00:00,24665.0,24671.25,24663.0,24670.75,89
2026-03-02 13:48:00+00:00,24672.5,24673.5,24660.75,24666.0,182
2026-03-02 13:49:00+00:00,24662.75,24671.5,24662.75,24671.5,95
2026-03-02 13:50:00+00:00,24670.25,24671.75,24662.25,24663.0,153
2026-03-02 13:51:00+00:00,24651.0,24671.0,24648.0,24671.0,334
2026-03-02 13:52:00+00:00,24648.25,24652.75,24642.75,24650.25,429
2026-03-02 13:53:00+00:00,24653.5,24659.25,24647.75,24648.5,191
2026-03-02 13:54:00+00:00,24653.25,24657.5,24648.5,24653.75,210
2026-03-02 13:55:00+00:00,24647.25,24654.25,24644.0,24653.5,182
2026-03-02 13:56:00+00:00,24628.5,24648.75,24628.0,24648.0,568
2026-03-02 13:57:00+00:00,24618.25,24631.25,24614.25,24628.0,622
2026-03-02 13:58:00+00:00,24597.25,24618.75,24592.75,24617.25,857
2026-03-02 13:59:00+00:00,24620.75,24627.5,24595.0,24596.25,720
2026-03-02 14:00:00+00:00,24621.0,24632.0,24615.75,24621.5,419
2026-03-02 14:01:00+00:00,24617.75,24625.25,24613.5,24619.0,404
2026-03-02 14:02:00+00:00,24617.25,24617.5,24607.75,24617.0,255
2026-03-02 14:03:00+00:00,24615.0,24626.5,24612.75,24616.5,357
2026-03-02 14:04:00+00:00,24617.25,24618.75,24610.75,24615.0,237
2026-03-02 14:05:00+00:00,24629.0,24632.75,24616.0,24616.25,342
2026-03-02 14:06:00+00:00,24643.25,24646.5,24625.75,24629.25,450
2026-03-02 14:07:00+00:00,24648.0,24651.75,24639.5,24643.5,346
2026-03-02 14:08:00+00:00,24643.25,24652.0,24637.25,24647.25,367
2026-03-02 14:09:00+00:00,24640.25,24651.0,24639.75,24644.5,179
2026-03-02 14:10:00+00:00,24635.25,24644.0,24630.75,24639.25,247
2026-03-02 14:11:00+00:00,24637.0,24643.5,24633.75,24635.0,181
2026-03-02 14:12:00+00:00,24633.5,24637.75,24630.0,24636.75,150
2026-03-02 14:13:00+00:00,24630.25,24638.75,24625.0,24633.5,262
2026-03-02 14:14:00+00:00,24633.0,24635.5,24627.75,24631.25,207
2026-03-02 14:15:00+00:00,24632.5,24635.25,24629.0,24631.75,119
2026-03-02 14:16:00+00:00,24632.25,24633.75,24622.0,24631.75,312
2026-03-02 14:17:00+00:00,24630.0,24636.5,24626.0,24632.0,263
2026-03-02 14:18:00+00:00,24621.5,24630.25,24620.25,24630.25,274
2026-03-02 14:19:00+00:00,24626.0,24628.75,24618.0,24622.25,247
2026-03-02 14:20:00+00:00,24621.5,24630.25,24618.0,24627.25,187
2026-03-02 14:21:00+00:00,24624.75,24628.25,24622.5,24623.75,169
2026-03-02 14:22:00+00:00,24624.75,24626.75,24619.0,24626.0,178
2026-03-02 14:23:00+00:00,24629.75,24629.75,24620.5,24625.0,214
2026-03-02 14:24:00+00:00,24639.0,24639.5,24628.0,24630.25,383
2026-03-02 14:25:00+00:00,24627.0,24638.5,24615.0,24638.5,722
2026-03-02 14:26:00+00:00,24617.25,24626.25,24617.0,24626.0,243
2026-03-02 14:27:00+00:00,24624.75,24624.75,24608.0,24617.75,546
2026-03-02 14:28:00+00:00,24641.5,24645.25,24620.5,24625.0,716
2026-03-02 14:29:00+00:00,24644.25,24649.25,24636.0,24640.25,663
2026-03-02 14:30:00+00:00,24682.0,24683.5,24605.0,24644.75,6386
2026-03-02 14:31:00+00:00,24745.5,24756.0,24682.75,24682.75,4775
2026-03-02 14:32:00+00:00,24781.75,24782.5,24726.5,24746.0,3324
2026-03-02 14:33:00+00:00,24787.75,24809.0,24778.25,24781.5,3006
2026-03-02 14:34:00+00:00,24832.75,24849.75,24779.25,24787.0,3385
2026-03-02 14:35:00+00:00,24843.0,24849.0,24822.0,24834.0,2959
2026-03-02 14:36:00+00:00,24855.25,24864.25,24839.0,24841.5,2975
2026-03-02 14:37:00+00:00,24848.75,24885.0,24848.75,24854.5,2922
2026-03-02 14:38:00+00:00,24839.0,24861.75,24829.0,24847.75,2747
2026-03-02 14:39:00+00:00,24804.75,24852.0,24795.5,24839.5,3529
2026-03-02 14:40:00+00:00,24808.5,24849.0,24803.5,24805.5,2577
2026-03-02 14:41:00+00:00,24810.25,24827.5,24801.5,24810.0,1583
2026-03-02 14:42:00+00:00,24826.25,24841.0,24807.25,24809.5,1591
2026-03-02 14:43:00+00:00,24810.25,24847.25,24801.25,24826.0,2194
2026-03-02 14:44:00+00:00,24838.25,24855.0,24805.0,24809.5,1947
2026-03-02 14:45:00+00:00,24860.5,24880.75,24815.0,24836.0,3013
2026-03-02 14:46:00+00:00,24858.5,24874.5,24841.75,24861.75,1789
2026-03-02 14:47:00+00:00,24867.25,24873.75,24840.0,24858.0,1562
2026-03-02 14:48:00+00:00,24879.25,24895.25,24866.0,24868.0,2865
2026-03-02 14:49:00+00:00,24892.25,24897.5,24871.5,24879.5,1499
2026-03-02 14:50:00+00:00,24869.75,24898.5,24863.0,24892.25,1775
2026-03-02 14:51:00+00:00,24855.25,24886.75,24851.75,24869.75,1754
2026-03-02 14:52:00+00:00,24833.0,24858.0,24819.0,24855.0,2404
2026-03-02 14:53:00+00:00,24820.0,24841.5,24809.5,24836.0,1839
2026-03-02 14:54:00+00:00,24842.75,24850.0,24816.5,24820.75,1274
2026-03-02 14:55:00+00:00,24853.25,24866.25,24839.25,24842.0,1450
2026-03-02 14:56:00+00:00,24844.25,24859.25,24819.75,24853.25,1540
2026-03-02 14:57:00+00:00,24850.5,24863.75,24840.75,24846.25,1086
2026-03-02 14:58:00+00:00,24858.0,24869.0,24835.5,24850.0,1104
2026-03-02 14:59:00+00:00,24862.0,24862.5,24844.5,24857.75,745
2026-03-02 15:00:00+00:00,24805.5,24863.75,24802.0,24862.0,1881
2026-03-02 15:01:00+00:00,24877.25,24877.75,24804.5,24804.75,2392
2026-03-02 15:02:00+00:00,24874.75,24895.0,24872.75,24876.25,1766
2026-03-02 15:03:00+00:00,24897.25,24900.0,24862.0,24873.5,2117
2026-03-02 15:04:00+00:00,24888.5,24907.25,24867.5,24897.25,1939
2026-03-02 15:05:00+00:00,24889.75,24904.75,24871.5,24889.25,1418
2026-03-02 15:06:00+00:00,24891.75,24904.25,24876.25,24888.0,1381
2026-03-02 15:07:00+00:00,24915.25,24918.5,24890.75,24892.25,1515
2026-03-02 15:08:00+00:00,24916.0,24923.75,24898.0,24914.75,1811
2026-03-02 15:09:00+00:00,24901.25,24921.0,24894.75,24916.0,1868
2026-03-02 15:10:00+00:00,24921.25,24923.25,24900.5,24902.75,952
2026-03-02 15:11:00+00:00,24932.75,24939.75,24916.0,24921.0,1433
2026-03-02 15:12:00+00:00,24929.75,24939.75,24921.5,24932.0,1013
2026-03-02 15:13:00+00:00,24938.75,24947.75,24927.0,24929.75,1577
2026-03-02 15:14:00+00:00,24930.5,24942.5,24925.0,24938.75,1099
2026-03-02 15:15:00+00:00,24915.5,24938.25,24909.25,24931.5,1673
2026-03-02 15:16:00+00:00,24926.75,24942.25,24913.5,24916.25,1163
2026-03-02 15:17:00+00:00,24920.5,24946.0,24919.0,24926.75,1122
2026-03-02 15:18:00+00:00,24904.75,24928.0,24901.5,24921.0,1616
2026-03-02 15:19:00+00:00,24913.0,24917.25,24896.25,24904.0,1116
2026-03-02 15:20:00+00:00,24919.75,24925.0,24905.25,24913.0,883
2026-03-02 15:21:00+00:00,24879.0,24921.0,24876.5,24920.5,1913
2026-03-02 15:22:00+00:00,24871.25,24888.5,24866.75,24879.0,1419
2026-03-02 15:23:00+00:00,24919.0,24924.25,24869.0,24872.0,1700
2026-03-02 15:24:00+00:00,24913.0,24919.5,24891.75,24918.0,955
2026-03-02 15:25:00+00:00,24901.25,24928.5,24898.0,24914.0,1122
2026-03-02 15:26:00+00:00,24900.0,24920.5,24892.0,24902.0,986
2026-03-02 15:27:00+00:00,24882.0,24910.25,24880.5,24900.75,1014
2026-03-02 15:28:00+00:00,24876.5,24893.25,24868.25,24881.75,1301
2026-03-02 15:29:00+00:00,24881.75,24885.25,24857.0,24875.0,1278
2026-03-02 15:30:00+00:00,24880.0,24900.25,24876.0,24881.75,1355
2026-03-02 15:31:00+00:00,24873.25,24884.5,24859.5,24880.0,952
2026-03-02 15:32:00+00:00,24849.25,24876.5,24845.0,24872.5,1320
2026-03-02 15:33:00+00:00,24850.75,24863.25,24842.75,24848.0,1806
2026-03-02 15:34:00+00:00,24868.25,24881.0,24848.75,24851.0,1252
2026-03-02 15:35:00+00:00,24870.0,24877.5,24856.0,24868.25,994
2026-03-02 15:36:00+00:00,24869.25,24872.25,24842.0,24870.25,1162
2026-03-02 15:37:00+00:00,24883.75,24888.75,24865.25,24868.75,1256
2026-03-02 15:38:00+00:00,24902.25,24907.25,24890.25,24894.0,1632
2026-03-02 15:39:00+00:00,24917.75,24919.25,24897.75,24901.25,1090
2026-03-02 15:40:00+00:00,24908.5,24918.75,24894.5,24918.0,1357
2026-03-02 15:41:00+00:00,24922.0,24930.0,24906.0,24907.75,1123
2026-03-02 15:42:00+00:00,24920.75,24931.75,24914.25,24921.5,908
2026-03-02 15:43:00+00:00,24927.0,24935.5,24918.0,24921.75,751
2026-03-02 15:44:00+00:00,24939.0,24940.75,24923.5,24926.0,806
2026-03-02 15:45:00+00:00,24937.5,24943.0,24932.0,24938.75,1426
2026-03-02 15:46:00+00:00,24938.75,24942.5,24932.5,24936.75,919
2026-03-02 15:47:00+00:00,24938.75,24958.5,24935.0,24940.0,1878
2026-03-02 15:48:00+00:00,24917.5,24938.5,24914.75,24938.25,1505
2026-03-02 15:49:00+00:00,24925.25,24933.75,24910.5,24916.75,1017
2026-03-02 15:50:00+00:00,24940.0,24947.75,24919.25,24925.5,914
2026-03-02 15:51:00+00:00,24930.5,24942.0,24929.25,24939.75,593
2026-03-02 15:52:00+00:00,24922.75,24934.75,24922.5,24932.25,594
2026-03-02 15:53:00+00:00,24904.75,24922.5,24901.5,24922.5,1144
2026-03-02 15:54:00+00:00,24889.75,24907.0,24882.5,24905.5,1255
2026-03-02 15:55:00+00:00,24901.5,24902.5,24877.5,24889.0,1312
2026-03-02 15:56:00+00:00,24925.0,24927.0,24900.75,24902.0,1056
2026-03-02 15:57:00+00:00,24925.75,24929.75,24918.5,24925.0,603
2026-03-02 15:58:00+00:00,24924.0,24932.25,24917.0,24926.0,664
2026-03-02 15:59:00+00:00,24924.5,24928.75,24918.25,24924.75,483
2026-03-02 16:00:00+00:00,24906.0,24925.75,24901.75,24923.75,786
2026-03-02 16:01:00+00:00,24908.25,24914.5,24892.5,24904.5,730
2026-03-02 16:02:00+00:00,24903.75,24913.0,24898.25,24909.0,574
2026-03-02 16:03:00+00:00,24904.25,24914.0,24901.5,24903.5,439
2026-03-02 16:04:00+00:00,24932.0,24933.25,24902.75,24903.25,861
2026-03-02 16:05:00+00:00,24940.75,24942.75,24920.25,24931.5,1064
2026-03-02 16:06:00+00:00,24935.75,24952.75,24930.5,24940.25,1106
2026-03-02 16:07:00+00:00,24951.0,24957.25,24930.75,24934.75,1010
2026-03-02 16:08:00+00:00,24967.25,24969.0,24949.5,24950.5,1036
2026-03-02 16:09:00+00:00,24977.75,24978.5,24967.0,24967.25,1608
2026-03-02 16:10:00+00:00,24967.25,24981.75,24964.5,24977.75,1352
2026-03-02 16:11:00+00:00,24978.5,24991.25,24961.25,24967.25,1617
2026-03-02 16:12:00+00:00,24974.25,24978.5,24971.25,24978.25,565
2026-03-02 16:13:00+00:00,24974.75,24983.5,24970.75,24974.0,651
2026-03-02 16:14:00+00:00,24972.25,24977.75,24968.5,24974.75,557
2026-03-02 16:15:00+00:00,24953.25,24975.75,24948.0,24972.5,1443
2026-03-02 16:16:00+00:00,24948.75,24955.5,24945.0,24953.25,728
2026-03-02 16:17:00+00:00,24939.25,24959.25,24937.5,24949.5,1121
2026-03-02 16:18:00+00:00,24953.25,24960.5,24937.25,24939.5,912
2026-03-02 16:19:00+00:00,24931.75,24953.5,24927.5,24953.5,1026
2026-03-02 16:20:00+00:00,24924.25,24931.75,24915.5,24930.25,1165
2026-03-02 16:21:00+00:00,24920.5,24935.25,24917.75,24925.75,886
2026-03-02 16:22:00+00:00,24923.75,24928.25,24919.0,24920.5,511
2026-03-02 16:23:00+00:00,24928.25,24934.25,24921.75,24924.25,534
2026-03-02 16:24:00+00:00,24924.0,24931.75,24919.5,24927.5,516
2026-03-02 16:25:00+00:00,24908.5,24926.0,24905.75,24923.0,902
2026-03-02 16:26:00+00:00,24889.5,24911.0,24886.5,24908.25,1123
2026-03-02 16:27:00+00:00,24856.25,24893.25,24854.0,24889.0,2612
2026-03-02 16:28:00+00:00,24862.75,24868.75,24852.0,24855.0,1365
2026-03-02 16:29:00+00:00,24867.5,24872.5,24859.5,24862.25,1261
2026-03-02 16:30:00+00:00,24883.0,24896.25,24864.0,24866.5,2073
2026-03-02 16:31:00+00:00,24867.5,24884.0,24865.0,24884.0,918
2026-03-02 16:32:00+00:00,24874.0,24881.25,24863.5,24866.75,746
2026-03-02 16:33:00+00:00,24868.75,24875.25,24861.0,24874.5,611
2026-03-02 16:34:00+00:00,24904.0,24910.25,24862.75,24869.0,2350
2026-03-02 16:35:00+00:00,24913.25,24914.5,24887.75,24904.5,1399
2026-03-02 16:36:00+00:00,24921.75,24928.5,24910.5,24912.5,1150
2026-03-02 16:37:00+00:00,24938.5,24942.75,24921.0,24921.25,1247
2026-03-02 16:38:00+00:00,24958.0,24961.25,24935.25,24938.75,1175
2026-03-02 16:39:00+00:00,24966.75,24967.5,24948.0,24957.75,1312
2026-03-02 16:40:00+00:00,24979.5,24989.75,24964.5,24966.0,1667
2026-03-02 16:41:00+00:00,25003.0,25004.25,24977.25,24978.25,1801
2026-03-02 16:42:00+00:00,24997.75,25004.25,24990.5,25003.75,1130
2026-03-02 16:43:00+00:00,25007.25,25012.75,24993.5,24998.75,1492
2026-03-02 16:44:00+00:00,25013.5,25019.25,25005.5,25006.0,1264
2026-03-02 16:45:00+00:00,25021.0,25024.25,25011.25,25014.0,1496
2026-03-02 16:46:00+00:00,25023.75,25028.0,25016.0,25020.75,1232
2026-03-02 16:47:00+00:00,25033.0,25037.75,25012.25,25024.0,2281
2026-03-02 16:48:00+00:00,25018.5,25039.75,25007.0,25034.0,2341
2026-03-02 16:49:00+00:00,25015.75,25028.25,25012.0,25018.25,1302
2026-03-02 16:50:00+00:00,25007.75,25019.75,25000.5,25016.75,1271
2026-03-02 16:51:00+00:00,25004.0,25010.5,24994.75,25007.25,1078
2026-03-02 16:52:00+00:00,25019.25,25026.75,25000.0,25003.5,998
2026-03-02 16:53:00+00:00,25024.75,25027.25,25018.0,25020.0,767
2026-03-02 16:54:00+00:00,25015.25,25025.0,25013.0,25025.0,725
2026-03-02 16:55:00+00:00,25033.75,25035.25,25006.75,25016.25,1054
2026-03-02 16:56:00+00:00,25028.5,25035.0,25026.0,25033.5,626
2026-03-02 16:57:00+00:00,25029.25,25035.25,25026.0,25028.75,601
2026-03-02 16:58:00+00:00,25042.25,25044.25,25024.0,25029.0,980
2026-03-02 16:59:00+00:00,25033.5,25041.75,25029.5,25041.5,915
2026-03-02 17:00:00+00:00,25030.5,25035.25,25023.0,25033.75,1187
2026-03-02 17:01:00+00:00,25015.75,25031.5,25015.75,25030.25,734
2026-03-02 17:02:00+00:00,25014.0,25025.0,25012.5,25016.5,766
2026-03-02 17:03:00+00:00,25019.75,25021.0,25008.75,25014.0,635
2026-03-02 17:04:00+00:00,25031.0,25033.75,25017.75,25019.0,835
2026-03-02 17:05:00+00:00,25030.5,25039.0,25027.0,25030.75,613
2026-03-02 17:06:00+00:00,25031.25,25040.5,25028.25,25028.25,715
2026-03-02 17:07:00+00:00,25018.25,25033.75,25017.5,25031.25,598
2026-03-02 17:08:00+00:00,25020.5,25026.5,25014.25,25018.5,519
2026-03-02 17:09:00+00:00,25029.75,25032.0,25014.5,25020.5,425
2026-03-02 17:10:00+00:00,25020.5,25033.0,25017.0,25029.5,509
2026-03-02 17:11:00+00:00,25025.0,25025.0,25013.25,25020.75,542
2026-03-02 17:12:00+00:00,25013.5,25024.0,25010.5,25024.0,521
2026-03-02 17:13:00+00:00,25026.5,25028.0,25007.5,25014.0,588
2026-03-02 17:14:00+00:00,25030.5,25036.0,25024.5,25025.75,740
2026-03-02 17:15:00+00:00,25061.0,25061.5,25029.5,25030.75,1525
2026-03-02 17:16:00+00:00,25058.75,25065.75,25052.25,25060.75,964
2026-03-02 17:17:00+00:00,25060.0,25061.5,25053.25,25059.0,550
2026-03-02 17:18:00+00:00,25052.25,25062.5,25048.0,25060.25,715
2026-03-02 17:19:00+00:00,25062.25,25068.0,25053.25,25053.25,762
2026-03-02 17:20:00+00:00,25062.0,25067.25,25059.25,25061.75,620
2026-03-02 17:21:00+00:00,25063.25,25066.0,25057.75,25061.75,827
2026-03-02 17:22:00+00:00,25062.5,25075.25,25051.5,25064.0,1088
2026-03-02 17:23:00+00:00,25065.75,25071.0,25059.75,25062.0,557
2026-03-02 17:24:00+00:00,25068.25,25076.5,25065.5,25065.5,723
2026-03-02 17:25:00+00:00,25057.5,25069.0,25052.75,25068.5,769
2026-03-02 17:26:00+00:00,25046.75,25058.25,25043.5,25057.25,610
2026-03-02 17:27:00+00:00,25045.25,25048.5,25040.75,25046.0,607
2026-03-02 17:28:00+00:00,25052.75,25055.75,25042.25,25044.0,493
2026-03-02 17:29:00+00:00,25045.0,25056.25,25044.75,25052.75,488
2026-03-02 17:30:00+00:00,25045.5,25049.5,25039.0,25044.0,793
2026-03-02 17:31:00+00:00,25043.75,25050.5,25033.0,25046.25,558
2026-03-02 17:32:00+00:00,25039.25,25056.25,25039.0,25045.0,582
2026-03-02 17:33:00+00:00,25040.0,25042.75,25031.5,25039.25,487
2026-03-02 17:34:00+00:00,25029.25,25041.25,25028.75,25038.5,591
2026-03-02 17:35:00+00:00,25034.75,25039.5,25027.75,25030.0,638
2026-03-02 17:36:00+00:00,25054.25,25054.25,25031.25,25034.5,765
2026-03-02 17:37:00+00:00,25046.0,25055.0,25045.25,25054.25,435
2026-03-02 17:38:00+00:00,25030.25,25049.0,25027.75,25045.75,685
2026-03-02 17:39:00+00:00,25033.5,25035.25,25027.0,25030.5,382
2026-03-02 17:40:00+00:00,25032.5,25039.5,25026.25,25034.25,634
2026-03-02 17:41:00+00:00,25048.5,25055.0,25032.75,25032.75,788
2026-03-02 17:42:00+00:00,25048.5,25050.5,25043.5,25048.5,390
2026-03-02 17:43:00+00:00,25042.5,25056.0,25041.0,25049.5,768
2026-03-02 17:44:00+00:00,25046.0,25049.5,25038.0,25043.25,418
2026-03-02 17:45:00+00:00,25046.5,25050.0,25043.5,25046.5,302
2026-03-02 17:46:00+00:00,25052.5,25053.5,25045.25,25045.75,315
2026-03-02 17:47:00+00:00,25051.0,25059.5,25049.0,25052.5,493
2026-03-02 17:48:00+00:00,25043.75,25052.5,25040.0,25050.5,415
2026-03-02 17:49:00+00:00,25049.5,25051.25,25036.5,25044.5,388
2026-03-02 17:50:00+00:00,25048.25,25051.0,25040.25,25050.0,459
2026-03-02 17:51:00+00:00,25065.0,25075.75,25046.5,25048.0,1150
2026-03-02 17:52:00+00:00,25068.0,25069.5,25060.5,25065.0,407
2026-03-02 17:53:00+00:00,25063.5,25067.75,25058.5,25067.0,467
2026-03-02 17:54:00+00:00,25063.0,25068.5,25061.0,25063.25,347
2026-03-02 17:55:00+00:00,25059.0,25064.0,25054.0,25064.0,458
2026-03-02 17:56:00+00:00,25046.75,25060.25,25044.0,25059.25,559
2026-03-02 17:57:00+00:00,25050.25,25050.25,25042.75,25046.25,303
2026-03-02 17:58:00+00:00,25061.25,25061.75,25048.0,25050.0,512
2026-03-02 17:59:00+00:00,25065.75,25071.25,25061.25,25061.25,642
2026-03-02 18:00:00+00:00,25065.0,25071.25,25060.75,25066.0,654
2026-03-02 18:01:00+00:00,25066.25,25070.0,25060.0,25065.0,405
2026-03-02 18:02:00+00:00,25065.0,25073.75,25064.5,25065.75,472
2026-03-02 18:03:00+00:00,25061.0,25065.5,25056.0,25065.0,491
2026-03-02 18:04:00+00:00,25066.75,25067.0,25057.25,25061.0,340
2026-03-02 18:05:00+00:00,25064.75,25074.75,25064.75,25067.0,610
2026-03-02 18:06:00+00:00,25062.25,25068.0,25058.25,25064.5,598
2026-03-02 18:07:00+00:00,25065.5,25067.5,25059.5,25061.5,300
2026-03-02 18:08:00+00:00,25055.25,25065.75,25053.5,25065.75,350
2026-03-02 18:09:00+00:00,25046.25,25056.5,25046.25,25054.75,399
2026-03-02 18:10:00+00:00,25044.0,25050.25,25041.5,25046.75,449
2026-03-02 18:11:00+00:00,25046.25,25050.25,25039.5,25043.0,535
2026-03-02 18:12:00+00:00,25037.25,25048.75,25037.0,25047.5,1021
2026-03-02 18:13:00+00:00,25046.5,25048.0,25036.5,25036.75,313
2026-03-02 18:14:00+00:00,25049.5,25052.25,25044.75,25046.5,380
2026-03-02 18:15:00+00:00,25042.25,25050.5,25041.25,25048.5,366
2026-03-02 18:16:00+00:00,25042.25,25045.75,25038.5,25042.75,322
2026-03-02 18:17:00+00:00,25046.5,25050.75,25042.25,25042.5,366
2026-03-02 18:18:00+00:00,25046.0,25050.5,25041.75,25047.0,317
2026-03-02 18:19:00+00:00,25035.75,25047.5,25034.25,25046.25,454
2026-03-02 18:20:00+00:00,25031.0,25037.5,25028.25,25036.5,565
2026-03-02 18:21:00+00:00,25028.5,25035.5,25025.75,25029.25,755
2026-03-02 18:22:00+00:00,25027.5,25031.75,25016.75,25029.25,830
2026-03-02 18:23:00+00:00,25023.0,25028.75,25020.75,25027.5,372
2026-03-02 18:24:00+00:00,25025.25,25032.25,25020.25,25023.25,516
2026-03-02 18:25:00+00:00,25018.25,25025.75,25013.5,25023.75,716
2026-03-02 18:26:00+00:00,25035.5,25036.0,25015.75,25017.75,638
2026-03-02 18:27:00+00:00,25032.5,25041.5,25031.5,25036.5,410
2026-03-02 18:28:00+00:00,25043.0,25045.75,25030.0,25034.25,656
2026-03-02 18:29:00+00:00,25036.0,25044.25,25031.75,25042.5,650
2026-03-02 18:30:00+00:00,25024.25,25039.5,25021.25,25036.25,760
2026-03-02 18:31:00+00:00,25024.25,25029.0,25017.5,25024.75,893
2026-03-02 18:32:00+00:00,25035.5,25036.75,25017.25,25023.5,572
2026-03-02 18:33:00+00:00,25028.5,25038.0,25027.0,25034.5,470
2026-03-02 18:34:00+00:00,25024.75,25030.0,25022.25,25028.75,317
2026-03-02 18:35:00+00:00,25020.75,25024.5,25014.0,25024.5,549
2026-03-02 18:36:00+00:00,25015.75,25021.0,25014.25,25020.75,329
2026-03-02 18:37:00+00:00,25010.75,25017.0,25006.0,25016.0,753
2026-03-02 18:38:00+00:00,25012.5,25014.5,25000.5,25010.75,1476
2026-03-02 18:39:00+00:00,25009.5,25014.25,25007.0,25013.0,317
2026-03-02 18:40:00+00:00,25005.5,25009.5,25001.75,25009.5,453
2026-03-02 18:41:00+00:00,25004.25,25007.5,24999.75,25004.75,553
2026-03-02 18:42:00+00:00,25004.0,25007.5,25000.0,25003.75,503
2026-03-02 18:43:00+00:00,25019.5,25025.5,25002.75,25004.75,859
2026-03-02 18:44:00+00:00,25021.75,25022.25,25016.75,25019.25,279
2026-03-02 18:45:00+00:00,25012.0,25021.75,25007.0,25021.0,499
2026-03-02 18:46:00+00:00,24999.0,25013.0,24997.5,25013.0,445
2026-03-02 18:47:00+00:00,24987.0,24998.75,24977.25,24998.75,1330
2026-03-02 18:48:00+00:00,25005.75,25007.5,24983.75,24986.75,851
2026-03-02 18:49:00+00:00,24999.5,25008.0,24997.75,25006.5,543
2026-03-02 18:50:00+00:00,25000.75,25006.75,24998.5,24999.75,323
2026-03-02 18:51:00+00:00,24988.5,25007.25,24985.75,25001.0,638
2026-03-02 18:52:00+00:00,24988.5,24993.5,24982.75,24988.25,505
2026-03-02 18:53:00+00:00,24994.0,24996.5,24983.25,24988.25,369
2026-03-02 18:54:00+00:00,24992.75,24996.75,24991.0,24993.0,644
2026-03-02 18:55:00+00:00,24980.75,24994.0,24979.0,24992.25,609
2026-03-02 18:56:00+00:00,24989.0,24989.25,24979.5,24981.25,409
2026-03-02 18:57:00+00:00,24981.75,24989.75,24981.25,24989.25,303
2026-03-02 18:58:00+00:00,24975.25,24984.25,24968.5,24981.25,906
2026-03-02 18:59:00+00:00,24972.5,24983.5,24970.5,24975.5,570
2026-03-02 19:00:00+00:00,24972.0,24977.25,24966.25,24972.0,982
2026-03-02 19:01:00+00:00,24976.25,24988.0,24970.5,24972.25,705
2026-03-02 19:02:00+00:00,24983.25,24984.0,24970.75,24975.5,476
2026-03-02 19:03:00+00:00,24987.75,24992.0,24978.75,24984.25,870
2026-03-02 19:04:00+00:00,24998.0,25000.75,24985.0,24987.75,605
2026-03-02 19:05:00+00:00,24992.5,25000.25,24988.25,24997.5,469
2026-03-02 19:06:00+00:00,25000.25,25005.0,24989.25,24992.5,481
2026-03-02 19:07:00+00:00,25000.0,25005.25,24995.5,25000.25,482
2026-03-02 19:08:00+00:00,25005.25,25009.25,24998.0,24999.25,637
2026-03-02 19:09:00+00:00,25028.25,25031.0,24998.0,25005.5,963
2026-03-02 19:10:00+00:00,25032.5,25036.75,25027.5,25029.0,818
2026-03-02 19:11:00+00:00,25046.5,25048.25,25027.0,25033.0,898
2026-03-02 19:12:00+00:00,25050.75,25055.25,25041.5,25046.0,1155
2026-03-02 19:13:00+00:00,25044.5,25053.5,25044.25,25050.75,527
2026-03-02 19:14:00+00:00,25049.0,25053.75,25041.0,25044.0,465
2026-03-02 19:15:00+00:00,25065.75,25076.0,25049.0,25049.5,1779
2026-03-02 19:16:00+00:00,25077.75,25078.25,25065.5,25065.5,1236
2026-03-02 19:17:00+00:00,25077.0,25087.75,25075.75,25077.75,1094
2026-03-02 19:18:00+00:00,25077.0,25078.5,25070.75,25077.5,696
2026-03-02 19:19:00+00:00,25073.5,25081.0,25066.0,25077.75,1095
2026-03-02 19:20:00+00:00,25080.75,25083.5,25070.5,25073.5,1375
2026-03-02 19:21:00+00:00,25082.25,25089.0,25076.75,25079.5,1561
2026-03-02 19:22:00+00:00,25080.0,25085.25,25077.5,25082.5,1051
2026-03-02 19:23:00+00:00,25072.5,25081.0,25066.5,25079.5,884
2026-03-02 19:24:00+00:00,25064.5,25072.5,25063.5,25072.5,934
2026-03-02 19:25:00+00:00,25060.0,25068.75,25058.0,25064.25,1315
2026-03-02 19:26:00+00:00,25074.25,25075.5,25058.25,25060.5,659
2026-03-02 19:27:00+00:00,25078.75,25083.0,25069.25,25073.5,1042
2026-03-02 19:28:00+00:00,25075.0,25080.75,25074.25,25078.0,434
2026-03-02 19:29:00+00:00,25079.25,25085.0,25073.25,25074.5,892
2026-03-02 19:30:00+00:00,25084.0,25092.5,25079.0,25079.75,1199
2026-03-02 19:31:00+00:00,25073.0,25084.0,25068.5,25083.75,1664
2026-03-02 19:32:00+00:00,25076.25,25085.0,25071.0,25073.5,964
2026-03-02 19:33:00+00:00,25081.0,25084.5,25075.0,25076.5,755
2026-03-02 19:34:00+00:00,25086.75,25090.5,25081.5,25081.75,656
2026-03-02 19:35:00+00:00,25087.0,25091.5,25084.75,25086.5,540
2026-03-02 19:36:00+00:00,25092.5,25094.25,25084.5,25086.5,625
2026-03-02 19:37:00+00:00,25095.0,25098.25,25091.25,25093.0,591
2026-03-02 19:38:00+00:00,25088.5,25096.0,25087.25,25094.5,458
2026-03-02 19:39:00+00:00,25083.5,25091.25,25082.0,25088.75,526
2026-03-02 19:40:00+00:00,25086.75,25091.0,25083.0,25083.0,290
2026-03-02 19:41:00+00:00,25088.5,25093.0,25084.25,25086.5,351
2026-03-02 19:42:00+00:00,25084.75,25088.25,25082.0,25088.25,505
2026-03-02 19:43:00+00:00,25074.5,25086.5,25071.75,25085.75,867
2026-03-02 19:44:00+00:00,25076.75,25078.25,25072.75,25074.0,358
2026-03-02 19:45:00+00:00,25079.75,25084.75,25076.75,25077.0,405
2026-03-02 19:46:00+00:00,25084.25,25090.25,25076.25,25079.25,705
2026-03-02 19:47:00+00:00,25094.75,25101.0,25083.25,25084.5,867
2026-03-02 19:48:00+00:00,25095.0,25097.5,25094.0,25094.5,342
2026-03-02 19:49:00+00:00,25094.5,25095.25,25090.25,25095.25,284
2026-03-02 19:50:00+00:00,25092.25,25094.75,25084.25,25094.25,393
2026-03-02 19:51:00+00:00,25093.0,25097.25,25089.5,25092.25,411
2026-03-02 19:52:00+00:00,25094.5,25095.0,25090.5,25093.75,147
2026-03-02 19:53:00+00:00,25089.0,25095.75,25087.25,25094.25,528
2026-03-02 19:54:00+00:00,25092.0,25095.75,25086.5,25088.5,335
2026-03-02 19:55:00+00:00,25090.75,25092.5,25086.25,25092.0,353
2026-03-02 19:56:00+00:00,25090.25,25093.75,25087.25,25090.5,290
2026-03-02 19:57:00+00:00,25088.0,25092.5,25078.75,25091.0,720
2026-03-02 19:58:00+00:00,25084.75,25090.5,25083.75,25087.5,443
2026-03-02 19:59:00+00:00,25082.75,25086.75,25078.75,25084.75,421
2026-03-02 20:00:00+00:00,25073.75,25088.25,25073.0,25082.5,774
2026-03-02 20:01:00+00:00,25068.75,25076.25,25067.0,25073.5,561
2026-03-02 20:02:00+00:00,25068.75,25072.5,25065.5,25068.25,409
2026-03-02 20:03:00+00:00,25073.25,25076.25,25065.5,25068.25,689
2026-03-02 20:04:00+00:00,25079.75,25080.0,25068.5,25073.0,604
2026-03-02 20:05:00+00:00,25084.75,25090.5,25077.5,25080.0,872
2026-03-02 20:06:00+00:00,25054.25,25085.75,25035.75,25085.0,3318
2026-03-02 20:07:00+00:00,25020.75,25054.75,25020.25,25053.5,1865
2026-03-02 20:08:00+00:00,24997.5,25021.0,24991.75,25020.0,1945
2026-03-02 20:09:00+00:00,25000.75,25010.75,24989.0,24997.25,1846
2026-03-02 20:10:00+00:00,24977.0,25002.0,24969.25,25001.0,2161
2026-03-02 20:11:00+00:00,24993.75,24995.5,24959.0,24976.75,2535
2026-03-02 20:12:00+00:00,24982.25,24993.5,24964.25,24993.5,2119
2026-03-02 20:13:00+00:00,24982.0,25001.75,24971.5,24983.5,1687
2026-03-02 20:14:00+00:00,24967.75,24989.5,24961.25,24984.0,2033
2026-03-02 20:15:00+00:00,24961.0,24968.25,24946.75,24967.25,2306
2026-03-02 20:16:00+00:00,24994.0,25013.0,24962.5,24962.5,3094
2026-03-02 20:17:00+00:00,25003.25,25020.0,24990.75,24994.25,984
2026-03-02 20:18:00+00:00,25015.75,25020.5,25000.75,25004.5,787
2026-03-02 20:19:00+00:00,25000.75,25020.75,24992.0,25016.25,983
2026-03-02 20:20:00+00:00,25003.0,25012.5,24974.0,25001.5,1647
2026-03-02 20:21:00+00:00,24983.5,25003.0,24981.75,25003.0,803
2026-03-02 20:22:00+00:00,24991.25,25005.25,24983.5,24983.5,741
2026-03-02 20:23:00+00:00,24997.0,24999.25,24980.25,24990.0,724
2026-03-02 20:24:00+00:00,24981.75,25001.0,24981.5,24996.25,667
2026-03-02 20:25:00+00:00,24983.0,24991.0,24975.75,24981.0,871
2026-03-02 20:26:00+00:00,24966.25,24987.0,24962.75,24985.5,724
2026-03-02 20:27:00+00:00,24966.0,24974.75,24962.0,24967.25,814
2026-03-02 20:28:00+00:00,24983.0,24998.0,24966.5,24967.5,1055
2026-03-02 20:29:00+00:00,24966.25,24987.0,24963.75,24983.25,748
2026-03-02 20:30:00+00:00,24979.75,24987.25,24962.0,24967.5,1078
2026-03-02 20:31:00+00:00,24973.5,24985.75,24962.75,24979.75,602
2026-03-02 20:32:00+00:00,24995.25,24999.25,24972.0,24973.75,729
2026-03-02 20:33:00+00:00,24998.5,25001.25,24987.5,24994.5,569
2026-03-02 20:34:00+00:00,25005.0,25010.0,24996.0,24997.75,623
2026-03-02 20:35:00+00:00,24985.5,25006.5,24984.0,25005.25,630
2026-03-02 20:36:00+00:00,24987.25,24995.75,24980.75,24985.75,554
2026-03-02 20:37:00+00:00,24997.75,25008.25,24987.5,24988.0,606
2026-03-02 20:38:00+00:00,25015.5,25015.75,24996.5,24998.0,651
2026-03-02 20:39:00+00:00,25002.25,25015.75,24999.25,25014.0,1078
2026-03-02 20:40:00+00:00,24996.5,25013.0,24995.0,25002.25,656
2026-03-02 20:41:00+00:00,24979.75,24998.0,24978.75,24996.5,929
2026-03-02 20:42:00+00:00,24996.0,24997.0,24974.5,24980.5,665
2026-03-02 20:43:00+00:00,24993.5,24997.5,24987.75,24995.5,331
2026-03-02 20:44:00+00:00,25008.75,25011.0,24990.25,24993.75,492
2026-03-02 20:45:00+00:00,25011.25,25014.5,24996.5,25008.0,1391
2026-03-02 20:46:00+00:00,25014.25,25030.0,25010.25,25011.75,1775
2026-03-02 20:47:00+00:00,25016.25,25023.5,25011.5,25014.25,626
2026-03-02 20:48:00+00:00,25013.0,25024.25,25011.5,25016.5,1303
2026-03-02 20:49:00+00:00,25011.5,25019.5,25008.0,25012.75,493
2026-03-02 20:50:00+00:00,25024.75,25037.5,25008.5,25012.0,1798
2026-03-02 20:51:00+00:00,25027.0,25033.0,25008.5,25024.5,837
2026-03-02 20:52:00+00:00,25033.0,25033.75,25025.25,25027.0,547
2026-03-02 20:53:00+00:00,25021.25,25036.25,25017.0,25033.5,1274
2026-03-02 20:54:00+00:00,25040.75,25045.25,25016.75,25020.75,1221
2026-03-02 20:55:00+00:00,25044.25,25054.25,25033.25,25041.75,2025
2026-03-02 20:56:00+00:00,25041.25,25050.25,25033.25,25044.75,797
2026-03-02 20:57:00+00:00,25055.0,25062.75,25038.75,25042.25,1266
2026-03-02 20:58:00+00:00,25042.5,25059.25,25041.0,25055.0,2162
2026-03-02 20:59:00+00:00,25021.75,25043.0,25019.0,25042.25,6912
2026-03-02 21:00:00+00:00,25020.75,25028.75,25015.75,25022.0,2300
2026-03-02 21:01:00+00:00,25014.0,25020.25,25004.25,25020.0,1248
2026-03-02 21:02:00+00:00,25022.25,25023.25,25009.0,25013.5,615
2026-03-02 21:03:00+00:00,25019.0,25023.25,25013.5,25022.0,333
2026-03-02 21:04:00+00:00,25016.0,25019.0,25011.0,25018.25,261
2026-03-02 21:05:00+00:00,25012.5,25019.5,25003.5,25017.75,829
2026-03-02 21:06:00+00:00,25003.75,25014.0,25001.25,25012.5,589
2026-03-02 21:07:00+00:00,24992.0,25011.25,24990.25,25004.25,558
2026-03-02 21:08:00+00:00,24989.25,24999.5,24988.5,24992.5,623
2026-03-02 21:09:00+00:00,24981.5,24989.5,24976.5,24989.25,665
2026-03-02 21:10:00+00:00,24983.0,24987.0,24979.0,24982.0,540
2026-03-02 21:11:00+00:00,24988.5,24993.25,24982.5,24983.25,402
2026-03-02 21:12:00+00:00,24994.75,24998.0,24986.0,24988.75,398
2026-03-02 21:13:00+00:00,24995.25,25001.25,24993.75,24995.0,308
2026-03-02 21:14:00+00:00,24997.25,24999.75,24990.75,24995.25,381
2026-03-02 21:15:00+00:00,24992.75,25000.5,24990.0,24998.0,161
2026-03-02 21:16:00+00:00,24992.75,24998.5,24992.0,24993.0,145
2026-03-02 21:17:00+00:00,24987.25,24993.75,24986.5,24993.75,163
2026-03-02 21:18:00+00:00,24987.75,24992.5,24984.25,24987.75,139
2026-03-02 21:19:00+00:00,24988.75,24991.5,24987.25,24988.0,82
2026-03-02 21:20:00+00:00,24990.0,24990.75,24984.5,24988.0,95
2026-03-02 21:21:00+00:00,24995.25,24995.75,24985.5,24990.0,145
2026-03-02 21:22:00+00:00,24986.25,25000.75,24986.25,24996.0,392
2026-03-02 21:23:00+00:00,24991.25,24991.75,24985.25,24986.5,78
2026-03-02 21:24:00+00:00,24993.25,24998.0,24992.75,24992.75,84
2026-03-02 21:25:00+00:00,24993.5,24995.5,24990.0,24993.75,70
2026-03-02 21:26:00+00:00,24993.75,24994.5,24991.5,24994.25,40
2026-03-02 21:27:00+00:00,24994.5,24997.0,24994.0,24994.75,41
2026-03-02 21:28:00+00:00,24997.75,24998.25,24993.0,24994.5,58
2026-03-02 21:29:00+00:00,24997.5,24998.25,24993.5,24997.75,117
2026-03-02 21:30:00+00:00,24992.75,24998.0,24992.75,24996.25,93
2026-03-02 21:31:00+00:00,24995.25,24996.5,24992.5,24993.25,117
2026-03-02 21:32:00+00:00,25000.0,25003.25,24994.25,24994.5,131
2026-03-02 21:33:00+00:00,24999.5,25002.25,24999.25,24999.5,52
2026-03-02 21:34:00+00:00,25000.75,25001.25,24998.5,24998.75,61
2026-03-02 21:35:00+00:00,24999.75,25001.75,24997.75,25000.0,106
2026-03-02 21:36:00+00:00,25002.25,25002.75,25000.0,25000.25,34
2026-03-02 21:37:00+00:00,25002.5,25003.0,25001.0,25001.5,28
2026-03-02 21:38:00+00:00,25006.25,25007.75,25003.0,25003.0,87
2026-03-02 21:39:00+00:00,25005.25,25006.0,25004.25,25006.0,29
2026-03-02 21:40:00+00:00,25005.0,25006.25,25002.0,25005.25,32
2026-03-02 21:41:00+00:00,25001.75,25005.25,25001.75,25005.0,59
2026-03-02 21:42:00+00:00,25006.5,25007.0,25002.0,25002.0,46
2026-03-02 21:43:00+00:00,25007.0,25007.5,25003.0,25006.5,107
2026-03-02 21:44:00+00:00,25005.25,25007.0,25004.5,25007.0,93
2026-03-02 21:45:00+00:00,24996.0,25006.0,24996.0,25005.25,108
2026-03-02 21:46:00+00:00,25000.25,25005.0,24996.5,24997.75,104
2026-03-02 21:47:00+00:00,24998.5,24999.75,24994.25,24999.75,77
2026-03-02 21:48:00+00:00,24996.0,25004.0,24978.5,24997.5,563
2026-03-02 21:49:00+00:00,24997.75,24999.5,24993.0,24996.5,67
2026-03-02 21:50:00+00:00,25002.0,25002.25,24994.5,24998.0,119
2026-03-02 21:51:00+00:00,25003.0,25006.5,25001.75,25001.75,39
2026-03-02 21:52:00+00:00,24998.5,25003.5,24996.75,25003.25,86
2026-03-02 21:53:00+00:00,25006.5,25006.5,24998.5,24999.25,136
2026-03-02 21:54:00+00:00,24996.0,25005.25,24996.0,25005.25,124
2026-03-02 21:55:00+00:00,25003.0,25003.0,24994.75,24996.75,84
2026-03-02 21:56:00+00:00,25000.75,25002.75,24998.0,25002.25,27
2026-03-02 21:57:00+00:00,24998.5,24999.75,24996.0,24999.75,27
2026-03-02 21:58:00+00:00,24994.0,25000.0,24993.25,24998.25,70
2026-03-02 21:59:00+00:00,24995.75,25006.25,24993.75,24994.75,116
2026-03-02 23:00:00+00:00,24984.25,25011.0,24981.0,25002.75,0
2026-03-02 23:01:00+00:00,24980.75,24988.25,24976.75,24986.75,244
2026-03-02 23:02:00+00:00,24981.25,24991.5,24977.0,24982.0,167
2026-03-02 23:03:00+00:00,24979.5,24984.5,24965.0,24984.5,228
2026-03-02 23:04:00+00:00,24995.25,25001.0,24981.0,24981.0,282
2026-03-02 23:05:00+00:00,24988.0,24999.25,24981.25,24994.5,154
2026-03-02 23:06:00+00:00,24997.25,24999.75,24989.25,24989.5,95
2026-03-02 23:07:00+00:00,24986.5,24997.0,24985.25,24997.0,79
2026-03-02 23:08:00+00:00,24981.0,24988.0,24979.0,24985.0,129
2026-03-02 23:09:00+00:00,24982.0,24986.5,24970.5,24982.0,98
2026-03-02 23:10:00+00:00,24978.5,24983.75,24975.0,24982.5,89
2026-03-02 23:11:00+00:00,24976.0,24979.5,24971.75,24978.5,110
2026-03-02 23:12:00+00:00,24967.0,24982.75,24966.5,24974.25,175
2026-03-02 23:13:00+00:00,24971.25,24980.0,24969.0,24969.25,130
2026-03-02 23:14:00+00:00,24972.0,24976.25,24971.0,24972.75,68
2026-03-02 23:15:00+00:00,24975.5,24976.25,24970.5,24973.25,60
2026-03-02 23:16:00+00:00,24966.25,24975.25,24964.75,24975.25,113
2026-03-02 23:17:00+00:00,24971.5,24973.5,24965.0,24965.25,91
2026-03-02 23:18:00+00:00,24968.75,24977.25,24968.75,24972.25,55
2026-03-02 23:19:00+00:00,24972.0,24975.0,24970.0,24970.0,50
2026-03-02 23:20:00+00:00,24958.25,24972.5,24955.0,24972.5,240
2026-03-02 23:21:00+00:00,24951.5,24959.5,24947.0,24958.25,174
2026-03-02 23:22:00+00:00,24956.75,24961.25,24950.75,24951.25,138
2026-03-02 23:23:00+00:00,24953.0,24967.5,24951.75,24957.5,160
2026-03-02 23:24:00+00:00,24956.75,24962.5,24949.0,24954.5,117
2026-03-02 23:25:00+00:00,24958.5,24964.0,24955.0,24956.25,86
2026-03-02 23:26:00+00:00,24954.0,24958.0,24948.0,24958.0,171
2026-03-02 23:27:00+00:00,24955.75,24960.5,24952.25,24955.25,122
2026-03-02 23:28:00+00:00,24958.5,24960.0,24954.5,24956.75,47
2026-03-02 23:29:00+00:00,24960.75,24969.0,24958.25,24959.25,168
2026-03-02 23:30:00+00:00,24962.75,24971.5,24958.25,24963.0,111
2026-03-02 23:31:00+00:00,24958.25,24965.0,24956.75,24963.25,76
2026-03-02 23:32:00+00:00,24961.0,24961.75,24954.75,24956.5,82
2026-03-02 23:33:00+00:00,24958.5,24961.0,24956.0,24961.0,57
2026-03-02 23:34:00+00:00,24953.0,24960.25,24953.0,24956.75,115
2026-03-02 23:35:00+00:00,24953.25,24954.75,24944.25,24954.75,206
2026-03-02 23:36:00+00:00,24948.0,24956.0,24946.25,24953.25,106
2026-03-02 23:37:00+00:00,24950.25,24953.5,24948.5,24949.75,63
2026-03-02 23:38:00+00:00,24951.25,24954.75,24948.5,24948.5,47
2026-03-02 23:39:00+00:00,24948.5,24952.75,24948.5,24951.5,43
2026-03-02 23:40:00+00:00,24950.5,24955.75,24948.0,24949.0,81
2026-03-02 23:41:00+00:00,24948.25,24952.75,24946.5,24950.75,67
2026-03-02 23:42:00+00:00,24951.5,24953.0,24947.0,24947.75,29
2026-03-02 23:43:00+00:00,24951.5,24954.0,24948.75,24950.75,64
2026-03-02 23:44:00+00:00,24947.5,24951.75,24947.5,24951.5,40
2026-03-02 23:45:00+00:00,24956.0,24961.5,24947.0,24947.25,157
2026-03-02 23:46:00+00:00,24957.5,24958.5,24948.75,24954.75,86
2026-03-02 23:47:00+00:00,24955.25,24962.5,24954.75,24958.5,129
2026-03-02 23:48:00+00:00,24962.25,24962.25,24953.0,24954.5,51
2026-03-02 23:49:00+00:00,24956.25,24962.75,24953.25,24960.25,66
2026-03-02 23:50:00+00:00,24958.0,24958.75,24954.5,24956.75,31
2026-03-02 23:51:00+00:00,24961.5,24964.0,24959.0,24959.0,57
2026-03-02 23:52:00+00:00,24963.75,24967.5,24962.25,24962.75,91
2026-03-02 23:53:00+00:00,24960.25,24963.25,24959.0,24961.75,31
2026-03-02 23:54:00+00:00,24969.0,24971.0,24958.25,24958.5,81
2026-03-02 23:55:00+00:00,24972.0,24978.75,24966.25,24968.75,230
2026-03-02 23:56:00+00:00,24968.5,24975.25,24967.5,24972.25,73
2026-03-02 23:57:00+00:00,24969.75,24972.75,24965.0,24969.75,60
2026-03-02 23:58:00+00:00,24964.0,24970.25,24959.0,24968.0,75
2026-03-02 23:59:00+00:00,24971.0,24972.25,24963.5,24965.5,58
2026-03-03 00:00:00+00:00,24956.25,24975.75,24951.25,24972.5,220
2026-03-03 00:01:00+00:00,24968.75,24970.25,24953.0,24959.25,183
2026-03-03 00:02:00+00:00,24972.5,24974.0,24965.0,24968.25,70
2026-03-03 00:03:00+00:00,24976.75,24982.25,24972.5,24973.75,219
2026-03-03 00:04:00+00:00,24971.5,24978.5,24971.0,24976.25,76
2026-03-03 00:05:00+00:00,24969.0,24977.0,24967.75,24971.25,52
2026-03-03 00:06:00+00:00,24978.25,24979.25,24970.0,24970.0,83
2026-03-03 00:07:00+00:00,24974.75,24981.25,24973.75,24977.75,91
2026-03-03 00:08:00+00:00,24961.5,24976.25,24957.5,24974.25,146
2026-03-03 00:09:00+00:00,24960.75,24969.25,24956.0,24961.5,124
2026-03-03 00:10:00+00:00,24968.0,24971.25,24961.75,24963.0,90
2026-03-03 00:11:00+00:00,24953.5,24968.0,24952.0,24967.75,105
2026-03-03 00:12:00+00:00,24950.75,24957.25,24948.5,24954.5,138
2026-03-03 00:13:00+00:00,24947.5,24950.75,24940.0,24950.0,291
2026-03-03 00:14:00+00:00,24947.5,24948.75,24939.5,24945.75,167
2026-03-03 00:15:00+00:00,24949.75,24957.25,24943.75,24948.0,282
2026-03-03 00:16:00+00:00,24943.0,24954.0,24933.25,24950.25,247
2026-03-03 00:17:00+00:00,24938.75,24945.75,24937.25,24943.5,94
2026-03-03 00:18:00+00:00,24942.75,24944.5,24937.75,24941.25,199
2026-03-03 00:19:00+00:00,24936.5,24941.25,24935.75,24941.25,76
2026-03-03 00:20:00+00:00,24934.5,24939.75,24931.25,24936.5,120
2026-03-03 00:21:00+00:00,24936.75,24937.0,24931.5,24933.5,51
2026-03-03 00:22:00+00:00,24934.25,24937.5,24931.25,24937.0,87
2026-03-03 00:23:00+00:00,24930.25,24937.0,24930.0,24934.75,76
2026-03-03 00:24:00+00:00,24941.0,24944.0,24930.75,24930.75,127
2026-03-03 00:25:00+00:00,24933.75,24943.75,24931.0,24942.75,84
2026-03-03 00:26:00+00:00,24935.75,24935.75,24927.0,24934.25,104
2026-03-03 00:27:00+00:00,24938.75,24940.0,24934.0,24936.0,49
2026-03-03 00:28:00+00:00,24943.25,24943.5,24935.0,24938.5,76
2026-03-03 00:29:00+00:00,24939.5,24947.25,24937.75,24943.5,91
2026-03-03 00:30:00+00:00,24934.0,24944.0,24934.0,24942.0,55
2026-03-03 00:31:00+00:00,24937.0,24940.5,24934.25,24934.25,65
2026-03-03 00:32:00+00:00,24936.75,24938.5,24935.0,24938.5,47
2026-03-03 00:33:00+00:00,24940.25,24940.25,24933.25,24936.25,66
2026-03-03 00:34:00+00:00,24940.5,24945.75,24938.25,24939.0,125
2026-03-03 00:35:00+00:00,24931.25,24944.75,24930.75,24943.25,104
2026-03-03 00:36:00+00:00,24937.25,24939.0,24931.0,24931.5,51
2026-03-03 00:37:00+00:00,24938.5,24938.5,24932.5,24937.5,46
2026-03-03 00:38:00+00:00,24937.0,24937.5,24931.25,24937.5,57
2026-03-03 00:39:00+00:00,24939.0,24942.0,24935.0,24936.25,97
2026-03-03 00:40:00+00:00,24937.5,24944.0,24936.25,24939.75,45
2026-03-03 00:41:00+00:00,24938.25,24939.75,24935.5,24936.5,29
2026-03-03 00:42:00+00:00,24935.75,24940.0,24934.75,24938.25,47
2026-03-03 00:43:00+00:00,24941.25,24942.25,24937.0,24937.0,28
2026-03-03 00:44:00+00:00,24946.5,24948.25,24940.0,24940.75,52
2026-03-03 00:45:00+00:00,24947.0,24947.5,24944.75,24947.25,46
2026-03-03 00:46:00+00:00,24943.0,24952.0,24942.25,24946.5,132
2026-03-03 00:47:00+00:00,24943.75,24944.25,24941.75,24943.0,31
2026-03-03 00:48:00+00:00,24945.75,24947.25,24943.75,24945.0,49
2026-03-03 00:49:00+00:00,24946.0,24947.25,24942.5,24945.75,42
2026-03-03 00:50:00+00:00,24946.75,24949.25,24945.25,24947.5,69
2026-03-03 00:51:00+00:00,24939.25,24946.75,24936.0,24946.75,77
2026-03-03 00:52:00+00:00,24939.75,24941.75,24937.75,24940.0,35
2026-03-03 00:53:00+00:00,24937.5,24944.25,24937.5,24942.0,38
2026-03-03 00:54:00+00:00,24939.5,24941.75,24935.0,24940.5,56
2026-03-03 00:55:00+00:00,24934.5,24940.0,24933.25,24940.0,50
2026-03-03 00:56:00+00:00,24933.5,24934.5,24930.75,24933.5,71
2026-03-03 00:57:00+00:00,24926.5,24936.75,24925.0,24933.5,157
2026-03-03 00:58:00+00:00,24929.5,24932.0,24926.25,24926.5,81
2026-03-03 00:59:00+00:00,24931.5,24936.0,24930.0,24930.5,79
2026-03-03 01:00:00+00:00,24921.75,24935.75,24921.25,24931.75,232
2026-03-03 01:01:00+00:00,24918.25,24929.0,24916.0,24922.0,209
2026-03-03 01:02:00+00:00,24916.5,24922.25,24904.0,24918.5,312
2026-03-03 01:03:00+00:00,24919.75,24920.75,24910.0,24915.75,163
2026-03-03 01:04:00+00:00,24927.5,24931.25,24920.75,24921.0,155
2026-03-03 01:05:00+00:00,24930.75,24935.0,24928.0,24929.75,116
2026-03-03 01:06:00+00:00,24922.25,24934.75,24921.25,24930.5,93
2026-03-03 01:07:00+00:00,24931.0,24931.0,24921.25,24923.75,109
2026-03-03 01:08:00+00:00,24935.5,24938.5,24931.25,24932.25,112
2026-03-03 01:09:00+00:00,24936.5,24938.25,24934.0,24936.0,61
2026-03-03 01:10:00+00:00,24949.75,24950.25,24935.75,24936.0,191
2026-03-03 01:11:00+00:00,24945.0,24956.5,24944.0,24949.25,225
2026-03-03 01:12:00+00:00,24950.5,24952.0,24943.25,24944.25,62
2026-03-03 01:13:00+00:00,24943.75,24953.5,24940.5,24951.25,162
2026-03-03 01:14:00+00:00,24942.75,24945.5,24940.5,24943.75,74
2026-03-03 01:15:00+00:00,24942.75,24951.75,24940.0,24944.25,126
2026-03-03 01:16:00+00:00,24954.75,24957.0,24938.5,24945.25,148
2026-03-03 01:17:00+00:00,24954.0,24955.75,24948.0,24954.25,143
2026-03-03 01:18:00+00:00,24956.0,24956.75,24950.25,24955.0,86
2026-03-03 01:19:00+00:00,24946.25,24955.75,24944.0,24955.75,58
2026-03-03 01:20:00+00:00,24935.25,24951.75,24935.0,24945.5,143
2026-03-03 01:21:00+00:00,24940.0,24943.75,24933.0,24937.5,117
2026-03-03 01:22:00+00:00,24938.25,24942.75,24932.75,24939.0,86
2026-03-03 01:23:00+00:00,24950.75,24952.25,24939.25,24940.0,87
2026-03-03 01:24:00+00:00,24955.75,24959.5,24951.0,24951.0,119
2026-03-03 01:25:00+00:00,24940.0,24960.0,24937.75,24958.5,163
2026-03-03 01:26:00+00:00,24939.0,24947.5,24937.75,24941.75,120
2026-03-03 01:27:00+00:00,24936.75,24945.5,24934.75,24939.5,105
2026-03-03 01:28:00+00:00,24932.0,24939.5,24928.0,24938.75,213
2026-03-03 01:29:00+00:00,24923.5,24930.0,24921.25,24930.0,205
2026-03-03 01:30:00+00:00,24915.25,24927.5,24911.5,24923.25,240
2026-03-03 01:31:00+00:00,24920.25,24926.5,24911.25,24913.75,160
2026-03-03 01:32:00+00:00,24921.5,24934.0,24919.5,24925.0,146
2026-03-03 01:33:00+00:00,24925.5,24927.0,24917.5,24922.5,68
2026-03-03 01:34:00+00:00,24919.25,24925.25,24919.25,24925.0,60
2026-03-03 01:35:00+00:00,24908.75,24919.25,24907.5,24917.5,220
2026-03-03 01:36:00+00:00,24917.25,24921.5,24908.75,24909.5,130
2026-03-03 01:37:00+00:00,24903.5,24920.0,24900.0,24917.25,214
2026-03-03 01:38:00+00:00,24896.25,24905.0,24893.0,24904.75,194
2026-03-03 01:39:00+00:00,24898.5,24905.0,24895.25,24895.25,111
2026-03-03 01:40:00+00:00,24911.25,24913.5,24896.0,24899.5,200
2026-03-03 01:41:00+00:00,24914.0,24918.75,24911.25,24912.5,121
2026-03-03 01:42:00+00:00,24914.0,24918.75,24912.25,24912.25,58
2026-03-03 01:43:00+00:00,24908.75,24912.0,24900.5,24912.0,94
2026-03-03 01:44:00+00:00,24909.75,24916.5,24909.75,24911.0,45
2026-03-03 01:45:00+00:00,24907.0,24913.0,24902.0,24910.5,92
2026-03-03 01:46:00+00:00,24904.0,24908.0,24900.0,24904.25,63
2026-03-03 01:47:00+00:00,24909.0,24909.0,24902.0,24903.25,57
2026-03-03 01:48:00+00:00,24910.75,24914.0,24907.0,24909.25,47
2026-03-03 01:49:00+00:00,24907.5,24909.5,24902.25,24909.25,57
2026-03-03 01:50:00+00:00,24900.0,24906.5,24895.0,24906.5,172
2026-03-03 01:51:00+00:00,24893.0,24899.25,24891.75,24897.25,92
2026-03-03 01:52:00+00:00,24895.25,24901.5,24891.75,24894.5,77
2026-03-03 01:53:00+00:00,24894.5,24899.75,24890.0,24893.75,134
2026-03-03 01:54:00+00:00,24893.0,24895.75,24890.25,24895.75,63
2026-03-03 01:55:00+00:00,24888.25,24896.75,24878.5,24892.5,293
2026-03-03 01:56:00+00:00,24878.75,24889.5,24876.25,24889.25,141
2026-03-03 01:57:00+00:00,24884.75,24887.5,24877.0,24878.25,139
2026-03-03 01:58:00+00:00,24878.75,24888.75,24877.25,24884.0,79
2026-03-03 01:59:00+00:00,24872.75,24879.0,24869.0,24877.5,230
2026-03-03 02:00:00+00:00,24870.25,24878.25,24865.75,24874.0,216
2026-03-03 02:01:00+00:00,24867.0,24873.25,24860.0,24870.0,257
2026-03-03 02:02:00+00:00,24855.75,24866.25,24840.25,24865.5,668
2026-03-03 02:03:00+00:00,24844.75,24853.75,24841.0,24853.75,232
2026-03-03 02:04:00+00:00,24848.75,24850.75,24838.0,24845.25,224
2026-03-03 02:05:00+00:00,24840.0,24850.75,24838.25,24848.75,175
2026-03-03 02:06:00+00:00,24845.0,24858.25,24835.0,24840.0,434
2026-03-03 02:07:00+00:00,24843.0,24853.5,24840.75,24845.75,158
2026-03-03 02:08:00+00:00,24842.75,24851.75,24837.0,24845.0,169
2026-03-03 02:09:00+00:00,24850.5,24853.75,24843.25,24845.75,117
2026-03-03 02:10:00+00:00,24846.0,24856.25,24844.25,24847.0,157
2026-03-03 02:11:00+00:00,24845.0,24852.5,24841.25,24846.75,141
2026-03-03 02:12:00+00:00,24853.25,24856.25,24842.75,24843.75,140
2026-03-03 02:13:00+00:00,24849.0,24858.5,24847.0,24854.75,114
2026-03-03 02:14:00+00:00,24853.5,24857.0,24850.25,24851.25,69
2026-03-03 02:15:00+00:00,24852.0,24859.0,24850.75,24857.0,100
2026-03-03 02:16:00+00:00,24841.75,24851.0,24840.0,24850.25,144
2026-03-03 02:17:00+00:00,24827.0,24844.0,24822.5,24843.5,366
2026-03-03 02:18:00+00:00,24819.25,24828.25,24818.25,24826.0,279
2026-03-03 02:19:00+00:00,24822.5,24826.25,24814.0,24819.75,265
2026-03-03 02:20:00+00:00,24815.5,24827.75,24815.0,24822.75,248
2026-03-03 02:21:00+00:00,24812.75,24821.25,24812.0,24817.0,186
2026-03-03 02:22:00+00:00,24829.25,24829.25,24812.0,24814.75,261
2026-03-03 02:23:00+00:00,24822.75,24834.5,24816.0,24829.25,435
2026-03-03 02:24:00+00:00,24822.0,24825.5,24806.5,24823.0,230
2026-03-03 02:25:00+00:00,24813.0,24823.5,24812.0,24823.5,128
2026-03-03 02:26:00+00:00,24823.5,24827.75,24813.25,24814.25,143
2026-03-03 02:27:00+00:00,24827.5,24835.5,24822.75,24825.5,159
2026-03-03 02:28:00+00:00,24830.25,24835.0,24822.5,24828.0,123
2026-03-03 02:29:00+00:00,24837.5,24840.75,24828.75,24829.25,162
2026-03-03 02:30:00+00:00,24844.75,24848.0,24834.0,24837.25,178
2026-03-03 02:31:00+00:00,24832.5,24852.5,24831.75,24843.75,279
2026-03-03 02:32:00+00:00,24839.5,24840.5,24831.0,24832.75,160
2026-03-03 02:33:00+00:00,24841.0,24842.25,24834.75,24840.75,74
2026-03-03 02:34:00+00:00,24843.25,24847.25,24841.5,24841.5,116
2026-03-03 02:35:00+00:00,24840.5,24845.75,24836.0,24841.5,115
2026-03-03 02:36:00+00:00,24844.5,24845.75,24838.75,24840.25,110
2026-03-03 02:37:00+00:00,24846.5,24850.25,24841.5,24845.0,141
2026-03-03 02:38:00+00:00,24851.75,24855.75,24842.25,24846.5,157
2026-03-03 02:39:00+00:00,24848.5,24853.75,24845.75,24851.75,100
2026-03-03 02:40:00+00:00,24857.0,24858.5,24849.25,24849.25,154
2026-03-03 02:41:00+00:00,24875.5,24879.25,24858.25,24858.25,493
2026-03-03 02:42:00+00:00,24864.25,24878.5,24864.25,24876.75,245
2026-03-03 02:43:00+00:00,24855.75,24868.25,24854.5,24865.0,271
2026-03-03 02:44:00+00:00,24862.0,24863.75,24855.0,24855.0,95
2026-03-03 02:45:00+00:00,24871.75,24872.0,24852.5,24860.75,163
2026-03-03 02:46:00+00:00,24873.25,24877.0,24870.25,24870.25,135
2026-03-03 02:47:00+00:00,24867.0,24875.0,24862.25,24874.0,119
2026-03-03 02:48:00+00:00,24867.5,24871.0,24863.0,24869.25,76
2026-03-03 02:49:00+00:00,24874.0,24877.75,24868.5,24868.5,174
2026-03-03 02:50:00+00:00,24868.75,24875.5,24865.5,24874.75,108
2026-03-03 02:51:00+00:00,24871.75,24872.5,24864.0,24868.75,90
2026-03-03 02:52:00+00:00,24865.25,24873.25,24863.5,24873.25,69
2026-03-03 02:53:00+00:00,24862.5,24866.5,24860.75,24866.25,62
2026-03-03 02:54:00+00:00,24860.25,24865.0,24856.25,24863.25,122
2026-03-03 02:55:00+00:00,24857.5,24861.75,24856.5,24861.75,93
2026-03-03 02:56:00+00:00,24855.25,24860.5,24851.0,24860.5,73
2026-03-03 02:57:00+00:00,24851.5,24855.5,24850.75,24855.5,105
2026-03-03 02:58:00+00:00,24859.75,24862.0,24852.75,24852.75,96
2026-03-03 02:59:00+00:00,24861.25,24863.0,24855.75,24857.0,47
2026-03-03 03:00:00+00:00,24871.25,24883.25,24862.25,24862.75,302
2026-03-03 03:01:00+00:00,24874.25,24878.75,24870.0,24872.25,101
2026-03-03 03:02:00+00:00,24873.75,24878.25,24873.25,24875.5,62
2026-03-03 03:03:00+00:00,24864.25,24873.5,24861.75,24872.75,114
2026-03-03 03:04:00+00:00,24860.5,24868.25,24858.5,24867.0,66
2026-03-03 03:05:00+00:00,24859.5,24862.0,24855.25,24860.75,74
2026-03-03 03:06:00+00:00,24858.5,24864.0,24857.75,24858.0,72
2026-03-03 03:07:00+00:00,24863.25,24863.25,24855.75,24857.75,36
2026-03-03 03:08:00+00:00,24850.0,24861.5,24845.75,24861.5,156
2026-03-03 03:09:00+00:00,24847.75,24851.5,24844.25,24848.75,68
2026-03-03 03:10:00+00:00,24842.0,24846.25,24841.25,24844.5,107
2026-03-03 03:11:00+00:00,24841.25,24849.25,24840.0,24842.5,135
2026-03-03 03:12:00+00:00,24841.75,24843.5,24833.25,24841.0,206
2026-03-03 03:13:00+00:00,24844.0,24845.5,24836.25,24841.25,65
2026-03-03 03:14:00+00:00,24851.75,24852.25,24845.0,24845.5,97
2026-03-03 03:15:00+00:00,24853.75,24857.25,24850.75,24852.75,111
2026-03-03 03:16:00+00:00,24855.5,24860.5,24849.25,24856.75,111
2026-03-03 03:17:00+00:00,24855.25,24860.25,24851.25,24859.25,58
2026-03-03 03:18:00+00:00,24842.5,24851.5,24842.0,24851.5,55
2026-03-03 03:19:00+00:00,24843.0,24844.75,24836.75,24844.0,70
2026-03-03 03:20:00+00:00,24830.25,24843.0,24829.75,24842.25,147
2026-03-03 03:21:00+00:00,24833.25,24835.5,24830.5,24831.5,122
2026-03-03 03:22:00+00:00,24833.5,24833.5,24828.5,24831.25,103
2026-03-03 03:23:00+00:00,24834.25,24836.75,24831.75,24834.25,44
2026-03-03 03:24:00+00:00,24829.25,24835.25,24829.25,24834.25,49
2026-03-03 03:25:00+00:00,24832.5,24833.25,24829.0,24830.0,27
2026-03-03 03:26:00+00:00,24833.5,24836.0,24828.0,24831.0,87
2026-03-03 03:27:00+00:00,24819.75,24834.75,24818.75,24834.75,159
2026-03-03 03:28:00+00:00,24820.25,24825.25,24817.25,24821.0,120
2026-03-03 03:29:00+00:00,24823.25,24823.25,24816.0,24819.75,89
2026-03-03 03:30:00+00:00,24821.75,24827.25,24810.75,24823.25,216
2026-03-03 03:31:00+00:00,24816.25,24823.5,24804.25,24823.0,263
2026-03-03 03:32:00+00:00,24821.75,24827.0,24809.0,24813.75,132
2026-03-03 03:33:00+00:00,24827.0,24832.0,24819.0,24826.25,164
2026-03-03 03:34:00+00:00,24825.25,24833.5,24823.25,24828.5,71
2026-03-03 03:35:00+00:00,24845.5,24846.75,24826.5,24828.25,222
2026-03-03 03:36:00+00:00,24852.5,24852.5,24844.5,24846.0,158
2026-03-03 03:37:00+00:00,24854.75,24858.75,24846.75,24853.0,194
2026-03-03 03:38:00+00:00,24858.75,24864.0,24853.75,24855.75,102
2026-03-03 03:39:00+00:00,24870.0,24870.0,24856.75,24857.25,295
2026-03-03 03:40:00+00:00,24863.25,24873.25,24860.25,24868.75,210
2026-03-03 03:41:00+00:00,24859.25,24866.75,24856.5,24865.75,114
2026-03-03 03:42:00+00:00,24860.25,24865.0,24851.5,24860.25,98
2026-03-03 03:43:00+00:00,24862.0,24867.0,24858.5,24858.75,71
2026-03-03 03:44:00+00:00,24863.25,24863.25,24856.0,24862.25,67
2026-03-03 03:45:00+00:00,24875.0,24877.75,24861.0,24865.0,130
2026-03-03 03:46:00+00:00,24864.75,24880.0,24862.0,24875.0,116
2026-03-03 03:47:00+00:00,24856.5,24866.75,24856.5,24863.25,92
2026-03-03 03:48:00+00:00,24859.0,24860.75,24849.75,24856.0,111
2026-03-03 03:49:00+00:00,24857.0,24864.0,24855.25,24859.0,97
2026-03-03 03:50:00+00:00,24857.25,24860.75,24855.75,24858.75,36
2026-03-03 03:51:00+00:00,24842.25,24856.25,24840.0,24856.25,208
2026-03-03 03:52:00+00:00,24845.75,24849.0,24839.0,24842.25,69
2026-03-03 03:53:00+00:00,24849.0,24854.5,24844.75,24845.5,96
2026-03-03 03:54:00+00:00,24848.75,24852.25,24841.0,24850.75,51
2026-03-03 03:55:00+00:00,24848.0,24850.0,24840.25,24848.25,50
2026-03-03 03:56:00+00:00,24852.0,24857.25,24844.0,24847.75,101
2026-03-03 03:57:00+00:00,24850.25,24853.25,24845.0,24853.25,55
2026-03-03 03:58:00+00:00,24845.5,24853.0,24844.75,24850.25,53
2026-03-03 03:59:00+00:00,24846.0,24851.5,24845.0,24846.0,53
2026-03-03 04:00:00+00:00,24856.25,24858.25,24846.25,24846.5,71
2026-03-03 04:01:00+00:00,24850.25,24864.0,24844.75,24858.25,175
2026-03-03 04:02:00+00:00,24842.5,24854.75,24842.5,24852.0,76
2026-03-03 04:03:00+00:00,24839.75,24845.5,24834.75,24841.25,125
2026-03-03 04:04:00+00:00,24832.0,24842.25,24831.25,24838.25,139
2026-03-03 04:05:00+00:00,24835.0,24837.75,24827.75,24832.25,111
2026-03-03 04:06:00+00:00,24830.75,24839.5,24829.75,24832.5,70
2026-03-03 04:07:00+00:00,24832.0,24835.25,24825.5,24831.5,110
2026-03-03 04:08:00+00:00,24833.5,24835.0,24828.0,24832.0,60
2026-03-03 04:09:00+00:00,24829.0,24833.75,24827.0,24832.25,49
2026-03-03 04:10:00+00:00,24828.25,24831.0,24825.0,24828.25,84
2026-03-03 04:11:00+00:00,24824.75,24831.5,24823.75,24827.5,72
2026-03-03 04:12:00+00:00,24834.5,24836.5,24822.5,24823.0,101
2026-03-03 04:13:00+00:00,24841.5,24844.0,24833.5,24834.75,117
2026-03-03 04:14:00+00:00,24835.25,24843.5,24830.0,24843.5,65
2026-03-03 04:15:00+00:00,24834.0,24840.0,24831.5,24835.75,98
2026-03-03 04:16:00+00:00,24817.75,24836.25,24814.75,24833.75,162
2026-03-03 04:17:00+00:00,24824.75,24825.75,24817.5,24817.5,120
2026-03-03 04:18:00+00:00,24831.75,24833.0,24825.75,24825.75,92
2026-03-03 04:19:00+00:00,24838.5,24838.5,24829.0,24829.75,99
2026-03-03 04:20:00+00:00,24841.0,24842.0,24834.5,24837.5,96
2026-03-03 04:21:00+00:00,24839.25,24841.5,24832.25,24840.25,87
2026-03-03 04:22:00+00:00,24845.25,24846.0,24837.5,24838.5,62
2026-03-03 04:23:00+00:00,24833.75,24846.25,24832.75,24845.0,87
2026-03-03 04:24:00+00:00,24839.0,24839.0,24827.5,24833.0,81
2026-03-03 04:25:00+00:00,24827.25,24840.0,24826.0,24838.25,114
2026-03-03 04:26:00+00:00,24831.25,24832.0,24825.75,24827.5,123
2026-03-03 04:27:00+00:00,24826.25,24834.0,24823.5,24831.0,70
2026-03-03 04:28:00+00:00,24819.75,24824.5,24816.75,24824.5,116
2026-03-03 04:29:00+00:00,24815.25,24821.75,24800.75,24821.25,320
2026-03-03 04:30:00+00:00,24823.0,24825.0,24809.5,24816.0,203
2026-03-03 04:31:00+00:00,24822.75,24830.5,24818.5,24822.25,177
2026-03-03 04:32:00+00:00,24818.0,24825.25,24818.0,24825.25,65
2026-03-03 04:33:00+00:00,24819.5,24821.0,24812.0,24817.0,79
2026-03-03 04:34:00+00:00,24810.75,24818.25,24807.5,24818.25,93
2026-03-03 04:35:00+00:00,24809.5,24816.0,24809.5,24812.5,107
2026-03-03 04:36:00+00:00,24805.0,24813.0,24801.0,24810.0,125
2026-03-03 04:37:00+00:00,24810.75,24812.75,24803.25,24803.75,89
2026-03-03 04:38:00+00:00,24806.5,24813.0,24800.0,24810.25,215
2026-03-03 04:39:00+00:00,24804.75,24808.25,24800.0,24806.5,53
2026-03-03 04:40:00+00:00,24804.75,24807.0,24801.5,24803.75,68
2026-03-03 04:41:00+00:00,24814.75,24816.75,24803.25,24803.25,138
2026-03-03 04:42:00+00:00,24812.5,24818.0,24810.5,24814.5,86
2026-03-03 04:43:00+00:00,24813.5,24815.5,24811.5,24811.75,50
2026-03-03 04:44:00+00:00,24818.25,24821.0,24811.0,24813.75,128
2026-03-03 04:45:00+00:00,24819.75,24825.0,24818.75,24819.5,96
2026-03-03 04:46:00+00:00,24814.25,24822.0,24813.0,24819.5,65
2026-03-03 04:47:00+00:00,24804.75,24813.5,24801.5,24813.5,144
2026-03-03 04:48:00+00:00,24803.75,24807.25,24788.75,24805.0,368
2026-03-03 04:49:00+00:00,24803.5,24806.25,24799.25,24802.75,97
2026-03-03 04:50:00+00:00,24798.5,24811.75,24797.5,24801.5,156
2026-03-03 04:51:00+00:00,24800.75,24804.75,24799.0,24799.0,69
2026-03-03 04:52:00+00:00,24807.5,24811.0,24795.25,24801.75,177
2026-03-03 04:53:00+00:00,24804.75,24812.5,24804.75,24808.5,60
2026-03-03 04:54:00+00:00,24801.0,24807.5,24801.0,24802.25,91
2026-03-03 04:55:00+00:00,24800.25,24805.25,24798.25,24802.5,51
2026-03-03 04:56:00+00:00,24800.0,24804.0,24799.0,24802.25,52
2026-03-03 04:57:00+00:00,24801.75,24802.5,24795.0,24799.0,189
2026-03-03 04:58:00+00:00,24802.75,24802.75,24797.0,24801.0,290
2026-03-03 05:09:00+00:00,24824.5,24829.0,24822.0,24823.25,132
2026-03-03 05:10:00+00:00,24814.75,24829.0,24811.0,24828.0,138
2026-03-03 05:11:00+00:00,24802.25,24816.25,24796.75,24816.0,244
2026-03-03 05:12:00+00:00,24811.5,24813.5,24801.5,24801.75,131
2026-03-03 05:13:00+00:00,24809.5,24815.0,24803.5,24811.0,80
2026-03-03 05:14:00+00:00,24808.75,24816.0,24806.75,24809.0,76
2026-03-03 05:15:00+00:00,24807.25,24815.25,24805.5,24810.25,60
2026-03-03 05:16:00+00:00,24813.75,24822.0,24808.0,24808.0,112
2026-03-03 05:17:00+00:00,24822.25,24822.25,24810.0,24814.25,95
2026-03-03 05:18:00+00:00,24814.25,24822.25,24811.0,24822.25,88
2026-03-03 05:19:00+00:00,24815.75,24818.25,24810.0,24815.0,66
2026-03-03 05:20:00+00:00,24810.5,24818.0,24809.25,24816.25,60
2026-03-03 05:21:00+00:00,24807.5,24813.0,24804.5,24809.25,109
2026-03-03 05:22:00+00:00,24802.0,24806.5,24800.5,24806.25,80
2026-03-03 05:23:00+00:00,24806.75,24810.25,24799.0,24800.75,97
2026-03-03 05:24:00+00:00,24812.25,24813.0,24804.5,24806.0,67
2026-03-03 05:25:00+00:00,24813.0,24820.25,24812.25,24813.5,126
2026-03-03 05:26:00+00:00,24809.25,24816.0,24807.0,24815.0,97
2026-03-03 05:27:00+00:00,24815.5,24817.75,24809.0,24809.0,59
2026-03-03 05:28:00+00:00,24807.25,24815.0,24803.75,24813.75,85
2026-03-03 05:29:00+00:00,24813.25,24814.5,24806.25,24806.25,88
2026-03-03 05:30:00+00:00,24803.0,24811.5,24801.0,24811.5,130
2026-03-03 05:31:00+00:00,24803.25,24808.0,24798.5,24804.25,170
2026-03-03 05:32:00+00:00,24798.75,24804.0,24797.5,24804.0,188
2026-03-03 05:33:00+00:00,24798.5,24803.25,24795.75,24799.25,291
2026-03-03 05:34:00+00:00,24802.5,24802.75,24796.75,24797.0,210
2026-03-03 05:35:00+00:00,24802.0,24807.0,24795.0,24803.5,151
2026-03-03 05:36:00+00:00,24796.25,24803.0,24794.0,24803.0,107
2026-03-03 05:37:00+00:00,24779.0,24796.5,24775.25,24796.5,335
2026-03-03 05:38:00+00:00,24778.0,24780.25,24773.0,24779.25,195
2026-03-03 05:39:00+00:00,24779.0,24786.5,24773.0,24776.75,147
2026-03-03 05:40:00+00:00,24783.75,24785.5,24771.75,24778.0,151
2026-03-03 05:41:00+00:00,24780.25,24792.75,24774.75,24783.0,229
2026-03-03 05:42:00+00:00,24785.5,24787.0,24779.0,24782.0,117
2026-03-03 05:43:00+00:00,24779.5,24784.5,24779.5,24784.0,49
2026-03-03 05:44:00+00:00,24776.0,24782.25,24775.75,24781.5,65
2026-03-03 05:45:00+00:00,24776.75,24778.75,24769.75,24776.25,155
2026-03-03 05:46:00+00:00,24770.75,24784.5,24770.75,24776.25,211
2026-03-03 05:47:00+00:00,24767.5,24775.25,24764.5,24770.0,220
2026-03-03 05:48:00+00:00,24768.25,24773.75,24766.5,24769.75,101
2026-03-03 05:49:00+00:00,24770.25,24773.5,24767.25,24768.0,57
2026-03-03 05:50:00+00:00,24768.25,24774.25,24763.5,24769.75,78
2026-03-03 05:51:00+00:00,24768.5,24769.75,24762.25,24768.0,96
2026-03-03 05:52:00+00:00,24770.25,24772.5,24761.0,24767.5,104
2026-03-03 05:53:00+00:00,24763.25,24774.5,24757.25,24770.75,263
2026-03-03 05:54:00+00:00,24765.0,24765.0,24749.0,24762.25,290
2026-03-03 05:55:00+00:00,24763.25,24766.0,24760.75,24765.5,80
2026-03-03 05:56:00+00:00,24755.0,24762.75,24744.0,24762.75,232
2026-03-03 05:57:00+00:00,24760.0,24762.5,24755.5,24756.5,123
2026-03-03 05:58:00+00:00,24764.0,24768.5,24758.75,24759.25,139
2026-03-03 05:59:00+00:00,24765.5,24768.5,24763.75,24768.5,142
2026-03-03 06:00:00+00:00,24779.0,24782.75,24765.25,24765.25,334
2026-03-03 06:01:00+00:00,24782.5,24789.25,24778.0,24778.75,228
2026-03-03 06:02:00+00:00,24775.25,24783.75,24774.75,24782.25,84
2026-03-03 06:03:00+00:00,24777.0,24779.0,24768.25,24776.5,95
2026-03-03 06:04:00+00:00,24768.25,24776.75,24766.5,24776.75,78
2026-03-03 06:05:00+00:00,24765.0,24771.25,24761.5,24768.25,184
2026-03-03 06:06:00+00:00,24769.5,24771.0,24759.25,24764.5,127
2026-03-03 06:07:00+00:00,24760.0,24772.0,24759.25,24770.25,136
2026-03-03 06:08:00+00:00,24753.75,24761.5,24743.0,24759.0,274
2026-03-03 06:09:00+00:00,24764.5,24765.75,24755.5,24755.5,211
2026-03-03 06:10:00+00:00,24767.0,24767.25,24757.0,24764.0,160
2026-03-03 06:11:00+00:00,24762.5,24770.0,24759.5,24765.75,88
2026-03-03 06:12:00+00:00,24767.75,24772.75,24762.5,24762.5,127
2026-03-03 06:13:00+00:00,24764.0,24768.25,24760.75,24767.25,91
2026-03-03 06:14:00+00:00,24763.5,24765.75,24758.0,24765.0,96
2026-03-03 06:15:00+00:00,24749.5,24763.75,24748.75,24763.25,93
2026-03-03 06:16:00+00:00,24750.0,24753.5,24743.5,24750.5,109
2026-03-03 06:17:00+00:00,24745.0,24752.75,24744.75,24751.0,126
2026-03-03 06:18:00+00:00,24746.0,24753.0,24736.0,24746.75,260
2026-03-03 06:19:00+00:00,24745.5,24754.75,24741.75,24745.0,140
2026-03-03 06:20:00+00:00,24746.75,24751.25,24741.25,24744.0,127
2026-03-03 06:21:00+00:00,24754.75,24756.75,24744.5,24744.5,102
2026-03-03 06:22:00+00:00,24760.25,24762.25,24751.75,24755.75,125
2026-03-03 06:23:00+00:00,24768.25,24770.0,24759.0,24759.5,101
2026-03-03 06:24:00+00:00,24765.75,24768.25,24760.0,24767.25,111
2026-03-03 06:25:00+00:00,24766.75,24769.25,24759.5,24766.0,113
2026-03-03 06:26:00+00:00,24766.75,24772.25,24766.25,24767.0,55
2026-03-03 06:27:00+00:00,24780.0,24781.75,24767.25,24767.5,131
2026-03-03 06:28:00+00:00,24790.25,24792.0,24779.25,24780.75,324
2026-03-03 06:29:00+00:00,24797.25,24797.75,24786.25,24791.0,190
2026-03-03 06:30:00+00:00,24795.25,24797.5,24785.0,24795.25,195
2026-03-03 06:31:00+00:00,24788.25,24800.0,24786.0,24793.0,131
2026-03-03 06:32:00+00:00,24792.0,24793.25,24781.5,24789.0,117
2026-03-03 06:33:00+00:00,24794.75,24796.25,24784.0,24791.5,114
2026-03-03 06:34:00+00:00,24780.0,24794.25,24780.0,24792.75,104
2026-03-03 06:35:00+00:00,24779.5,24785.5,24775.0,24783.25,194
2026-03-03 06:36:00+00:00,24780.0,24786.75,24773.0,24778.5,194
2026-03-03 06:37:00+00:00,24774.5,24779.0,24773.0,24779.0,73
2026-03-03 06:38:00+00:00,24774.75,24775.5,24768.25,24774.25,95
2026-03-03 06:39:00+00:00,24780.25,24782.0,24775.25,24775.25,72
2026-03-03 06:40:00+00:00,24780.0,24782.0,24774.75,24782.0,86
2026-03-03 06:41:00+00:00,24769.5,24785.0,24768.25,24780.5,130
2026-03-03 06:42:00+00:00,24765.5,24772.5,24763.0,24768.25,138
2026-03-03 06:43:00+00:00,24762.0,24766.25,24758.0,24765.0,182
2026-03-03 06:44:00+00:00,24758.5,24762.25,24757.75,24762.25,43
2026-03-03 06:45:00+00:00,24751.5,24759.0,24746.5,24757.75,247
2026-03-03 06:46:00+00:00,24749.0,24756.5,24748.0,24751.25,188
2026-03-03 06:47:00+00:00,24751.0,24753.5,24746.0,24749.25,104
2026-03-03 06:48:00+00:00,24742.75,24751.5,24739.25,24750.75,215
2026-03-03 06:49:00+00:00,24741.75,24745.0,24737.0,24742.75,145
2026-03-03 06:50:00+00:00,24750.0,24750.0,24740.25,24741.0,172
2026-03-03 06:51:00+00:00,24750.0,24751.0,24742.25,24746.5,99
2026-03-03 06:52:00+00:00,24752.5,24754.5,24745.75,24749.5,116
2026-03-03 06:53:00+00:00,24749.5,24755.5,24749.5,24753.75,75
2026-03-03 06:54:00+00:00,24755.0,24756.75,24749.75,24750.75,79
2026-03-03 06:55:00+00:00,24753.5,24765.0,24750.5,24756.75,205
2026-03-03 06:56:00+00:00,24754.75,24758.25,24753.25,24753.25,83
2026-03-03 06:57:00+00:00,24761.0,24762.0,24755.0,24755.0,77
2026-03-03 06:58:00+00:00,24759.5,24765.25,24759.0,24762.25,78
2026-03-03 06:59:00+00:00,24754.0,24760.5,24753.25,24760.5,51
2026-03-03 07:00:00+00:00,24749.25,24753.75,24743.25,24753.25,220
2026-03-03 07:01:00+00:00,24744.25,24754.25,24741.0,24750.25,222
2026-03-03 07:02:00+00:00,24752.25,24756.0,24743.25,24744.75,194
2026-03-03 07:03:00+00:00,24739.0,24759.75,24737.5,24753.0,281
2026-03-03 07:04:00+00:00,24759.5,24759.75,24734.0,24738.5,360
2026-03-03 07:05:00+00:00,24763.5,24767.5,24755.75,24757.75,346
2026-03-03 07:06:00+00:00,24746.25,24763.5,24742.0,24762.0,431
2026-03-03 07:07:00+00:00,24740.75,24748.75,24737.75,24747.75,124
2026-03-03 07:08:00+00:00,24729.25,24744.75,24721.0,24742.25,499
2026-03-03 07:09:00+00:00,24735.0,24735.0,24727.5,24729.0,133
2026-03-03 07:10:00+00:00,24733.75,24739.25,24732.0,24736.0,117
2026-03-03 07:11:00+00:00,24732.25,24737.25,24729.75,24733.25,139
2026-03-03 07:12:00+00:00,24734.25,24737.75,24727.0,24730.75,119
2026-03-03 07:13:00+00:00,24738.25,24745.75,24729.25,24733.0,251
2026-03-03 07:14:00+00:00,24738.25,24741.75,24736.75,24737.75,54
2026-03-03 07:15:00+00:00,24735.25,24739.25,24729.75,24738.25,70
2026-03-03 07:16:00+00:00,24736.25,24739.0,24728.5,24734.75,171
2026-03-03 07:17:00+00:00,24745.75,24749.0,24736.5,24736.5,164
2026-03-03 07:18:00+00:00,24753.75,24754.0,24737.5,24746.0,206
2026-03-03 07:19:00+00:00,24751.25,24758.0,24749.5,24754.25,188
2026-03-03 07:20:00+00:00,24742.0,24753.75,24742.0,24750.5,133
2026-03-03 07:21:00+00:00,24740.5,24745.5,24734.0,24742.75,164
2026-03-03 07:22:00+00:00,24733.0,24742.5,24732.0,24742.25,49
2026-03-03 07:23:00+00:00,24712.0,24733.25,24707.25,24732.75,381
2026-03-03 07:24:00+00:00,24724.5,24726.5,24711.5,24711.5,184
2026-03-03 07:25:00+00:00,24722.25,24726.5,24718.5,24724.25,107
2026-03-03 07:26:00+00:00,24709.5,24733.0,24706.0,24724.25,295
2026-03-03 07:27:00+00:00,24698.25,24710.75,24694.75,24710.75,382
2026-03-03 07:28:00+00:00,24710.75,24712.75,24692.75,24700.75,311
2026-03-03 07:29:00+00:00,24703.75,24712.0,24703.25,24710.25,147
2026-03-03 07:30:00+00:00,24710.75,24713.5,24700.75,24703.75,130
2026-03-03 07:31:00+00:00,24702.75,24711.0,24698.75,24709.75,292
2026-03-03 07:32:00+00:00,24701.25,24709.75,24696.0,24703.0,135
2026-03-03 07:33:00+00:00,24702.75,24704.0,24692.75,24697.75,144
2026-03-03 07:34:00+00:00,24691.25,24705.75,24688.25,24702.75,222
2026-03-03 07:35:00+00:00,24685.75,24694.25,24685.75,24689.75,176
2026-03-03 07:36:00+00:00,24691.75,24695.25,24685.25,24686.25,183
2026-03-03 07:37:00+00:00,24682.5,24693.25,24680.0,24690.0,251
2026-03-03 07:38:00+00:00,24685.75,24691.25,24680.0,24684.0,223
2026-03-03 07:39:00+00:00,24686.75,24689.75,24676.5,24687.25,237
2026-03-03 07:40:00+00:00,24694.5,24697.0,24684.25,24686.75,190
2026-03-03 07:41:00+00:00,24688.5,24701.0,24687.0,24695.5,141
2026-03-03 07:42:00+00:00,24703.5,24704.75,24685.75,24689.25,139
2026-03-03 07:43:00+00:00,24702.0,24708.5,24701.75,24703.75,149
2026-03-03 07:44:00+00:00,24701.0,24706.25,24696.75,24702.0,157
2026-03-03 07:45:00+00:00,24710.25,24711.0,24699.5,24700.5,131
2026-03-03 07:46:00+00:00,24701.5,24713.5,24701.5,24710.25,156
2026-03-03 07:47:00+00:00,24699.0,24706.0,24695.0,24702.25,172
2026-03-03 07:48:00+00:00,24695.5,24701.5,24695.0,24699.5,98
2026-03-03 07:49:00+00:00,24683.75,24694.5,24682.75,24694.25,154
2026-03-03 07:50:00+00:00,24682.0,24685.5,24680.0,24684.0,126
2026-03-03 07:51:00+00:00,24681.5,24689.0,24677.5,24683.0,170
2026-03-03 07:52:00+00:00,24680.0,24687.5,24677.25,24681.5,142
2026-03-03 07:53:00+00:00,24681.25,24686.0,24679.25,24680.0,75
2026-03-03 07:54:00+00:00,24690.0,24693.5,24677.75,24681.25,244
2026-03-03 07:55:00+00:00,24686.75,24692.5,24680.5,24690.25,206
2026-03-03 07:56:00+00:00,24677.75,24687.25,24672.0,24686.25,282
2026-03-03 07:57:00+00:00,24679.0,24682.75,24675.5,24677.75,129
2026-03-03 07:58:00+00:00,24676.0,24684.25,24671.75,24678.0,177
2026-03-03 07:59:00+00:00,24676.0,24679.25,24668.5,24674.5,280
2026-03-03 08:00:00+00:00,24655.0,24674.75,24650.0,24674.75,872
2026-03-03 08:01:00+00:00,24672.5,24674.0,24648.0,24654.75,580
2026-03-03 08:02:00+00:00,24676.0,24679.0,24666.25,24670.0,414
2026-03-03 08:03:00+00:00,24690.75,24691.75,24676.75,24678.5,392
2026-03-03 08:04:00+00:00,24678.0,24690.75,24665.0,24690.25,322
2026-03-03 08:05:00+00:00,24676.0,24688.75,24673.25,24679.0,241
2026-03-03 08:06:00+00:00,24674.25,24685.75,24669.75,24676.0,209
2026-03-03 08:07:00+00:00,24660.75,24675.5,24658.75,24672.5,322
2026-03-03 08:08:00+00:00,24673.0,24674.0,24659.0,24660.25,235
2026-03-03 08:09:00+00:00,24690.0,24692.25,24666.75,24675.25,321
2026-03-03 08:10:00+00:00,24676.0,24694.5,24675.0,24690.75,355
2026-03-03 08:11:00+00:00,24679.0,24687.75,24668.0,24675.0,409
2026-03-03 08:12:00+00:00,24663.5,24677.25,24659.25,24677.0,227
2026-03-03 08:13:00+00:00,24652.25,24665.5,24645.0,24665.0,603
2026-03-03 08:14:00+00:00,24638.0,24653.25,24634.0,24652.0,490
2026-03-03 08:15:00+00:00,24638.75,24642.0,24627.0,24638.0,450
2026-03-03 08:16:00+00:00,24634.5,24642.0,24629.5,24636.25,477
2026-03-03 08:17:00+00:00,24644.0,24644.0,24630.5,24634.75,401
2026-03-03 08:18:00+00:00,24644.75,24650.0,24635.75,24643.5,347
2026-03-03 08:19:00+00:00,24653.0,24654.5,24632.75,24644.5,260
2026-03-03 08:20:00+00:00,24644.0,24658.5,24641.0,24652.0,304
2026-03-03 08:21:00+00:00,24657.5,24659.5,24632.75,24645.0,289
2026-03-03 08:22:00+00:00,24640.0,24662.0,24640.0,24657.25,273
2026-03-03 08:23:00+00:00,24646.0,24650.5,24637.25,24639.75,178
2026-03-03 08:24:00+00:00,24627.5,24649.25,24627.5,24646.75,218
2026-03-03 08:25:00+00:00,24623.25,24635.75,24619.0,24628.0,1095
2026-03-03 08:26:00+00:00,24620.75,24626.75,24617.75,24624.5,285
2026-03-03 08:27:00+00:00,24615.25,24627.0,24611.0,24620.0,285
2026-03-03 08:28:00+00:00,24601.5,24615.5,24600.0,24615.5,1221
2026-03-03 08:29:00+00:00,24598.75,24603.75,24597.75,24600.75,405
2026-03-03 08:30:00+00:00,24597.75,24605.0,24595.25,24598.0,347
2026-03-03 08:31:00+00:00,24602.5,24610.0,24596.5,24597.5,388
2026-03-03 08:32:00+00:00,24593.25,24602.5,24581.0,24602.5,1322
2026-03-03 08:33:00+00:00,24602.75,24612.75,24593.25,24593.25,506
2026-03-03 08:34:00+00:00,24607.75,24608.25,24599.5,24601.25,393
2026-03-03 08:35:00+00:00,24616.75,24618.5,24601.5,24607.0,436
2026-03-03 08:36:00+00:00,24610.0,24621.5,24603.25,24617.0,230
2026-03-03 08:37:00+00:00,24593.75,24613.0,24591.0,24610.25,273
2026-03-03 08:38:00+00:00,24579.75,24592.5,24578.25,24592.5,708
2026-03-03 08:39:00+00:00,24566.5,24578.75,24549.0,24578.75,1261
2026-03-03 08:40:00+00:00,24555.75,24566.25,24549.5,24566.25,579
2026-03-03 08:41:00+00:00,24560.25,24568.25,24547.0,24556.0,462
2026-03-03 08:42:00+00:00,24521.5,24560.0,24506.75,24559.75,1329
2026-03-03 08:43:00+00:00,24540.75,24547.0,24517.5,24520.5,620
2026-03-03 08:44:00+00:00,24539.0,24544.25,24533.25,24539.25,319
2026-03-03 08:45:00+00:00,24541.5,24544.75,24520.0,24538.75,597
2026-03-03 08:46:00+00:00,24525.75,24540.0,24517.75,24540.0,351
2026-03-03 08:47:00+00:00,24541.25,24548.0,24520.25,24524.0,336
2026-03-03 08:48:00+00:00,24526.75,24542.75,24522.25,24540.75,414
2026-03-03 08:49:00+00:00,24533.5,24543.0,24525.25,24526.0,414
2026-03-03 08:50:00+00:00,24542.5,24547.25,24533.0,24534.0,396
2026-03-03 08:51:00+00:00,24532.5,24547.25,24526.0,24542.25,406
2026-03-03 08:52:00+00:00,24525.0,24537.0,24522.5,24530.0,261
2026-03-03 08:53:00+00:00,24527.75,24529.0,24516.75,24523.75,379
2026-03-03 08:54:00+00:00,24517.75,24527.5,24510.5,24526.75,335
2026-03-03 08:55:00+00:00,24525.5,24528.0,24510.5,24515.75,430
2026-03-03 08:56:00+00:00,24512.5,24526.5,24510.5,24525.25,311
2026-03-03 08:57:00+00:00,24528.75,24528.75,24513.0,24513.25,241
2026-03-03 08:58:00+00:00,24516.75,24535.0,24513.75,24527.75,445
2026-03-03 08:59:00+00:00,24516.5,24520.25,24505.0,24516.5,337
2026-03-03 09:00:00+00:00,24545.0,24548.75,24515.25,24516.25,665
2026-03-03 09:01:00+00:00,24534.25,24553.0,24526.25,24543.5,457
2026-03-03 09:02:00+00:00,24535.5,24543.0,24532.25,24534.0,359
2026-03-03 09:03:00+00:00,24549.75,24549.75,24534.75,24535.75,353
2026-03-03 09:04:00+00:00,24543.0,24554.25,24541.0,24548.75,383
2026-03-03 09:05:00+00:00,24556.0,24558.25,24534.25,24541.75,493
2026-03-03 09:06:00+00:00,24552.5,24561.75,24547.5,24555.25,417
2026-03-03 09:07:00+00:00,24543.25,24555.0,24527.5,24553.25,556
2026-03-03 09:08:00+00:00,24567.5,24570.0,24540.5,24543.0,497
2026-03-03 09:09:00+00:00,24573.75,24581.75,24560.75,24567.25,494
2026-03-03 09:10:00+00:00,24562.25,24577.75,24556.0,24573.25,349
2026-03-03 09:11:00+00:00,24567.0,24571.75,24559.25,24563.25,412
2026-03-03 09:12:00+00:00,24546.5,24567.25,24542.0,24565.75,283
2026-03-03 09:13:00+00:00,24545.5,24551.75,24536.0,24546.75,183
2026-03-03 09:14:00+00:00,24560.0,24565.25,24540.5,24545.25,487
2026-03-03 09:15:00+00:00,24552.25,24560.0,24538.75,24558.5,214
2026-03-03 09:16:00+00:00,24540.5,24551.25,24534.5,24550.75,254
2026-03-03 09:17:00+00:00,24542.75,24549.75,24539.0,24540.25,312
2026-03-03 09:18:00+00:00,24528.75,24546.0,24526.5,24541.75,211
2026-03-03 09:19:00+00:00,24535.0,24535.5,24522.0,24527.5,228
2026-03-03 09:20:00+00:00,24536.5,24544.5,24528.5,24534.25,313
2026-03-03 09:21:00+00:00,24524.25,24537.0,24523.25,24535.75,148
2026-03-03 09:22:00+00:00,24524.5,24534.5,24520.0,24524.0,189
2026-03-03 09:23:00+00:00,24535.75,24536.0,24520.75,24524.5,232
2026-03-03 09:24:00+00:00,24551.75,24555.25,24527.5,24535.0,260
2026-03-03 09:25:00+00:00,24532.25,24561.0,24530.0,24552.25,358
2026-03-03 09:26:00+00:00,24515.5,24540.0,24512.0,24531.25,400
2026-03-03 09:27:00+00:00,24518.5,24523.5,24511.5,24515.75,235
2026-03-03 09:28:00+00:00,24515.75,24519.0,24509.0,24519.0,190
2026-03-03 09:29:00+00:00,24520.25,24521.75,24511.25,24515.5,190
2026-03-03 09:30:00+00:00,24533.25,24533.25,24517.0,24520.0,213
2026-03-03 09:31:00+00:00,24514.75,24535.5,24512.0,24532.75,193
2026-03-03 09:32:00+00:00,24516.75,24525.0,24508.0,24512.0,273
2026-03-03 09:33:00+00:00,24525.25,24530.75,24515.0,24518.5,149
2026-03-03 09:34:00+00:00,24502.25,24525.25,24500.25,24525.25,472
2026-03-03 09:35:00+00:00,24506.5,24514.25,24495.0,24503.75,718
2026-03-03 09:36:00+00:00,24511.5,24517.5,24502.0,24507.5,195
2026-03-03 09:37:00+00:00,24516.25,24516.25,24505.0,24511.25,189
2026-03-03 09:38:00+00:00,24538.5,24543.25,24513.75,24517.0,346
2026-03-03 09:39:00+00:00,24532.75,24539.75,24524.75,24539.5,163
2026-03-03 09:40:00+00:00,24532.75,24541.5,24532.0,24536.0,255
2026-03-03 09:41:00+00:00,24530.75,24536.75,24522.25,24531.0,303
2026-03-03 09:42:00+00:00,24517.0,24538.5,24517.0,24532.75,264
2026-03-03 09:43:00+00:00,24506.75,24521.75,24503.25,24516.25,283
2026-03-03 09:44:00+00:00,24500.25,24509.25,24496.5,24507.0,284
2026-03-03 09:45:00+00:00,24495.25,24502.5,24491.0,24500.25,439
2026-03-03 09:46:00+00:00,24478.0,24497.25,24470.75,24495.0,1076
2026-03-03 09:47:00+00:00,24496.25,24503.0,24478.0,24478.5,544
2026-03-03 09:48:00+00:00,24492.0,24500.0,24488.75,24497.5,177
2026-03-03 09:49:00+00:00,24484.0,24491.0,24476.75,24491.0,342
2026-03-03 09:50:00+00:00,24474.25,24492.25,24468.0,24485.25,477
2026-03-03 09:51:00+00:00,24465.25,24489.25,24464.25,24474.75,548
2026-03-03 09:52:00+00:00,24466.0,24475.25,24460.0,24466.5,514
2026-03-03 09:53:00+00:00,24467.75,24474.25,24455.0,24464.75,357
2026-03-03 09:54:00+00:00,24469.25,24476.75,24460.75,24467.25,335
2026-03-03 09:55:00+00:00,24480.5,24490.0,24469.75,24469.75,480
2026-03-03 09:56:00+00:00,24466.0,24483.25,24464.0,24480.25,296
2026-03-03 09:57:00+00:00,24461.75,24477.75,24461.75,24466.75,198
2026-03-03 09:58:00+00:00,24463.5,24463.75,24454.0,24461.75,352
2026-03-03 09:59:00+00:00,24453.75,24463.0,24444.0,24462.5,350
2026-03-03 10:00:00+00:00,24464.75,24470.75,24444.0,24454.0,537
2026-03-03 10:01:00+00:00,24455.75,24467.0,24442.5,24463.25,589
2026-03-03 10:02:00+00:00,24439.5,24458.0,24438.25,24455.25,869
2026-03-03 10:03:00+00:00,24457.5,24458.0,24437.5,24439.25,330
2026-03-03 10:04:00+00:00,24472.5,24484.0,24455.5,24457.25,512
2026-03-03 10:05:00+00:00,24456.75,24481.75,24456.75,24474.25,260
2026-03-03 10:06:00+00:00,24452.5,24473.75,24442.0,24458.25,307
2026-03-03 10:07:00+00:00,24442.75,24455.0,24440.0,24452.5,241
2026-03-03 10:08:00+00:00,24432.75,24444.75,24429.5,24444.5,350
2026-03-03 10:09:00+00:00,24431.5,24439.75,24425.5,24433.5,276
2026-03-03 10:10:00+00:00,24426.0,24435.25,24422.0,24432.0,278
2026-03-03 10:11:00+00:00,24433.5,24437.0,24422.0,24426.75,220
2026-03-03 10:12:00+00:00,24452.0,24452.0,24428.5,24435.25,439
2026-03-03 10:13:00+00:00,24454.0,24459.0,24440.25,24450.25,320
2026-03-03 10:14:00+00:00,24451.5,24457.0,24445.5,24454.75,215
2026-03-03 10:15:00+00:00,24442.0,24452.0,24439.5,24447.5,177
2026-03-03 10:16:00+00:00,24440.0,24454.5,24437.75,24442.25,200
2026-03-03 10:17:00+00:00,24474.25,24476.0,24439.25,24440.75,510
2026-03-03 10:18:00+00:00,24464.0,24473.0,24457.25,24473.0,347
2026-03-03 10:19:00+00:00,24450.5,24464.0,24450.0,24462.5,208
2026-03-03 10:20:00+00:00,24469.75,24472.5,24450.5,24450.5,228
2026-03-03 10:21:00+00:00,24462.5,24479.25,24460.0,24467.75,310
2026-03-03 10:22:00+00:00,24473.5,24480.0,24462.0,24464.75,274
2026-03-03 10:23:00+00:00,24461.75,24474.0,24460.0,24470.0,156
2026-03-03 10:24:00+00:00,24461.75,24467.25,24455.5,24460.5,232
2026-03-03 10:25:00+00:00,24461.25,24469.5,24456.25,24458.5,221
2026-03-03 10:26:00+00:00,24446.75,24465.5,24443.75,24462.25,236
2026-03-03 10:27:00+00:00,24454.25,24457.25,24444.75,24445.5,164
2026-03-03 10:28:00+00:00,24450.75,24455.75,24441.25,24454.25,210
2026-03-03 10:29:00+00:00,24436.75,24450.5,24433.75,24450.5,238
2026-03-03 10:30:00+00:00,24432.25,24447.75,24430.0,24436.5,581
2026-03-03 10:31:00+00:00,24437.25,24441.0,24430.5,24434.5,198
2026-03-03 10:32:00+00:00,24434.0,24451.0,24434.0,24438.0,249
2026-03-03 10:33:00+00:00,24405.75,24435.5,24394.75,24435.25,1721
2026-03-03 10:34:00+00:00,24403.75,24410.25,24395.0,24406.5,365
2026-03-03 10:35:00+00:00,24411.25,24415.5,24402.25,24404.75,388
2026-03-03 10:36:00+00:00,24400.5,24416.75,24393.0,24411.5,428
2026-03-03 10:37:00+00:00,24414.75,24416.25,24400.0,24402.5,445
2026-03-03 10:38:00+00:00,24405.75,24415.25,24394.5,24414.5,440
2026-03-03 10:39:00+00:00,24402.5,24408.0,24397.25,24405.25,476
2026-03-03 10:40:00+00:00,24444.0,24444.25,24402.75,24402.75,746
2026-03-03 10:41:00+00:00,24452.75,24458.25,24440.75,24444.75,883
2026-03-03 10:42:00+00:00,24457.5,24458.25,24439.5,24453.0,278
2026-03-03 10:43:00+00:00,24463.25,24470.25,24448.75,24457.5,534
2026-03-03 10:44:00+00:00,24469.0,24469.0,24441.5,24464.25,268
2026-03-03 10:45:00+00:00,24480.0,24482.5,24468.25,24468.25,568
2026-03-03 10:46:00+00:00,24469.5,24480.25,24458.0,24479.75,347
2026-03-03 10:47:00+00:00,24463.75,24483.0,24463.0,24469.25,373
2026-03-03 10:48:00+00:00,24462.5,24468.0,24458.25,24463.5,220
2026-03-03 10:49:00+00:00,24456.5,24468.0,24451.25,24461.25,230
2026-03-03 10:50:00+00:00,24471.0,24476.5,24454.5,24456.0,289
2026-03-03 10:51:00+00:00,24466.0,24478.0,24465.75,24472.25,198
2026-03-03 10:52:00+00:00,24461.25,24470.75,24447.5,24468.75,525
2026-03-03 10:53:00+00:00,24454.25,24466.5,24450.25,24460.0,214
2026-03-03 10:54:00+00:00,24455.5,24459.5,24450.75,24454.25,188
2026-03-03 10:55:00+00:00,24444.0,24459.25,24442.25,24452.5,246
2026-03-03 10:56:00+00:00,24442.5,24449.0,24435.5,24442.0,236
2026-03-03 10:57:00+00:00,24431.25,24443.5,24431.25,24440.75,199
2026-03-03 10:58:00+00:00,24438.0,24442.25,24425.5,24431.25,254
2026-03-03 10:59:00+00:00,24452.75,24461.0,24400.25,24438.25,1157
2026-03-03 11:00:00+00:00,24440.0,24453.5,24427.5,24450.25,354
2026-03-03 11:01:00+00:00,24448.25,24448.5,24429.5,24440.0,195
2026-03-03 11:02:00+00:00,24465.25,24465.25,24440.0,24448.25,189
2026-03-03 11:03:00+00:00,24466.0,24471.75,24458.75,24464.75,224
2026-03-03 11:04:00+00:00,24469.25,24478.25,24459.5,24465.0,373
2026-03-03 11:05:00+00:00,24460.5,24468.75,24448.5,24468.25,218
2026-03-03 11:06:00+00:00,24440.5,24459.5,24435.75,24459.5,319
2026-03-03 11:07:00+00:00,24436.5,24448.75,24429.0,24441.0,179
2026-03-03 11:08:00+00:00,24427.25,24444.0,24425.25,24435.5,264
2026-03-03 11:09:00+00:00,24444.5,24448.0,24424.5,24425.25,216
2026-03-03 11:10:00+00:00,24442.5,24446.75,24434.75,24443.75,210
2026-03-03 11:11:00+00:00,24433.75,24444.5,24430.5,24443.75,144
2026-03-03 11:12:00+00:00,24449.5,24452.0,24429.75,24434.0,274
2026-03-03 11:13:00+00:00,24441.0,24449.5,24432.5,24449.5,244
2026-03-03 11:14:00+00:00,24428.5,24442.25,24423.0,24442.0,262
2026-03-03 11:15:00+00:00,24443.5,24446.5,24428.0,24428.25,220
2026-03-03 11:16:00+00:00,24415.0,24445.25,24415.0,24444.75,267
2026-03-03 11:17:00+00:00,24413.0,24417.25,24402.25,24414.25,328
2026-03-03 11:18:00+00:00,24397.75,24414.0,24394.5,24411.75,303
2026-03-03 11:19:00+00:00,24406.0,24406.75,24394.25,24397.5,405
2026-03-03 11:20:00+00:00,24382.0,24412.25,24370.0,24407.25,868
2026-03-03 11:21:00+00:00,24422.5,24424.25,24382.75,24383.0,469
2026-03-03 11:22:00+00:00,24418.75,24431.0,24411.75,24423.25,251
2026-03-03 11:23:00+00:00,24441.5,24442.5,24406.5,24416.75,525
2026-03-03 11:24:00+00:00,24464.25,24465.5,24434.75,24442.5,506
2026-03-03 11:25:00+00:00,24457.5,24486.75,24457.5,24463.75,757
2026-03-03 11:26:00+00:00,24463.75,24474.25,24457.5,24457.5,268
2026-03-03 11:27:00+00:00,24461.75,24470.0,24454.25,24463.5,251
2026-03-03 11:28:00+00:00,24461.5,24475.75,24460.0,24462.75,331
2026-03-03 11:29:00+00:00,24455.0,24461.5,24447.75,24461.25,379
2026-03-03 11:30:00+00:00,24475.25,24478.25,24455.5,24457.75,363
2026-03-03 11:31:00+00:00,24470.25,24481.75,24470.25,24473.25,369
2026-03-03 11:32:00+00:00,24474.5,24476.75,24459.25,24470.75,219
2026-03-03 11:33:00+00:00,24471.75,24474.25,24459.25,24470.0,233
2026-03-03 11:34:00+00:00,24466.25,24475.25,24461.25,24472.25,177
2026-03-03 11:35:00+00:00,24488.5,24489.0,24460.0,24467.5,350
2026-03-03 11:36:00+00:00,24487.5,24496.25,24484.25,24487.5,527
2026-03-03 11:37:00+00:00,24479.75,24508.25,24479.0,24487.0,497
2026-03-03 11:38:00+00:00,24484.5,24487.0,24471.5,24481.25,196
2026-03-03 11:39:00+00:00,24486.75,24492.25,24482.25,24486.5,201
2026-03-03 11:40:00+00:00,24491.0,24494.0,24474.0,24486.75,199
2026-03-03 11:41:00+00:00,24485.0,24493.5,24480.0,24488.75,284
2026-03-03 11:42:00+00:00,24478.25,24495.25,24476.25,24483.25,221
2026-03-03 11:43:00+00:00,24476.75,24483.5,24474.0,24477.75,223
2026-03-03 11:44:00+00:00,24498.0,24501.75,24474.25,24476.0,324
2026-03-03 11:45:00+00:00,24503.5,24509.5,24497.5,24497.75,489
2026-03-03 11:46:00+00:00,24507.5,24514.25,24501.5,24501.75,308
2026-03-03 11:47:00+00:00,24491.75,24506.75,24491.25,24506.75,268
2026-03-03 11:48:00+00:00,24488.5,24496.75,24482.75,24490.5,201
2026-03-03 11:49:00+00:00,24485.75,24494.25,24481.25,24488.25,121
2026-03-03 11:50:00+00:00,24496.25,24499.5,24486.0,24487.75,182
2026-03-03 11:51:00+00:00,24491.5,24501.75,24487.0,24499.75,220
2026-03-03 11:52:00+00:00,24483.75,24492.0,24477.0,24491.0,258
2026-03-03 11:53:00+00:00,24489.0,24493.0,24481.25,24486.5,130
2026-03-03 11:54:00+00:00,24508.25,24509.75,24489.0,24489.0,302
2026-03-03 11:55:00+00:00,24502.0,24509.5,24498.25,24507.25,166
2026-03-03 11:56:00+00:00,24483.75,24502.5,24483.75,24501.0,221
2026-03-03 11:57:00+00:00,24480.75,24488.25,24477.5,24483.0,185
2026-03-03 11:58:00+00:00,24483.25,24489.0,24471.0,24481.5,361
2026-03-03 11:59:00+00:00,24488.5,24495.0,24478.5,24485.75,201
2026-03-03 12:00:00+00:00,24490.25,24504.75,24478.5,24487.0,630
2026-03-03 12:01:00+00:00,24484.25,24496.25,24481.5,24490.5,309
2026-03-03 12:02:00+00:00,24505.5,24506.0,24484.0,24484.25,230
2026-03-03 12:03:00+00:00,24514.25,24515.0,24495.5,24504.5,202
2026-03-03 12:04:00+00:00,24514.75,24517.0,24506.75,24514.25,312
2026-03-03 12:05:00+00:00,24516.75,24524.0,24506.5,24514.5,379
2026-03-03 12:06:00+00:00,24519.5,24524.5,24511.75,24516.25,290
2026-03-03 12:07:00+00:00,24522.5,24530.0,24517.0,24520.75,389
2026-03-03 12:08:00+00:00,24523.5,24526.0,24510.25,24521.0,288
2026-03-03 12:09:00+00:00,24548.75,24552.5,24517.0,24523.0,555
2026-03-03 12:10:00+00:00,24546.75,24551.25,24537.0,24548.25,614
2026-03-03 12:11:00+00:00,24562.75,24568.0,24546.0,24547.0,476
2026-03-03 12:12:00+00:00,24555.0,24576.0,24554.75,24563.75,424
2026-03-03 12:13:00+00:00,24550.0,24562.0,24548.75,24555.5,314
2026-03-03 12:14:00+00:00,24555.25,24569.5,24545.75,24551.75,479
2026-03-03 12:15:00+00:00,24552.0,24558.0,24544.5,24556.25,352
2026-03-03 12:16:00+00:00,24549.0,24553.0,24537.5,24549.5,277
2026-03-03 12:17:00+00:00,24556.5,24558.0,24535.5,24551.0,319
2026-03-03 12:18:00+00:00,24564.75,24567.0,24551.0,24557.5,290
2026-03-03 12:19:00+00:00,24560.0,24564.25,24547.0,24564.0,267
2026-03-03 12:20:00+00:00,24571.0,24572.25,24545.75,24559.25,569
2026-03-03 12:21:00+00:00,24597.0,24601.25,24570.0,24571.75,873
2026-03-03 12:22:00+00:00,24590.0,24599.75,24579.25,24598.25,554
2026-03-03 12:23:00+00:00,24578.0,24594.5,24565.5,24592.0,360
2026-03-03 12:24:00+00:00,24573.0,24584.0,24569.0,24577.75,237
2026-03-03 12:25:00+00:00,24582.25,24585.0,24566.0,24573.25,202
2026-03-03 12:26:00+00:00,24582.5,24591.0,24579.75,24581.25,190
2026-03-03 12:27:00+00:00,24588.0,24588.0,24576.0,24581.5,238
2026-03-03 12:28:00+00:00,24576.0,24589.0,24573.75,24587.75,318
2026-03-03 12:29:00+00:00,24571.5,24580.0,24570.75,24575.0,207
2026-03-03 12:30:00+00:00,24567.5,24575.0,24562.0,24570.5,347
2026-03-03 12:31:00+00:00,24560.25,24568.75,24559.0,24568.75,276
2026-03-03 12:32:00+00:00,24553.5,24559.75,24549.75,24559.0,548
2026-03-03 12:33:00+00:00,24563.0,24564.5,24554.5,24555.75,256
2026-03-03 12:34:00+00:00,24578.25,24578.75,24562.25,24562.25,369
2026-03-03 12:35:00+00:00,24562.5,24579.25,24560.25,24579.25,290
2026-03-03 12:36:00+00:00,24563.75,24574.5,24561.0,24561.25,265
2026-03-03 12:37:00+00:00,24568.75,24580.0,24563.0,24563.0,186
2026-03-03 12:38:00+00:00,24574.75,24576.0,24566.0,24568.75,129
2026-03-03 12:39:00+00:00,24573.25,24591.5,24565.0,24576.25,475
2026-03-03 12:40:00+00:00,24563.75,24578.25,24559.75,24571.75,300
2026-03-03 12:41:00+00:00,24567.75,24570.75,24555.75,24567.5,205
2026-03-03 12:42:00+00:00,24585.75,24585.75,24561.0,24568.0,199
2026-03-03 12:43:00+00:00,24581.0,24585.25,24573.25,24585.0,174
2026-03-03 12:44:00+00:00,24581.25,24583.25,24573.25,24581.0,245
2026-03-03 12:45:00+00:00,24590.0,24590.0,24577.5,24582.0,158
2026-03-03 12:46:00+00:00,24594.5,24597.5,24582.0,24588.5,188
2026-03-03 12:47:00+00:00,24596.25,24599.25,24588.75,24594.25,326
2026-03-03 12:48:00+00:00,24587.0,24599.0,24583.5,24597.0,274
2026-03-03 12:49:00+00:00,24597.5,24606.75,24580.75,24585.75,434
2026-03-03 12:50:00+00:00,24588.75,24600.75,24588.75,24596.75,230
2026-03-03 12:51:00+00:00,24591.0,24605.0,24562.5,24589.5,653
2026-03-03 12:52:00+00:00,24566.5,24591.75,24564.25,24591.25,226
2026-03-03 12:53:00+00:00,24566.75,24571.75,24557.25,24565.25,261
2026-03-03 12:54:00+00:00,24578.5,24580.0,24564.0,24569.5,268
2026-03-03 12:55:00+00:00,24588.75,24590.0,24576.25,24577.25,237
2026-03-03 12:56:00+00:00,24585.0,24599.0,24582.25,24590.0,215
2026-03-03 12:57:00+00:00,24586.25,24589.75,24576.0,24580.75,169
2026-03-03 12:58:00+00:00,24587.25,24589.0,24578.75,24587.25,107
2026-03-03 12:59:00+00:00,24583.5,24592.25,24578.75,24585.0,190
2026-03-03 13:00:00+00:00,24577.75,24590.0,24575.5,24584.0,191
2026-03-03 13:01:00+00:00,24569.75,24579.25,24562.0,24578.0,202
2026-03-03 13:02:00+00:00,24565.5,24570.0,24554.0,24570.0,233
2026-03-03 13:03:00+00:00,24560.75,24573.25,24560.0,24567.25,174
2026-03-03 13:04:00+00:00,24565.5,24569.75,24555.0,24560.75,137
2026-03-03 13:05:00+00:00,24558.5,24569.75,24556.5,24565.0,238
2026-03-03 13:06:00+00:00,24557.0,24564.75,24552.75,24559.0,217
2026-03-03 13:07:00+00:00,24547.75,24559.0,24546.0,24557.25,419
2026-03-03 13:08:00+00:00,24551.75,24554.25,24544.75,24547.75,299
2026-03-03 13:09:00+00:00,24542.5,24555.5,24541.75,24551.75,220
2026-03-03 13:10:00+00:00,24545.25,24549.25,24539.75,24543.25,284
2026-03-03 13:11:00+00:00,24549.25,24555.25,24542.75,24545.0,277
2026-03-03 13:12:00+00:00,24532.5,24550.25,24531.25,24548.0,463
2026-03-03 13:13:00+00:00,24542.25,24543.0,24528.5,24532.75,423
2026-03-03 13:14:00+00:00,24549.5,24558.5,24541.0,24541.0,334
2026-03-03 13:15:00+00:00,24546.5,24554.25,24542.75,24550.5,236
2026-03-03 13:16:00+00:00,24552.5,24554.75,24539.75,24547.25,177
2026-03-03 13:17:00+00:00,24560.5,24562.75,24549.0,24554.25,297
2026-03-03 13:18:00+00:00,24556.5,24571.25,24548.25,24560.75,545
2026-03-03 13:19:00+00:00,24554.75,24559.5,24546.0,24558.0,341
2026-03-03 13:20:00+00:00,24572.0,24573.5,24553.25,24553.75,337
2026-03-03 13:21:00+00:00,24566.0,24575.5,24553.25,24571.25,388
2026-03-03 13:22:00+00:00,24561.0,24570.25,24560.25,24567.5,185
2026-03-03 13:23:00+00:00,24544.25,24570.0,24542.0,24560.75,418
2026-03-03 13:24:00+00:00,24549.75,24549.75,24536.25,24544.25,503
2026-03-03 13:25:00+00:00,24536.25,24550.25,24529.75,24550.0,313
2026-03-03 13:26:00+00:00,24527.25,24538.75,24525.0,24538.5,217
2026-03-03 13:27:00+00:00,24529.0,24535.25,24526.0,24526.75,171
2026-03-03 13:28:00+00:00,24516.75,24530.75,24515.0,24529.75,301
2026-03-03 13:29:00+00:00,24529.75,24533.5,24517.25,24517.75,262
2026-03-03 13:30:00+00:00,24505.75,24532.75,24504.0,24530.25,797
2026-03-03 13:31:00+00:00,24483.75,24510.0,24481.25,24506.75,795
2026-03-03 13:32:00+00:00,24481.0,24492.25,24480.0,24483.0,590
2026-03-03 13:33:00+00:00,24502.75,24507.75,24474.25,24481.5,833
2026-03-03 13:34:00+00:00,24505.0,24505.0,24490.25,24504.0,298
2026-03-03 13:35:00+00:00,24487.25,24513.25,24479.75,24503.0,663
2026-03-03 13:36:00+00:00,24489.5,24493.75,24478.0,24488.0,679
2026-03-03 13:37:00+00:00,24482.5,24491.25,24477.5,24490.25,257
2026-03-03 13:38:00+00:00,24497.0,24500.75,24477.75,24482.25,412
2026-03-03 13:39:00+00:00,24498.0,24505.5,24488.0,24498.75,389
2026-03-03 13:40:00+00:00,24501.75,24510.25,24486.0,24499.75,394
2026-03-03 13:41:00+00:00,24514.0,24516.25,24501.5,24501.5,344
2026-03-03 13:42:00+00:00,24502.0,24521.5,24488.75,24515.5,700
2026-03-03 13:43:00+00:00,24492.25,24501.25,24483.0,24501.25,369
2026-03-03 13:44:00+00:00,24495.5,24505.75,24490.25,24490.25,276
2026-03-03 13:45:00+00:00,24487.5,24500.25,24481.5,24496.0,288
2026-03-03 13:46:00+00:00,24478.5,24491.5,24475.25,24486.75,344
2026-03-03 13:47:00+00:00,24473.75,24484.5,24471.5,24476.5,493
2026-03-03 13:48:00+00:00,24483.5,24486.0,24466.0,24473.75,705
2026-03-03 13:49:00+00:00,24475.75,24484.25,24471.75,24482.0,263
2026-03-03 13:50:00+00:00,24475.25,24485.5,24474.75,24476.25,240
2026-03-03 13:51:00+00:00,24471.5,24476.25,24467.5,24476.25,224
2026-03-03 13:52:00+00:00,24472.0,24479.0,24447.75,24472.5,790
2026-03-03 13:53:00+00:00,24496.25,24501.0,24470.25,24472.75,638
2026-03-03 13:54:00+00:00,24478.75,24497.0,24469.5,24496.75,677
2026-03-03 13:55:00+00:00,24482.0,24489.75,24473.5,24478.0,316
2026-03-03 13:56:00+00:00,24487.75,24496.0,24476.5,24480.0,510
2026-03-03 13:57:00+00:00,24485.0,24490.25,24477.25,24486.75,326
2026-03-03 13:58:00+00:00,24487.25,24495.25,24481.5,24487.0,189
2026-03-03 13:59:00+00:00,24495.0,24499.0,24486.5,24486.5,251
2026-03-03 14:00:00+00:00,24494.0,24497.75,24487.5,24496.0,529
2026-03-03 14:01:00+00:00,24476.0,24500.25,24472.0,24492.75,538
2026-03-03 14:02:00+00:00,24484.0,24488.0,24470.75,24477.5,366
2026-03-03 14:03:00+00:00,24477.0,24487.0,24466.0,24484.25,388
2026-03-03 14:04:00+00:00,24482.5,24484.0,24472.0,24477.0,236
2026-03-03 14:05:00+00:00,24483.0,24488.25,24477.5,24481.75,325
2026-03-03 14:06:00+00:00,24495.5,24504.0,24482.0,24485.0,434
2026-03-03 14:07:00+00:00,24486.25,24507.0,24486.25,24496.0,330
2026-03-03 14:08:00+00:00,24498.5,24501.0,24478.5,24486.25,421
2026-03-03 14:09:00+00:00,24497.25,24506.5,24494.75,24498.0,339
2026-03-03 14:10:00+00:00,24476.0,24497.25,24473.0,24497.25,476
2026-03-03 14:11:00+00:00,24463.75,24477.5,24456.0,24475.5,691
2026-03-03 14:12:00+00:00,24477.25,24479.0,24463.25,24463.75,531
2026-03-03 14:13:00+00:00,24480.0,24483.5,24475.75,24477.5,250
2026-03-03 14:14:00+00:00,24478.75,24484.0,24471.75,24479.5,223
2026-03-03 14:15:00+00:00,24488.0,24505.0,24478.25,24478.25,746
2026-03-03 14:16:00+00:00,24474.25,24493.0,24471.25,24489.25,491
2026-03-03 14:17:00+00:00,24496.5,24499.25,24474.25,24475.25,380
2026-03-03 14:18:00+00:00,24503.5,24505.25,24491.5,24496.25,345
2026-03-03 14:19:00+00:00,24496.0,24511.0,24491.75,24503.25,723
2026-03-03 14:20:00+00:00,24499.0,24508.5,24495.25,24496.0,368
2026-03-03 14:21:00+00:00,24503.25,24507.25,24491.25,24497.75,312
2026-03-03 14:22:00+00:00,24524.25,24533.0,24502.25,24503.5,942
2026-03-03 14:23:00+00:00,24532.5,24537.0,24518.5,24524.25,569
2026-03-03 14:24:00+00:00,24517.25,24543.5,24511.0,24533.5,595
2026-03-03 14:25:00+00:00,24519.75,24531.75,24507.75,24516.25,592
2026-03-03 14:26:00+00:00,24530.25,24534.25,24517.75,24519.5,454
2026-03-03 14:27:00+00:00,24524.5,24531.25,24517.75,24529.75,683
2026-03-03 14:28:00+00:00,24521.75,24527.5,24515.25,24523.25,483
2026-03-03 14:29:00+00:00,24533.5,24537.0,24508.5,24521.75,1278
2026-03-03 14:30:00+00:00,24610.5,24611.5,24515.25,24534.5,6325
2026-03-03 14:31:00+00:00,24603.25,24627.0,24560.0,24609.25,5885
2026-03-03 14:32:00+00:00,24578.75,24607.75,24568.0,24599.5,3110
2026-03-03 14:33:00+00:00,24587.25,24594.5,24562.5,24579.0,2473
2026-03-03 14:34:00+00:00,24527.75,24595.0,24525.25,24587.0,3426
2026-03-03 14:35:00+00:00,24550.25,24558.0,24502.5,24528.5,4559
2026-03-03 14:36:00+00:00,24593.75,24620.0,24538.25,24551.5,5071
2026-03-03 14:37:00+00:00,24641.5,24644.0,24591.5,24593.5,3841
2026-03-03 14:38:00+00:00,24644.5,24656.75,24629.75,24641.75,2937
2026-03-03 14:39:00+00:00,24593.75,24661.25,24591.5,24645.0,3154
2026-03-03 14:40:00+00:00,24599.25,24610.5,24568.5,24592.75,2901
2026-03-03 14:41:00+00:00,24560.0,24602.75,24558.0,24599.0,2234
2026-03-03 14:42:00+00:00,24551.75,24566.5,24538.75,24560.5,2109
2026-03-03 14:43:00+00:00,24549.5,24563.5,24531.0,24552.0,2064
2026-03-03 14:44:00+00:00,24533.0,24558.0,24514.5,24549.0,2452
2026-03-03 14:45:00+00:00,24570.0,24573.5,24514.5,24532.0,3368
2026-03-03 14:46:00+00:00,24593.0,24614.25,24566.0,24570.75,2850
2026-03-03 14:47:00+00:00,24558.25,24604.75,24538.0,24594.25,2685
2026-03-03 14:48:00+00:00,24523.25,24561.25,24520.0,24557.75,1810
2026-03-03 14:49:00+00:00,24502.25,24532.5,24490.5,24523.75,2641
2026-03-03 14:50:00+00:00,24518.0,24535.25,24489.25,24502.0,2975
2026-03-03 14:51:00+00:00,24528.0,24569.75,24516.0,24519.25,2829
2026-03-03 14:52:00+00:00,24530.25,24555.75,24515.0,24528.25,1908
2026-03-03 14:53:00+00:00,24551.0,24558.75,24521.75,24530.5,1766
2026-03-03 14:54:00+00:00,24543.0,24558.75,24509.75,24551.75,1667
2026-03-03 14:55:00+00:00,24538.5,24551.0,24510.0,24544.0,1916
2026-03-03 14:56:00+00:00,24517.75,24540.75,24513.0,24538.75,1623
2026-03-03 14:57:00+00:00,24520.5,24533.0,24510.0,24517.75,1539
2026-03-03 14:58:00+00:00,24490.0,24521.5,24482.25,24520.75,1934
2026-03-03 14:59:00+00:00,24489.25,24505.75,24480.25,24489.0,2166
2026-03-03 15:00:00+00:00,24513.25,24562.5,24478.0,24489.0,4302
2026-03-03 15:01:00+00:00,24487.5,24548.5,24486.5,24512.75,2413
2026-03-03 15:02:00+00:00,24475.5,24514.5,24474.0,24487.25,2664
2026-03-03 15:03:00+00:00,24489.25,24509.25,24471.75,24475.0,2518
2026-03-03 15:04:00+00:00,24485.0,24498.75,24463.25,24488.5,2123
2026-03-03 15:05:00+00:00,24498.75,24503.0,24459.75,24484.25,1802
2026-03-03 15:06:00+00:00,24520.75,24541.5,24486.75,24498.75,2813
2026-03-03 15:07:00+00:00,24493.25,24538.0,24491.5,24521.5,1624
2026-03-03 15:08:00+00:00,24482.75,24500.25,24471.0,24494.25,1397
2026-03-03 15:09:00+00:00,24503.0,24521.75,24479.25,24483.25,1738
2026-03-03 15:10:00+00:00,24491.25,24515.0,24479.75,24503.5,1831
2026-03-03 15:11:00+00:00,24510.25,24538.5,24488.0,24492.25,1910
2026-03-03 15:12:00+00:00,24515.5,24550.75,24504.0,24510.25,2087
2026-03-03 15:13:00+00:00,24491.75,24520.75,24486.0,24514.75,1431
2026-03-03 15:14:00+00:00,24502.75,24516.25,24484.5,24492.25,1446
2026-03-03 15:15:00+00:00,24494.75,24518.5,24490.75,24501.25,1295
2026-03-03 15:16:00+00:00,24469.5,24495.75,24462.25,24493.75,1989
2026-03-03 15:17:00+00:00,24452.75,24474.75,24444.0,24468.5,1833
2026-03-03 15:18:00+00:00,24433.25,24456.0,24427.5,24453.0,2467
2026-03-03 15:19:00+00:00,24434.75,24441.5,24428.0,24433.25,1310
2026-03-03 15:20:00+00:00,24415.0,24442.5,24412.75,24434.25,1892
2026-03-03 15:21:00+00:00,24402.5,24418.75,24399.25,24415.25,1796
2026-03-03 15:22:00+00:00,24388.25,24412.0,24384.0,24402.75,1711
2026-03-03 15:23:00+00:00,24410.75,24416.25,24385.25,24388.75,1895
2026-03-03 15:24:00+00:00,24397.75,24411.25,24392.0,24410.5,1596
2026-03-03 15:25:00+00:00,24371.75,24402.25,24366.0,24397.25,2415
2026-03-03 15:26:00+00:00,24364.75,24392.0,24360.5,24372.5,1884
2026-03-03 15:27:00+00:00,24374.75,24378.75,24357.75,24366.0,1763
2026-03-03 15:28:00+00:00,24356.5,24379.0,24352.5,24375.25,1898
2026-03-03 15:29:00+00:00,24358.5,24370.25,24352.0,24357.0,1366
2026-03-03 15:30:00+00:00,24376.0,24394.0,24356.25,24358.75,2582
2026-03-03 15:31:00+00:00,24428.0,24440.0,24373.25,24376.25,3337
2026-03-03 15:32:00+00:00,24412.75,24439.0,24408.0,24428.25,2175
2026-03-03 15:33:00+00:00,24405.75,24415.0,24395.0,24410.75,1428
2026-03-03 15:34:00+00:00,24405.25,24414.5,24390.75,24405.0,1502
2026-03-03 15:35:00+00:00,24411.25,24424.0,24404.0,24406.5,1247
2026-03-03 15:36:00+00:00,24441.5,24459.25,24393.0,24409.5,1912
2026-03-03 15:37:00+00:00,24438.25,24459.75,24429.25,24441.75,1338
2026-03-03 15:38:00+00:00,24429.0,24447.0,24425.75,24438.0,873
2026-03-03 15:39:00+00:00,24438.5,24456.25,24425.0,24430.0,1363
2026-03-03 15:40:00+00:00,24454.5,24472.75,24422.0,24437.0,1801
2026-03-03 15:41:00+00:00,24445.75,24468.0,24444.0,24454.0,1448
2026-03-03 15:42:00+00:00,24447.25,24466.0,24433.0,24445.0,1040
2026-03-03 15:43:00+00:00,24413.5,24448.5,24407.5,24448.5,1668
2026-03-03 15:44:00+00:00,24415.25,24422.5,24402.25,24413.5,1185
2026-03-03 15:45:00+00:00,24423.5,24443.25,24412.25,24415.5,1645
2026-03-03 15:46:00+00:00,24429.75,24460.0,24416.25,24421.5,1292
2026-03-03 15:47:00+00:00,24440.75,24449.75,24418.75,24430.25,1258
2026-03-03 15:48:00+00:00,24418.0,24447.5,24413.25,24441.5,1173
2026-03-03 15:49:00+00:00,24420.5,24423.25,24392.75,24418.0,1657
2026-03-03 15:50:00+00:00,24398.75,24419.75,24380.0,24419.25,1549
2026-03-03 15:51:00+00:00,24403.75,24418.5,24391.5,24398.75,1087
2026-03-03 15:52:00+00:00,24409.75,24440.0,24399.0,24403.25,1561
2026-03-03 15:53:00+00:00,24393.0,24416.5,24387.0,24411.5,1097
2026-03-03 15:54:00+00:00,24381.0,24395.0,24373.0,24392.25,1257
2026-03-03 15:55:00+00:00,24383.5,24394.5,24377.0,24381.0,1045
2026-03-03 15:56:00+00:00,24403.75,24433.25,24383.5,24383.75,2120
2026-03-03 15:57:00+00:00,24421.5,24425.0,24391.75,24404.0,1303
2026-03-03 15:58:00+00:00,24443.0,24445.5,24420.25,24420.25,1583
2026-03-03 15:59:00+00:00,24446.75,24453.0,24435.0,24442.25,1369
2026-03-03 16:00:00+00:00,24441.0,24464.75,24436.5,24447.25,1604
2026-03-03 16:01:00+00:00,24449.5,24463.5,24438.75,24440.25,978
2026-03-03 16:02:00+00:00,24445.25,24461.25,24439.5,24448.25,1056
2026-03-03 16:03:00+00:00,24475.75,24481.25,24445.5,24445.5,1488
2026-03-03 16:04:00+00:00,24519.25,24524.5,24466.25,24476.0,3002
2026-03-03 16:05:00+00:00,24547.0,24550.0,24519.25,24520.5,2469
2026-03-03 16:06:00+00:00,24554.75,24573.0,24540.25,24546.75,2097
2026-03-03 16:07:00+00:00,24556.25,24570.25,24546.75,24557.0,1441
2026-03-03 16:08:00+00:00,24580.75,24586.25,24548.25,24557.25,1937
2026-03-03 16:09:00+00:00,24564.75,24585.5,24556.25,24581.25,1567
2026-03-03 16:10:00+00:00,24563.25,24570.5,24553.0,24566.0,1218
2026-03-03 16:11:00+00:00,24559.5,24564.75,24544.5,24563.25,1033
2026-03-03 16:12:00+00:00,24558.5,24569.75,24552.75,24560.0,1157
2026-03-03 16:13:00+00:00,24584.5,24592.0,24553.75,24559.5,1383
2026-03-03 16:14:00+00:00,24572.0,24587.75,24564.0,24583.75,1328
2026-03-03 16:15:00+00:00,24596.0,24597.5,24572.25,24573.0,1579
2026-03-03 16:16:00+00:00,24595.0,24597.5,24583.5,24596.25,1260
2026-03-03 16:17:00+00:00,24602.25,24609.25,24591.0,24597.5,1341
2026-03-03 16:18:00+00:00,24600.0,24620.0,24596.0,24603.25,1275
2026-03-03 16:19:00+00:00,24584.5,24606.0,24577.75,24601.0,1428
2026-03-03 16:20:00+00:00,24596.75,24601.75,24570.0,24585.25,1325
2026-03-03 16:21:00+00:00,24591.0,24599.25,24575.75,24597.25,1377
2026-03-03 16:22:00+00:00,24595.5,24614.0,24572.25,24591.5,1307
2026-03-03 16:23:00+00:00,24620.0,24625.0,24593.25,24595.5,1234
2026-03-03 16:24:00+00:00,24628.0,24632.75,24604.0,24619.0,1514
2026-03-03 16:25:00+00:00,24635.75,24640.0,24618.75,24628.75,1240
2026-03-03 16:26:00+00:00,24627.0,24638.75,24618.25,24637.5,1677
2026-03-03 16:27:00+00:00,24620.75,24642.5,24617.75,24627.25,1088
2026-03-03 16:28:00+00:00,24622.75,24632.75,24612.0,24620.5,1010
2026-03-03 16:29:00+00:00,24618.75,24633.75,24614.25,24624.0,846
2026-03-03 16:30:00+00:00,24605.75,24625.0,24597.75,24618.0,1821
2026-03-03 16:31:00+00:00,24586.5,24608.75,24583.25,24605.25,1397
2026-03-03 16:32:00+00:00,24576.5,24589.5,24566.75,24587.5,1405
2026-03-03 16:33:00+00:00,24577.0,24594.0,24563.25,24577.75,1215
2026-03-03 16:34:00+00:00,24608.25,24618.0,24577.0,24578.0,1265
2026-03-03 16:35:00+00:00,24618.25,24630.0,24606.75,24609.0,1165
2026-03-03 16:36:00+00:00,24629.25,24646.0,24613.5,24619.25,1578
2026-03-03 16:37:00+00:00,24621.75,24639.0,24618.5,24629.0,813
2026-03-03 16:38:00+00:00,24614.5,24624.5,24600.5,24622.5,1096
2026-03-03 16:39:00+00:00,24625.0,24626.0,24608.5,24613.75,617
2026-03-03 16:40:00+00:00,24622.0,24624.75,24606.5,24623.75,783
2026-03-03 16:41:00+00:00,24614.75,24630.75,24614.25,24623.0,876
2026-03-03 16:42:00+00:00,24607.75,24620.25,24590.0,24615.0,1263
2026-03-03 16:43:00+00:00,24640.75,24652.0,24584.25,24608.5,2804
2026-03-03 16:44:00+00:00,24647.5,24653.75,24622.5,24641.25,1547
2026-03-03 16:45:00+00:00,24676.0,24678.25,24644.75,24647.25,2344
2026-03-03 16:46:00+00:00,24718.25,24724.75,24673.25,24676.0,2730
2026-03-03 16:47:00+00:00,24698.5,24720.25,24695.0,24717.5,1946
2026-03-03 16:48:00+00:00,24695.0,24704.5,24674.5,24696.75,2027
2026-03-03 16:49:00+00:00,24690.25,24695.5,24660.75,24695.25,1327
2026-03-03 16:50:00+00:00,24681.25,24700.0,24668.0,24690.5,1034
2026-03-03 16:51:00+00:00,24668.0,24691.25,24667.0,24681.5,1074
2026-03-03 16:52:00+00:00,24682.75,24694.25,24665.5,24668.25,872
2026-03-03 16:53:00+00:00,24693.0,24696.75,24678.75,24682.75,794
2026-03-03 16:54:00+00:00,24694.5,24696.25,24674.75,24693.25,862
2026-03-03 16:55:00+00:00,24701.25,24706.75,24681.5,24695.0,1137
2026-03-03 16:56:00+00:00,24707.0,24711.0,24683.0,24701.0,984
2026-03-03 16:57:00+00:00,24689.75,24706.75,24685.25,24706.75,729
2026-03-03 16:58:00+00:00,24682.5,24700.5,24677.75,24690.75,972
2026-03-03 16:59:00+00:00,24671.0,24687.5,24661.0,24682.5,1368
2026-03-03 17:00:00+00:00,24673.5,24691.5,24661.0,24672.0,1382
2026-03-03 17:01:00+00:00,24655.5,24676.75,24645.0,24673.0,1418
2026-03-03 17:02:00+00:00,24668.5,24669.75,24642.25,24654.75,921
2026-03-03 17:03:00+00:00,24654.0,24671.75,24649.5,24669.25,738
2026-03-03 17:04:00+00:00,24674.25,24676.5,24642.25,24654.5,987
2026-03-03 17:05:00+00:00,24670.25,24685.75,24661.0,24674.0,1027
2026-03-03 17:06:00+00:00,24688.0,24690.25,24667.0,24672.0,652
2026-03-03 17:07:00+00:00,24662.5,24690.25,24655.75,24687.5,992
2026-03-03 17:08:00+00:00,24643.5,24667.25,24640.75,24663.0,1036
2026-03-03 17:09:00+00:00,24638.0,24650.5,24630.75,24643.75,1477
2026-03-03 17:10:00+00:00,24640.5,24652.5,24632.25,24637.75,953
2026-03-03 17:11:00+00:00,24637.5,24652.5,24630.25,24639.5,719
2026-03-03 17:12:00+00:00,24635.0,24651.5,24620.5,24637.0,1301
2026-03-03 17:13:00+00:00,24633.25,24645.0,24628.5,24635.25,510
2026-03-03 17:14:00+00:00,24656.5,24659.25,24632.0,24634.0,700
2026-03-03 17:15:00+00:00,24655.5,24658.25,24639.75,24656.0,705
2026-03-03 17:16:00+00:00,24635.0,24666.75,24631.75,24656.0,1088
2026-03-03 17:17:00+00:00,24657.75,24659.0,24637.25,24638.5,934
2026-03-03 17:18:00+00:00,24669.5,24680.5,24651.0,24656.75,1389
2026-03-03 17:19:00+00:00,24674.0,24679.0,24664.0,24668.5,563
2026-03-03 17:20:00+00:00,24651.75,24682.0,24640.0,24674.0,927
2026-03-03 17:21:00+00:00,24669.5,24671.0,24643.0,24652.25,652
2026-03-03 17:22:00+00:00,24684.0,24685.0,24660.25,24668.75,575
2026-03-03 17:23:00+00:00,24683.25,24697.5,24679.75,24682.5,908
2026-03-03 17:24:00+00:00,24697.0,24697.25,24680.25,24683.25,508
2026-03-03 17:25:00+00:00,24696.75,24707.75,24688.25,24698.0,750
2026-03-03 17:26:00+00:00,24687.5,24697.0,24675.5,24696.25,966
2026-03-03 17:27:00+00:00,24686.75,24694.75,24674.5,24686.75,529
2026-03-03 17:28:00+00:00,24701.5,24705.25,24684.0,24686.75,587
2026-03-03 17:29:00+00:00,24703.5,24712.25,24701.25,24701.75,649
2026-03-03 17:30:00+00:00,24682.5,24707.5,24677.5,24704.75,805
2026-03-03 17:31:00+00:00,24656.25,24681.5,24654.0,24681.25,1126
2026-03-03 17:32:00+00:00,24646.75,24660.0,24644.0,24655.75,932
2026-03-03 17:33:00+00:00,24633.25,24648.5,24628.5,24647.0,823
2026-03-03 17:34:00+00:00,24619.25,24634.75,24609.75,24633.75,1160
2026-03-03 17:35:00+00:00,24618.5,24623.5,24603.5,24619.25,1254
2026-03-03 17:36:00+00:00,24644.25,24644.25,24602.5,24618.0,1427
2026-03-03 17:37:00+00:00,24638.5,24649.0,24628.0,24643.25,723
2026-03-03 17:38:00+00:00,24626.25,24643.5,24623.0,24637.5,551
2026-03-03 17:39:00+00:00,24627.5,24633.75,24622.25,24625.25,408
2026-03-03 17:40:00+00:00,24653.0,24653.75,24626.5,24628.5,726
2026-03-03 17:41:00+00:00,24636.25,24659.5,24634.25,24653.25,544
2026-03-03 17:42:00+00:00,24658.0,24658.0,24635.25,24635.75,504
2026-03-03 17:43:00+00:00,24687.5,24690.5,24657.0,24657.25,1253
2026-03-03 17:44:00+00:00,24692.75,24696.75,24683.0,24688.25,679
2026-03-03 17:45:00+00:00,24681.25,24699.0,24681.0,24692.0,790
2026-03-03 17:46:00+00:00,24666.5,24689.75,24665.0,24682.75,694
2026-03-03 17:47:00+00:00,24677.0,24677.0,24665.0,24667.0,434
2026-03-03 17:48:00+00:00,24678.75,24681.75,24669.5,24676.25,383
2026-03-03 17:49:00+00:00,24688.5,24698.0,24678.5,24679.0,530
2026-03-03 17:50:00+00:00,24679.75,24690.0,24672.75,24688.0,457
2026-03-03 17:51:00+00:00,24683.25,24689.0,24674.5,24678.5,370
2026-03-03 17:52:00+00:00,24682.25,24688.25,24669.75,24683.5,447
2026-03-03 17:53:00+00:00,24649.25,24684.25,24641.25,24681.75,1007
2026-03-03 17:54:00+00:00,24635.0,24657.5,24628.0,24649.75,822
2026-03-03 17:55:00+00:00,24646.0,24646.0,24624.5,24635.5,927
2026-03-03 17:56:00+00:00,24640.25,24651.25,24637.5,24644.75,510
2026-03-03 17:57:00+00:00,24647.0,24650.25,24630.5,24640.75,507
2026-03-03 17:58:00+00:00,24640.25,24655.75,24638.75,24646.5,650
2026-03-03 17:59:00+00:00,24641.5,24652.0,24637.0,24638.75,553
2026-03-03 18:00:00+00:00,24678.5,24679.25,24640.75,24641.0,1050
2026-03-03 18:01:00+00:00,24693.25,24697.5,24672.5,24677.25,900
2026-03-03 18:02:00+00:00,24691.5,24702.5,24690.0,24692.0,722
2026-03-03 18:03:00+00:00,24680.5,24692.0,24671.0,24691.75,781
2026-03-03 18:04:00+00:00,24683.75,24686.0,24671.75,24681.5,445
2026-03-03 18:05:00+00:00,24680.25,24690.25,24668.25,24685.5,548
2026-03-03 18:06:00+00:00,24690.0,24701.0,24679.75,24680.5,909
2026-03-03 18:07:00+00:00,24692.0,24699.5,24676.75,24689.0,585
2026-03-03 18:08:00+00:00,24699.0,24702.0,24690.75,24690.75,322
2026-03-03 18:09:00+00:00,24701.0,24702.0,24685.0,24698.25,556
2026-03-03 18:10:00+00:00,24692.0,24703.25,24680.5,24700.25,640
2026-03-03 18:11:00+00:00,24681.0,24704.0,24669.25,24692.0,1260
2026-03-03 18:12:00+00:00,24691.75,24692.75,24680.5,24681.75,612
2026-03-03 18:13:00+00:00,24665.25,24692.5,24664.25,24692.0,590
2026-03-03 18:14:00+00:00,24679.0,24682.75,24651.5,24666.0,945
2026-03-03 18:15:00+00:00,24687.5,24690.75,24674.5,24680.0,985
2026-03-03 18:16:00+00:00,24687.5,24697.75,24681.5,24687.75,797
2026-03-03 18:17:00+00:00,24701.75,24706.25,24686.75,24687.0,519
2026-03-03 18:18:00+00:00,24697.5,24702.25,24690.0,24701.0,421
2026-03-03 18:19:00+00:00,24704.0,24709.25,24691.25,24697.5,610
2026-03-03 18:20:00+00:00,24728.5,24743.5,24702.75,24703.75,1983
2026-03-03 18:21:00+00:00,24733.75,24738.0,24723.5,24727.75,1125
2026-03-03 18:22:00+00:00,24752.0,24761.0,24732.75,24733.5,1183
2026-03-03 18:23:00+00:00,24759.5,24761.25,24741.25,24751.25,958
2026-03-03 18:24:00+00:00,24759.5,24764.25,24752.25,24759.0,911
2026-03-03 18:25:00+00:00,24743.0,24760.25,24741.5,24760.0,1546
2026-03-03 18:26:00+00:00,24760.0,24761.75,24741.75,24743.25,725
2026-03-03 18:27:00+00:00,24760.25,24766.0,24755.5,24759.5,604
2026-03-03 18:28:00+00:00,24758.5,24772.25,24757.0,24760.0,666
2026-03-03 18:29:00+00:00,24746.75,24762.25,24744.0,24758.0,754
2026-03-03 18:30:00+00:00,24753.5,24754.25,24742.0,24746.25,498
2026-03-03 18:31:00+00:00,24758.75,24760.5,24745.25,24753.25,512
2026-03-03 18:32:00+00:00,24766.0,24770.75,24747.5,24758.0,1073
2026-03-03 18:33:00+00:00,24784.75,24789.25,24762.5,24766.75,1486
2026-03-03 18:34:00+00:00,24782.5,24790.25,24778.5,24784.25,929
2026-03-03 18:35:00+00:00,24788.75,24798.0,24767.25,24783.0,1456
2026-03-03 18:36:00+00:00,24794.25,24794.25,24770.25,24788.75,865
2026-03-03 18:37:00+00:00,24795.5,24800.0,24786.0,24794.5,834
2026-03-03 18:38:00+00:00,24802.75,24808.0,24788.25,24795.5,1108
2026-03-03 18:39:00+00:00,24806.5,24809.5,24795.25,24802.0,942
2026-03-03 18:40:00+00:00,24816.0,24816.75,24800.75,24806.75,807
2026-03-03 18:41:00+00:00,24818.0,24832.5,24812.25,24816.0,1574
2026-03-03 18:42:00+00:00,24821.0,24826.0,24810.5,24818.75,729
2026-03-03 18:43:00+00:00,24820.75,24829.25,24805.5,24820.25,826
2026-03-03 18:44:00+00:00,24802.5,24820.25,24791.75,24820.25,1114
2026-03-03 18:45:00+00:00,24783.5,24805.0,24783.25,24803.0,972
2026-03-03 18:46:00+00:00,24786.25,24793.25,24780.25,24784.25,712
2026-03-03 18:47:00+00:00,24782.75,24791.75,24773.75,24786.25,668
2026-03-03 18:48:00+00:00,24786.75,24790.0,24771.0,24782.75,712
2026-03-03 18:49:00+00:00,24808.5,24812.25,24786.5,24787.75,1101
2026-03-03 18:50:00+00:00,24817.0,24817.75,24797.5,24808.25,651
2026-03-03 18:51:00+00:00,24820.0,24824.5,24812.75,24817.25,627
2026-03-03 18:52:00+00:00,24814.0,24821.25,24802.5,24820.5,793
2026-03-03 18:53:00+00:00,24798.5,24815.25,24796.5,24813.5,565
2026-03-03 18:54:00+00:00,24802.25,24811.0,24793.75,24797.75,705
2026-03-03 18:55:00+00:00,24783.75,24802.0,24781.75,24802.0,631
2026-03-03 18:56:00+00:00,24802.75,24808.5,24780.5,24782.75,804
2026-03-03 18:57:00+00:00,24807.75,24810.75,24798.75,24803.75,444
2026-03-03 18:58:00+00:00,24805.75,24812.0,24801.5,24807.25,434
2026-03-03 18:59:00+00:00,24800.25,24810.0,24793.0,24805.75,572
2026-03-03 19:00:00+00:00,24800.0,24810.5,24792.0,24799.5,707
2026-03-03 19:01:00+00:00,24801.0,24806.75,24794.25,24799.25,392
2026-03-03 19:02:00+00:00,24785.0,24802.0,24784.0,24801.25,701
2026-03-03 19:03:00+00:00,24801.0,24808.5,24783.75,24784.0,632
2026-03-03 19:04:00+00:00,24803.25,24813.5,24796.25,24801.5,496
2026-03-03 19:05:00+00:00,24797.25,24808.75,24792.5,24804.0,596
2026-03-03 19:06:00+00:00,24785.0,24799.75,24777.25,24797.0,853
2026-03-03 19:07:00+00:00,24769.25,24784.25,24762.5,24784.25,815
2026-03-03 19:08:00+00:00,24762.0,24774.75,24760.5,24770.0,732
2026-03-03 19:09:00+00:00,24748.75,24765.75,24746.0,24762.75,1170
2026-03-03 19:10:00+00:00,24741.5,24756.0,24732.5,24749.5,867
2026-03-03 19:11:00+00:00,24757.5,24759.25,24730.25,24742.0,913
2026-03-03 19:12:00+00:00,24743.5,24758.0,24742.0,24756.75,541
2026-03-03 19:13:00+00:00,24759.25,24762.25,24737.75,24742.75,658
2026-03-03 19:14:00+00:00,24766.5,24773.25,24755.25,24758.0,678
2026-03-03 19:15:00+00:00,24794.5,24794.75,24762.75,24768.5,963
2026-03-03 19:16:00+00:00,24772.0,24794.5,24765.5,24794.5,672
2026-03-03 19:17:00+00:00,24777.5,24781.5,24766.0,24773.0,480
2026-03-03 19:18:00+00:00,24769.0,24784.5,24769.0,24778.5,417
2026-03-03 19:19:00+00:00,24776.0,24776.0,24765.25,24769.0,429
2026-03-03 19:20:00+00:00,24793.25,24800.75,24776.0,24777.25,1036
2026-03-03 19:21:00+00:00,24793.25,24799.25,24786.0,24793.5,561
2026-03-03 19:22:00+00:00,24801.75,24802.5,24775.5,24792.75,621
2026-03-03 19:23:00+00:00,24791.75,24802.75,24788.5,24801.75,525
2026-03-03 19:24:00+00:00,24779.0,24793.75,24777.25,24792.0,412
2026-03-03 19:25:00+00:00,24781.75,24783.25,24766.5,24777.25,570
2026-03-03 19:26:00+00:00,24768.75,24784.5,24768.0,24781.0,333
2026-03-03 19:27:00+00:00,24762.75,24773.0,24761.75,24771.25,607
2026-03-03 19:28:00+00:00,24757.5,24777.5,24752.0,24763.75,663
2026-03-03 19:29:00+00:00,24759.25,24770.5,24755.25,24756.25,454
2026-03-03 19:30:00+00:00,24763.75,24768.75,24749.75,24759.5,634
2026-03-03 19:31:00+00:00,24753.25,24769.25,24752.5,24763.0,483
2026-03-03 19:32:00+00:00,24744.5,24761.5,24742.5,24753.0,632
2026-03-03 19:33:00+00:00,24727.25,24749.5,24726.0,24744.75,763
2026-03-03 19:34:00+00:00,24725.75,24733.0,24715.75,24727.5,875
2026-03-03 19:35:00+00:00,24717.0,24726.0,24709.5,24724.75,957
2026-03-03 19:36:00+00:00,24727.75,24732.75,24716.5,24717.75,775
2026-03-03 19:37:00+00:00,24811.75,24813.75,24723.75,24728.0,3332
2026-03-03 19:38:00+00:00,24788.5,24816.0,24786.5,24811.75,2074
2026-03-03 19:39:00+00:00,24785.5,24794.25,24774.25,24790.25,1050
2026-03-03 19:40:00+00:00,24786.0,24804.0,24776.0,24785.25,1020
2026-03-03 19:41:00+00:00,24805.75,24813.5,24783.25,24786.75,879
2026-03-03 19:42:00+00:00,24815.75,24818.5,24798.75,24805.0,1077
2026-03-03 19:43:00+00:00,24799.75,24816.25,24787.5,24815.25,1204
2026-03-03 19:44:00+00:00,24819.75,24822.75,24797.0,24800.5,1242
2026-03-03 19:45:00+00:00,24830.25,24844.0,24816.0,24820.75,1712
2026-03-03 19:46:00+00:00,24840.5,24850.0,24829.5,24830.25,1076
2026-03-03 19:47:00+00:00,24840.0,24847.25,24823.5,24840.5,908
2026-03-03 19:48:00+00:00,24828.75,24847.0,24825.0,24840.25,796
2026-03-03 19:49:00+00:00,24825.5,24830.5,24818.5,24827.75,795
2026-03-03 19:50:00+00:00,24832.0,24839.0,24810.0,24825.0,853
2026-03-03 19:51:00+00:00,24818.5,24837.5,24814.75,24832.25,551
2026-03-03 19:52:00+00:00,24805.5,24821.0,24793.0,24818.75,743
2026-03-03 19:53:00+00:00,24774.75,24807.0,24772.5,24806.5,898
2026-03-03 19:54:00+00:00,24791.0,24800.0,24766.0,24773.75,1529
2026-03-03 19:55:00+00:00,24780.75,24798.25,24773.5,24792.0,1007
2026-03-03 19:56:00+00:00,24777.0,24784.25,24767.0,24779.5,601
2026-03-03 19:57:00+00:00,24782.75,24796.0,24774.0,24776.75,523
2026-03-03 19:58:00+00:00,24785.75,24792.75,24781.25,24783.25,318
2026-03-03 19:59:00+00:00,24787.25,24795.0,24782.75,24786.0,475
2026-03-03 20:00:00+00:00,24775.0,24790.0,24773.75,24787.25,711
2026-03-03 20:01:00+00:00,24819.0,24821.75,24774.25,24775.5,1150
2026-03-03 20:02:00+00:00,24795.25,24820.0,24785.25,24819.5,876
2026-03-03 20:03:00+00:00,24793.5,24803.5,24785.25,24795.25,675
2026-03-03 20:04:00+00:00,24793.0,24797.75,24782.0,24792.5,529
2026-03-03 20:05:00+00:00,24789.75,24793.75,24777.5,24792.25,1066
2026-03-03 20:06:00+00:00,24794.25,24795.0,24777.5,24789.0,753
2026-03-03 20:07:00+00:00,24803.75,24812.75,24791.25,24795.25,589
2026-03-03 20:08:00+00:00,24807.25,24808.0,24795.25,24800.75,502
2026-03-03 20:09:00+00:00,24808.75,24813.0,24796.0,24807.5,501
2026-03-03 20:10:00+00:00,24811.0,24814.25,24803.0,24808.25,424
2026-03-03 20:11:00+00:00,24808.25,24817.75,24803.75,24812.5,444
2026-03-03 20:12:00+00:00,24800.0,24812.0,24795.25,24807.25,430
2026-03-03 20:13:00+00:00,24790.75,24808.25,24788.0,24798.5,537
2026-03-03 20:14:00+00:00,24774.5,24793.25,24773.5,24790.75,720
2026-03-03 20:15:00+00:00,24784.0,24788.25,24770.5,24773.75,737
2026-03-03 20:16:00+00:00,24758.0,24786.25,24757.25,24783.5,836
2026-03-03 20:17:00+00:00,24751.0,24764.5,24749.5,24758.75,856
2026-03-03 20:18:00+00:00,24760.5,24763.25,24744.75,24751.25,917
2026-03-03 20:19:00+00:00,24755.0,24764.25,24750.25,24761.0,393
2026-03-03 20:20:00+00:00,24778.0,24779.5,24755.75,24757.0,788
2026-03-03 20:21:00+00:00,24762.0,24780.75,24761.25,24776.75,510
2026-03-03 20:22:00+00:00,24760.0,24768.75,24751.75,24762.25,667
2026-03-03 20:23:00+00:00,24758.25,24767.5,24758.0,24759.75,372
2026-03-03 20:24:00+00:00,24767.25,24770.0,24755.5,24757.25,349
2026-03-03 20:25:00+00:00,24754.0,24768.25,24741.5,24767.25,788
2026-03-03 20:26:00+00:00,24761.5,24767.5,24747.25,24755.75,550
2026-03-03 20:27:00+00:00,24763.5,24766.25,24758.5,24762.0,423
2026-03-03 20:28:00+00:00,24771.0,24790.25,24763.75,24763.75,1059
2026-03-03 20:29:00+00:00,24782.75,24788.5,24771.0,24771.25,712
2026-03-03 20:30:00+00:00,24782.75,24791.5,24777.0,24782.25,781
2026-03-03 20:31:00+00:00,24789.5,24797.25,24783.25,24784.25,712
2026-03-03 20:32:00+00:00,24786.75,24791.25,24778.25,24790.0,650
2026-03-03 20:33:00+00:00,24779.0,24790.75,24778.0,24786.5,530
2026-03-03 20:34:00+00:00,24773.5,24783.75,24773.0,24779.5,386
2026-03-03 20:35:00+00:00,24806.25,24807.0,24774.5,24775.0,811
2026-03-03 20:36:00+00:00,24791.25,24807.75,24789.75,24806.25,895
2026-03-03 20:37:00+00:00,24775.5,24793.5,24772.5,24791.5,548
2026-03-03 20:38:00+00:00,24775.5,24776.5,24764.5,24775.5,709
2026-03-03 20:39:00+00:00,24769.25,24776.0,24758.25,24776.0,798
2026-03-03 20:40:00+00:00,24770.25,24781.5,24769.75,24770.25,487
2026-03-03 20:41:00+00:00,24759.25,24771.25,24755.75,24769.75,559
2026-03-03 20:42:00+00:00,24765.75,24771.75,24759.5,24759.75,385
2026-03-03 20:43:00+00:00,24770.0,24771.25,24758.0,24766.25,417
2026-03-03 20:44:00+00:00,24768.0,24774.75,24762.5,24769.25,459
2026-03-03 20:45:00+00:00,24770.0,24780.0,24766.5,24767.5,791
2026-03-03 20:46:00+00:00,24765.0,24779.5,24763.0,24769.75,573
2026-03-03 20:47:00+00:00,24760.75,24768.75,24744.25,24766.0,860
2026-03-03 20:48:00+00:00,24755.25,24764.75,24749.75,24760.25,545
2026-03-03 20:49:00+00:00,24764.0,24768.5,24750.25,24755.25,593
2026-03-03 20:50:00+00:00,24750.75,24772.75,24745.75,24763.5,1969
2026-03-03 20:51:00+00:00,24730.75,24755.5,24723.75,24751.0,1304
2026-03-03 20:52:00+00:00,24722.5,24737.75,24718.0,24730.5,1756
2026-03-03 20:53:00+00:00,24738.75,24740.0,24719.5,24722.25,1224
2026-03-03 20:54:00+00:00,24754.75,24764.75,24731.5,24738.75,2061
2026-03-03 20:55:00+00:00,24753.5,24761.75,24740.25,24754.5,1758
2026-03-03 20:56:00+00:00,24745.75,24757.25,24742.25,24753.5,907
2026-03-03 20:57:00+00:00,24760.25,24763.5,24744.5,24745.75,1332
2026-03-03 20:58:00+00:00,24761.25,24764.5,24756.75,24760.25,1452
2026-03-03 20:59:00+00:00,24756.5,24764.75,24747.75,24760.5,7539
2026-03-03 21:00:00+00:00,24751.5,24758.25,24743.0,24756.5,2423
2026-03-03 21:01:00+00:00,24747.75,24752.75,24736.5,24750.5,1165
2026-03-03 21:02:00+00:00,24737.5,24750.0,24734.5,24747.75,621
2026-03-03 21:03:00+00:00,24739.0,24740.0,24732.0,24736.75,697
2026-03-03 21:04:00+00:00,24742.5,24745.75,24737.5,24738.5,433
2026-03-03 21:05:00+00:00,24738.75,24749.0,24736.5,24741.5,566
2026-03-03 21:06:00+00:00,24738.75,24741.25,24734.25,24738.25,346
2026-03-03 21:07:00+00:00,24736.25,24740.75,24735.5,24739.5,187
2026-03-03 21:08:00+00:00,24730.5,24737.5,24730.5,24736.5,226
2026-03-03 21:09:00+00:00,24733.5,24733.75,24727.0,24730.75,217
2026-03-03 21:10:00+00:00,24729.5,24734.5,24728.5,24733.5,213
2026-03-03 21:11:00+00:00,24734.75,24736.0,24729.25,24730.0,175
2026-03-03 21:12:00+00:00,24734.5,24739.5,24732.25,24734.0,205
2026-03-03 21:13:00+00:00,24734.5,24737.0,24728.25,24734.0,228
2026-03-03 21:14:00+00:00,24737.5,24738.25,24732.5,24733.0,212
2026-03-03 21:15:00+00:00,24737.0,24738.0,24734.0,24736.75,165
2026-03-03 21:16:00+00:00,24739.0,24739.25,24732.25,24736.5,132
2026-03-03 21:17:00+00:00,24744.5,24746.75,24738.25,24738.5,197
2026-03-03 21:18:00+00:00,24738.5,24745.25,24734.5,24745.25,95
2026-03-03 21:19:00+00:00,24741.0,24742.75,24739.0,24739.25,67
2026-03-03 21:20:00+00:00,24741.0,24744.5,24739.0,24741.75,109
2026-03-03 21:21:00+00:00,24740.5,24746.0,24740.0,24741.0,135
2026-03-03 21:22:00+00:00,24736.25,24741.5,24736.25,24740.5,51
2026-03-03 21:23:00+00:00,24739.75,24742.0,24736.5,24736.5,85
2026-03-03 21:24:00+00:00,24738.0,24740.25,24737.25,24739.75,62
2026-03-03 21:25:00+00:00,24732.0,24738.5,24730.75,24738.25,108
2026-03-03 21:26:00+00:00,24726.5,24734.25,24722.0,24732.0,302
2026-03-03 21:27:00+00:00,24722.25,24728.0,24717.0,24727.0,307
2026-03-03 21:28:00+00:00,24720.25,24724.5,24719.5,24721.75,99
2026-03-03 21:29:00+00:00,24723.5,24724.25,24719.5,24720.25,126
2026-03-03 21:30:00+00:00,24718.5,24725.25,24717.75,24723.5,125
2026-03-03 21:31:00+00:00,24719.75,24724.0,24711.75,24719.0,295
2026-03-03 21:32:00+00:00,24703.5,24719.5,24699.0,24719.5,343
2026-03-03 21:33:00+00:00,24701.75,24709.5,24696.0,24703.5,290
2026-03-03 21:34:00+00:00,24700.5,24707.75,24691.5,24702.0,544
2026-03-03 21:35:00+00:00,24704.0,24707.25,24699.25,24700.5,171
2026-03-03 21:36:00+00:00,24703.25,24710.0,24700.25,24704.75,257
2026-03-03 21:37:00+00:00,24709.25,24711.25,24703.25,24704.25,154
2026-03-03 21:38:00+00:00,24710.0,24713.75,24707.5,24707.5,77
2026-03-03 21:39:00+00:00,24712.5,24714.25,24709.5,24710.5,135
2026-03-03 21:40:00+00:00,24718.75,24721.25,24712.5,24713.25,164
2026-03-03 21:41:00+00:00,24721.0,24722.75,24718.5,24719.75,50
2026-03-03 21:42:00+00:00,24728.0,24728.0,24722.25,24722.25,66
2026-03-03 21:43:00+00:00,24725.0,24731.25,24725.0,24728.25,142
2026-03-03 21:44:00+00:00,24721.0,24725.75,24716.75,24725.75,93
2026-03-03 21:45:00+00:00,24715.0,24720.0,24713.0,24720.0,152
2026-03-03 21:46:00+00:00,24715.75,24717.75,24712.0,24715.0,106
2026-03-03 21:47:00+00:00,24713.25,24718.0,24711.0,24715.75,76
2026-03-03 21:48:00+00:00,24718.75,24718.75,24713.5,24714.25,67
2026-03-03 21:49:00+00:00,24715.5,24720.25,24715.0,24718.5,94
2026-03-03 21:50:00+00:00,24723.25,24723.25,24715.25,24715.25,81
2026-03-03 21:51:00+00:00,24721.0,24727.25,24721.0,24722.25,87
2026-03-03 21:52:00+00:00,24717.0,24722.5,24715.5,24721.5,91
2026-03-03 21:53:00+00:00,24723.5,24723.75,24713.5,24716.5,107
2026-03-03 21:54:00+00:00,24713.5,24725.5,24713.5,24723.0,87
2026-03-03 21:55:00+00:00,24719.5,24720.25,24713.0,24713.5,97
2026-03-03 21:56:00+00:00,24715.0,24719.25,24715.0,24719.0,62
2026-03-03 21:57:00+00:00,24714.0,24716.5,24713.25,24715.0,68
2026-03-03 21:58:00+00:00,24711.75,24714.75,24708.0,24713.25,71
2026-03-03 21:59:00+00:00,24709.75,24712.75,24707.75,24711.75,117
2026-03-03 23:00:00+00:00,24697.5,24711.0,24689.0,24710.75,0
2026-03-03 23:01:00+00:00,24708.5,24710.5,24696.25,24698.5,114
2026-03-03 23:02:00+00:00,24695.5,24715.0,24694.75,24706.25,169
2026-03-03 23:03:00+00:00,24699.0,24704.75,24677.75,24697.0,449
2026-03-03 23:04:00+00:00,24688.0,24701.5,24685.0,24697.75,92
2026-03-03 23:05:00+00:00,24677.0,24695.0,24674.0,24687.5,169
2026-03-03 23:06:00+00:00,24678.75,24683.25,24669.75,24678.0,203
2026-03-03 23:07:00+00:00,24691.0,24709.0,24675.75,24679.75,528
2026-03-03 23:08:00+00:00,24711.0,24713.75,24688.25,24690.5,256
2026-03-03 23:09:00+00:00,24721.25,24726.75,24709.0,24711.0,261
2026-03-03 23:10:00+00:00,24723.5,24724.5,24716.25,24721.5,102
2026-03-03 23:11:00+00:00,24731.0,24738.0,24721.0,24726.0,202
2026-03-03 23:12:00+00:00,24735.75,24740.25,24726.25,24731.0,123
2026-03-03 23:13:00+00:00,24743.25,24765.0,24738.25,24738.25,381
2026-03-03 23:14:00+00:00,24746.25,24748.25,24738.0,24744.25,91
2026-03-03 23:15:00+00:00,24742.75,24759.5,24742.5,24747.75,260
2026-03-03 23:16:00+00:00,24745.0,24746.25,24732.0,24743.0,163
2026-03-03 23:17:00+00:00,24744.5,24749.5,24742.5,24743.0,81
2026-03-03 23:18:00+00:00,24744.25,24747.0,24741.0,24746.25,61
2026-03-03 23:19:00+00:00,24745.25,24755.75,24740.75,24743.5,141
2026-03-03 23:20:00+00:00,24741.25,24749.5,24738.75,24743.25,137
2026-03-03 23:21:00+00:00,24746.25,24754.0,24740.75,24741.0,269
2026-03-03 23:22:00+00:00,24737.5,24748.5,24734.75,24744.25,67
2026-03-03 23:23:00+00:00,24735.0,24748.75,24732.75,24737.25,129
2026-03-03 23:24:00+00:00,24732.75,24737.25,24729.0,24736.0,95
2026-03-03 23:25:00+00:00,24730.75,24740.0,24728.75,24732.5,74
2026-03-03 23:26:00+00:00,24712.5,24729.25,24702.5,24729.25,309
2026-03-03 23:27:00+00:00,24706.5,24716.0,24704.0,24715.5,140
2026-03-03 23:28:00+00:00,24706.5,24712.0,24702.25,24705.0,115
2026-03-03 23:29:00+00:00,24706.75,24717.0,24705.25,24708.0,189
2026-03-03 23:30:00+00:00,24707.75,24713.25,24705.75,24708.5,72
2026-03-03 23:31:00+00:00,24707.75,24714.25,24707.25,24708.25,86
2026-03-03 23:32:00+00:00,24705.25,24709.0,24703.0,24709.0,72
2026-03-03 23:33:00+00:00,24704.0,24705.75,24702.5,24705.75,15
2026-03-03 23:34:00+00:00,24710.5,24710.5,24700.5,24704.25,93
2026-03-03 23:35:00+00:00,24710.0,24713.0,24707.0,24709.75,46
2026-03-03 23:36:00+00:00,24711.25,24714.0,24706.5,24710.0,39
2026-03-03 23:37:00+00:00,24710.75,24722.25,24710.75,24713.0,97
2026-03-03 23:38:00+00:00,24714.0,24716.0,24709.5,24712.0,49
2026-03-03 23:39:00+00:00,24713.0,24715.75,24713.0,24714.5,16
2026-03-03 23:40:00+00:00,24725.75,24725.75,24711.0,24711.0,61
2026-03-03 23:41:00+00:00,24729.75,24733.0,24722.75,24723.75,116
2026-03-03 23:42:00+00:00,24721.0,24729.0,24721.0,24727.75,48
2026-03-03 23:43:00+00:00,24719.75,24729.5,24719.75,24723.75,53
2026-03-03 23:44:00+00:00,24720.25,24721.25,24716.25,24721.25,36
2026-03-03 23:45:00+00:00,24729.25,24738.0,24716.0,24719.75,231
2026-03-03 23:46:00+00:00,24721.0,24730.25,24717.75,24730.25,78
2026-03-03 23:47:00+00:00,24726.75,24727.5,24719.75,24719.75,27
2026-03-03 23:48:00+00:00,24733.75,24734.25,24722.5,24726.0,61
2026-03-03 23:49:00+00:00,24731.0,24740.0,24729.5,24731.0,81
2026-03-03 23:50:00+00:00,24735.25,24742.0,24735.25,24735.25,92
2026-03-03 23:51:00+00:00,24725.25,24735.0,24722.25,24734.0,75
2026-03-03 23:52:00+00:00,24723.75,24730.5,24719.25,24724.75,48
2026-03-03 23:53:00+00:00,24725.0,24730.0,24721.25,24724.5,39
2026-03-03 23:54:00+00:00,24717.75,24728.0,24717.75,24726.75,43
2026-03-03 23:55:00+00:00,24718.75,24721.5,24716.25,24718.75,49
2026-03-03 23:56:00+00:00,24720.0,24723.75,24714.75,24719.25,32
2026-03-03 23:57:00+00:00,24716.75,24720.25,24713.0,24719.75,27
2026-03-03 23:58:00+00:00,24717.25,24718.0,24708.0,24716.0,95
2026-03-03 23:59:00+00:00,24703.0,24710.75,24698.0,24710.75,179
2026-03-04 00:00:00+00:00,24686.75,24715.0,24684.75,24702.0,268
2026-03-04 00:01:00+00:00,24691.75,24696.0,24681.0,24687.5,195
2026-03-04 00:02:00+00:00,24684.25,24694.25,24681.0,24693.0,147
2026-03-04 00:03:00+00:00,24694.25,24702.75,24686.25,24687.5,120
2026-03-04 00:04:00+00:00,24687.0,24698.25,24685.25,24694.5,115
2026-03-04 00:05:00+00:00,24694.0,24698.0,24679.5,24686.25,176
2026-03-04 00:06:00+00:00,24695.25,24698.75,24685.5,24695.25,72
2026-03-04 00:07:00+00:00,24692.25,24695.5,24688.5,24695.25,42
2026-03-04 00:08:00+00:00,24686.25,24692.75,24684.5,24692.0,108
2026-03-04 00:09:00+00:00,24722.25,24722.25,24676.0,24686.5,657
2026-03-04 00:10:00+00:00,24711.75,24719.75,24699.75,24719.0,196
2026-03-04 00:11:00+00:00,24706.25,24713.0,24703.0,24712.5,99
2026-03-04 00:12:00+00:00,24722.5,24728.0,24707.75,24707.75,180
2026-03-04 00:13:00+00:00,24725.25,24731.25,24722.5,24724.0,131
2026-03-04 00:14:00+00:00,24737.0,24744.5,24728.0,24728.0,375
2026-03-04 00:15:00+00:00,24739.75,24739.75,24732.25,24737.5,155
2026-03-04 00:16:00+00:00,24746.5,24747.0,24736.5,24736.5,203
2026-03-04 00:17:00+00:00,24767.0,24768.0,24746.5,24746.5,437
2026-03-04 00:18:00+00:00,24774.5,24777.75,24762.75,24768.0,310
2026-03-04 00:19:00+00:00,24791.75,24796.0,24773.0,24775.25,465
2026-03-04 00:20:00+00:00,24785.0,24798.0,24782.5,24791.0,233
2026-03-04 00:21:00+00:00,24793.75,24796.5,24785.0,24785.75,139
2026-03-04 00:22:00+00:00,24796.0,24803.5,24783.0,24794.5,354
2026-03-04 00:23:00+00:00,24783.0,24797.5,24780.5,24797.5,200
2026-03-04 00:24:00+00:00,24773.0,24786.5,24770.5,24781.25,176
2026-03-04 00:25:00+00:00,24778.5,24783.5,24773.75,24774.75,124
2026-03-04 00:26:00+00:00,24776.5,24782.5,24775.75,24781.0,104
2026-03-04 00:27:00+00:00,24777.0,24783.5,24773.0,24776.5,98
2026-03-04 00:28:00+00:00,24773.0,24779.0,24770.25,24776.25,94
2026-03-04 00:29:00+00:00,24766.75,24776.75,24766.25,24774.25,113
2026-03-04 00:30:00+00:00,24762.5,24770.5,24758.5,24768.25,289
2026-03-04 00:31:00+00:00,24748.5,24761.25,24745.5,24761.25,224
2026-03-04 00:32:00+00:00,24734.25,24753.25,24732.0,24749.25,356
2026-03-04 00:33:00+00:00,24734.0,24738.0,24727.5,24734.0,210
2026-03-04 00:34:00+00:00,24721.5,24737.25,24720.0,24733.5,186
2026-03-04 00:35:00+00:00,24717.25,24726.25,24710.0,24720.0,267
2026-03-04 00:36:00+00:00,24717.0,24722.0,24715.0,24719.5,80
2026-03-04 00:37:00+00:00,24711.5,24717.5,24696.0,24717.5,336
2026-03-04 00:38:00+00:00,24705.25,24714.75,24703.5,24711.5,95
2026-03-04 00:39:00+00:00,24705.5,24708.5,24698.0,24704.25,123
2026-03-04 00:40:00+00:00,24703.25,24715.0,24703.0,24706.5,116
2026-03-04 00:41:00+00:00,24699.25,24705.0,24691.5,24704.75,234
2026-03-04 00:42:00+00:00,24701.75,24705.0,24692.5,24697.25,110
2026-03-04 00:43:00+00:00,24697.25,24704.75,24688.75,24699.5,216
2026-03-04 00:44:00+00:00,24700.0,24701.75,24690.25,24696.5,214
2026-03-04 00:45:00+00:00,24717.75,24722.75,24699.25,24699.25,407
2026-03-04 00:46:00+00:00,24724.25,24733.0,24716.75,24716.75,253
2026-03-04 00:47:00+00:00,24740.0,24743.0,24720.25,24722.25,244
2026-03-04 00:48:00+00:00,24741.5,24745.25,24734.25,24737.75,221
2026-03-04 00:49:00+00:00,24736.25,24742.5,24729.0,24742.5,130
2026-03-04 00:50:00+00:00,24750.5,24752.0,24737.25,24738.25,222
2026-03-04 00:51:00+00:00,24747.5,24752.25,24743.0,24749.0,135
2026-03-04 00:52:00+00:00,24759.25,24759.75,24746.75,24747.0,193
2026-03-04 00:53:00+00:00,24750.0,24759.25,24748.0,24757.5,100
2026-03-04 00:54:00+00:00,24754.5,24756.25,24751.75,24751.75,69
2026-03-04 00:55:00+00:00,24750.0,24755.75,24744.75,24755.5,178
2026-03-04 00:56:00+00:00,24737.0,24755.0,24736.0,24751.25,177
2026-03-04 00:57:00+00:00,24747.0,24747.0,24733.25,24738.0,208
2026-03-04 00:58:00+00:00,24757.0,24766.0,24747.25,24747.25,330
2026-03-04 00:59:00+00:00,24747.5,24764.5,24743.25,24758.25,193
2026-03-04 01:00:00+00:00,24747.0,24758.0,24743.25,24749.0,173
2026-03-04 01:01:00+00:00,24749.5,24755.0,24736.5,24747.25,201
2026-03-04 01:02:00+00:00,24770.5,24770.75,24747.5,24750.5,252
2026-03-04 01:03:00+00:00,24764.5,24772.25,24754.25,24770.75,230
2026-03-04 01:04:00+00:00,24762.75,24769.5,24755.75,24763.0,94
2026-03-04 01:05:00+00:00,24749.25,24764.0,24747.0,24763.5,109
2026-03-04 01:06:00+00:00,24728.75,24750.5,24727.25,24746.5,201
2026-03-04 01:07:00+00:00,24714.5,24730.75,24713.0,24728.75,217
2026-03-04 01:08:00+00:00,24717.25,24724.0,24710.25,24715.5,217
2026-03-04 01:09:00+00:00,24719.5,24720.75,24711.75,24717.5,93
2026-03-04 01:10:00+00:00,24709.0,24719.0,24707.0,24718.25,159
2026-03-04 01:11:00+00:00,24704.75,24724.25,24702.25,24709.0,221
2026-03-04 01:12:00+00:00,24710.0,24710.0,24691.0,24705.75,303
2026-03-04 01:13:00+00:00,24704.75,24719.0,24700.75,24710.25,162
2026-03-04 01:14:00+00:00,24705.0,24712.0,24700.5,24705.25,115
2026-03-04 01:15:00+00:00,24707.25,24712.25,24699.0,24704.75,118
2026-03-04 01:16:00+00:00,24706.25,24719.5,24705.5,24706.0,151
2026-03-04 01:17:00+00:00,24700.5,24713.5,24700.5,24705.0,106
2026-03-04 01:18:00+00:00,24696.0,24710.25,24693.75,24701.25,174
2026-03-04 01:19:00+00:00,24699.25,24708.0,24693.75,24696.75,113
2026-03-04 01:20:00+00:00,24689.75,24701.25,24681.0,24700.75,181
2026-03-04 01:21:00+00:00,24656.75,24691.0,24654.0,24691.0,500
2026-03-04 01:22:00+00:00,24671.5,24671.5,24649.25,24657.5,311
2026-03-04 01:23:00+00:00,24646.0,24674.5,24643.25,24671.25,312
2026-03-04 01:24:00+00:00,24653.75,24658.75,24637.5,24646.5,533
2026-03-04 01:25:00+00:00,24662.75,24665.75,24639.5,24649.0,413
2026-03-04 01:26:00+00:00,24659.5,24671.25,24654.5,24660.25,169
2026-03-04 01:27:00+00:00,24662.5,24669.25,24649.75,24660.5,176
2026-03-04 01:28:00+00:00,24663.25,24663.25,24648.5,24661.25,155
2026-03-04 01:29:00+00:00,24653.0,24672.5,24650.0,24664.25,215
2026-03-04 01:30:00+00:00,24639.5,24662.25,24639.5,24651.75,189
2026-03-04 01:31:00+00:00,24643.25,24655.0,24630.75,24638.75,270
2026-03-04 01:32:00+00:00,24644.25,24653.75,24636.25,24643.25,250
2026-03-04 01:33:00+00:00,24644.25,24652.0,24637.0,24644.0,141
2026-03-04 01:34:00+00:00,24646.75,24665.0,24639.25,24641.75,441
2026-03-04 01:35:00+00:00,24666.75,24671.75,24647.0,24648.75,352
2026-03-04 01:36:00+00:00,24664.75,24676.0,24660.75,24667.0,187
2026-03-04 01:37:00+00:00,24677.0,24680.75,24664.75,24665.75,280
2026-03-04 01:38:00+00:00,24695.0,24701.75,24679.25,24680.0,352
2026-03-04 01:39:00+00:00,24687.5,24702.75,24686.0,24695.25,199
2026-03-04 01:40:00+00:00,24702.5,24705.0,24682.5,24687.75,144
2026-03-04 01:41:00+00:00,24694.75,24703.0,24682.5,24702.0,120
2026-03-04 01:42:00+00:00,24706.5,24713.25,24692.0,24696.25,162
2026-03-04 01:43:00+00:00,24713.5,24721.5,24705.0,24705.75,183
2026-03-04 01:44:00+00:00,24709.0,24717.0,24708.25,24713.25,85
2026-03-04 01:45:00+00:00,24694.0,24713.75,24691.5,24710.25,120
2026-03-04 01:46:00+00:00,24675.75,24697.0,24673.5,24694.0,247
2026-03-04 01:47:00+00:00,24679.5,24688.0,24675.75,24677.25,134
2026-03-04 01:48:00+00:00,24661.75,24687.25,24661.25,24679.25,254
2026-03-04 01:49:00+00:00,24662.0,24665.5,24653.0,24663.5,208
2026-03-04 01:50:00+00:00,24669.25,24670.5,24646.25,24661.75,239
2026-03-04 01:51:00+00:00,24681.5,24685.0,24661.0,24668.5,246
2026-03-04 01:52:00+00:00,24660.0,24688.0,24657.75,24683.0,282
2026-03-04 01:53:00+00:00,24653.5,24661.5,24645.5,24660.5,240
2026-03-04 01:54:00+00:00,24666.5,24668.0,24649.0,24651.0,265
2026-03-04 01:55:00+00:00,24677.25,24683.0,24666.0,24667.25,252
2026-03-04 01:56:00+00:00,24678.75,24686.75,24672.5,24677.0,153
2026-03-04 01:57:00+00:00,24679.0,24681.75,24670.0,24677.75,96
2026-03-04 01:58:00+00:00,24679.0,24682.0,24673.75,24678.0,93
2026-03-04 01:59:00+00:00,24676.0,24680.75,24672.75,24679.0,120
2026-03-04 02:00:00+00:00,24683.75,24703.25,24673.25,24676.5,347
2026-03-04 02:01:00+00:00,24651.75,24684.0,24651.75,24683.0,219
2026-03-04 02:02:00+00:00,24643.5,24657.25,24641.75,24651.25,205
2026-03-04 02:03:00+00:00,24654.75,24661.25,24636.5,24644.0,248
2026-03-04 02:04:00+00:00,24652.25,24662.5,24649.25,24655.25,103
2026-03-04 02:05:00+00:00,24647.25,24655.0,24642.0,24649.0,141
2026-03-04 02:06:00+00:00,24648.25,24651.5,24641.75,24650.0,68
2026-03-04 02:07:00+00:00,24641.0,24660.25,24638.0,24647.0,160
2026-03-04 02:08:00+00:00,24652.75,24655.75,24633.75,24640.25,152
2026-03-04 02:09:00+00:00,24642.75,24659.25,24640.0,24653.0,102
2026-03-04 02:10:00+00:00,24643.75,24662.5,24641.5,24643.0,135
2026-03-04 02:11:00+00:00,24652.75,24657.0,24634.25,24640.75,216
2026-03-04 02:12:00+00:00,24667.75,24679.25,24651.75,24657.5,274
2026-03-04 02:13:00+00:00,24659.0,24671.25,24651.25,24666.0,151
2026-03-04 02:14:00+00:00,24644.0,24658.0,24641.25,24658.0,118
2026-03-04 02:15:00+00:00,24639.5,24642.5,24630.75,24642.25,226
2026-03-04 02:16:00+00:00,24630.25,24641.0,24623.75,24641.0,258
2026-03-04 02:17:00+00:00,24638.75,24639.5,24627.5,24627.5,84
2026-03-04 02:18:00+00:00,24646.5,24650.75,24635.5,24640.0,124
2026-03-04 02:19:00+00:00,24663.0,24663.0,24644.5,24646.0,152
2026-03-04 02:20:00+00:00,24654.25,24667.5,24653.25,24663.75,232
2026-03-04 02:21:00+00:00,24652.75,24661.5,24651.0,24655.75,69
2026-03-04 02:22:00+00:00,24660.5,24665.0,24656.5,24656.5,71
2026-03-04 02:23:00+00:00,24659.0,24661.0,24651.75,24657.75,87
2026-03-04 02:24:00+00:00,24648.25,24657.75,24644.0,24657.75,64
2026-03-04 02:25:00+00:00,24639.25,24646.5,24630.0,24646.5,135
2026-03-04 02:26:00+00:00,24632.5,24641.25,24630.25,24637.25,92
2026-03-04 02:27:00+00:00,24629.0,24638.5,24628.75,24631.0,117
2026-03-04 02:28:00+00:00,24629.5,24632.25,24620.0,24628.75,214
2026-03-04 02:29:00+00:00,24622.5,24629.75,24619.0,24629.75,86
2026-03-04 02:30:00+00:00,24619.75,24628.25,24618.25,24621.75,294
2026-03-04 02:31:00+00:00,24623.5,24623.5,24612.0,24618.75,208
2026-03-04 02:32:00+00:00,24626.75,24627.5,24616.0,24624.0,98
2026-03-04 02:33:00+00:00,24611.25,24629.5,24609.5,24626.5,130
2026-03-04 02:34:00+00:00,24599.0,24614.75,24597.75,24611.0,346
2026-03-04 02:35:00+00:00,24597.75,24603.25,24591.0,24599.75,243
2026-03-04 02:36:00+00:00,24608.0,24610.75,24588.0,24598.0,319
2026-03-04 02:37:00+00:00,24600.75,24614.0,24599.5,24608.75,182
2026-03-04 02:38:00+00:00,24603.0,24611.25,24599.5,24600.75,120
2026-03-04 02:39:00+00:00,24608.25,24609.0,24601.75,24605.5,112
2026-03-04 02:40:00+00:00,24607.25,24616.0,24606.5,24608.75,223
2026-03-04 02:41:00+00:00,24604.25,24612.25,24603.5,24607.0,139
2026-03-04 02:42:00+00:00,24614.25,24614.25,24598.0,24604.25,156
2026-03-04 02:43:00+00:00,24618.25,24620.25,24609.0,24614.75,158
2026-03-04 02:44:00+00:00,24624.25,24625.0,24616.5,24620.25,140
2026-03-04 02:45:00+00:00,24632.75,24635.75,24624.25,24624.5,194
2026-03-04 02:46:00+00:00,24640.5,24645.0,24634.25,24634.25,183
2026-03-04 02:47:00+00:00,24646.5,24648.0,24637.5,24640.5,142
2026-03-04 02:48:00+00:00,24641.75,24649.25,24641.25,24647.25,106
2026-03-04 02:49:00+00:00,24645.75,24647.0,24632.75,24643.0,196
2026-03-04 02:50:00+00:00,24658.0,24660.0,24645.25,24647.25,214
2026-03-04 02:51:00+00:00,24655.75,24666.75,24654.5,24660.0,234
2026-03-04 02:52:00+00:00,24643.75,24655.25,24643.25,24655.25,152
2026-03-04 02:53:00+00:00,24633.0,24645.25,24632.5,24643.75,148
2026-03-04 02:54:00+00:00,24633.25,24638.0,24629.5,24634.0,76
2026-03-04 02:55:00+00:00,24630.75,24635.5,24629.0,24632.0,60
2026-03-04 02:56:00+00:00,24632.5,24635.5,24623.25,24633.0,116
2026-03-04 02:57:00+00:00,24642.75,24645.0,24630.75,24633.75,118
2026-03-04 02:58:00+00:00,24649.0,24651.75,24641.25,24641.25,126
2026-03-04 02:59:00+00:00,24637.0,24649.5,24636.75,24649.5,93
2026-03-04 03:00:00+00:00,24630.5,24638.0,24617.5,24637.0,182
2026-03-04 03:01:00+00:00,24611.75,24633.0,24610.0,24630.5,175
2026-03-04 03:02:00+00:00,24596.5,24614.25,24595.25,24613.75,269
2026-03-04 03:03:00+00:00,24597.25,24606.5,24590.75,24597.0,217
2026-03-04 03:04:00+00:00,24592.75,24602.5,24586.0,24599.5,235
2026-03-04 03:05:00+00:00,24589.75,24597.5,24588.0,24594.0,187
2026-03-04 03:06:00+00:00,24607.75,24609.0,24592.25,24592.25,200
2026-03-04 03:07:00+00:00,24613.5,24617.5,24604.5,24606.75,176
2026-03-04 03:08:00+00:00,24608.5,24617.0,24605.0,24613.5,152
2026-03-04 03:09:00+00:00,24622.5,24624.0,24607.0,24610.25,184
2026-03-04 03:10:00+00:00,24612.25,24629.0,24609.5,24622.25,200
2026-03-04 03:11:00+00:00,24598.75,24615.0,24593.0,24611.25,222
2026-03-04 03:12:00+00:00,24595.75,24606.25,24595.0,24598.0,102
2026-03-04 03:13:00+00:00,24602.5,24610.75,24596.0,24597.0,130
2026-03-04 03:14:00+00:00,24593.25,24604.25,24589.5,24600.75,129
2026-03-04 03:15:00+00:00,24584.75,24595.5,24581.75,24593.75,223
2026-03-04 03:16:00+00:00,24582.5,24590.5,24580.0,24586.25,124
2026-03-04 03:17:00+00:00,24583.5,24587.0,24573.5,24583.5,159
2026-03-04 03:18:00+00:00,24585.5,24591.5,24578.75,24584.25,139
2026-03-04 03:19:00+00:00,24595.0,24596.5,24582.5,24584.25,146
2026-03-04 03:20:00+00:00,24588.0,24603.5,24576.0,24595.75,269
2026-03-04 03:21:00+00:00,24566.5,24589.0,24555.5,24588.25,398
2026-03-04 03:22:00+00:00,24582.5,24582.75,24565.0,24565.0,140
2026-03-04 03:23:00+00:00,24582.0,24589.25,24575.0,24583.5,223
2026-03-04 03:24:00+00:00,24573.75,24583.25,24566.5,24583.25,131
2026-03-04 03:25:00+00:00,24570.0,24575.75,24568.25,24571.0,77
2026-03-04 03:26:00+00:00,24570.75,24579.0,24568.0,24570.75,121
2026-03-04 03:27:00+00:00,24564.25,24574.25,24562.5,24570.0,83
2026-03-04 03:28:00+00:00,24567.75,24571.0,24560.0,24564.75,113
2026-03-04 03:29:00+00:00,24569.5,24570.75,24563.0,24567.75,64
2026-03-04 03:30:00+00:00,24551.75,24573.0,24551.75,24568.25,293
2026-03-04 03:31:00+00:00,24546.25,24567.5,24544.75,24551.5,237
2026-03-04 03:32:00+00:00,24549.5,24552.75,24541.0,24545.75,151
2026-03-04 03:33:00+00:00,24534.5,24549.75,24533.75,24547.75,225
2026-03-04 03:34:00+00:00,24526.0,24536.75,24526.0,24534.25,214
2026-03-04 03:35:00+00:00,24542.5,24543.25,24525.0,24528.0,282
2026-03-04 03:36:00+00:00,24550.0,24551.0,24539.0,24543.25,281
2026-03-04 03:37:00+00:00,24563.0,24563.0,24542.0,24551.0,220
2026-03-04 03:38:00+00:00,24570.25,24572.5,24561.0,24561.0,239
2026-03-04 03:39:00+00:00,24557.5,24571.5,24556.0,24570.5,285
2026-03-04 03:40:00+00:00,24567.5,24570.75,24555.75,24558.5,168
2026-03-04 03:41:00+00:00,24559.25,24572.0,24541.25,24568.75,267
2026-03-04 03:42:00+00:00,24549.75,24566.0,24547.5,24560.0,124
2026-03-04 03:43:00+00:00,24550.75,24552.5,24538.5,24549.75,182
2026-03-04 03:44:00+00:00,24565.25,24566.0,24546.0,24550.75,200
2026-03-04 03:45:00+00:00,24570.5,24573.0,24550.5,24566.25,174
2026-03-04 03:46:00+00:00,24569.5,24575.0,24562.75,24572.5,133
2026-03-04 03:47:00+00:00,24586.75,24587.0,24568.0,24568.5,212
2026-03-04 03:48:00+00:00,24582.25,24589.75,24581.75,24585.75,121
2026-03-04 03:49:00+00:00,24574.5,24589.25,24573.0,24583.5,132
2026-03-04 03:50:00+00:00,24577.75,24584.25,24572.25,24575.0,151
2026-03-04 03:51:00+00:00,24571.25,24578.25,24566.5,24575.0,146
2026-03-04 03:52:00+00:00,24566.5,24579.0,24561.0,24571.25,170
2026-03-04 03:53:00+00:00,24571.0,24576.5,24563.0,24567.25,156
2026-03-04 03:54:00+00:00,24557.0,24574.0,24556.75,24574.0,148
2026-03-04 03:55:00+00:00,24563.25,24563.75,24556.25,24557.0,103
2026-03-04 03:56:00+00:00,24567.5,24573.0,24563.25,24563.5,110
2026-03-04 03:57:00+00:00,24578.25,24583.75,24565.75,24570.25,155
2026-03-04 03:58:00+00:00,24593.75,24594.0,24576.5,24577.0,144
2026-03-04 03:59:00+00:00,24599.25,24600.75,24591.75,24594.75,193
2026-03-04 04:00:00+00:00,24605.0,24611.0,24599.0,24600.25,206
2026-03-04 04:01:00+00:00,24602.5,24616.0,24601.5,24604.75,242
2026-03-04 04:02:00+00:00,24598.75,24607.25,24594.0,24604.0,221
2026-03-04 04:03:00+00:00,24599.0,24605.0,24594.25,24598.0,132
2026-03-04 04:04:00+00:00,24605.0,24605.0,24599.0,24599.0,150
2026-03-04 04:05:00+00:00,24633.5,24633.75,24606.25,24606.5,321
2026-03-04 04:06:00+00:00,24639.75,24644.75,24628.5,24633.5,244
2026-03-04 04:07:00+00:00,24629.25,24643.0,24627.25,24641.25,144
2026-03-04 04:08:00+00:00,24622.25,24633.0,24621.5,24627.0,114
2026-03-04 04:09:00+00:00,24632.0,24633.25,24624.75,24624.75,91
2026-03-04 04:10:00+00:00,24636.5,24638.75,24624.0,24633.0,129
2026-03-04 04:11:00+00:00,24631.25,24644.25,24629.0,24636.75,125
2026-03-04 04:12:00+00:00,24624.75,24637.0,24623.0,24633.25,111
2026-03-04 04:13:00+00:00,24618.0,24630.25,24613.75,24624.25,152
2026-03-04 04:14:00+00:00,24623.0,24625.25,24618.0,24618.75,110
2026-03-04 04:15:00+00:00,24628.75,24637.25,24621.75,24621.75,190
2026-03-04 04:16:00+00:00,24612.5,24627.0,24611.0,24627.0,166
2026-03-04 04:17:00+00:00,24599.0,24613.25,24599.0,24612.75,221
2026-03-04 04:18:00+00:00,24595.75,24602.0,24594.5,24601.25,104
2026-03-04 04:19:00+00:00,24595.25,24601.5,24592.25,24595.5,93
2026-03-04 04:20:00+00:00,24612.5,24612.5,24593.5,24597.75,114
2026-03-04 04:21:00+00:00,24602.0,24613.0,24601.75,24613.0,146
2026-03-04 04:22:00+00:00,24597.5,24613.0,24596.25,24603.25,85
2026-03-04 04:23:00+00:00,24591.0,24599.25,24588.75,24596.25,130
2026-03-04 04:24:00+00:00,24593.0,24595.25,24586.0,24589.0,87
2026-03-04 04:25:00+00:00,24598.0,24605.75,24593.75,24593.75,96
2026-03-04 04:26:00+00:00,24599.25,24603.5,24591.0,24601.0,99
2026-03-04 04:27:00+00:00,24601.75,24601.75,24594.25,24596.75,58
2026-03-04 04:28:00+00:00,24600.75,24604.0,24596.25,24600.25,48
2026-03-04 04:29:00+00:00,24593.25,24602.25,24592.5,24601.0,60
2026-03-04 04:30:00+00:00,24590.25,24593.25,24583.75,24591.75,160
2026-03-04 04:31:00+00:00,24585.0,24588.25,24576.0,24587.25,150
2026-03-04 04:32:00+00:00,24591.0,24595.75,24580.25,24584.25,107
2026-03-04 04:33:00+00:00,24583.5,24592.75,24578.0,24591.25,64
2026-03-04 04:34:00+00:00,24598.0,24599.75,24581.5,24581.75,125
2026-03-04 04:35:00+00:00,24594.0,24605.5,24590.0,24598.75,143
2026-03-04 04:36:00+00:00,24581.75,24593.75,24578.0,24593.75,154
2026-03-04 04:37:00+00:00,24575.75,24586.25,24572.75,24578.75,121
2026-03-04 04:38:00+00:00,24584.25,24585.5,24576.25,24578.25,72
2026-03-04 04:39:00+00:00,24585.75,24585.75,24575.75,24583.0,55
2026-03-04 04:40:00+00:00,24571.75,24582.5,24566.0,24582.5,180
2026-03-04 04:41:00+00:00,24574.25,24579.0,24569.0,24569.75,117
2026-03-04 04:42:00+00:00,24588.25,24592.0,24573.75,24574.0,197
2026-03-04 04:43:00+00:00,24591.75,24596.5,24586.5,24590.0,80
2026-03-04 04:44:00+00:00,24598.25,24602.25,24590.75,24590.75,99
2026-03-04 04:45:00+00:00,24594.75,24605.0,24594.75,24599.0,98
2026-03-04 04:46:00+00:00,24596.25,24603.25,24591.5,24594.0,94
2026-03-04 04:47:00+00:00,24595.0,24601.5,24589.5,24595.25,91
2026-03-04 04:48:00+00:00,24593.0,24598.25,24585.0,24595.75,93
2026-03-04 04:49:00+00:00,24600.5,24602.0,24595.75,24596.25,73
2026-03-04 04:50:00+00:00,24586.5,24602.5,24586.5,24601.25,51
2026-03-04 04:51:00+00:00,24592.0,24597.25,24584.25,24585.75,64
2026-03-04 04:52:00+00:00,24578.25,24593.0,24577.5,24593.0,70
2026-03-04 04:53:00+00:00,24583.25,24586.5,24575.0,24577.75,82
2026-03-04 04:54:00+00:00,24580.5,24595.5,24579.0,24584.0,88
2026-03-04 04:55:00+00:00,24584.75,24591.75,24576.25,24576.5,88
2026-03-04 04:56:00+00:00,24600.25,24603.0,24587.25,24589.75,105
2026-03-04 04:57:00+00:00,24594.75,24607.5,24592.25,24601.25,78
2026-03-04 04:58:00+00:00,24595.75,24602.0,24591.75,24592.5,43
2026-03-04 05:09:00+00:00,24579.5,24580.75,24573.0,24580.5,55
2026-03-04 05:10:00+00:00,24574.5,24586.25,24572.75,24581.0,91
2026-03-04 05:11:00+00:00,24582.5,24585.0,24574.5,24575.5,64
2026-03-04 05:12:00+00:00,24575.0,24588.0,24574.5,24584.25,67
2026-03-04 05:13:00+00:00,24574.75,24578.0,24570.0,24576.0,69
2026-03-04 05:14:00+00:00,24565.0,24574.75,24562.0,24573.75,137
2026-03-04 05:15:00+00:00,24584.0,24584.0,24561.0,24565.25,101
2026-03-04 05:16:00+00:00,24586.5,24586.5,24576.5,24582.0,91
2026-03-04 05:17:00+00:00,24589.5,24593.75,24585.75,24588.0,83
2026-03-04 05:18:00+00:00,24574.0,24589.0,24567.5,24589.0,93
2026-03-04 05:19:00+00:00,24582.0,24582.75,24573.5,24578.75,69
2026-03-04 05:20:00+00:00,24586.0,24586.0,24568.25,24578.5,85
2026-03-04 05:21:00+00:00,24563.75,24589.0,24563.75,24587.25,127
2026-03-04 05:22:00+00:00,24560.75,24564.25,24555.0,24564.25,179
2026-03-04 05:23:00+00:00,24553.5,24563.0,24552.5,24559.0,101
2026-03-04 05:24:00+00:00,24546.75,24555.75,24543.5,24553.75,149
2026-03-04 05:25:00+00:00,24542.0,24548.25,24538.75,24547.75,145
2026-03-04 05:26:00+00:00,24536.0,24546.75,24532.5,24540.5,162
2026-03-04 05:27:00+00:00,24540.25,24542.75,24535.25,24537.75,63
2026-03-04 05:28:00+00:00,24540.0,24541.75,24536.5,24540.5,103
2026-03-04 05:29:00+00:00,24557.5,24559.5,24539.0,24541.0,276
2026-03-04 05:30:00+00:00,24556.25,24560.0,24549.25,24557.0,122
2026-03-04 05:31:00+00:00,24558.5,24564.0,24556.5,24560.0,82
2026-03-04 05:32:00+00:00,24560.75,24568.75,24558.75,24560.25,122
2026-03-04 05:33:00+00:00,24556.0,24567.5,24556.0,24560.25,76
2026-03-04 05:34:00+00:00,24548.25,24561.5,24546.25,24559.0,66
2026-03-04 05:35:00+00:00,24543.75,24550.5,24542.5,24550.25,83
2026-03-04 05:36:00+00:00,24545.75,24545.75,24541.0,24545.25,97
2026-03-04 05:37:00+00:00,24567.5,24570.25,24545.25,24545.25,139
2026-03-04 05:38:00+00:00,24567.0,24574.0,24564.0,24569.25,91
2026-03-04 05:39:00+00:00,24574.5,24583.0,24568.75,24568.75,137
2026-03-04 05:40:00+00:00,24585.75,24589.0,24573.75,24574.0,83
2026-03-04 05:41:00+00:00,24598.25,24599.5,24582.75,24589.5,193
2026-03-04 05:42:00+00:00,24613.5,24614.25,24594.0,24598.25,163
2026-03-04 05:43:00+00:00,24611.75,24617.75,24606.0,24613.25,152
2026-03-04 05:44:00+00:00,24597.5,24610.0,24590.75,24610.0,136
2026-03-04 05:45:00+00:00,24590.75,24600.25,24585.0,24597.75,89
2026-03-04 05:46:00+00:00,24601.5,24602.0,24589.5,24589.5,63
2026-03-04 05:47:00+00:00,24599.0,24606.75,24597.75,24600.0,68
2026-03-04 05:48:00+00:00,24586.0,24604.5,24586.0,24600.0,110
2026-03-04 05:49:00+00:00,24577.5,24589.75,24574.5,24587.0,149
2026-03-04 05:50:00+00:00,24587.0,24588.75,24573.0,24576.5,111
2026-03-04 05:51:00+00:00,24579.5,24588.5,24579.5,24587.25,89
2026-03-04 05:52:00+00:00,24580.25,24587.25,24577.25,24577.75,72
2026-03-04 05:53:00+00:00,24579.5,24587.0,24578.0,24579.5,40
2026-03-04 05:54:00+00:00,24582.75,24586.0,24576.25,24579.0,89
2026-03-04 05:55:00+00:00,24584.25,24587.25,24582.75,24586.5,71
2026-03-04 05:56:00+00:00,24580.75,24586.5,24578.75,24581.75,37
2026-03-04 05:57:00+00:00,24583.5,24590.25,24582.0,24582.75,68
2026-03-04 05:58:00+00:00,24581.25,24591.0,24581.25,24583.0,47
2026-03-04 05:59:00+00:00,24574.25,24582.0,24570.0,24580.0,90
2026-03-04 06:00:00+00:00,24562.0,24573.5,24559.75,24573.5,148
2026-03-04 06:01:00+00:00,24547.75,24564.25,24546.0,24562.75,197
2026-03-04 06:02:00+00:00,24548.0,24549.5,24543.0,24546.5,116
2026-03-04 06:03:00+00:00,24543.5,24556.5,24540.0,24545.0,133
2026-03-04 06:04:00+00:00,24544.25,24549.25,24538.0,24544.0,103
2026-03-04 06:05:00+00:00,24549.75,24558.5,24544.0,24544.25,145
2026-03-04 06:06:00+00:00,24548.5,24551.25,24542.0,24551.0,75
2026-03-04 06:07:00+00:00,24546.25,24555.5,24540.75,24549.0,118
2026-03-04 06:08:00+00:00,24541.25,24550.25,24535.75,24544.75,152
2026-03-04 06:09:00+00:00,24537.5,24546.5,24535.75,24543.25,95
2026-03-04 06:10:00+00:00,24534.75,24539.75,24531.5,24539.25,127
2026-03-04 06:11:00+00:00,24535.0,24539.0,24528.0,24534.75,141
2026-03-04 06:12:00+00:00,24520.75,24536.25,24511.5,24536.25,234
2026-03-04 06:13:00+00:00,24525.5,24527.0,24516.75,24520.75,103
2026-03-04 06:14:00+00:00,24517.5,24524.25,24517.5,24523.75,157
2026-03-04 06:15:00+00:00,24518.25,24522.5,24513.75,24517.25,147
2026-03-04 06:16:00+00:00,24505.75,24517.5,24503.0,24517.5,393
2026-03-04 06:17:00+00:00,24513.75,24515.0,24506.0,24509.75,122
2026-03-04 06:18:00+00:00,24508.5,24518.75,24504.0,24514.5,144
2026-03-04 06:19:00+00:00,24503.75,24513.25,24501.0,24511.5,129
2026-03-04 06:20:00+00:00,24512.5,24514.5,24499.0,24504.0,424
2026-03-04 06:21:00+00:00,24515.5,24516.5,24502.25,24511.75,200
2026-03-04 06:22:00+00:00,24524.5,24525.0,24516.5,24516.5,219
2026-03-04 06:23:00+00:00,24532.5,24532.5,24515.75,24525.25,166
2026-03-04 06:24:00+00:00,24528.0,24538.5,24518.25,24532.0,125
2026-03-04 06:25:00+00:00,24538.5,24539.25,24523.0,24529.0,149
2026-03-04 06:26:00+00:00,24538.75,24544.5,24531.25,24539.75,150
2026-03-04 06:27:00+00:00,24540.5,24545.5,24538.0,24540.25,134
2026-03-04 06:28:00+00:00,24536.0,24545.0,24529.0,24541.0,142
2026-03-04 06:29:00+00:00,24547.25,24549.25,24533.5,24536.75,152
2026-03-04 06:30:00+00:00,24550.0,24554.25,24541.0,24547.0,211
2026-03-04 06:31:00+00:00,24558.25,24564.0,24546.5,24547.0,174
2026-03-04 06:32:00+00:00,24560.75,24565.0,24557.75,24561.5,104
2026-03-04 06:33:00+00:00,24571.5,24575.25,24559.5,24561.75,236
2026-03-04 06:34:00+00:00,24579.0,24583.25,24568.75,24572.0,200
2026-03-04 06:35:00+00:00,24578.75,24588.5,24576.5,24579.5,228
2026-03-04 06:36:00+00:00,24585.75,24587.5,24574.0,24580.5,210
2026-03-04 06:37:00+00:00,24585.75,24590.0,24583.0,24586.25,138
2026-03-04 06:38:00+00:00,24573.25,24585.5,24571.25,24585.0,183
2026-03-04 06:39:00+00:00,24575.75,24578.5,24569.0,24573.5,125
2026-03-04 06:40:00+00:00,24575.75,24578.5,24568.0,24577.75,102
2026-03-04 06:41:00+00:00,24570.25,24577.0,24567.5,24576.0,95
2026-03-04 06:42:00+00:00,24574.25,24580.75,24568.25,24571.0,100
2026-03-04 06:43:00+00:00,24577.75,24578.75,24572.75,24574.0,81
2026-03-04 06:44:00+00:00,24572.75,24577.75,24567.0,24575.0,116
2026-03-04 06:45:00+00:00,24571.5,24575.5,24562.75,24572.25,205
2026-03-04 06:46:00+00:00,24562.5,24572.25,24562.5,24571.75,110
2026-03-04 06:47:00+00:00,24557.5,24565.0,24552.5,24563.0,107
2026-03-04 06:48:00+00:00,24555.5,24560.0,24551.25,24558.75,43
2026-03-04 06:49:00+00:00,24554.5,24556.5,24550.0,24556.5,45
2026-03-04 06:50:00+00:00,24566.75,24573.75,24552.0,24552.0,190
2026-03-04 06:51:00+00:00,24550.0,24568.0,24547.0,24567.75,117
2026-03-04 06:52:00+00:00,24552.25,24559.75,24548.75,24551.5,105
2026-03-04 06:53:00+00:00,24563.0,24563.0,24553.75,24553.75,59
2026-03-04 06:54:00+00:00,24558.5,24565.75,24558.25,24564.0,60
2026-03-04 06:55:00+00:00,24559.75,24565.5,24556.75,24559.0,67
2026-03-04 06:56:00+00:00,24561.5,24566.5,24559.25,24562.25,94
2026-03-04 06:57:00+00:00,24562.25,24564.0,24555.25,24561.5,69
2026-03-04 06:58:00+00:00,24571.75,24571.75,24562.5,24562.5,137
2026-03-04 06:59:00+00:00,24572.25,24574.5,24569.5,24572.5,67
2026-03-04 07:00:00+00:00,24572.0,24572.75,24560.75,24570.25,231
2026-03-04 07:01:00+00:00,24568.5,24585.0,24564.75,24572.0,253
2026-03-04 07:02:00+00:00,24569.5,24576.25,24563.5,24570.5,156
2026-03-04 07:03:00+00:00,24572.25,24580.5,24569.0,24571.75,142
2026-03-04 07:04:00+00:00,24568.25,24583.75,24568.0,24571.0,158
2026-03-04 07:05:00+00:00,24551.5,24569.0,24551.5,24568.75,195
2026-03-04 07:06:00+00:00,24564.0,24564.0,24554.25,24554.25,70
2026-03-04 07:07:00+00:00,24569.25,24574.0,24563.5,24564.25,107
2026-03-04 07:08:00+00:00,24571.25,24576.0,24559.25,24568.75,131
2026-03-04 07:09:00+00:00,24567.0,24571.75,24565.75,24569.75,103
2026-03-04 07:10:00+00:00,24554.75,24566.0,24553.25,24565.75,112
2026-03-04 07:11:00+00:00,24557.25,24565.5,24553.0,24553.0,101
2026-03-04 07:12:00+00:00,24544.25,24558.75,24543.25,24558.5,125
2026-03-04 07:13:00+00:00,24545.25,24545.25,24537.5,24545.25,111
2026-03-04 07:14:00+00:00,24543.0,24553.75,24541.25,24547.75,117
2026-03-04 07:15:00+00:00,24543.0,24545.5,24535.5,24540.75,158
2026-03-04 07:16:00+00:00,24565.0,24565.25,24544.25,24544.5,171
2026-03-04 07:17:00+00:00,24554.25,24564.25,24554.25,24564.25,149
2026-03-04 07:18:00+00:00,24547.5,24558.75,24547.5,24555.25,122
2026-03-04 07:19:00+00:00,24551.25,24554.5,24543.5,24547.0,87
2026-03-04 07:20:00+00:00,24558.0,24563.0,24551.0,24551.0,129
2026-03-04 07:21:00+00:00,24572.5,24574.25,24558.75,24559.75,225
2026-03-04 07:22:00+00:00,24571.25,24576.5,24565.0,24571.25,79
2026-03-04 07:23:00+00:00,24594.75,24595.0,24569.75,24569.75,192
2026-03-04 07:24:00+00:00,24602.25,24606.25,24595.25,24595.5,281
2026-03-04 07:25:00+00:00,24608.0,24610.5,24600.25,24603.25,156
2026-03-04 07:26:00+00:00,24601.0,24614.0,24596.0,24607.25,158
2026-03-04 07:27:00+00:00,24612.25,24615.25,24602.0,24603.0,475
2026-03-04 07:28:00+00:00,24605.5,24611.5,24603.25,24611.25,148
2026-03-04 07:29:00+00:00,24601.0,24608.25,24601.0,24606.75,94
2026-03-04 07:30:00+00:00,24602.75,24607.25,24597.5,24602.5,180
2026-03-04 07:31:00+00:00,24603.25,24605.25,24598.25,24600.5,72
2026-03-04 07:32:00+00:00,24618.25,24620.25,24602.5,24603.75,218
2026-03-04 07:33:00+00:00,24629.0,24629.0,24615.5,24618.0,358
2026-03-04 07:34:00+00:00,24627.0,24633.0,24620.5,24628.75,221
2026-03-04 07:35:00+00:00,24628.0,24639.0,24624.5,24625.75,171
2026-03-04 07:36:00+00:00,24628.0,24635.25,24627.0,24628.75,104
2026-03-04 07:37:00+00:00,24628.75,24631.75,24620.25,24630.5,93
2026-03-04 07:38:00+00:00,24633.5,24636.0,24627.0,24629.75,117
2026-03-04 07:39:00+00:00,24632.0,24632.75,24622.5,24632.25,159
2026-03-04 07:40:00+00:00,24649.5,24654.0,24631.75,24631.75,582
2026-03-04 07:41:00+00:00,24662.0,24664.0,24647.75,24648.75,230
2026-03-04 07:42:00+00:00,24659.25,24665.5,24654.25,24661.25,178
2026-03-04 07:43:00+00:00,24654.25,24660.25,24652.0,24659.5,123
2026-03-04 07:44:00+00:00,24656.25,24663.25,24649.75,24654.5,160
2026-03-04 07:45:00+00:00,24649.5,24656.0,24642.0,24655.75,218
2026-03-04 07:46:00+00:00,24661.5,24663.0,24652.0,24652.0,103
2026-03-04 07:47:00+00:00,24649.75,24660.25,24649.75,24660.25,144
2026-03-04 07:48:00+00:00,24653.0,24654.5,24647.25,24649.5,128
2026-03-04 07:49:00+00:00,24651.0,24657.0,24649.25,24654.0,63
2026-03-04 07:50:00+00:00,24660.0,24662.25,24648.5,24651.25,140
2026-03-04 07:51:00+00:00,24666.75,24672.5,24659.25,24659.25,157
2026-03-04 07:52:00+00:00,24673.25,24677.75,24664.5,24667.5,158
2026-03-04 07:53:00+00:00,24673.25,24675.5,24667.0,24670.75,123
2026-03-04 07:54:00+00:00,24663.25,24674.0,24661.25,24672.75,117
2026-03-04 07:55:00+00:00,24657.0,24665.25,24653.25,24664.75,137
2026-03-04 07:56:00+00:00,24659.0,24666.25,24651.0,24654.75,145
2026-03-04 07:57:00+00:00,24673.0,24674.25,24656.0,24660.75,130
2026-03-04 07:58:00+00:00,24664.75,24673.0,24662.75,24673.0,114
2026-03-04 07:59:00+00:00,24657.0,24669.75,24655.5,24662.5,209
2026-03-04 08:00:00+00:00,24657.5,24665.25,24642.75,24657.0,562
2026-03-04 08:01:00+00:00,24673.25,24675.5,24658.0,24658.25,320
2026-03-04 08:02:00+00:00,24671.0,24675.0,24656.5,24673.25,221
2026-03-04 08:03:00+00:00,24653.5,24675.0,24641.0,24670.25,257
2026-03-04 08:04:00+00:00,24649.0,24654.75,24643.75,24654.0,128
2026-03-04 08:05:00+00:00,24659.75,24663.0,24638.25,24648.75,288
2026-03-04 08:06:00+00:00,24668.5,24674.5,24656.75,24659.0,231
2026-03-04 08:07:00+00:00,24674.0,24674.75,24659.5,24668.75,298
2026-03-04 08:08:00+00:00,24663.75,24674.5,24652.5,24673.0,420
2026-03-04 08:09:00+00:00,24659.75,24675.75,24658.25,24662.75,150
2026-03-04 08:10:00+00:00,24658.5,24663.0,24653.5,24658.5,200
2026-03-04 08:11:00+00:00,24648.75,24664.5,24643.75,24658.75,193
2026-03-04 08:12:00+00:00,24641.5,24652.0,24639.0,24648.75,189
2026-03-04 08:13:00+00:00,24655.5,24657.25,24635.75,24641.0,150
2026-03-04 08:14:00+00:00,24669.0,24673.5,24652.0,24655.5,258
2026-03-04 08:15:00+00:00,24653.0,24669.75,24647.0,24669.75,196
2026-03-04 08:16:00+00:00,24668.75,24673.25,24642.0,24653.0,158
2026-03-04 08:17:00+00:00,24664.5,24674.75,24662.25,24669.75,138
2026-03-04 08:18:00+00:00,24675.25,24675.75,24657.75,24661.75,172
2026-03-04 08:19:00+00:00,24668.75,24688.25,24667.0,24675.5,238
2026-03-04 08:20:00+00:00,24644.25,24668.75,24642.0,24668.5,228
2026-03-04 08:21:00+00:00,24626.5,24648.5,24626.0,24644.25,206
2026-03-04 08:22:00+00:00,24638.5,24641.0,24614.0,24626.0,305
2026-03-04 08:23:00+00:00,24654.5,24657.5,24634.0,24640.0,155
2026-03-04 08:24:00+00:00,24635.25,24662.25,24634.25,24654.0,163
2026-03-04 08:25:00+00:00,24623.25,24638.75,24622.75,24633.75,165
2026-03-04 08:26:00+00:00,24616.5,24630.5,24613.25,24624.0,123
2026-03-04 08:27:00+00:00,24628.25,24633.75,24611.5,24614.25,233
2026-03-04 08:28:00+00:00,24636.0,24637.75,24617.5,24629.0,198
2026-03-04 08:29:00+00:00,24629.75,24639.5,24624.75,24638.0,95
2026-03-04 08:30:00+00:00,24647.5,24650.25,24622.25,24629.75,238
2026-03-04 08:31:00+00:00,24652.5,24657.0,24646.5,24649.0,166
2026-03-04 08:32:00+00:00,24648.5,24657.25,24644.25,24652.5,99
2026-03-04 08:33:00+00:00,24650.5,24654.25,24646.25,24649.25,80
2026-03-04 08:34:00+00:00,24650.25,24653.75,24638.0,24652.5,153
2026-03-04 08:35:00+00:00,24640.0,24652.0,24640.0,24649.25,68
2026-03-04 08:36:00+00:00,24652.25,24655.0,24636.75,24640.5,71
2026-03-04 08:37:00+00:00,24642.0,24652.75,24641.5,24649.75,53
2026-03-04 08:38:00+00:00,24634.75,24646.0,24632.25,24646.0,117
2026-03-04 08:39:00+00:00,24625.5,24640.5,24623.75,24636.75,184
2026-03-04 08:40:00+00:00,24626.5,24631.25,24619.75,24626.25,197
2026-03-04 08:41:00+00:00,24625.75,24637.0,24620.25,24625.25,130
2026-03-04 08:42:00+00:00,24649.75,24655.25,24626.5,24626.75,189
2026-03-04 08:43:00+00:00,24654.75,24654.75,24642.0,24649.0,161
2026-03-04 08:44:00+00:00,24664.0,24668.5,24654.75,24656.0,145
2026-03-04 08:45:00+00:00,24659.25,24671.5,24659.25,24667.0,82
2026-03-04 08:46:00+00:00,24650.25,24661.5,24645.75,24660.0,140
2026-03-04 08:47:00+00:00,24656.25,24656.25,24643.5,24649.5,67
2026-03-04 08:48:00+00:00,24669.25,24671.0,24657.75,24658.5,119
2026-03-04 08:49:00+00:00,24672.0,24674.25,24663.25,24669.25,110
2026-03-04 08:50:00+00:00,24664.25,24678.0,24659.25,24674.75,152
2026-03-04 08:51:00+00:00,24654.25,24668.0,24653.0,24664.25,93
2026-03-04 08:52:00+00:00,24651.0,24658.25,24644.75,24654.75,105
2026-03-04 08:53:00+00:00,24652.25,24661.75,24650.0,24654.0,62
2026-03-04 08:54:00+00:00,24662.5,24664.75,24651.5,24651.5,80
2026-03-04 08:55:00+00:00,24653.5,24665.5,24647.75,24660.0,128
2026-03-04 08:56:00+00:00,24636.5,24657.5,24632.25,24653.5,176
2026-03-04 08:57:00+00:00,24644.5,24649.0,24633.0,24637.25,146
2026-03-04 08:58:00+00:00,24649.25,24652.5,24644.0,24647.0,99
2026-03-04 08:59:00+00:00,24644.0,24651.75,24643.75,24647.75,81
2026-03-04 09:00:00+00:00,24628.25,24656.0,24627.0,24648.25,220
2026-03-04 09:01:00+00:00,24651.25,24653.0,24629.75,24630.5,157
2026-03-04 09:02:00+00:00,24660.0,24662.0,24643.25,24649.25,220
2026-03-04 09:03:00+00:00,24670.0,24670.0,24653.75,24658.5,155
2026-03-04 09:04:00+00:00,24653.75,24672.75,24647.75,24669.5,272
2026-03-04 09:05:00+00:00,24651.25,24659.0,24641.0,24654.75,132
2026-03-04 09:06:00+00:00,24651.0,24652.25,24632.5,24651.0,120
2026-03-04 09:07:00+00:00,24622.75,24648.0,24622.75,24647.75,124
2026-03-04 09:08:00+00:00,24640.25,24644.75,24621.0,24622.5,214
2026-03-04 09:09:00+00:00,24653.25,24654.0,24642.0,24642.5,73
2026-03-04 09:10:00+00:00,24657.5,24657.5,24649.0,24652.75,78
2026-03-04 09:11:00+00:00,24675.25,24677.5,24658.5,24658.5,148
2026-03-04 09:12:00+00:00,24671.0,24676.25,24669.0,24673.75,87
2026-03-04 09:13:00+00:00,24691.5,24694.0,24673.5,24673.5,247
2026-03-04 09:14:00+00:00,24693.25,24708.0,24690.75,24691.25,430
2026-03-04 09:15:00+00:00,24712.25,24713.75,24685.5,24692.5,350
2026-03-04 09:16:00+00:00,24700.25,24712.25,24697.0,24711.75,160
2026-03-04 09:17:00+00:00,24710.5,24710.75,24697.5,24698.0,94
2026-03-04 09:18:00+00:00,24716.25,24720.75,24708.0,24709.5,289
2026-03-04 09:19:00+00:00,24700.0,24716.5,24693.0,24715.5,216
2026-03-04 09:20:00+00:00,24710.5,24711.5,24696.0,24699.25,141
2026-03-04 09:21:00+00:00,24697.0,24716.0,24696.0,24709.25,149
2026-03-04 09:22:00+00:00,24696.25,24705.0,24694.75,24696.25,126
2026-03-04 09:23:00+00:00,24692.5,24697.25,24691.75,24696.75,77
2026-03-04 09:24:00+00:00,24709.75,24711.0,24691.5,24693.25,136
2026-03-04 09:25:00+00:00,24711.0,24711.25,24700.0,24711.25,168
2026-03-04 09:26:00+00:00,24702.75,24711.0,24699.75,24711.0,72
2026-03-04 09:27:00+00:00,24704.75,24705.25,24695.75,24700.5,77
2026-03-04 09:28:00+00:00,24704.0,24706.5,24701.0,24704.5,79
2026-03-04 09:29:00+00:00,24706.75,24707.75,24700.75,24702.75,95
2026-03-04 09:30:00+00:00,24716.5,24717.5,24698.5,24707.25,163
2026-03-04 09:31:00+00:00,24707.5,24717.0,24701.0,24715.5,119
2026-03-04 09:32:00+00:00,24700.5,24709.75,24697.5,24708.25,112
2026-03-04 09:33:00+00:00,24698.75,24702.5,24694.75,24699.0,120
2026-03-04 09:34:00+00:00,24713.75,24715.0,24701.75,24701.75,176
2026-03-04 09:35:00+00:00,24728.0,24730.5,24711.5,24713.75,197
2026-03-04 09:36:00+00:00,24732.0,24734.75,24727.25,24730.75,170
2026-03-04 09:37:00+00:00,24730.5,24733.25,24715.0,24729.25,286
2026-03-04 09:38:00+00:00,24727.0,24734.0,24722.0,24730.5,116
2026-03-04 09:39:00+00:00,24708.25,24731.25,24703.5,24728.5,387
2026-03-04 09:40:00+00:00,24708.25,24713.25,24703.0,24708.5,151
2026-03-04 09:41:00+00:00,24728.75,24728.75,24703.25,24706.0,80
2026-03-04 09:42:00+00:00,24738.5,24741.75,24726.25,24728.5,281
2026-03-04 09:43:00+00:00,24739.5,24745.5,24735.5,24739.25,180
2026-03-04 09:44:00+00:00,24734.0,24740.75,24730.0,24738.0,140
2026-03-04 09:45:00+00:00,24729.75,24736.75,24728.25,24733.5,91
2026-03-04 09:46:00+00:00,24731.75,24735.0,24726.25,24729.75,109
2026-03-04 09:47:00+00:00,24741.5,24745.0,24726.25,24730.75,137
2026-03-04 09:48:00+00:00,24753.5,24755.25,24740.75,24741.25,365
2026-03-04 09:49:00+00:00,24759.75,24764.25,24749.5,24751.5,405
2026-03-04 09:50:00+00:00,24767.75,24767.75,24757.0,24759.5,287
2026-03-04 09:51:00+00:00,24767.25,24771.25,24763.75,24766.25,268
2026-03-04 09:52:00+00:00,24762.75,24770.25,24757.75,24767.0,166
2026-03-04 09:53:00+00:00,24754.25,24764.0,24751.75,24761.75,165
2026-03-04 09:54:00+00:00,24753.5,24756.25,24747.0,24753.0,226
2026-03-04 09:55:00+00:00,24739.5,24754.25,24739.5,24754.0,175
2026-03-04 09:56:00+00:00,24739.5,24743.5,24736.25,24738.0,166
2026-03-04 09:57:00+00:00,24740.75,24744.0,24738.0,24739.25,102
2026-03-04 09:58:00+00:00,24755.0,24756.75,24740.75,24741.5,107
2026-03-04 09:59:00+00:00,24754.75,24760.5,24754.0,24755.75,167
2026-03-04 10:00:00+00:00,24746.5,24756.25,24745.75,24754.25,218
2026-03-04 10:01:00+00:00,24758.5,24760.75,24747.25,24747.25,185
2026-03-04 10:02:00+00:00,24759.25,24762.0,24754.0,24757.0,63
2026-03-04 10:03:00+00:00,24751.0,24755.25,24745.75,24755.25,122
2026-03-04 10:04:00+00:00,24750.0,24753.75,24747.0,24750.75,100
2026-03-04 10:05:00+00:00,24738.75,24751.0,24736.75,24749.75,164
2026-03-04 10:06:00+00:00,24745.75,24746.5,24734.25,24738.25,162
2026-03-04 10:07:00+00:00,24766.0,24777.0,24745.0,24746.5,814
2026-03-04 10:08:00+00:00,24805.5,24812.5,24745.0,24766.75,1493
2026-03-04 10:09:00+00:00,24822.25,24837.25,24795.5,24805.75,1242
2026-03-04 10:10:00+00:00,24844.25,24849.75,24811.75,24822.5,868
2026-03-04 10:11:00+00:00,24849.5,24860.0,24828.0,24844.5,822
2026-03-04 10:12:00+00:00,24827.25,24857.0,24825.25,24849.0,526
2026-03-04 10:13:00+00:00,24818.5,24829.0,24815.75,24825.0,518
2026-03-04 10:14:00+00:00,24850.25,24853.5,24817.25,24818.5,365
2026-03-04 10:15:00+00:00,24855.0,24861.0,24841.0,24851.25,355
2026-03-04 10:16:00+00:00,24850.75,24854.5,24839.0,24854.5,369
2026-03-04 10:17:00+00:00,24846.25,24866.25,24846.25,24849.25,636
2026-03-04 10:18:00+00:00,24828.0,24846.75,24825.0,24846.0,382
2026-03-04 10:19:00+00:00,24836.25,24839.5,24823.75,24827.5,308
2026-03-04 10:20:00+00:00,24833.5,24840.25,24830.0,24835.0,444
2026-03-04 10:21:00+00:00,24831.0,24840.0,24825.0,24833.75,521
2026-03-04 10:22:00+00:00,24853.75,24860.5,24829.25,24831.5,294
2026-03-04 10:23:00+00:00,24849.25,24857.25,24843.25,24852.0,157
2026-03-04 10:24:00+00:00,24840.0,24851.25,24837.0,24851.25,281
2026-03-04 10:25:00+00:00,24805.0,24840.5,24801.75,24840.25,383
2026-03-04 10:26:00+00:00,24800.75,24808.25,24795.25,24806.0,269
2026-03-04 10:27:00+00:00,24804.0,24810.0,24797.0,24798.5,204
2026-03-04 10:28:00+00:00,24809.75,24814.75,24804.75,24805.5,150
2026-03-04 10:29:00+00:00,24805.25,24825.25,24805.0,24807.0,214
2026-03-04 10:30:00+00:00,24813.75,24822.0,24805.25,24806.0,206
2026-03-04 10:31:00+00:00,24815.5,24820.0,24811.5,24813.0,75
2026-03-04 10:32:00+00:00,24825.75,24829.5,24805.5,24813.75,174
2026-03-04 10:33:00+00:00,24823.0,24826.0,24809.75,24825.5,193
2026-03-04 10:34:00+00:00,24829.25,24833.75,24822.5,24825.0,178
2026-03-04 10:35:00+00:00,24833.5,24835.0,24826.25,24830.25,110
2026-03-04 10:36:00+00:00,24845.0,24845.25,24830.25,24833.75,179
2026-03-04 10:37:00+00:00,24819.0,24844.75,24819.0,24844.75,192
2026-03-04 10:38:00+00:00,24822.5,24828.0,24816.0,24819.75,104
2026-03-04 10:39:00+00:00,24823.75,24825.5,24814.0,24823.75,183
2026-03-04 10:40:00+00:00,24816.5,24824.0,24811.5,24822.5,101
2026-03-04 10:41:00+00:00,24831.25,24836.0,24817.25,24817.25,102
2026-03-04 10:42:00+00:00,24835.0,24841.25,24827.0,24829.5,149
2026-03-04 10:43:00+00:00,24826.5,24836.25,24824.75,24835.5,219
2026-03-04 10:44:00+00:00,24832.75,24837.5,24826.5,24827.75,116
2026-03-04 10:45:00+00:00,24836.25,24837.25,24824.75,24833.25,224
2026-03-04 10:46:00+00:00,24841.0,24845.5,24831.25,24835.75,194
2026-03-04 10:47:00+00:00,24836.0,24846.25,24832.0,24841.0,111
2026-03-04 10:48:00+00:00,24833.75,24846.25,24833.0,24835.5,128
2026-03-04 10:49:00+00:00,24839.75,24839.75,24818.75,24833.25,147
2026-03-04 10:50:00+00:00,24840.0,24846.5,24836.5,24838.0,123
2026-03-04 10:51:00+00:00,24843.75,24854.5,24837.5,24841.0,310
2026-03-04 10:52:00+00:00,24817.5,24843.75,24812.25,24841.75,204
2026-03-04 10:53:00+00:00,24827.75,24836.0,24817.25,24820.25,307
2026-03-04 10:54:00+00:00,24831.5,24836.25,24826.25,24827.75,153
2026-03-04 10:55:00+00:00,24829.25,24833.25,24823.25,24830.5,101
2026-03-04 10:56:00+00:00,24825.5,24832.0,24822.25,24830.25,108
2026-03-04 10:57:00+00:00,24833.5,24835.5,24824.5,24824.5,53
2026-03-04 10:58:00+00:00,24832.75,24838.5,24827.5,24833.5,106
2026-03-04 10:59:00+00:00,24842.5,24845.5,24827.75,24830.75,318
2026-03-04 11:00:00+00:00,24846.25,24854.5,24839.5,24842.75,339
2026-03-04 11:01:00+00:00,24864.5,24873.0,24842.25,24844.25,511
2026-03-04 11:02:00+00:00,24870.0,24871.5,24855.75,24865.5,325
2026-03-04 11:03:00+00:00,24871.25,24875.0,24864.25,24868.75,330
2026-03-04 11:04:00+00:00,24856.5,24873.0,24854.75,24871.0,245
2026-03-04 11:05:00+00:00,24865.0,24867.5,24850.0,24855.5,301
2026-03-04 11:06:00+00:00,24856.75,24866.25,24856.25,24865.0,174
2026-03-04 11:07:00+00:00,24855.5,24867.5,24853.0,24855.5,144
2026-03-04 11:08:00+00:00,24846.25,24855.75,24841.0,24855.25,316
2026-03-04 11:09:00+00:00,24847.25,24856.0,24839.5,24847.0,343
2026-03-04 11:10:00+00:00,24846.0,24853.75,24841.0,24848.25,249
2026-03-04 11:11:00+00:00,24847.5,24852.25,24843.5,24847.0,126
2026-03-04 11:12:00+00:00,24846.0,24848.25,24840.75,24847.0,52
2026-03-04 11:13:00+00:00,24860.0,24862.25,24846.25,24846.25,158
2026-03-04 11:14:00+00:00,24859.0,24869.25,24854.75,24860.75,230
2026-03-04 11:15:00+00:00,24867.5,24868.5,24855.75,24860.0,213
2026-03-04 11:16:00+00:00,24874.75,24875.75,24860.5,24865.0,265
2026-03-04 11:17:00+00:00,24874.75,24881.0,24871.5,24875.0,247
2026-03-04 11:18:00+00:00,24871.75,24876.5,24864.25,24876.5,186
2026-03-04 11:19:00+00:00,24889.0,24895.0,24872.25,24872.25,407
2026-03-04 11:20:00+00:00,24891.5,24894.5,24878.25,24890.0,321
2026-03-04 11:21:00+00:00,24880.25,24889.75,24873.75,24889.75,234
2026-03-04 11:22:00+00:00,24892.25,24892.25,24879.75,24881.0,187
2026-03-04 11:23:00+00:00,24874.75,24892.0,24874.0,24892.0,259
2026-03-04 11:24:00+00:00,24878.25,24879.25,24871.25,24876.5,145
2026-03-04 11:25:00+00:00,24873.0,24882.0,24868.75,24877.25,184
2026-03-04 11:26:00+00:00,24875.75,24879.25,24869.0,24873.5,129
2026-03-04 11:27:00+00:00,24872.5,24886.75,24870.0,24874.75,247
2026-03-04 11:28:00+00:00,24866.0,24877.0,24866.0,24872.5,170
2026-03-04 11:29:00+00:00,24864.0,24867.5,24860.5,24867.5,160
2026-03-04 11:30:00+00:00,24862.5,24865.75,24857.25,24864.5,193
2026-03-04 11:31:00+00:00,24869.75,24872.5,24860.25,24862.75,175
2026-03-04 11:32:00+00:00,24859.0,24869.5,24857.75,24868.5,119
2026-03-04 11:33:00+00:00,24841.75,24860.5,24841.5,24858.5,195
2026-03-04 11:34:00+00:00,24842.5,24848.75,24830.75,24841.25,338
2026-03-04 11:35:00+00:00,24840.25,24847.75,24837.5,24843.5,210
2026-03-04 11:36:00+00:00,24828.0,24844.0,24826.5,24841.5,225
2026-03-04 11:37:00+00:00,24827.75,24833.75,24826.25,24827.75,146
2026-03-04 11:38:00+00:00,24835.5,24839.0,24823.25,24827.0,151
2026-03-04 11:39:00+00:00,24839.0,24839.0,24826.5,24836.25,188
2026-03-04 11:40:00+00:00,24837.0,24845.25,24834.5,24838.5,185
2026-03-04 11:41:00+00:00,24828.0,24839.25,24822.75,24837.25,255
2026-03-04 11:42:00+00:00,24825.75,24830.75,24822.0,24829.25,91
2026-03-04 11:43:00+00:00,24831.5,24835.25,24825.25,24825.25,101
2026-03-04 11:44:00+00:00,24817.5,24832.0,24816.25,24831.5,131
2026-03-04 11:45:00+00:00,24815.25,24819.75,24806.5,24815.0,253
2026-03-04 11:46:00+00:00,24829.75,24831.0,24814.25,24816.5,224
2026-03-04 11:47:00+00:00,24835.5,24836.25,24828.25,24829.5,266
2026-03-04 11:48:00+00:00,24824.5,24834.5,24822.5,24831.5,121
2026-03-04 11:49:00+00:00,24813.75,24826.25,24811.0,24824.75,218
2026-03-04 11:50:00+00:00,24810.0,24816.5,24803.25,24815.75,280
2026-03-04 11:51:00+00:00,24826.5,24829.5,24803.75,24809.0,245
2026-03-04 11:52:00+00:00,24821.25,24829.25,24820.75,24825.0,264
2026-03-04 11:53:00+00:00,24819.5,24824.25,24818.75,24820.75,71
2026-03-04 11:54:00+00:00,24819.25,24826.5,24818.5,24818.5,76
2026-03-04 11:55:00+00:00,24822.75,24825.5,24817.5,24817.75,86
2026-03-04 11:56:00+00:00,24803.25,24823.5,24801.25,24821.25,271
2026-03-04 11:57:00+00:00,24811.5,24811.5,24801.25,24802.25,143
2026-03-04 11:58:00+00:00,24811.5,24817.0,24808.5,24811.25,200
2026-03-04 11:59:00+00:00,24805.5,24813.5,24804.75,24812.25,157
2026-03-04 12:00:00+00:00,24810.25,24820.0,24806.25,24806.25,309
2026-03-04 12:01:00+00:00,24818.25,24823.5,24810.75,24810.75,178
2026-03-04 12:02:00+00:00,24824.0,24826.25,24816.75,24821.0,194
2026-03-04 12:03:00+00:00,24841.0,24843.25,24820.5,24823.75,381
2026-03-04 12:04:00+00:00,24821.5,24844.25,24821.5,24843.0,323
2026-03-04 12:05:00+00:00,24816.75,24823.75,24805.75,24821.5,267
2026-03-04 12:06:00+00:00,24823.25,24828.5,24814.5,24815.25,191
2026-03-04 12:07:00+00:00,24823.0,24827.0,24817.0,24824.5,161
2026-03-04 12:08:00+00:00,24827.0,24832.0,24813.5,24818.0,174
2026-03-04 12:09:00+00:00,24809.5,24843.5,24804.25,24828.25,393
2026-03-04 12:10:00+00:00,24805.75,24815.75,24805.75,24809.25,169
2026-03-04 12:11:00+00:00,24814.75,24816.0,24805.75,24806.75,105
2026-03-04 12:12:00+00:00,24815.5,24821.0,24808.0,24816.75,155
2026-03-04 12:13:00+00:00,24820.75,24821.25,24811.25,24817.0,114
2026-03-04 12:14:00+00:00,24828.0,24828.5,24818.75,24818.75,145
2026-03-04 12:15:00+00:00,24820.0,24829.5,24816.25,24829.5,140
2026-03-04 12:16:00+00:00,24800.5,24821.5,24792.0,24820.0,304
2026-03-04 12:17:00+00:00,24785.25,24801.75,24784.0,24800.25,293
2026-03-04 12:18:00+00:00,24782.0,24790.25,24776.25,24784.75,434
2026-03-04 12:19:00+00:00,24785.25,24791.75,24773.75,24781.75,283
2026-03-04 12:20:00+00:00,24772.5,24784.75,24765.25,24784.5,312
2026-03-04 12:21:00+00:00,24768.25,24780.0,24768.0,24774.25,190
2026-03-04 12:22:00+00:00,24776.25,24788.5,24761.0,24770.5,850
2026-03-04 12:23:00+00:00,24765.75,24780.25,24764.5,24778.0,307
2026-03-04 12:24:00+00:00,24767.25,24770.75,24757.25,24765.0,214
2026-03-04 12:25:00+00:00,24762.5,24769.25,24747.0,24766.25,445
2026-03-04 12:26:00+00:00,24760.5,24765.5,24752.0,24763.75,231
2026-03-04 12:27:00+00:00,24765.25,24770.75,24759.5,24763.0,196
2026-03-04 12:28:00+00:00,24754.5,24764.25,24745.0,24764.25,330
2026-03-04 12:29:00+00:00,24731.25,24753.75,24728.0,24753.0,466
2026-03-04 12:30:00+00:00,24728.25,24748.25,24727.25,24732.25,452
2026-03-04 12:31:00+00:00,24736.75,24741.25,24720.5,24728.25,389
2026-03-04 12:32:00+00:00,24735.75,24740.5,24725.25,24737.0,230
2026-03-04 12:33:00+00:00,24734.0,24741.25,24729.25,24737.5,242
2026-03-04 12:34:00+00:00,24745.25,24751.75,24735.0,24735.0,301
2026-03-04 12:35:00+00:00,24737.75,24746.5,24730.5,24743.25,193
2026-03-04 12:36:00+00:00,24754.0,24759.75,24734.5,24737.5,311
2026-03-04 12:37:00+00:00,24763.0,24763.75,24751.5,24753.5,250
2026-03-04 12:38:00+00:00,24765.5,24766.0,24760.5,24763.75,279
2026-03-04 12:39:00+00:00,24779.25,24779.25,24763.25,24764.5,285
2026-03-04 12:40:00+00:00,24775.5,24786.5,24772.0,24779.75,351
2026-03-04 12:41:00+00:00,24771.25,24779.25,24764.25,24775.75,242
2026-03-04 12:42:00+00:00,24776.25,24776.75,24766.75,24773.75,109
2026-03-04 12:43:00+00:00,24793.0,24794.25,24774.25,24777.0,333
2026-03-04 12:44:00+00:00,24783.75,24793.75,24781.75,24793.75,130
2026-03-04 12:45:00+00:00,24775.0,24782.5,24764.0,24782.25,249
2026-03-04 12:46:00+00:00,24773.25,24778.5,24768.75,24776.25,108
2026-03-04 12:47:00+00:00,24769.5,24782.75,24765.75,24773.25,197
2026-03-04 12:48:00+00:00,24772.0,24775.0,24765.75,24769.0,145
2026-03-04 12:49:00+00:00,24770.5,24772.25,24765.5,24769.5,159
2026-03-04 12:50:00+00:00,24770.5,24775.75,24766.25,24769.25,129
2026-03-04 12:51:00+00:00,24771.25,24774.75,24767.0,24770.0,86
2026-03-04 12:52:00+00:00,24759.0,24772.25,24758.25,24772.0,165
2026-03-04 12:53:00+00:00,24765.5,24766.75,24758.25,24760.25,159
2026-03-04 12:54:00+00:00,24763.75,24768.0,24762.5,24765.75,135
2026-03-04 12:55:00+00:00,24760.5,24767.25,24760.0,24764.25,142
2026-03-04 12:56:00+00:00,24776.0,24780.5,24761.5,24761.5,241
2026-03-04 12:57:00+00:00,24784.5,24788.0,24777.0,24777.0,218
2026-03-04 12:58:00+00:00,24798.5,24800.5,24784.5,24784.75,330
2026-03-04 12:59:00+00:00,24800.75,24803.25,24793.5,24798.75,213
2026-03-04 13:00:00+00:00,24812.25,24816.0,24795.5,24800.5,511
2026-03-04 13:01:00+00:00,24822.75,24825.0,24807.0,24813.5,737
2026-03-04 13:02:00+00:00,24823.5,24824.5,24812.5,24823.5,373
2026-03-04 13:03:00+00:00,24834.75,24841.75,24823.75,24823.75,503
2026-03-04 13:04:00+00:00,24839.25,24841.0,24833.0,24834.75,357
2026-03-04 13:05:00+00:00,24850.0,24851.75,24833.0,24838.75,325
2026-03-04 13:06:00+00:00,24868.5,24874.0,24847.25,24850.5,639
2026-03-04 13:07:00+00:00,24856.75,24875.0,24855.0,24869.5,956
2026-03-04 13:08:00+00:00,24873.25,24878.5,24855.5,24857.5,438
2026-03-04 13:09:00+00:00,24885.0,24888.75,24866.25,24873.75,866
2026-03-04 13:10:00+00:00,24902.5,24930.25,24884.25,24886.5,1475
2026-03-04 13:11:00+00:00,24906.75,24913.25,24898.75,24903.0,457
2026-03-04 13:12:00+00:00,24903.25,24913.5,24902.25,24907.0,430
2026-03-04 13:13:00+00:00,24903.5,24910.75,24896.25,24904.75,541
2026-03-04 13:14:00+00:00,24918.0,24925.0,24902.0,24904.0,604
2026-03-04 13:15:00+00:00,24901.25,24926.75,24899.75,24918.0,504
2026-03-04 13:16:00+00:00,24897.25,24905.0,24893.25,24901.25,394
2026-03-04 13:17:00+00:00,24892.25,24897.5,24888.0,24895.5,327
2026-03-04 13:18:00+00:00,24891.75,24896.25,24887.25,24892.75,463
2026-03-04 13:19:00+00:00,24886.25,24893.25,24873.5,24891.75,609
2026-03-04 13:20:00+00:00,24874.25,24884.5,24868.0,24884.0,258
2026-03-04 13:21:00+00:00,24878.5,24887.75,24868.5,24874.25,683
2026-03-04 13:22:00+00:00,24876.0,24881.25,24873.0,24879.75,158
2026-03-04 13:23:00+00:00,24866.75,24879.25,24865.0,24875.0,208
2026-03-04 13:24:00+00:00,24869.25,24876.25,24863.25,24866.25,321
2026-03-04 13:25:00+00:00,24870.75,24883.25,24867.5,24868.75,249
2026-03-04 13:26:00+00:00,24873.75,24882.0,24868.75,24869.75,186
2026-03-04 13:27:00+00:00,24880.75,24886.25,24873.0,24874.5,267
2026-03-04 13:28:00+00:00,24888.0,24890.75,24878.5,24881.25,176
2026-03-04 13:29:00+00:00,24882.0,24891.0,24882.0,24886.5,607
2026-03-04 13:30:00+00:00,24877.5,24886.75,24874.75,24882.75,210
2026-03-04 13:31:00+00:00,24875.0,24879.0,24860.25,24876.75,787
2026-03-04 13:32:00+00:00,24895.25,24897.5,24873.5,24875.25,750
2026-03-04 13:33:00+00:00,24886.0,24899.0,24883.25,24894.25,305
2026-03-04 13:34:00+00:00,24886.0,24892.25,24881.5,24885.5,149
2026-03-04 13:35:00+00:00,24873.5,24887.0,24873.0,24886.75,219
2026-03-04 13:36:00+00:00,24871.75,24876.0,24863.5,24874.0,231
2026-03-04 13:37:00+00:00,24873.5,24877.25,24865.25,24870.25,660
2026-03-04 13:38:00+00:00,24888.75,24896.0,24875.0,24875.0,307
2026-03-04 13:39:00+00:00,24890.75,24892.75,24880.5,24889.25,180
2026-03-04 13:40:00+00:00,24888.75,24895.25,24877.25,24890.25,256
2026-03-04 13:41:00+00:00,24899.75,24908.0,24886.75,24889.25,451
2026-03-04 13:42:00+00:00,24909.25,24910.5,24889.0,24898.0,583
2026-03-04 13:43:00+00:00,24917.0,24925.0,24892.75,24908.75,1089
2026-03-04 13:44:00+00:00,24904.25,24918.5,24895.5,24917.0,312
2026-03-04 13:45:00+00:00,24904.5,24910.0,24900.5,24902.75,221
2026-03-04 13:46:00+00:00,24903.5,24904.0,24899.25,24901.75,80
2026-03-04 13:47:00+00:00,24903.5,24917.5,24901.0,24903.25,322
2026-03-04 13:48:00+00:00,24906.25,24907.5,24899.0,24904.0,161
2026-03-04 13:49:00+00:00,24912.0,24917.75,24905.0,24905.75,281
2026-03-04 13:50:00+00:00,24909.0,24915.0,24904.75,24912.25,332
2026-03-04 13:51:00+00:00,24914.0,24916.5,24905.25,24909.75,448
2026-03-04 13:52:00+00:00,24894.25,24913.25,24892.0,24913.0,512
2026-03-04 13:53:00+00:00,24895.75,24899.75,24886.75,24894.0,576
2026-03-04 13:54:00+00:00,24891.75,24900.25,24890.0,24896.5,555
2026-03-04 13:55:00+00:00,24878.25,24890.0,24875.5,24890.0,433
2026-03-04 13:56:00+00:00,24902.5,24918.25,24876.75,24879.5,885
2026-03-04 13:57:00+00:00,24890.5,24909.0,24881.75,24904.5,595
2026-03-04 13:58:00+00:00,24884.0,24897.0,24882.25,24889.25,225
2026-03-04 13:59:00+00:00,24889.25,24896.75,24883.25,24883.75,288
2026-03-04 14:00:00+00:00,24882.5,24891.5,24878.25,24889.5,550
2026-03-04 14:01:00+00:00,24886.75,24889.5,24879.75,24880.75,213
2026-03-04 14:02:00+00:00,24884.25,24893.75,24878.25,24887.75,317
2026-03-04 14:03:00+00:00,24882.75,24886.75,24874.0,24884.5,255
2026-03-04 14:04:00+00:00,24888.0,24894.25,24882.5,24882.75,200
2026-03-04 14:05:00+00:00,24883.25,24889.75,24878.0,24887.75,226
2026-03-04 14:06:00+00:00,24901.25,24902.0,24883.0,24883.25,544
2026-03-04 14:07:00+00:00,24889.75,24904.5,24886.0,24902.0,425
2026-03-04 14:08:00+00:00,24871.0,24895.0,24866.0,24889.75,350
2026-03-04 14:09:00+00:00,24875.25,24877.5,24870.5,24870.5,196
2026-03-04 14:10:00+00:00,24875.25,24877.75,24868.5,24874.0,224
2026-03-04 14:11:00+00:00,24877.75,24884.75,24875.5,24875.5,165
2026-03-04 14:12:00+00:00,24892.0,24892.0,24878.5,24879.0,199
2026-03-04 14:13:00+00:00,24885.0,24894.0,24882.5,24892.0,212
2026-03-04 14:14:00+00:00,24897.0,24897.25,24881.5,24886.0,197
2026-03-04 14:15:00+00:00,24898.25,24903.75,24895.25,24896.0,460
2026-03-04 14:16:00+00:00,24895.75,24900.0,24888.25,24899.25,338
2026-03-04 14:17:00+00:00,24881.0,24895.75,24881.0,24895.5,218
2026-03-04 14:18:00+00:00,24896.5,24898.0,24880.75,24881.75,355
2026-03-04 14:19:00+00:00,24901.75,24903.75,24895.0,24898.5,187
2026-03-04 14:20:00+00:00,24911.0,24911.5,24900.75,24900.75,374
2026-03-04 14:21:00+00:00,24898.5,24911.0,24897.0,24910.75,297
2026-03-04 14:22:00+00:00,24884.5,24905.0,24884.5,24899.25,499
2026-03-04 14:23:00+00:00,24891.75,24894.25,24885.0,24885.0,318
2026-03-04 14:24:00+00:00,24880.5,24894.75,24880.5,24891.0,252
2026-03-04 14:25:00+00:00,24869.75,24880.75,24866.75,24880.75,492
2026-03-04 14:26:00+00:00,24857.0,24873.0,24856.0,24869.5,430
2026-03-04 14:27:00+00:00,24859.0,24871.0,24854.5,24857.25,728
2026-03-04 14:28:00+00:00,24858.25,24866.75,24852.25,24859.5,639
2026-03-04 14:29:00+00:00,24852.25,24860.0,24846.5,24859.25,1053
2026-03-04 14:30:00+00:00,24934.0,24955.5,24837.25,24853.0,7391
2026-03-04 14:31:00+00:00,24905.0,24942.5,24901.0,24935.0,3767
2026-03-04 14:32:00+00:00,24923.25,24942.0,24903.5,24905.75,3285
2026-03-04 14:33:00+00:00,24948.5,24953.5,24919.25,24922.0,2575
2026-03-04 14:34:00+00:00,24964.5,24968.5,24932.25,24947.75,3218
2026-03-04 14:35:00+00:00,24908.25,24970.25,24889.0,24964.5,5056
2026-03-04 14:36:00+00:00,24884.0,24917.5,24869.25,24908.75,2865
2026-03-04 14:37:00+00:00,24897.5,24908.25,24871.0,24884.5,2348
2026-03-04 14:38:00+00:00,24884.5,24919.0,24879.5,24898.25,2290
2026-03-04 14:39:00+00:00,24885.0,24909.25,24881.0,24884.5,1973
2026-03-04 14:40:00+00:00,24864.0,24888.0,24852.75,24886.75,2232
2026-03-04 14:41:00+00:00,24851.0,24877.75,24844.25,24864.75,2254
2026-03-04 14:42:00+00:00,24847.75,24870.0,24840.75,24850.5,1835
2026-03-04 14:43:00+00:00,24858.0,24879.0,24845.75,24848.75,1705
2026-03-04 14:44:00+00:00,24853.25,24864.25,24843.25,24858.25,1233
2026-03-04 14:45:00+00:00,24845.5,24850.25,24826.0,24849.25,2850
2026-03-04 14:46:00+00:00,24882.5,24883.5,24844.0,24845.75,2560
2026-03-04 14:47:00+00:00,24875.0,24919.5,24871.25,24880.5,2639
2026-03-04 14:48:00+00:00,24906.25,24909.75,24869.75,24874.5,1647
2026-03-04 14:49:00+00:00,24896.5,24935.5,24888.75,24906.75,2243
2026-03-04 14:50:00+00:00,24873.5,24900.0,24865.5,24896.0,1534
2026-03-04 14:51:00+00:00,24898.75,24901.25,24871.0,24873.0,1387
2026-03-04 14:52:00+00:00,24918.5,24925.5,24889.0,24899.75,1601
2026-03-04 14:53:00+00:00,24933.0,24944.0,24917.75,24920.0,1759
2026-03-04 14:54:00+00:00,24932.0,24941.0,24912.25,24931.5,1637
2026-03-04 14:55:00+00:00,24905.75,24942.0,24902.25,24932.75,1760
2026-03-04 14:56:00+00:00,24914.0,24928.0,24905.0,24907.5,1138
2026-03-04 14:57:00+00:00,24913.75,24922.5,24908.5,24914.75,750
2026-03-04 14:58:00+00:00,24904.75,24920.0,24902.25,24913.25,766
2026-03-04 14:59:00+00:00,24922.5,24922.5,24895.0,24904.25,1068
2026-03-04 15:00:00+00:00,24968.75,24977.0,24919.25,24919.25,3875
2026-03-04 15:01:00+00:00,24971.75,24983.25,24960.0,24966.25,2334
2026-03-04 15:02:00+00:00,24953.25,24978.0,24946.75,24971.5,2029
2026-03-04 15:03:00+00:00,24902.25,24961.0,24896.25,24956.0,3143
2026-03-04 15:04:00+00:00,24930.5,24933.75,24891.5,24901.25,1929
2026-03-04 15:05:00+00:00,24936.5,24951.5,24927.25,24930.75,1983
2026-03-04 15:06:00+00:00,24955.75,24969.25,24922.5,24938.25,1756
2026-03-04 15:07:00+00:00,24970.25,24970.75,24944.25,24954.75,1124
2026-03-04 15:08:00+00:00,24990.25,24992.5,24967.25,24970.75,2374
2026-03-04 15:09:00+00:00,24994.75,25001.25,24984.25,24990.25,2018
2026-03-04 15:10:00+00:00,25000.0,25002.0,24988.5,24994.75,1555
2026-03-04 15:11:00+00:00,24989.75,25000.75,24963.0,25000.5,1598
2026-03-04 15:12:00+00:00,24997.75,25001.25,24984.5,24989.75,1244
2026-03-04 15:13:00+00:00,25005.0,25009.75,24993.0,24998.0,1528
2026-03-04 15:14:00+00:00,24978.25,25008.0,24957.5,25006.5,1780
2026-03-04 15:15:00+00:00,24993.0,24995.25,24973.75,24978.0,1493
2026-03-04 15:16:00+00:00,24996.25,25002.75,24984.25,24994.25,1188
2026-03-04 15:17:00+00:00,25007.75,25015.0,24989.0,24996.0,1710
2026-03-04 15:18:00+00:00,25014.25,25022.0,25005.75,25007.75,1395
2026-03-04 15:19:00+00:00,25032.75,25035.75,25009.75,25013.25,1583
2026-03-04 15:20:00+00:00,25052.5,25052.5,25022.25,25033.5,1961
2026-03-04 15:21:00+00:00,25076.0,25076.25,25051.0,25052.25,3010
2026-03-04 15:22:00+00:00,25076.0,25082.0,25063.0,25076.0,2209
2026-03-04 15:23:00+00:00,25077.25,25083.0,25069.25,25076.25,1856
2026-03-04 15:24:00+00:00,25091.75,25093.75,25067.25,25077.25,2300
2026-03-04 15:25:00+00:00,25083.0,25095.0,25074.75,25091.25,2119
2026-03-04 15:26:00+00:00,25115.5,25117.0,25079.75,25082.75,2928
2026-03-04 15:27:00+00:00,25122.75,25130.5,25112.25,25115.25,2568
2026-03-04 15:28:00+00:00,25126.5,25129.25,25117.5,25123.0,1548
2026-03-04 15:29:00+00:00,25139.5,25146.25,25125.75,25125.75,2941
2026-03-04 15:30:00+00:00,25126.25,25148.5,25125.5,25139.0,2846
2026-03-04 15:31:00+00:00,25140.75,25141.5,25119.25,25126.25,1768
2026-03-04 15:32:00+00:00,25132.5,25141.25,25127.75,25140.0,1168
2026-03-04 15:33:00+00:00,25123.0,25133.25,25117.25,25132.75,1392
2026-03-04 15:34:00+00:00,25113.75,25126.5,25112.5,25123.25,1147
2026-03-04 15:35:00+00:00,25115.5,25117.5,25098.25,25113.75,2112
2026-03-04 15:36:00+00:00,25106.75,25118.25,25102.25,25114.25,1202
2026-03-04 15:37:00+00:00,25115.75,25118.25,25104.5,25106.5,889
2026-03-04 15:38:00+00:00,25103.5,25129.5,25099.75,25116.25,1437
2026-03-04 15:39:00+00:00,25082.25,25103.0,25078.25,25103.0,2050
2026-03-04 15:40:00+00:00,25075.75,25096.0,25070.25,25083.0,1498
2026-03-04 15:41:00+00:00,25071.0,25081.75,25064.5,25075.75,1434
2026-03-04 15:42:00+00:00,25068.0,25080.75,25062.0,25072.25,1451
2026-03-04 15:43:00+00:00,25066.0,25080.5,25062.0,25068.5,1016
2026-03-04 15:44:00+00:00,25061.5,25069.75,25060.75,25066.0,946
2026-03-04 15:45:00+00:00,25044.75,25067.0,25038.25,25062.25,2201
2026-03-04 15:46:00+00:00,25045.25,25060.25,25043.5,25046.0,997
2026-03-04 15:47:00+00:00,25054.5,25059.0,25036.75,25045.5,1256
2026-03-04 15:48:00+00:00,25054.0,25057.25,25041.75,25053.25,1191
2026-03-04 15:49:00+00:00,25060.5,25067.75,25047.0,25053.75,1289
2026-03-04 15:50:00+00:00,25075.75,25079.75,25051.75,25060.75,1411
2026-03-04 15:51:00+00:00,25082.25,25087.0,25069.0,25075.75,1336
2026-03-04 15:52:00+00:00,25047.75,25083.75,25044.0,25083.75,1517
2026-03-04 15:53:00+00:00,25065.75,25065.75,25045.75,25047.5,895
2026-03-04 15:54:00+00:00,25081.0,25083.75,25065.0,25066.0,896
2026-03-04 15:55:00+00:00,25097.5,25104.5,25079.25,25080.25,1163
2026-03-04 15:56:00+00:00,25102.75,25110.25,25091.25,25097.75,916
2026-03-04 15:57:00+00:00,25113.75,25115.5,25097.0,25102.0,884
2026-03-04 15:58:00+00:00,25126.0,25129.25,25111.5,25114.5,1314
2026-03-04 15:59:00+00:00,25127.5,25132.5,25120.5,25126.75,1017
2026-03-04 16:00:00+00:00,25138.75,25142.75,25126.75,25127.25,1976
2026-03-04 16:01:00+00:00,25144.0,25147.5,25134.75,25139.25,1304
2026-03-04 16:02:00+00:00,25145.75,25158.25,25136.75,25144.0,1683
2026-03-04 16:03:00+00:00,25152.75,25158.0,25142.5,25144.5,1198
2026-03-04 16:04:00+00:00,25139.0,25153.25,25136.75,25152.5,922
2026-03-04 16:05:00+00:00,25116.75,25143.0,25106.5,25139.5,1941
2026-03-04 16:06:00+00:00,25128.75,25136.25,25113.75,25117.0,1589
2026-03-04 16:07:00+00:00,25126.75,25132.5,25122.5,25129.0,1226
2026-03-04 16:08:00+00:00,25115.0,25127.0,25112.25,25125.75,1167
2026-03-04 16:09:00+00:00,25110.0,25117.75,25105.0,25115.25,778
2026-03-04 16:10:00+00:00,25101.5,25114.5,25101.0,25111.25,971
2026-03-04 16:11:00+00:00,25091.5,25105.75,25090.0,25101.0,939
2026-03-04 16:12:00+00:00,25070.25,25092.25,25068.75,25092.0,1597
2026-03-04 16:13:00+00:00,25068.25,25074.0,25061.0,25070.5,1259
2026-03-04 16:14:00+00:00,25070.25,25079.25,25059.0,25068.25,1068
2026-03-04 16:15:00+00:00,25075.0,25076.5,25063.5,25071.0,1383
2026-03-04 16:16:00+00:00,25089.25,25094.0,25072.75,25075.0,1414
2026-03-04 16:17:00+00:00,25081.25,25090.5,25077.5,25089.5,713
2026-03-04 16:18:00+00:00,25063.0,25082.5,25058.75,25079.75,1101
2026-03-04 16:19:00+00:00,25065.75,25073.25,25052.25,25062.25,929
2026-03-04 16:20:00+00:00,25078.75,25085.75,25058.75,25066.25,1105
2026-03-04 16:21:00+00:00,25083.25,25090.0,25073.75,25078.75,811
2026-03-04 16:22:00+00:00,25070.5,25087.25,25065.0,25083.25,726
2026-03-04 16:23:00+00:00,25068.5,25073.0,25054.25,25071.25,948
2026-03-04 16:24:00+00:00,25066.75,25069.25,25051.0,25068.25,1024
2026-03-04 16:25:00+00:00,25085.75,25089.75,25059.5,25066.0,959
2026-03-04 16:26:00+00:00,25100.75,25103.5,25084.25,25085.75,1152
2026-03-04 16:27:00+00:00,25119.0,25121.25,25094.0,25100.0,1194
2026-03-04 16:28:00+00:00,25109.25,25119.25,25094.5,25119.25,950
2026-03-04 16:29:00+00:00,25105.75,25113.5,25096.75,25109.0,744
2026-03-04 16:30:00+00:00,25107.75,25115.25,25097.25,25105.75,1215
2026-03-04 16:31:00+00:00,25119.5,25121.75,25102.75,25107.75,664
2026-03-04 16:32:00+00:00,25118.25,25122.5,25109.0,25119.0,604
2026-03-04 16:33:00+00:00,25128.0,25128.75,25118.5,25118.5,731
2026-03-04 16:34:00+00:00,25122.75,25135.25,25118.75,25127.75,826
2026-03-04 16:35:00+00:00,25127.75,25136.5,25116.25,25122.25,1091
2026-03-04 16:36:00+00:00,25137.0,25139.75,25123.25,25128.0,1095
2026-03-04 16:37:00+00:00,25119.25,25137.25,25116.25,25136.25,888
2026-03-04 16:38:00+00:00,25129.0,25129.0,25098.0,25118.25,1256
2026-03-04 16:39:00+00:00,25114.5,25135.25,25112.5,25128.5,925
2026-03-04 16:40:00+00:00,25139.75,25142.75,25109.0,25115.75,1428
2026-03-04 16:41:00+00:00,25153.5,25153.5,25138.0,25139.0,1631
2026-03-04 16:42:00+00:00,25159.5,25164.0,25148.5,25153.25,1514
2026-03-04 16:43:00+00:00,25161.0,25168.5,25158.0,25159.75,1245
2026-03-04 16:44:00+00:00,25159.75,25167.0,25154.0,25159.75,1019
2026-03-04 16:45:00+00:00,25165.25,25167.5,25154.5,25160.0,1012
2026-03-04 16:46:00+00:00,25168.75,25169.25,25160.0,25164.25,793
2026-03-04 16:47:00+00:00,25160.5,25170.0,25160.0,25168.5,919
2026-03-04 16:48:00+00:00,25165.75,25165.75,25147.75,25160.25,1373
2026-03-04 16:49:00+00:00,25164.25,25167.75,25161.25,25165.5,565
2026-03-04 16:50:00+00:00,25145.0,25165.5,25141.25,25164.5,1281
2026-03-04 16:51:00+00:00,25142.25,25147.5,25139.25,25145.75,597
2026-03-04 16:52:00+00:00,25159.75,25160.0,25140.5,25142.5,1133
2026-03-04 16:53:00+00:00,25165.5,25168.75,25159.5,25159.75,707
2026-03-04 16:54:00+00:00,25159.5,25170.5,25158.25,25165.25,854
2026-03-04 16:55:00+00:00,25164.25,25169.25,25155.75,25160.5,745
2026-03-04 16:56:00+00:00,25149.75,25164.75,25145.0,25164.75,829
2026-03-04 16:57:00+00:00,25147.75,25152.0,25141.75,25148.75,495
2026-03-04 16:58:00+00:00,25151.25,25156.5,25147.0,25148.5,389
2026-03-04 16:59:00+00:00,25145.5,25152.0,25140.25,25151.0,709
2026-03-04 17:00:00+00:00,25146.75,25147.75,25132.25,25146.25,955
2026-03-04 17:01:00+00:00,25152.0,25159.0,25145.75,25146.0,628
2026-03-04 17:02:00+00:00,25158.0,25158.5,25148.75,25152.25,569
2026-03-04 17:03:00+00:00,25164.0,25168.0,25156.0,25157.75,727
2026-03-04 17:04:00+00:00,25167.25,25168.25,25160.0,25163.75,627
2026-03-04 17:05:00+00:00,25165.75,25174.25,25165.0,25167.5,906
2026-03-04 17:06:00+00:00,25166.25,25169.25,25162.75,25166.25,521
2026-03-04 17:07:00+00:00,25161.25,25171.25,25158.0,25166.5,706
2026-03-04 17:08:00+00:00,25163.0,25165.5,25154.25,25160.75,570
2026-03-04 17:09:00+00:00,25161.5,25169.0,25157.0,25162.5,461
2026-03-04 17:10:00+00:00,25165.25,25169.25,25159.25,25161.75,459
2026-03-04 17:11:00+00:00,25169.0,25170.5,25157.0,25164.5,408
2026-03-04 17:12:00+00:00,25165.5,25169.25,25160.0,25169.0,436
2026-03-04 17:13:00+00:00,25162.5,25168.0,25161.0,25166.0,298
2026-03-04 17:14:00+00:00,25156.5,25164.0,25155.5,25162.0,399
2026-03-04 17:15:00+00:00,25154.0,25157.0,25147.0,25156.25,695
2026-03-04 17:16:00+00:00,25155.5,25159.0,25149.75,25155.0,484
2026-03-04 17:17:00+00:00,25158.75,25161.0,25152.5,25154.25,345
2026-03-04 17:18:00+00:00,25154.25,25159.0,25147.5,25158.75,395
2026-03-04 17:19:00+00:00,25155.0,25156.25,25148.25,25153.25,306
2026-03-04 17:20:00+00:00,25151.5,25164.25,25149.25,25154.75,531
2026-03-04 17:21:00+00:00,25145.25,25156.25,25145.0,25151.25,554
2026-03-04 17:22:00+00:00,25139.25,25146.25,25133.0,25144.75,986
2026-03-04 17:23:00+00:00,25143.5,25152.5,25139.0,25139.5,546
2026-03-04 17:24:00+00:00,25152.5,25153.0,25140.75,25143.0,426
2026-03-04 17:25:00+00:00,25158.5,25166.0,25149.75,25152.25,1090
2026-03-04 17:26:00+00:00,25157.0,25160.25,25151.0,25158.75,346
2026-03-04 17:27:00+00:00,25140.5,25156.0,25140.5,25156.0,508
2026-03-04 17:28:00+00:00,25142.5,25148.75,25139.25,25141.0,407
2026-03-04 17:29:00+00:00,25133.5,25142.25,25131.0,25142.25,657
2026-03-04 17:30:00+00:00,25126.75,25138.5,25124.0,25132.75,827
2026-03-04 17:31:00+00:00,25123.5,25129.25,25114.75,25127.25,1172
2026-03-04 17:32:00+00:00,25109.75,25124.25,25105.0,25123.25,814
2026-03-04 17:33:00+00:00,25134.5,25135.5,25106.5,25111.0,980
2026-03-04 17:34:00+00:00,25139.5,25146.5,25131.5,25133.75,920
2026-03-04 17:35:00+00:00,25145.0,25153.5,25139.75,25140.25,754
2026-03-04 17:36:00+00:00,25153.25,25157.5,25142.0,25145.0,699
2026-03-04 17:37:00+00:00,25142.75,25154.0,25140.75,25152.5,605
2026-03-04 17:38:00+00:00,25152.0,25152.0,25132.5,25142.5,1065
2026-03-04 17:39:00+00:00,25164.75,25167.75,25151.0,25151.75,878
2026-03-04 17:40:00+00:00,25171.5,25172.75,25162.5,25165.5,775
2026-03-04 17:41:00+00:00,25167.5,25173.5,25162.0,25172.0,464
2026-03-04 17:42:00+00:00,25155.0,25168.0,25153.0,25167.75,886
2026-03-04 17:43:00+00:00,25156.25,25156.25,25146.25,25153.75,540
2026-03-04 17:44:00+00:00,25153.5,25158.25,25148.5,25155.5,405
2026-03-04 17:45:00+00:00,25158.0,25161.75,25152.25,25152.5,431
2026-03-04 17:46:00+00:00,25164.25,25168.25,25156.0,25157.0,451
2026-03-04 17:47:00+00:00,25169.75,25170.5,25161.5,25163.75,451
2026-03-04 17:48:00+00:00,25167.5,25171.0,25164.25,25170.0,556
2026-03-04 17:49:00+00:00,25161.0,25168.0,25158.0,25167.5,497
2026-03-04 17:50:00+00:00,25161.0,25166.25,25157.0,25161.0,609
2026-03-04 17:51:00+00:00,25156.0,25168.25,25155.75,25161.5,407
2026-03-04 17:52:00+00:00,25156.75,25159.0,25150.25,25156.25,518
2026-03-04 17:53:00+00:00,25177.5,25180.0,25155.25,25157.25,1341
2026-03-04 17:54:00+00:00,25174.0,25181.5,25165.5,25177.5,1052
2026-03-04 17:55:00+00:00,25166.5,25174.5,25163.5,25174.5,585
2026-03-04 17:56:00+00:00,25160.75,25167.5,25153.0,25166.5,632
2026-03-04 17:57:00+00:00,25160.0,25162.25,25154.75,25159.5,432
2026-03-04 17:58:00+00:00,25176.25,25177.25,25160.5,25160.5,412
2026-03-04 17:59:00+00:00,25168.75,25176.75,25168.75,25176.5,395
2026-03-04 18:00:00+00:00,25179.5,25183.0,25166.5,25170.0,783
2026-03-04 18:01:00+00:00,25172.25,25179.5,25170.0,25179.5,492
2026-03-04 18:02:00+00:00,25172.5,25175.0,25164.0,25172.5,527
2026-03-04 18:03:00+00:00,25171.0,25173.5,25167.5,25172.25,310
2026-03-04 18:04:00+00:00,25167.0,25172.75,25163.0,25171.25,590
2026-03-04 18:05:00+00:00,25166.25,25173.0,25157.25,25166.0,670
2026-03-04 18:06:00+00:00,25161.5,25167.75,25158.0,25166.5,452
2026-03-04 18:07:00+00:00,25180.0,25180.5,25159.75,25161.25,506
2026-03-04 18:08:00+00:00,25177.5,25182.0,25174.5,25180.25,481
2026-03-04 18:09:00+00:00,25172.5,25179.75,25171.25,25176.75,404
2026-03-04 18:10:00+00:00,25169.0,25174.75,25166.75,25173.5,319
2026-03-04 18:11:00+00:00,25167.25,25170.25,25163.5,25169.75,397
2026-03-04 18:12:00+00:00,25173.5,25177.5,25169.5,25169.5,352
2026-03-04 18:13:00+00:00,25172.25,25176.0,25166.75,25173.5,410
2026-03-04 18:14:00+00:00,25163.25,25173.25,25158.5,25173.0,426
2026-03-04 18:15:00+00:00,25159.0,25164.75,25158.25,25162.5,331
2026-03-04 18:16:00+00:00,25165.25,25166.75,25155.5,25159.75,367
2026-03-04 18:17:00+00:00,25161.75,25165.75,25154.25,25162.75,376
2026-03-04 18:18:00+00:00,25159.75,25164.75,25156.25,25162.25,325
2026-03-04 18:19:00+00:00,25152.0,25160.75,25151.75,25159.0,479
2026-03-04 18:20:00+00:00,25146.75,25157.5,25140.5,25152.25,590
2026-03-04 18:21:00+00:00,25152.5,25154.5,25143.5,25147.0,433
2026-03-04 18:22:00+00:00,25147.5,25158.25,25146.5,25152.5,379
2026-03-04 18:23:00+00:00,25157.75,25157.75,25146.0,25147.25,272
2026-03-04 18:24:00+00:00,25148.0,25161.0,25144.5,25158.0,500
2026-03-04 18:25:00+00:00,25145.25,25154.5,25145.0,25147.5,385
2026-03-04 18:26:00+00:00,25161.75,25162.5,25144.0,25145.75,450
2026-03-04 18:27:00+00:00,25168.75,25169.75,25159.5,25162.0,634
2026-03-04 18:28:00+00:00,25170.0,25172.25,25164.75,25168.75,419
2026-03-04 18:29:00+00:00,25171.75,25174.75,25166.75,25169.75,718
2026-03-04 18:30:00+00:00,25187.0,25190.5,25170.5,25172.0,1126
2026-03-04 18:31:00+00:00,25183.5,25186.75,25177.5,25186.5,525
2026-03-04 18:32:00+00:00,25199.0,25202.5,25183.75,25183.75,1394
2026-03-04 18:33:00+00:00,25196.0,25203.75,25191.5,25199.75,1051
2026-03-04 18:34:00+00:00,25185.0,25197.0,25183.0,25196.5,950
2026-03-04 18:35:00+00:00,25197.25,25197.75,25183.25,25185.25,651
2026-03-04 18:36:00+00:00,25195.75,25200.25,25190.75,25197.75,603
2026-03-04 18:37:00+00:00,25202.75,25203.5,25195.5,25195.5,851
2026-03-04 18:38:00+00:00,25199.25,25202.0,25190.25,25202.0,480
2026-03-04 18:39:00+00:00,25193.75,25201.0,25193.75,25199.75,376
2026-03-04 18:40:00+00:00,25200.25,25201.5,25192.75,25193.75,263
2026-03-04 18:41:00+00:00,25199.75,25203.25,25196.5,25200.0,404
2026-03-04 18:42:00+00:00,25208.5,25209.25,25198.75,25200.0,825
2026-03-04 18:43:00+00:00,25206.5,25213.75,25204.75,25208.75,1009
2026-03-04 18:44:00+00:00,25200.25,25208.25,25199.25,25206.75,485
2026-03-04 18:45:00+00:00,25202.25,25207.75,25199.75,25201.0,615
2026-03-04 18:46:00+00:00,25190.5,25202.75,25186.75,25202.75,1010
2026-03-04 18:47:00+00:00,25191.5,25198.75,25183.75,25188.75,631
2026-03-04 18:48:00+00:00,25193.25,25195.5,25182.0,25191.5,496
2026-03-04 18:49:00+00:00,25205.25,25205.75,25191.0,25193.0,583
2026-03-04 18:50:00+00:00,25208.0,25209.5,25201.25,25205.25,621
2026-03-04 18:51:00+00:00,25208.75,25212.75,25206.75,25208.0,464
2026-03-04 18:52:00+00:00,25208.5,25212.0,25204.75,25208.25,391
2026-03-04 18:53:00+00:00,25209.5,25214.25,25206.0,25209.0,435
2026-03-04 18:54:00+00:00,25201.25,25210.0,25200.0,25209.0,684
2026-03-04 18:55:00+00:00,25196.25,25202.25,25191.25,25201.0,614
2026-03-04 18:56:00+00:00,25187.75,25196.75,25184.5,25196.25,600
2026-03-04 18:57:00+00:00,25181.75,25187.25,25179.5,25187.25,630
2026-03-04 18:58:00+00:00,25183.5,25191.25,25178.75,25180.5,619
2026-03-04 18:59:00+00:00,25192.75,25193.5,25181.5,25183.5,593
2026-03-04 19:00:00+00:00,25190.5,25198.25,25186.25,25192.5,657
2026-03-04 19:01:00+00:00,25203.75,25206.25,25189.75,25191.25,541
2026-03-04 19:02:00+00:00,25204.0,25207.0,25200.5,25204.5,425
2026-03-04 19:03:00+00:00,25207.25,25209.75,25202.75,25204.25,387
2026-03-04 19:04:00+00:00,25208.75,25211.25,25207.0,25207.5,413
2026-03-04 19:05:00+00:00,25201.0,25211.0,25199.75,25208.75,524
2026-03-04 19:06:00+00:00,25202.75,25205.5,25197.25,25202.0,413
2026-03-04 19:07:00+00:00,25208.0,25209.75,25202.0,25202.0,344
2026-03-04 19:08:00+00:00,25207.0,25210.25,25205.25,25208.25,599
2026-03-04 19:09:00+00:00,25204.25,25209.75,25203.75,25207.0,236
2026-03-04 19:10:00+00:00,25207.25,25217.75,25204.25,25204.25,990
2026-03-04 19:11:00+00:00,25207.5,25208.75,25202.25,25207.25,558
2026-03-04 19:12:00+00:00,25209.75,25211.5,25207.25,25207.5,438
2026-03-04 19:13:00+00:00,25214.25,25217.0,25206.25,25209.25,433
2026-03-04 19:14:00+00:00,25209.75,25215.0,25208.0,25214.25,500
2026-03-04 19:15:00+00:00,25212.0,25213.5,25207.5,25209.5,347
2026-03-04 19:16:00+00:00,25208.75,25212.75,25203.5,25212.75,382
2026-03-04 19:17:00+00:00,25213.0,25213.75,25206.0,25208.75,443
2026-03-04 19:18:00+00:00,25213.0,25216.25,25211.25,25213.0,404
2026-03-04 19:19:00+00:00,25208.0,25213.5,25206.75,25213.5,382
2026-03-04 19:20:00+00:00,25205.5,25210.0,25203.25,25207.75,371
2026-03-04 19:21:00+00:00,25204.0,25207.25,25203.0,25205.5,227
2026-03-04 19:22:00+00:00,25196.75,25204.0,25194.0,25203.5,473
2026-03-04 19:23:00+00:00,25201.0,25202.5,25196.5,25197.25,248
2026-03-04 19:24:00+00:00,25205.5,25207.75,25201.25,25201.5,316
2026-03-04 19:25:00+00:00,25203.25,25207.25,25200.5,25205.5,358
2026-03-04 19:26:00+00:00,25191.0,25203.25,25189.25,25203.25,724
2026-03-04 19:27:00+00:00,25197.75,25200.0,25189.5,25191.0,569
2026-03-04 19:28:00+00:00,25200.25,25201.25,25195.5,25198.25,238
2026-03-04 19:29:00+00:00,25194.5,25202.5,25193.25,25200.0,239
2026-03-04 19:30:00+00:00,25198.25,25200.5,25192.75,25194.75,431
2026-03-04 19:31:00+00:00,25199.75,25199.75,25195.25,25198.25,261
2026-03-04 19:32:00+00:00,25189.75,25201.75,25188.5,25200.0,431
2026-03-04 19:33:00+00:00,25189.5,25190.5,25184.5,25189.75,439
2026-03-04 19:34:00+00:00,25187.25,25189.75,25183.5,25189.75,302
2026-03-04 19:35:00+00:00,25194.0,25195.25,25185.25,25187.0,625
2026-03-04 19:36:00+00:00,25190.25,25195.5,25189.0,25193.75,283
2026-03-04 19:37:00+00:00,25191.75,25195.25,25187.75,25191.0,259
2026-03-04 19:38:00+00:00,25195.75,25198.0,25192.0,25192.0,258
2026-03-04 19:39:00+00:00,25204.0,25204.5,25194.75,25195.0,423
2026-03-04 19:40:00+00:00,25201.0,25206.5,25199.0,25204.75,432
2026-03-04 19:41:00+00:00,25201.5,25207.0,25200.5,25201.25,233
2026-03-04 19:42:00+00:00,25200.5,25203.5,25198.75,25201.75,222
2026-03-04 19:43:00+00:00,25187.5,25201.75,25187.5,25201.75,460
2026-03-04 19:44:00+00:00,25191.25,25193.25,25188.0,25188.5,327
2026-03-04 19:45:00+00:00,25195.75,25196.75,25189.25,25191.25,369
2026-03-04 19:46:00+00:00,25188.25,25196.75,25188.0,25196.0,265
2026-03-04 19:47:00+00:00,25185.0,25187.25,25180.25,25187.25,531
2026-03-04 19:48:00+00:00,25193.5,25196.0,25184.75,25185.25,440
2026-03-04 19:49:00+00:00,25196.75,25198.0,25191.5,25193.5,271
2026-03-04 19:50:00+00:00,25199.0,25201.75,25194.25,25196.5,433
2026-03-04 19:51:00+00:00,25196.75,25200.75,25193.25,25198.5,226
2026-03-04 19:52:00+00:00,25197.0,25197.75,25193.0,25196.75,216
2026-03-04 19:53:00+00:00,25198.0,25199.5,25193.75,25197.25,369
2026-03-04 19:54:00+00:00,25195.5,25199.25,25194.75,25198.25,223
2026-03-04 19:55:00+00:00,25191.5,25197.75,25189.25,25195.25,438
2026-03-04 19:56:00+00:00,25186.25,25191.5,25185.5,25191.25,351
2026-03-04 19:57:00+00:00,25189.5,25190.75,25185.5,25186.5,225
2026-03-04 19:58:00+00:00,25192.0,25194.75,25188.0,25188.75,269
2026-03-04 19:59:00+00:00,25189.0,25195.25,25186.25,25192.25,220
2026-03-04 20:00:00+00:00,25181.75,25195.0,25180.0,25188.75,562
2026-03-04 20:01:00+00:00,25188.25,25192.5,25181.75,25182.25,481
2026-03-04 20:02:00+00:00,25190.0,25192.75,25187.0,25188.5,236
2026-03-04 20:03:00+00:00,25192.75,25194.25,25187.0,25190.0,312
2026-03-04 20:04:00+00:00,25191.5,25193.5,25189.5,25192.5,223
2026-03-04 20:05:00+00:00,25186.0,25195.25,25185.25,25191.5,509
2026-03-04 20:06:00+00:00,25182.5,25187.5,25178.75,25185.75,414
2026-03-04 20:07:00+00:00,25165.25,25182.75,25163.0,25182.0,1035
2026-03-04 20:08:00+00:00,25164.25,25168.5,25161.75,25165.5,593
2026-03-04 20:09:00+00:00,25168.25,25169.25,25162.0,25165.0,416
2026-03-04 20:10:00+00:00,25156.5,25168.5,25151.0,25168.5,1095
2026-03-04 20:11:00+00:00,25154.0,25162.75,25152.75,25156.25,582
2026-03-04 20:12:00+00:00,25155.25,25156.25,25149.25,25153.25,646
2026-03-04 20:13:00+00:00,25151.75,25158.5,25148.0,25154.5,663
2026-03-04 20:14:00+00:00,25150.0,25153.75,25147.25,25151.75,473
2026-03-04 20:15:00+00:00,25142.0,25151.0,25135.5,25150.25,1269
2026-03-04 20:16:00+00:00,25154.25,25154.5,25141.5,25142.75,874
2026-03-04 20:17:00+00:00,25148.0,25155.25,25140.75,25153.75,896
2026-03-04 20:18:00+00:00,25141.5,25149.5,25140.25,25147.75,446
2026-03-04 20:19:00+00:00,25139.0,25145.25,25138.25,25141.5,420
2026-03-04 20:20:00+00:00,25139.0,25146.0,25136.0,25139.25,610
2026-03-04 20:21:00+00:00,25127.5,25140.0,25124.5,25139.0,962
2026-03-04 20:22:00+00:00,25134.75,25136.5,25125.0,25127.25,657
2026-03-04 20:23:00+00:00,25126.25,25138.75,25126.0,25135.0,666
2026-03-04 20:24:00+00:00,25128.25,25131.5,25124.0,25125.75,595
2026-03-04 20:25:00+00:00,25135.5,25141.75,25127.5,25127.5,779
2026-03-04 20:26:00+00:00,25141.0,25143.5,25134.0,25135.5,698
2026-03-04 20:27:00+00:00,25144.25,25145.75,25135.75,25141.5,616
2026-03-04 20:28:00+00:00,25146.5,25152.0,25141.0,25144.25,552
2026-03-04 20:29:00+00:00,25151.25,25153.25,25146.0,25146.25,522
2026-03-04 20:30:00+00:00,25148.25,25154.5,25145.75,25150.75,747
2026-03-04 20:31:00+00:00,25142.25,25149.0,25135.75,25148.0,705
2026-03-04 20:32:00+00:00,25139.5,25143.5,25136.0,25143.25,393
2026-03-04 20:33:00+00:00,25143.5,25146.5,25139.5,25140.0,424
2026-03-04 20:34:00+00:00,25140.75,25147.25,25139.0,25143.0,349
2026-03-04 20:35:00+00:00,25143.25,25147.0,25139.0,25140.5,318
2026-03-04 20:36:00+00:00,25146.75,25148.75,25142.0,25143.0,344
2026-03-04 20:37:00+00:00,25156.0,25157.0,25143.5,25146.5,506
2026-03-04 20:38:00+00:00,25154.75,25158.5,25147.75,25156.0,529
2026-03-04 20:39:00+00:00,25147.0,25153.5,25145.5,25153.25,354
2026-03-04 20:40:00+00:00,25152.5,25154.5,25143.75,25147.75,467
2026-03-04 20:41:00+00:00,25154.75,25157.75,25150.0,25152.75,446
2026-03-04 20:42:00+00:00,25162.75,25163.5,25152.75,25154.75,673
2026-03-04 20:43:00+00:00,25163.75,25166.75,25159.5,25162.5,442
2026-03-04 20:44:00+00:00,25164.25,25167.75,25163.5,25163.75,538
2026-03-04 20:45:00+00:00,25164.25,25165.75,25159.0,25164.25,665
2026-03-04 20:46:00+00:00,25152.75,25165.25,25152.75,25165.25,699
2026-03-04 20:47:00+00:00,25153.0,25160.0,25152.0,25152.5,699
2026-03-04 20:48:00+00:00,25150.5,25155.5,25149.0,25152.5,629
2026-03-04 20:49:00+00:00,25149.0,25151.0,25146.25,25150.0,442
2026-03-04 20:50:00+00:00,25118.5,25150.0,25113.5,25149.0,3215
2026-03-04 20:51:00+00:00,25120.5,25127.0,25115.5,25117.75,1232
2026-03-04 20:52:00+00:00,25123.5,25124.75,25115.0,25120.0,1046
2026-03-04 20:53:00+00:00,25126.5,25130.0,25120.25,25123.5,1101
2026-03-04 20:54:00+00:00,25142.25,25149.25,25125.0,25126.5,1793
2026-03-04 20:55:00+00:00,25140.75,25147.0,25133.0,25142.25,1596
2026-03-04 20:56:00+00:00,25134.25,25150.0,25133.75,25140.0,1461
2026-03-04 20:57:00+00:00,25136.5,25137.75,25129.0,25134.25,1218
2026-03-04 20:58:00+00:00,25136.0,25141.0,25134.75,25136.75,1577
2026-03-04 20:59:00+00:00,25120.5,25136.5,25120.25,25136.25,9206
2026-03-04 21:00:00+00:00,25103.0,25131.25,25102.0,25120.25,3746
2026-03-04 21:01:00+00:00,25103.0,25115.75,25102.75,25103.5,1476
2026-03-04 21:02:00+00:00,25104.5,25108.25,25092.5,25103.75,866
2026-03-04 21:03:00+00:00,25103.25,25108.5,25099.75,25105.5,673
2026-03-04 21:04:00+00:00,25116.25,25118.5,25101.5,25103.25,1065
2026-03-04 21:05:00+00:00,25128.75,25129.0,25115.0,25116.0,820
2026-03-04 21:06:00+00:00,25127.75,25129.5,25120.25,25128.0,608
2026-03-04 21:07:00+00:00,25130.25,25136.75,25125.5,25127.0,705
2026-03-04 21:08:00+00:00,25146.75,25148.0,25125.0,25129.75,538
2026-03-04 21:09:00+00:00,25141.0,25147.5,25138.5,25147.0,553
2026-03-04 21:10:00+00:00,25138.75,25145.25,25137.5,25141.25,478
2026-03-04 21:11:00+00:00,25137.5,25144.75,25137.0,25138.5,472
2026-03-04 21:12:00+00:00,25142.0,25145.0,25139.25,25139.25,350
2026-03-04 21:13:00+00:00,25147.75,25150.0,25140.75,25141.5,292
2026-03-04 21:14:00+00:00,25151.25,25156.25,25146.5,25147.5,612
2026-03-04 21:15:00+00:00,25138.75,25163.25,25114.0,25151.5,2024
2026-03-04 21:16:00+00:00,25145.75,25146.5,25128.75,25138.25,399
2026-03-04 21:17:00+00:00,25154.5,25162.5,25142.25,25145.75,402
2026-03-04 21:18:00+00:00,25140.25,25153.5,25140.25,25153.5,201
2026-03-04 21:19:00+00:00,25145.0,25148.75,25139.5,25140.5,155
2026-03-04 21:20:00+00:00,25134.75,25148.75,25133.25,25145.75,146
2026-03-04 21:21:00+00:00,25130.0,25136.0,25128.25,25134.25,142
2026-03-04 21:22:00+00:00,25128.25,25130.5,25120.5,25130.5,237
2026-03-04 21:23:00+00:00,25122.0,25129.75,25121.25,25128.5,141
2026-03-04 21:24:00+00:00,25132.0,25133.75,25122.25,25122.25,140
2026-03-04 21:25:00+00:00,25135.25,25139.5,25131.25,25132.5,170
2026-03-04 21:26:00+00:00,25136.0,25136.5,25130.75,25135.0,70
2026-03-04 21:27:00+00:00,25140.25,25140.5,25135.25,25136.75,93
2026-03-04 21:28:00+00:00,25137.75,25140.25,25135.5,25140.0,87
2026-03-04 21:29:00+00:00,25139.25,25141.25,25136.75,25137.0,72
2026-03-04 21:30:00+00:00,25143.5,25143.5,25136.25,25139.5,108
2026-03-04 21:31:00+00:00,25140.25,25143.5,25138.0,25143.5,113
2026-03-04 21:32:00+00:00,25141.0,25145.0,25141.0,25141.5,106
2026-03-04 21:33:00+00:00,25137.0,25140.5,25136.0,25140.5,57
2026-03-04 21:34:00+00:00,25133.0,25139.75,25133.0,25137.0,72
2026-03-04 21:35:00+00:00,25136.5,25137.0,25132.0,25133.0,104
2026-03-04 21:36:00+00:00,25137.5,25139.0,25136.0,25136.25,51
2026-03-04 21:37:00+00:00,25138.5,25139.0,25134.75,25136.0,60
2026-03-04 21:38:00+00:00,25134.25,25139.75,25133.75,25138.5,139
2026-03-04 21:39:00+00:00,25131.5,25137.0,25131.5,25134.25,49
2026-03-04 21:40:00+00:00,25131.75,25135.25,25130.5,25132.25,81
2026-03-04 21:41:00+00:00,25132.5,25133.25,25130.0,25131.5,78
2026-03-04 21:42:00+00:00,25137.0,25138.0,25132.25,25132.75,81
2026-03-04 21:43:00+00:00,25136.75,25137.5,25134.75,25137.5,28
2026-03-04 21:44:00+00:00,25136.5,25137.0,25134.5,25136.25,46
2026-03-04 21:45:00+00:00,25137.25,25138.75,25134.75,25136.25,78
2026-03-04 21:46:00+00:00,25139.0,25142.25,25138.25,25138.25,88
2026-03-04 21:47:00+00:00,25138.0,25139.0,25136.75,25138.25,42
2026-03-04 21:48:00+00:00,25142.25,25142.75,25136.75,25137.5,37
2026-03-04 21:49:00+00:00,25140.0,25144.25,25138.75,25143.75,50
2026-03-04 21:50:00+00:00,25142.0,25142.0,25138.5,25139.75,66
2026-03-04 21:51:00+00:00,25145.25,25146.25,25142.5,25143.5,65
2026-03-04 21:52:00+00:00,25150.5,25151.0,25144.75,25144.75,101
2026-03-04 21:53:00+00:00,25151.75,25153.25,25149.5,25150.25,111
2026-03-04 21:54:00+00:00,25146.75,25153.5,25145.25,25150.5,203
2026-03-04 21:55:00+00:00,25138.25,25147.0,25138.0,25146.5,109
2026-03-04 21:56:00+00:00,25133.0,25138.75,25132.0,25138.75,209
2026-03-04 21:57:00+00:00,25130.75,25132.75,25127.75,25132.75,141
2026-03-04 21:58:00+00:00,25132.25,25133.5,25129.25,25130.25,81
2026-03-04 21:59:00+00:00,25138.0,25142.25,25130.75,25131.75,178
2026-03-04 23:00:00+00:00,25150.25,25171.25,25140.25,25156.5,0
2026-03-04 23:01:00+00:00,25146.75,25158.75,25142.75,25153.75,219
2026-03-04 23:02:00+00:00,25149.0,25154.5,25140.0,25149.0,197
2026-03-04 23:03:00+00:00,25152.75,25164.0,25152.25,25152.25,132
2026-03-04 23:04:00+00:00,25149.75,25158.25,25149.25,25156.0,124
2026-03-04 23:05:00+00:00,25163.0,25163.75,25150.25,25154.0,107
2026-03-04 23:06:00+00:00,25163.0,25167.5,25158.25,25161.75,169
2026-03-04 23:07:00+00:00,25162.5,25168.25,25161.75,25162.0,92
2026-03-04 23:08:00+00:00,25169.5,25171.0,25161.25,25161.25,54
2026-03-04 23:09:00+00:00,25169.5,25170.75,25167.25,25170.0,76
2026-03-04 23:10:00+00:00,25175.0,25176.0,25168.75,25169.5,179
2026-03-04 23:11:00+00:00,25177.0,25177.25,25171.0,25174.25,125
2026-03-04 23:12:00+00:00,25175.75,25177.0,25171.5,25175.75,75
2026-03-04 23:13:00+00:00,25175.0,25177.0,25172.0,25175.25,59
2026-03-04 23:14:00+00:00,25171.5,25175.25,25170.0,25173.5,64
2026-03-04 23:15:00+00:00,25171.0,25172.5,25167.5,25170.5,185
2026-03-04 23:16:00+00:00,25170.0,25171.25,25167.5,25169.5,56
2026-03-04 23:17:00+00:00,25166.75,25171.0,25166.0,25169.75,61
2026-03-04 23:18:00+00:00,25162.0,25166.25,25158.75,25166.25,130
2026-03-04 23:19:00+00:00,25155.25,25161.75,25150.25,25161.0,165
2026-03-04 23:20:00+00:00,25147.25,25155.5,25143.5,25153.0,164
2026-03-04 23:21:00+00:00,25151.75,25154.0,25146.0,25146.0,95
2026-03-04 23:22:00+00:00,25155.0,25159.5,25150.25,25150.75,61
2026-03-04 23:23:00+00:00,25155.5,25159.0,25150.75,25157.75,72
2026-03-04 23:24:00+00:00,25153.25,25154.75,25149.5,25154.75,48
2026-03-04 23:25:00+00:00,25157.25,25157.75,25151.0,25151.5,41
2026-03-04 23:26:00+00:00,25152.5,25159.0,25152.0,25156.75,58
2026-03-04 23:27:00+00:00,25153.25,25156.75,25150.5,25153.5,41
2026-03-04 23:28:00+00:00,25151.75,25155.25,25148.0,25152.75,97
2026-03-04 23:29:00+00:00,25151.5,25157.75,25150.75,25152.75,118
2026-03-04 23:30:00+00:00,25150.75,25156.0,25148.75,25152.0,55
2026-03-04 23:31:00+00:00,25153.25,25156.75,25151.0,25151.0,43
2026-03-04 23:32:00+00:00,25151.25,25152.75,25147.0,25152.25,61
2026-03-04 23:33:00+00:00,25151.25,25152.25,25145.0,25152.0,75
2026-03-04 23:34:00+00:00,25148.5,25153.5,25146.0,25152.5,78
2026-03-04 23:35:00+00:00,25146.5,25150.0,25145.0,25147.25,52
2026-03-04 23:36:00+00:00,25158.25,25158.25,25147.0,25148.25,102
2026-03-04 23:37:00+00:00,25154.0,25158.0,25153.75,25157.75,50
2026-03-04 23:38:00+00:00,25150.0,25155.0,25149.0,25155.0,22
2026-03-04 23:39:00+00:00,25153.25,25154.0,25151.5,25151.5,16
2026-03-04 23:40:00+00:00,25155.5,25157.25,25152.0,25153.0,67
2026-03-04 23:41:00+00:00,25159.75,25162.25,25154.75,25157.25,97
2026-03-04 23:42:00+00:00,25163.0,25165.75,25160.0,25161.5,138
2026-03-04 23:43:00+00:00,25172.75,25174.75,25162.0,25163.0,185
2026-03-04 23:44:00+00:00,25180.0,25185.0,25172.5,25172.75,305
2026-03-04 23:45:00+00:00,25181.25,25183.25,25177.5,25180.25,141
2026-03-04 23:46:00+00:00,25189.75,25190.75,25179.0,25180.5,219
2026-03-04 23:47:00+00:00,25185.25,25190.0,25182.75,25189.5,163
2026-03-04 23:48:00+00:00,25180.5,25187.0,25178.25,25184.0,154
2026-03-04 23:49:00+00:00,25179.25,25180.75,25179.25,25180.75,41
2026-03-04 23:50:00+00:00,25176.0,25180.0,25173.0,25180.0,192
2026-03-04 23:51:00+00:00,25177.0,25177.5,25173.0,25174.5,64
2026-03-04 23:52:00+00:00,25178.0,25178.5,25175.0,25176.5,57
2026-03-04 23:53:00+00:00,25173.25,25176.75,25170.5,25176.75,76
2026-03-04 23:54:00+00:00,25171.25,25173.75,25169.5,25172.5,69
2026-03-04 23:55:00+00:00,25168.0,25172.5,25166.75,25171.5,76
2026-03-04 23:56:00+00:00,25168.5,25172.25,25166.0,25166.75,104
2026-03-04 23:57:00+00:00,25169.5,25171.5,25168.5,25169.0,37
2026-03-04 23:58:00+00:00,25172.5,25172.5,25168.5,25168.75,30
2026-03-04 23:59:00+00:00,25171.75,25176.25,25170.0,25171.5,232
2026-03-05 00:00:00+00:00,25171.25,25175.0,25165.0,25171.0,123
2026-03-05 00:01:00+00:00,25167.0,25170.0,25163.0,25170.0,101
2026-03-05 00:02:00+00:00,25164.25,25167.25,25163.25,25166.75,77
2026-03-05 00:03:00+00:00,25166.75,25167.75,25160.25,25164.5,105
2026-03-05 00:04:00+00:00,25178.25,25180.0,25166.75,25167.0,182
2026-03-05 00:05:00+00:00,25185.25,25188.75,25178.0,25178.0,175
2026-03-05 00:06:00+00:00,25185.25,25190.0,25180.75,25184.75,161
2026-03-05 00:07:00+00:00,25187.75,25192.5,25183.5,25184.0,150
2026-03-05 00:08:00+00:00,25190.25,25191.75,25187.75,25188.0,80
2026-03-05 00:09:00+00:00,25189.5,25191.0,25185.0,25190.75,71
2026-03-05 00:10:00+00:00,25183.5,25194.5,25182.75,25189.25,158
2026-03-05 00:11:00+00:00,25186.0,25190.5,25182.75,25183.75,164
2026-03-05 00:12:00+00:00,25186.5,25188.75,25183.75,25185.0,99
2026-03-05 00:13:00+00:00,25195.0,25198.0,25185.0,25185.5,150
2026-03-05 00:14:00+00:00,25198.75,25203.5,25193.75,25195.25,251
2026-03-05 00:15:00+00:00,25232.0,25233.75,25198.75,25200.0,917
2026-03-05 00:16:00+00:00,25233.25,25234.25,25219.0,25231.75,340
2026-03-05 00:17:00+00:00,25235.0,25250.0,25231.25,25233.75,523
2026-03-05 00:18:00+00:00,25241.0,25243.75,25233.25,25235.0,383
2026-03-05 00:19:00+00:00,25228.75,25241.0,25225.5,25241.0,291
2026-03-05 00:20:00+00:00,25229.25,25231.75,25225.0,25228.5,140
2026-03-05 00:21:00+00:00,25222.75,25228.75,25218.5,25228.5,178
2026-03-05 00:22:00+00:00,25226.0,25227.75,25221.25,25221.5,108
2026-03-05 00:23:00+00:00,25222.75,25226.75,25218.25,25225.5,75
2026-03-05 00:24:00+00:00,25217.5,25222.0,25214.5,25221.5,171
2026-03-05 00:25:00+00:00,25211.0,25218.75,25204.5,25215.75,329
2026-03-05 00:26:00+00:00,25211.25,25214.75,25207.25,25209.5,197
2026-03-05 00:27:00+00:00,25209.25,25212.25,25208.0,25210.5,73
2026-03-05 00:28:00+00:00,25217.75,25218.25,25204.0,25210.5,190
2026-03-05 00:29:00+00:00,25212.25,25220.0,25211.0,25217.75,154
2026-03-05 00:30:00+00:00,25212.0,25213.75,25207.75,25213.0,215
2026-03-05 00:31:00+00:00,25208.0,25212.5,25202.0,25212.25,184
2026-03-05 00:32:00+00:00,25211.5,25212.0,25208.0,25208.25,69
2026-03-05 00:33:00+00:00,25217.25,25218.0,25210.0,25210.25,161
2026-03-05 00:34:00+00:00,25208.25,25217.75,25205.75,25215.25,128
2026-03-05 00:35:00+00:00,25205.0,25209.5,25205.0,25209.25,83
2026-03-05 00:36:00+00:00,25210.25,25214.25,25202.5,25205.25,143
2026-03-05 00:37:00+00:00,25213.0,25216.5,25206.75,25210.5,108
2026-03-05 00:38:00+00:00,25214.0,25219.0,25210.75,25213.75,131
2026-03-05 00:39:00+00:00,25217.5,25217.75,25212.0,25212.75,86
2026-03-05 00:40:00+00:00,25221.75,25223.75,25217.25,25218.5,121
2026-03-05 00:41:00+00:00,25226.75,25228.25,25219.0,25220.75,143
2026-03-05 00:42:00+00:00,25223.0,25228.75,25220.75,25226.5,187
2026-03-05 00:43:00+00:00,25207.0,25225.5,25206.25,25223.25,238
2026-03-05 00:44:00+00:00,25211.75,25214.0,25206.75,25208.75,120
2026-03-05 00:45:00+00:00,25215.25,25219.0,25209.5,25213.0,99
2026-03-05 00:46:00+00:00,25212.0,25218.25,25209.75,25217.0,79
2026-03-05 00:47:00+00:00,25210.25,25213.0,25207.75,25211.75,44
2026-03-05 00:48:00+00:00,25212.0,25215.25,25209.5,25210.0,114
2026-03-05 00:49:00+00:00,25214.0,25218.0,25213.0,25213.0,67
2026-03-05 00:50:00+00:00,25216.0,25217.0,25212.75,25214.0,49
2026-03-05 00:51:00+00:00,25210.5,25221.0,25210.5,25218.0,104
2026-03-05 00:52:00+00:00,25211.0,25216.75,25210.25,25210.75,112
2026-03-05 00:53:00+00:00,25212.0,25213.25,25209.0,25210.25,73
2026-03-05 00:54:00+00:00,25202.25,25211.25,25198.5,25211.25,341
2026-03-05 00:55:00+00:00,25203.75,25209.0,25202.25,25202.5,51
2026-03-05 00:56:00+00:00,25205.75,25205.75,25199.5,25202.25,77
2026-03-05 00:57:00+00:00,25208.0,25210.5,25204.0,25205.5,83
2026-03-05 00:58:00+00:00,25208.0,25212.5,25207.0,25207.0,62
2026-03-05 00:59:00+00:00,25208.25,25211.5,25207.0,25207.5,63
2026-03-05 01:00:00+00:00,25210.25,25212.0,25205.5,25209.75,100
2026-03-05 01:01:00+00:00,25207.75,25215.25,25204.5,25210.5,120
2026-03-05 01:02:00+00:00,25201.25,25207.0,25195.25,25205.5,168
2026-03-05 01:03:00+00:00,25202.75,25204.5,25198.0,25202.5,150
2026-03-05 01:04:00+00:00,25202.25,25208.5,25200.5,25203.0,135
2026-03-05 01:05:00+00:00,25207.25,25208.5,25201.75,25201.75,66
2026-03-05 01:06:00+00:00,25212.0,25213.0,25204.25,25208.5,128
2026-03-05 01:07:00+00:00,25211.0,25217.5,25209.0,25211.25,125
2026-03-05 01:08:00+00:00,25209.5,25214.25,25207.25,25211.25,103
2026-03-05 01:09:00+00:00,25200.75,25213.75,25199.75,25210.0,102
2026-03-05 01:10:00+00:00,25198.75,25206.25,25195.75,25201.75,210
2026-03-05 01:11:00+00:00,25193.75,25202.25,25184.5,25199.25,200
2026-03-05 01:12:00+00:00,25195.5,25201.75,25194.0,25195.5,150
2026-03-05 01:13:00+00:00,25202.5,25203.25,25194.75,25194.75,96
2026-03-05 01:14:00+00:00,25197.25,25204.25,25192.5,25202.5,87
2026-03-05 01:15:00+00:00,25188.25,25197.5,25187.75,25196.25,128
2026-03-05 01:16:00+00:00,25175.0,25193.5,25169.0,25189.0,448
2026-03-05 01:17:00+00:00,25159.0,25176.5,25157.25,25172.75,408
2026-03-05 01:18:00+00:00,25162.75,25169.25,25155.5,25159.0,330
2026-03-05 01:19:00+00:00,25151.5,25164.75,25147.5,25162.0,379
2026-03-05 01:20:00+00:00,25149.5,25152.5,25142.0,25152.25,245
2026-03-05 01:21:00+00:00,25139.25,25153.0,25134.25,25150.75,359
2026-03-05 01:22:00+00:00,25154.5,25157.25,25140.75,25140.75,253
2026-03-05 01:23:00+00:00,25161.0,25163.0,25146.0,25153.0,228
2026-03-05 01:24:00+00:00,25162.0,25166.25,25152.5,25161.5,274
2026-03-05 01:25:00+00:00,25168.25,25173.25,25162.5,25162.75,225
2026-03-05 01:26:00+00:00,25158.25,25172.25,25155.75,25169.0,259
2026-03-05 01:27:00+00:00,25154.75,25160.25,25151.0,25159.75,184
2026-03-05 01:28:00+00:00,25153.25,25156.0,25150.0,25153.0,85
2026-03-05 01:29:00+00:00,25140.75,25152.0,25139.75,25152.0,190
2026-03-05 01:30:00+00:00,25146.25,25149.75,25138.25,25140.0,323
2026-03-05 01:31:00+00:00,25143.0,25145.5,25135.5,25145.0,247
2026-03-05 01:32:00+00:00,25142.25,25150.25,25138.0,25142.75,222
2026-03-05 01:33:00+00:00,25143.0,25145.75,25140.5,25142.75,81
2026-03-05 01:34:00+00:00,25142.5,25146.25,25141.0,25143.5,82
2026-03-05 01:35:00+00:00,25144.25,25148.25,25141.0,25141.75,188
2026-03-05 01:36:00+00:00,25144.0,25146.25,25140.5,25144.25,114
2026-03-05 01:37:00+00:00,25146.0,25147.5,25136.75,25145.75,216
2026-03-05 01:38:00+00:00,25158.5,25167.75,25146.0,25146.25,625
2026-03-05 01:39:00+00:00,25164.0,25167.5,25151.0,25159.75,487
2026-03-05 01:40:00+00:00,25171.75,25174.75,25161.75,25164.0,354
2026-03-05 01:41:00+00:00,25139.0,25171.0,25137.5,25171.0,464
2026-03-05 01:42:00+00:00,25085.25,25142.25,25081.75,25139.0,1097
2026-03-05 01:43:00+00:00,25101.25,25104.0,25084.0,25086.0,592
2026-03-05 01:44:00+00:00,25086.0,25105.25,25072.0,25100.0,630
2026-03-05 01:45:00+00:00,25089.75,25096.75,25079.5,25087.25,290
2026-03-05 01:46:00+00:00,25098.0,25103.75,25091.0,25091.0,266
2026-03-05 01:47:00+00:00,25112.5,25117.25,25095.25,25095.75,445
2026-03-05 01:48:00+00:00,25103.75,25121.5,25102.75,25115.0,321
2026-03-05 01:49:00+00:00,25097.75,25112.0,25095.75,25104.75,317
2026-03-05 01:50:00+00:00,25091.75,25101.0,25089.0,25100.0,230
2026-03-05 01:51:00+00:00,25069.25,25095.0,25067.0,25092.0,414
2026-03-05 01:52:00+00:00,25064.75,25073.25,25063.75,25070.0,355
2026-03-05 01:53:00+00:00,25065.5,25069.0,25062.0,25066.5,313
2026-03-05 01:54:00+00:00,25067.75,25071.5,25064.0,25066.75,187
2026-03-05 01:55:00+00:00,25056.0,25069.5,25050.25,25066.25,375
2026-03-05 01:56:00+00:00,25050.0,25056.75,25045.25,25055.25,348
2026-03-05 01:57:00+00:00,25069.0,25070.25,25044.0,25050.5,513
2026-03-05 01:58:00+00:00,25073.5,25076.0,25066.75,25068.5,277
2026-03-05 01:59:00+00:00,25071.0,25077.5,25066.25,25073.75,219
2026-03-05 02:00:00+00:00,25078.0,25085.5,25060.25,25070.75,450
2026-03-05 02:01:00+00:00,25079.0,25084.75,25072.75,25079.75,175
2026-03-05 02:02:00+00:00,25082.75,25085.0,25074.75,25080.25,158
2026-03-05 02:03:00+00:00,25077.75,25085.5,25077.75,25084.75,106
2026-03-05 02:04:00+00:00,25082.25,25086.25,25076.25,25076.5,141
2026-03-05 02:05:00+00:00,25085.25,25087.25,25081.5,25083.25,112
2026-03-05 02:06:00+00:00,25077.75,25088.0,25076.0,25083.75,99
2026-03-05 02:07:00+00:00,25073.75,25086.5,25073.0,25080.75,147
2026-03-05 02:08:00+00:00,25082.5,25086.25,25076.25,25076.75,96
2026-03-05 02:09:00+00:00,25083.25,25088.75,25078.0,25081.75,131
2026-03-05 02:10:00+00:00,25090.25,25093.5,25083.5,25084.25,126
2026-03-05 02:11:00+00:00,25085.0,25090.25,25081.75,25090.0,125
2026-03-05 02:12:00+00:00,25076.25,25083.5,25073.0,25082.0,156
2026-03-05 02:13:00+00:00,25093.0,25093.0,25075.25,25075.25,124
2026-03-05 02:14:00+00:00,25085.25,25095.0,25085.0,25094.0,88
2026-03-05 02:15:00+00:00,25084.5,25087.75,25079.75,25083.75,68
2026-03-05 02:16:00+00:00,25089.0,25094.0,25083.5,25083.75,70
2026-03-05 02:17:00+00:00,25082.5,25090.25,25079.0,25089.0,75
2026-03-05 02:18:00+00:00,25085.75,25086.75,25081.25,25085.0,50
2026-03-05 02:19:00+00:00,25079.25,25093.25,25079.25,25087.25,97
2026-03-05 02:20:00+00:00,25076.0,25081.25,25073.5,25080.0,125
2026-03-05 02:21:00+00:00,25075.0,25084.0,25070.75,25074.0,210
2026-03-05 02:22:00+00:00,25074.75,25081.5,25073.0,25075.0,123
2026-03-05 02:23:00+00:00,25067.0,25074.25,25065.0,25072.5,181
2026-03-05 02:24:00+00:00,25063.75,25069.0,25059.0,25067.5,182
2026-03-05 02:25:00+00:00,25069.0,25073.0,25062.5,25063.0,124
2026-03-05 02:26:00+00:00,25074.75,25075.25,25067.0,25068.75,80
2026-03-05 02:27:00+00:00,25068.0,25073.0,25065.0,25073.0,102
2026-03-05 02:28:00+00:00,25062.25,25069.5,25056.5,25067.75,132
2026-03-05 02:29:00+00:00,25068.0,25070.5,25061.0,25062.5,86
2026-03-05 02:30:00+00:00,25064.5,25071.5,25054.75,25070.0,109
2026-03-05 02:31:00+00:00,25060.0,25063.25,25050.0,25063.25,168
2026-03-05 02:32:00+00:00,25057.0,25063.75,25053.75,25058.75,98
2026-03-05 02:33:00+00:00,25060.25,25066.0,25056.5,25057.5,69
2026-03-05 02:34:00+00:00,25062.25,25062.75,25056.75,25062.25,95
2026-03-05 02:35:00+00:00,25072.5,25079.25,25061.0,25062.25,258
2026-03-05 02:36:00+00:00,25079.25,25079.75,25070.5,25070.5,108
2026-03-05 02:37:00+00:00,25087.5,25089.0,25077.5,25080.0,215
2026-03-05 02:38:00+00:00,25083.75,25088.0,25081.75,25086.5,96
2026-03-05 02:39:00+00:00,25088.5,25088.5,25083.5,25084.5,56
2026-03-05 02:40:00+00:00,25081.0,25089.75,25075.75,25087.25,199
2026-03-05 02:41:00+00:00,25081.5,25085.5,25080.25,25082.25,52
2026-03-05 02:42:00+00:00,25081.5,25084.75,25078.75,25081.25,81
2026-03-05 02:43:00+00:00,25092.75,25094.75,25080.0,25081.5,186
2026-03-05 02:44:00+00:00,25085.75,25094.0,25083.0,25092.5,109
2026-03-05 02:45:00+00:00,25090.5,25092.0,25082.0,25087.25,74
2026-03-05 02:46:00+00:00,25099.0,25100.5,25089.0,25091.0,165
2026-03-05 02:47:00+00:00,25102.75,25105.0,25098.25,25098.5,217
2026-03-05 02:48:00+00:00,25092.5,25103.0,25091.0,25101.75,119
2026-03-05 02:49:00+00:00,25104.5,25105.25,25092.0,25092.25,149
2026-03-05 02:50:00+00:00,25113.25,25125.5,25104.75,25105.25,483
2026-03-05 02:51:00+00:00,25114.25,25115.75,25103.75,25113.5,159
2026-03-05 02:52:00+00:00,25105.5,25118.5,25105.5,25113.5,146
2026-03-05 02:53:00+00:00,25098.75,25107.5,25096.0,25105.25,146
2026-03-05 02:54:00+00:00,25091.5,25099.25,25091.25,25099.25,123
2026-03-05 02:55:00+00:00,25085.5,25095.0,25083.0,25092.0,191
2026-03-05 02:56:00+00:00,25081.0,25087.75,25079.75,25086.0,154
2026-03-05 02:57:00+00:00,25087.25,25092.25,25078.0,25082.5,133
2026-03-05 02:58:00+00:00,25088.0,25090.25,25086.0,25087.5,66
2026-03-05 02:59:00+00:00,25091.25,25091.25,25084.5,25087.75,62
2026-03-05 03:00:00+00:00,25094.25,25094.25,25086.5,25090.75,86
2026-03-05 03:01:00+00:00,25089.5,25101.5,25084.75,25093.25,161
2026-03-05 03:02:00+00:00,25083.0,25091.25,25082.5,25090.0,59
2026-03-05 03:03:00+00:00,25078.5,25089.25,25074.5,25081.75,154
2026-03-05 03:04:00+00:00,25086.0,25086.5,25079.5,25079.5,41
2026-03-05 03:05:00+00:00,25092.75,25094.5,25083.25,25086.25,124
2026-03-05 03:06:00+00:00,25090.75,25097.25,25088.5,25091.5,58
2026-03-05 03:07:00+00:00,25097.25,25099.0,25089.25,25091.5,60
2026-03-05 03:08:00+00:00,25098.5,25100.5,25094.0,25098.0,60
2026-03-05 03:09:00+00:00,25096.25,25098.0,25093.0,25097.5,52
2026-03-05 03:10:00+00:00,25082.5,25093.75,25080.0,25093.5,136
2026-03-05 03:11:00+00:00,25083.75,25084.0,25079.0,25080.0,79
2026-03-05 03:12:00+00:00,25090.25,25091.5,25083.5,25084.5,123
2026-03-05 03:13:00+00:00,25079.5,25096.25,25078.75,25091.0,156
2026-03-05 03:14:00+00:00,25078.5,25081.0,25076.0,25079.25,82
2026-03-05 03:15:00+00:00,25084.5,25085.5,25075.5,25079.75,80
2026-03-05 03:16:00+00:00,25084.25,25086.5,25080.25,25086.0,35
2026-03-05 03:17:00+00:00,25075.5,25082.75,25075.5,25082.75,74
2026-03-05 03:18:00+00:00,25073.0,25080.0,25072.75,25077.25,124
2026-03-05 03:19:00+00:00,25067.0,25072.5,25066.0,25072.5,160
2026-03-05 03:20:00+00:00,25068.0,25068.5,25061.25,25068.5,135
2026-03-05 03:21:00+00:00,25066.75,25070.75,25062.5,25067.75,118
2026-03-05 03:22:00+00:00,25064.75,25070.25,25055.75,25066.0,181
2026-03-05 03:23:00+00:00,25060.75,25063.75,25057.0,25063.75,120
2026-03-05 03:24:00+00:00,25061.0,25066.5,25059.75,25059.75,62
2026-03-05 03:25:00+00:00,25062.5,25063.75,25058.0,25062.0,85
2026-03-05 03:26:00+00:00,25065.0,25067.25,25060.0,25061.5,87
2026-03-05 03:27:00+00:00,25057.0,25071.0,25056.25,25066.75,153
2026-03-05 03:28:00+00:00,25042.25,25056.0,25042.25,25055.0,251
2026-03-05 03:29:00+00:00,25047.5,25048.25,25029.75,25042.75,392
2026-03-05 03:30:00+00:00,25027.5,25049.75,25025.5,25048.5,362
2026-03-05 03:31:00+00:00,25026.5,25034.75,25025.25,25027.0,191
2026-03-05 03:32:00+00:00,25044.5,25046.75,25025.75,25026.25,302
2026-03-05 03:33:00+00:00,25045.75,25046.5,25038.5,25044.5,175
2026-03-05 03:34:00+00:00,25045.25,25049.5,25040.0,25044.0,148
2026-03-05 03:35:00+00:00,25035.75,25045.75,25035.5,25043.25,144
2026-03-05 03:36:00+00:00,25047.25,25047.25,25029.75,25035.25,305
2026-03-05 03:37:00+00:00,25049.25,25053.5,25043.75,25046.75,250
2026-03-05 03:38:00+00:00,25040.5,25052.5,25039.75,25050.0,176
2026-03-05 03:39:00+00:00,25047.25,25051.25,25032.25,25041.0,185
2026-03-05 03:40:00+00:00,25056.5,25060.0,25048.25,25048.25,189
2026-03-05 03:41:00+00:00,25059.25,25062.0,25055.25,25055.5,81
2026-03-05 03:42:00+00:00,25050.75,25059.25,25048.5,25059.25,109
2026-03-05 03:43:00+00:00,25043.5,25052.0,25038.5,25049.75,192
2026-03-05 03:44:00+00:00,25041.25,25048.75,25039.5,25043.75,110
2026-03-05 03:45:00+00:00,25034.5,25043.0,25034.0,25040.0,143
2026-03-05 03:46:00+00:00,25037.25,25043.25,25035.25,25035.25,112
2026-03-05 03:47:00+00:00,25038.75,25041.25,25035.25,25036.5,42
2026-03-05 03:48:00+00:00,25036.75,25040.5,25035.0,25036.75,68
2026-03-05 03:49:00+00:00,25038.5,25041.5,25034.0,25036.75,83
2026-03-05 03:50:00+00:00,25037.75,25041.75,25035.75,25040.0,75
2026-03-05 03:51:00+00:00,25039.25,25043.25,25036.0,25038.25,45
2026-03-05 03:52:00+00:00,25034.75,25042.25,25031.75,25042.0,119
2026-03-05 03:53:00+00:00,25044.25,25045.0,25030.5,25034.5,147
2026-03-05 03:54:00+00:00,25061.0,25065.25,25045.0,25045.0,344
2026-03-05 03:55:00+00:00,25068.0,25070.75,25060.5,25062.0,176
2026-03-05 03:56:00+00:00,25062.75,25069.25,25059.75,25069.25,121
2026-03-05 03:57:00+00:00,25043.0,25062.25,25043.0,25060.25,150
2026-03-05 03:58:00+00:00,25044.25,25048.0,25042.25,25043.75,130
2026-03-05 03:59:00+00:00,25048.25,25051.25,25044.0,25044.0,62
2026-03-05 04:00:00+00:00,25044.5,25053.25,25043.75,25046.75,105
2026-03-05 04:01:00+00:00,25035.0,25044.25,25033.25,25042.5,112
2026-03-05 04:02:00+00:00,25035.5,25037.75,25031.75,25034.0,79
2026-03-05 04:03:00+00:00,25039.75,25043.25,25035.0,25036.0,80
2026-03-05 04:04:00+00:00,25043.75,25045.75,25035.25,25039.5,139
2026-03-05 04:05:00+00:00,25061.0,25061.5,25041.75,25042.25,214
2026-03-05 04:06:00+00:00,25063.5,25069.75,25057.0,25060.0,216
2026-03-05 04:07:00+00:00,25062.5,25064.75,25059.5,25062.75,65
2026-03-05 04:08:00+00:00,25073.0,25074.75,25063.5,25065.75,155
2026-03-05 04:09:00+00:00,25071.75,25074.75,25064.75,25073.25,111
2026-03-05 04:10:00+00:00,25073.75,25076.75,25066.5,25071.25,155
2026-03-05 04:11:00+00:00,25077.0,25081.75,25073.75,25074.25,164
2026-03-05 04:12:00+00:00,25072.75,25083.75,25071.75,25076.0,127
2026-03-05 04:13:00+00:00,25069.75,25074.75,25068.0,25073.0,106
2026-03-05 04:14:00+00:00,25073.75,25080.5,25068.25,25070.0,70
2026-03-05 04:15:00+00:00,25075.0,25077.5,25070.0,25074.5,74
2026-03-05 04:16:00+00:00,25069.5,25075.5,25067.25,25075.0,100
2026-03-05 04:17:00+00:00,25069.25,25075.5,25068.25,25070.5,59
2026-03-05 04:18:00+00:00,25070.75,25073.0,25066.75,25069.75,58
2026-03-05 04:19:00+00:00,25080.5,25080.5,25071.5,25071.5,41
2026-03-05 04:20:00+00:00,25079.5,25080.5,25072.0,25080.5,66
2026-03-05 04:21:00+00:00,25081.0,25084.25,25078.0,25080.25,86
2026-03-05 04:22:00+00:00,25085.75,25087.75,25079.0,25082.75,86
2026-03-05 04:23:00+00:00,25084.75,25087.75,25083.25,25085.5,120
2026-03-05 04:24:00+00:00,25084.75,25086.75,25081.75,25084.5,49
2026-03-05 04:25:00+00:00,25082.75,25084.75,25078.25,25084.75,58
2026-03-05 04:26:00+00:00,25081.5,25085.75,25077.0,25082.5,99
2026-03-05 04:27:00+00:00,25086.0,25086.5,25079.25,25081.75,49
2026-03-05 04:28:00+00:00,25088.25,25088.25,25083.25,25085.5,82
2026-03-05 04:29:00+00:00,25088.75,25088.75,25082.25,25085.75,36
2026-03-05 04:30:00+00:00,25085.25,25089.75,25084.5,25088.75,81
2026-03-05 04:31:00+00:00,25083.5,25088.0,25080.0,25087.25,68
2026-03-05 04:32:00+00:00,25084.5,25085.5,25081.0,25082.5,23
2026-03-05 04:33:00+00:00,25080.25,25084.5,25077.75,25084.25,58
2026-03-05 04:34:00+00:00,25070.25,25080.5,25066.75,25080.5,129
2026-03-05 04:35:00+00:00,25078.25,25079.25,25069.25,25070.5,74
2026-03-05 04:36:00+00:00,25093.5,25094.25,25080.0,25080.0,200
2026-03-05 04:37:00+00:00,25084.0,25095.75,25084.0,25093.0,114
2026-03-05 04:38:00+00:00,25088.0,25092.25,25085.0,25085.0,58
2026-03-05 04:39:00+00:00,25088.75,25090.75,25086.5,25089.5,38
2026-03-05 04:40:00+00:00,25089.25,25090.5,25087.0,25088.25,45
2026-03-05 04:41:00+00:00,25089.25,25090.5,25087.25,25090.0,19
2026-03-05 04:42:00+00:00,25089.5,25089.5,25086.0,25089.0,38
2026-03-05 04:43:00+00:00,25085.75,25090.25,25084.0,25089.25,46
2026-03-05 04:44:00+00:00,25082.25,25087.0,25081.25,25085.75,80
2026-03-05 04:45:00+00:00,25084.5,25085.25,25082.0,25082.5,40
2026-03-05 04:46:00+00:00,25088.75,25088.75,25083.0,25083.5,30
2026-03-05 04:47:00+00:00,25087.75,25092.25,25087.75,25088.25,62
2026-03-05 04:48:00+00:00,25094.25,25095.75,25087.0,25088.75,63
2026-03-05 04:49:00+00:00,25099.5,25101.0,25093.5,25094.25,154
2026-03-05 04:50:00+00:00,25096.75,25106.75,25096.0,25098.25,142
2026-03-05 04:51:00+00:00,25099.5,25099.75,25089.75,25096.25,139
2026-03-05 04:52:00+00:00,25094.0,25099.25,25093.5,25098.5,74
2026-03-05 04:53:00+00:00,25091.5,25093.75,25085.25,25093.75,92
2026-03-05 04:54:00+00:00,25092.75,25093.5,25090.0,25090.5,41
2026-03-05 04:55:00+00:00,25094.25,25095.75,25090.5,25091.75,26
2026-03-05 04:56:00+00:00,25096.75,25097.0,25088.0,25092.75,84
2026-03-05 04:57:00+00:00,25095.75,25102.5,25093.25,25097.0,90
2026-03-05 04:58:00+00:00,25098.5,25100.25,25092.5,25095.0,54
2026-03-05 05:09:00+00:00,25100.5,25101.5,25096.0,25097.0,42
2026-03-05 05:10:00+00:00,25094.0,25104.25,25093.5,25100.0,83
2026-03-05 05:11:00+00:00,25095.5,25095.5,25091.0,25093.25,54
2026-03-05 05:12:00+00:00,25092.25,25096.0,25091.75,25095.75,76
2026-03-05 05:13:00+00:00,25091.25,25094.25,25086.75,25093.5,75
2026-03-05 05:14:00+00:00,25089.0,25092.25,25088.25,25091.75,39
2026-03-05 05:15:00+00:00,25082.25,25088.75,25082.0,25088.75,90
2026-03-05 05:16:00+00:00,25077.0,25083.5,25076.75,25083.5,154
2026-03-05 05:17:00+00:00,25072.75,25079.0,25070.0,25077.25,143
2026-03-05 05:18:00+00:00,25071.0,25076.0,25070.25,25072.25,49
2026-03-05 05:19:00+00:00,25070.75,25073.0,25069.25,25071.25,38
2026-03-05 05:20:00+00:00,25075.5,25076.75,25069.25,25071.5,77
2026-03-05 05:21:00+00:00,25073.25,25076.0,25069.0,25074.0,64
2026-03-05 05:22:00+00:00,25070.0,25072.0,25067.75,25072.0,61
2026-03-05 05:23:00+00:00,25074.0,25075.25,25069.0,25070.75,62
2026-03-05 05:24:00+00:00,25077.5,25079.0,25072.0,25072.75,69
2026-03-05 05:25:00+00:00,25089.0,25090.5,25079.0,25079.0,132
2026-03-05 05:26:00+00:00,25082.25,25089.75,25080.0,25088.5,69
2026-03-05 05:27:00+00:00,25083.0,25084.75,25082.0,25084.5,24
2026-03-05 05:28:00+00:00,25080.0,25083.25,25078.5,25081.5,32
2026-03-05 05:29:00+00:00,25077.25,25082.5,25075.5,25081.75,40
2026-03-05 05:30:00+00:00,25068.75,25079.75,25066.25,25077.5,128
2026-03-05 05:31:00+00:00,25071.75,25073.25,25066.25,25069.25,65
2026-03-05 05:32:00+00:00,25078.0,25080.75,25071.0,25071.75,82
2026-03-05 05:33:00+00:00,25080.0,25081.0,25075.75,25077.0,92
2026-03-05 05:34:00+00:00,25077.5,25078.0,25070.25,25078.0,44
2026-03-05 05:35:00+00:00,25075.0,25080.5,25073.75,25078.5,32
2026-03-05 05:36:00+00:00,25068.0,25077.5,25068.0,25076.5,54
2026-03-05 05:37:00+00:00,25064.25,25068.5,25063.5,25068.25,85
2026-03-05 05:38:00+00:00,25061.5,25066.5,25061.5,25064.25,42
2026-03-05 05:39:00+00:00,25065.5,25067.25,25057.75,25062.0,91
2026-03-05 05:40:00+00:00,25061.5,25067.75,25060.5,25064.0,37
2026-03-05 05:41:00+00:00,25055.0,25063.25,25054.75,25062.25,91
2026-03-05 05:42:00+00:00,25055.75,25057.75,25052.5,25056.75,73
2026-03-05 05:43:00+00:00,25059.5,25061.25,25054.0,25056.5,59
2026-03-05 05:44:00+00:00,25055.5,25057.5,25054.25,25057.5,64
2026-03-05 05:45:00+00:00,25057.5,25059.5,25054.25,25054.5,41
2026-03-05 05:46:00+00:00,25054.5,25058.25,25052.5,25056.75,53
2026-03-05 05:47:00+00:00,25061.75,25061.75,25054.5,25055.25,70
2026-03-05 05:48:00+00:00,25058.25,25066.0,25058.0,25062.0,98
2026-03-05 05:49:00+00:00,25059.25,25061.0,25058.25,25058.5,37
2026-03-05 05:50:00+00:00,25058.5,25060.5,25057.75,25059.75,47
2026-03-05 05:51:00+00:00,25055.75,25059.0,25053.25,25058.0,43
2026-03-05 05:52:00+00:00,25055.0,25057.5,25055.0,25057.25,33
2026-03-05 05:53:00+00:00,25053.75,25055.75,25051.0,25054.0,47
2026-03-05 05:54:00+00:00,25047.5,25054.5,25046.25,25053.75,91
2026-03-05 05:55:00+00:00,25042.25,25049.0,25042.25,25048.0,169
2026-03-05 05:56:00+00:00,25047.0,25047.25,25041.5,25042.5,145
2026-03-05 05:57:00+00:00,25042.5,25049.5,25040.25,25048.25,87
2026-03-05 05:58:00+00:00,25036.75,25043.0,25035.25,25042.0,405
2026-03-05 05:59:00+00:00,25034.75,25037.75,25033.0,25036.75,433
2026-03-05 06:00:00+00:00,25028.0,25041.0,25021.0,25035.0,398
2026-03-05 06:01:00+00:00,25023.5,25031.75,25019.0,25027.5,186
2026-03-05 06:02:00+00:00,25029.25,25032.25,25021.25,25023.25,123
2026-03-05 06:03:00+00:00,25035.75,25040.25,25028.5,25030.75,165
2026-03-05 06:04:00+00:00,25039.0,25040.0,25029.25,25034.0,118
2026-03-05 06:05:00+00:00,25025.5,25039.0,25023.0,25039.0,191
2026-03-05 06:06:00+00:00,25011.75,25026.0,25006.25,25025.25,391
2026-03-05 06:07:00+00:00,25005.5,25012.0,25001.0,25011.5,289
2026-03-05 06:08:00+00:00,24998.5,25007.5,24994.0,25004.5,504
2026-03-05 06:09:00+00:00,24988.0,25000.25,24984.0,24998.0,414
2026-03-05 06:10:00+00:00,24986.75,24995.0,24983.0,24987.75,297
2026-03-05 06:11:00+00:00,24993.75,24996.0,24984.75,24987.0,214
2026-03-05 06:12:00+00:00,24992.5,24997.5,24988.5,24993.0,202
2026-03-05 06:13:00+00:00,24997.0,24997.0,24987.0,24992.75,86
2026-03-05 06:14:00+00:00,24985.75,25000.5,24985.25,24997.75,242
2026-03-05 06:15:00+00:00,24984.0,24989.75,24981.0,24986.5,186
2026-03-05 06:16:00+00:00,24994.75,24996.25,24984.5,24986.0,147
2026-03-05 06:17:00+00:00,24993.25,25003.75,24991.5,24992.0,175
2026-03-05 06:18:00+00:00,25000.25,25001.0,24992.25,24992.75,81
2026-03-05 06:19:00+00:00,25009.75,25012.5,24999.5,24999.75,200
2026-03-05 06:20:00+00:00,25009.75,25018.75,25009.5,25010.25,246
2026-03-05 06:21:00+00:00,25015.5,25016.0,25008.75,25009.0,103
2026-03-05 06:22:00+00:00,25019.75,25022.75,25013.0,25016.25,124
2026-03-05 06:23:00+00:00,25018.0,25020.0,25014.5,25020.0,71
2026-03-05 06:24:00+00:00,25015.5,25018.25,25012.0,25018.25,41
2026-03-05 06:25:00+00:00,25011.0,25016.25,25010.0,25014.5,72
2026-03-05 06:26:00+00:00,25008.25,25015.75,25008.0,25011.5,128
2026-03-05 06:27:00+00:00,25005.75,25010.5,25004.25,25008.0,81
2026-03-05 06:28:00+00:00,25007.0,25007.0,25001.75,25004.5,105
2026-03-05 06:29:00+00:00,25010.75,25010.75,25005.25,25006.75,84
2026-03-05 06:30:00+00:00,25005.0,25012.0,24998.25,25010.5,168
2026-03-05 06:31:00+00:00,24994.0,25006.25,24994.0,25004.75,158
2026-03-05 06:32:00+00:00,24992.0,24999.0,24986.75,24994.0,183
2026-03-05 06:33:00+00:00,24994.25,24997.25,24990.0,24993.25,126
2026-03-05 06:34:00+00:00,24997.25,24999.25,24989.25,24996.0,91
2026-03-05 06:35:00+00:00,24994.0,24997.5,24992.25,24996.5,62
2026-03-05 06:36:00+00:00,24992.0,24999.25,24991.0,24995.0,91
2026-03-05 06:37:00+00:00,24997.25,24999.25,24992.75,24992.75,100
2026-03-05 06:38:00+00:00,25006.5,25008.25,24996.5,24997.0,163
2026-03-05 06:39:00+00:00,25002.25,25007.0,24999.75,25007.0,122
2026-03-05 06:40:00+00:00,24991.5,25002.5,24991.5,25001.25,48
2026-03-05 06:41:00+00:00,24997.25,24997.25,24991.75,24991.75,77
2026-03-05 06:42:00+00:00,25002.5,25002.5,24996.0,24997.5,74
2026-03-05 06:43:00+00:00,25005.5,25007.0,24999.5,25001.75,44
2026-03-05 06:44:00+00:00,25007.5,25011.25,25004.0,25004.0,81
2026-03-05 06:45:00+00:00,25002.25,25008.0,25000.0,25008.0,115
2026-03-05 06:46:00+00:00,25006.5,25006.5,25002.5,25002.75,41
2026-03-05 06:47:00+00:00,25008.5,25008.75,25003.5,25006.0,46
2026-03-05 06:48:00+00:00,25001.75,25010.25,25000.75,25007.75,71
2026-03-05 06:49:00+00:00,25026.5,25026.5,24999.25,25001.0,534
2026-03-05 06:50:00+00:00,25057.75,25061.0,25022.0,25026.5,718
2026-03-05 06:51:00+00:00,25057.0,25068.0,25047.0,25056.75,544
2026-03-05 06:52:00+00:00,25052.5,25059.25,25045.0,25058.0,235
2026-03-05 06:53:00+00:00,25056.5,25066.75,25044.0,25054.0,240
2026-03-05 06:54:00+00:00,25056.75,25060.25,25049.25,25057.75,119
2026-03-05 06:55:00+00:00,25067.5,25069.5,25057.0,25057.0,150
2026-03-05 06:56:00+00:00,25070.25,25072.0,25060.25,25066.0,157
2026-03-05 06:57:00+00:00,25086.5,25092.0,25069.5,25069.75,667
2026-03-05 06:58:00+00:00,25088.75,25092.75,25084.5,25088.0,167
2026-03-05 06:59:00+00:00,25092.0,25092.5,25085.0,25088.25,116
2026-03-05 07:00:00+00:00,25080.75,25098.0,25073.25,25091.75,484
2026-03-05 07:01:00+00:00,25070.5,25083.75,25069.75,25080.75,282
2026-03-05 07:02:00+00:00,25073.0,25076.0,25067.0,25071.75,174
2026-03-05 07:03:00+00:00,25074.5,25082.5,25068.75,25072.5,174
2026-03-05 07:04:00+00:00,25065.5,25076.75,25063.5,25075.25,224
2026-03-05 07:05:00+00:00,25060.25,25072.25,25059.0,25065.0,188
2026-03-05 07:06:00+00:00,25062.25,25064.25,25057.5,25060.25,122
2026-03-05 07:07:00+00:00,25065.25,25069.5,25061.5,25061.75,131
2026-03-05 07:08:00+00:00,25070.75,25074.75,25062.75,25065.25,153
2026-03-05 07:09:00+00:00,25069.0,25074.25,25066.75,25069.25,62
2026-03-05 07:10:00+00:00,25074.75,25082.0,25068.75,25068.75,121
2026-03-05 07:11:00+00:00,25084.0,25084.0,25074.5,25075.5,55
2026-03-05 07:12:00+00:00,25082.5,25085.5,25080.25,25083.5,78
2026-03-05 07:13:00+00:00,25071.0,25081.0,25070.25,25081.0,104
2026-03-05 07:14:00+00:00,25069.0,25077.0,25068.5,25070.5,171
2026-03-05 07:15:00+00:00,25065.5,25073.5,25062.75,25069.0,212
2026-03-05 07:16:00+00:00,25060.5,25066.75,25058.0,25064.75,97
2026-03-05 07:17:00+00:00,25060.5,25063.75,25058.75,25062.75,61
2026-03-05 07:18:00+00:00,25059.5,25062.75,25058.5,25061.5,161
2026-03-05 07:19:00+00:00,25066.5,25069.0,25058.0,25059.25,112
2026-03-05 07:20:00+00:00,25058.5,25068.25,25055.5,25068.25,85
2026-03-05 07:21:00+00:00,25056.75,25057.75,25050.75,25056.5,81
2026-03-05 07:22:00+00:00,25074.25,25077.5,25055.5,25057.75,155
2026-03-05 07:23:00+00:00,25083.25,25083.25,25073.0,25075.25,123
2026-03-05 07:24:00+00:00,25088.5,25088.75,25080.0,25083.25,137
2026-03-05 07:25:00+00:00,25089.5,25094.25,25085.75,25088.5,213
2026-03-05 07:26:00+00:00,25088.25,25093.0,25088.0,25090.0,97
2026-03-05 07:27:00+00:00,25082.0,25088.25,25080.5,25088.25,80
2026-03-05 07:28:00+00:00,25082.0,25086.75,25078.0,25082.75,85
2026-03-05 07:29:00+00:00,25088.75,25089.0,25082.5,25083.75,82
2026-03-05 07:30:00+00:00,25087.5,25088.5,25080.75,25088.0,73
2026-03-05 07:31:00+00:00,25075.75,25089.25,25075.5,25088.5,93
2026-03-05 07:32:00+00:00,25071.75,25074.5,25070.25,25074.5,86
2026-03-05 07:33:00+00:00,25068.25,25072.5,25068.25,25072.0,79
2026-03-05 07:34:00+00:00,25061.75,25066.75,25060.0,25066.75,224
2026-03-05 07:35:00+00:00,25060.5,25064.75,25059.0,25062.0,162
2026-03-05 07:36:00+00:00,25058.5,25062.25,25056.75,25059.75,112
2026-03-05 07:37:00+00:00,25066.0,25066.25,25056.75,25057.75,84
2026-03-05 07:38:00+00:00,25062.0,25067.25,25060.25,25067.0,63
2026-03-05 07:39:00+00:00,25066.25,25068.25,25057.25,25061.25,89
2026-03-05 07:40:00+00:00,25064.75,25068.0,25062.5,25065.25,48
2026-03-05 07:41:00+00:00,25066.0,25070.0,25065.25,25066.0,58
2026-03-05 07:42:00+00:00,25070.0,25071.5,25065.5,25065.5,82
2026-03-05 07:43:00+00:00,25074.5,25075.5,25068.0,25069.75,92
2026-03-05 07:44:00+00:00,25064.75,25077.5,25063.25,25075.25,101
2026-03-05 07:45:00+00:00,25067.75,25069.25,25063.5,25063.5,98
2026-03-05 07:46:00+00:00,25062.0,25067.0,25060.5,25066.75,57
2026-03-05 07:47:00+00:00,25057.5,25062.5,25056.25,25062.5,92
2026-03-05 07:48:00+00:00,25062.0,25064.25,25056.25,25058.0,113
2026-03-05 07:49:00+00:00,25067.0,25068.5,25061.5,25061.5,84
2026-03-05 07:50:00+00:00,25058.0,25066.75,25054.75,25066.5,142
2026-03-05 07:51:00+00:00,25058.75,25061.25,25054.0,25057.75,96
2026-03-05 07:52:00+00:00,25061.75,25067.25,25057.25,25057.5,121
2026-03-05 07:53:00+00:00,25066.0,25067.5,25061.5,25062.0,79
2026-03-05 07:54:00+00:00,25051.0,25066.75,25049.75,25066.5,197
2026-03-05 07:55:00+00:00,25050.75,25053.25,25046.25,25051.5,139
2026-03-05 07:56:00+00:00,25045.5,25055.0,25041.0,25053.5,160
2026-03-05 07:57:00+00:00,25054.0,25054.25,25045.5,25045.5,105
2026-03-05 07:58:00+00:00,25059.5,25059.5,25052.5,25054.25,81
2026-03-05 07:59:00+00:00,25073.0,25073.25,25056.75,25060.0,212
2026-03-05 08:00:00+00:00,25065.75,25078.25,25065.25,25072.0,487
2026-03-05 08:01:00+00:00,25052.75,25072.75,25050.25,25066.75,222
2026-03-05 08:02:00+00:00,25056.75,25065.5,25048.0,25052.25,141
2026-03-05 08:03:00+00:00,25027.5,25060.5,25025.0,25060.5,245
2026-03-05 08:04:00+00:00,25018.0,25032.75,25012.25,25027.5,301
2026-03-05 08:05:00+00:00,25007.75,25021.25,25006.0,25018.0,378
2026-03-05 08:06:00+00:00,25012.5,25015.75,24999.75,25007.0,583
2026-03-05 08:07:00+00:00,24995.75,25021.75,24994.0,25012.0,395
2026-03-05 08:08:00+00:00,25005.0,25007.5,24997.0,24998.5,304
2026-03-05 08:09:00+00:00,24999.75,25003.25,24990.0,25003.25,287
2026-03-05 08:10:00+00:00,25006.25,25017.25,24995.5,24998.5,330
2026-03-05 08:11:00+00:00,25015.0,25019.5,25001.0,25007.75,201
2026-03-05 08:12:00+00:00,25013.5,25018.0,25007.75,25013.5,185
2026-03-05 08:13:00+00:00,25013.25,25018.0,25006.5,25012.25,165
2026-03-05 08:14:00+00:00,24997.25,25014.5,24997.25,25014.25,181
2026-03-05 08:15:00+00:00,25020.25,25020.25,24996.75,24997.5,205
2026-03-05 08:16:00+00:00,25034.0,25034.25,25020.25,25020.75,369
2026-03-05 08:17:00+00:00,25043.0,25043.25,25029.0,25033.0,312
2026-03-05 08:18:00+00:00,25040.5,25044.5,25031.25,25040.25,180
2026-03-05 08:19:00+00:00,25014.5,25043.0,25013.75,25041.75,197
2026-03-05 08:20:00+00:00,25024.75,25026.25,25009.25,25013.25,357
2026-03-05 08:21:00+00:00,25026.75,25033.0,25024.25,25025.75,243
2026-03-05 08:22:00+00:00,25021.25,25025.0,25009.5,25024.5,199
2026-03-05 08:23:00+00:00,25028.0,25030.5,25017.0,25020.75,184
2026-03-05 08:24:00+00:00,25027.5,25032.5,25022.5,25030.0,155
2026-03-05 08:25:00+00:00,25019.5,25033.25,25017.25,25028.25,159
2026-03-05 08:26:00+00:00,25018.25,25027.75,25012.5,25020.25,176
2026-03-05 08:27:00+00:00,25006.0,25018.75,25001.75,25018.75,249
2026-03-05 08:28:00+00:00,25006.25,25017.5,25003.75,25005.25,148
2026-03-05 08:29:00+00:00,24995.0,25011.75,24995.0,25007.25,178
2026-03-05 08:30:00+00:00,24989.25,24998.5,24973.25,24995.5,692
2026-03-05 08:31:00+00:00,24987.0,24991.75,24980.5,24988.75,240
2026-03-05 08:32:00+00:00,25013.5,25019.0,24984.0,24985.75,296
2026-03-05 08:33:00+00:00,25011.25,25021.0,25009.5,25015.25,166
2026-03-05 08:34:00+00:00,24999.5,25020.0,24989.0,25015.0,342
2026-03-05 08:35:00+00:00,25009.75,25018.0,24998.75,25000.5,254
2026-03-05 08:36:00+00:00,25013.5,25023.25,25006.75,25008.5,147
2026-03-05 08:37:00+00:00,25016.75,25021.5,25005.25,25012.75,94
2026-03-05 08:38:00+00:00,25009.5,25016.25,25003.75,25015.75,113
2026-03-05 08:39:00+00:00,25005.0,25015.75,24997.25,25013.75,219
2026-03-05 08:40:00+00:00,24990.0,25007.75,24981.5,25007.5,207
2026-03-05 08:41:00+00:00,24999.0,24999.0,24986.25,24988.75,213
2026-03-05 08:42:00+00:00,24994.0,25006.75,24990.25,24999.0,313
2026-03-05 08:43:00+00:00,24992.5,25001.25,24986.75,24992.0,173
2026-03-05 08:44:00+00:00,25005.75,25008.75,24992.0,24993.5,275
2026-03-05 08:45:00+00:00,25012.75,25014.5,25002.0,25006.5,98
2026-03-05 08:46:00+00:00,25020.75,25026.75,25010.75,25013.5,224
2026-03-05 08:47:00+00:00,25023.25,25035.75,25021.25,25022.0,206
2026-03-05 08:48:00+00:00,25020.25,25028.5,25018.0,25020.0,168
2026-03-05 08:49:00+00:00,25010.5,25018.75,25008.25,25017.0,121
2026-03-05 08:50:00+00:00,25013.0,25014.25,25000.0,25009.5,142
2026-03-05 08:51:00+00:00,25024.0,25030.0,25011.5,25013.0,143
2026-03-05 08:52:00+00:00,25029.0,25035.75,25028.5,25028.5,130
2026-03-05 08:53:00+00:00,25022.0,25037.25,25022.0,25030.5,116
2026-03-05 08:54:00+00:00,25020.0,25024.0,25016.0,25021.0,132
2026-03-05 08:55:00+00:00,25037.0,25038.5,25022.5,25022.5,90
2026-03-05 08:56:00+00:00,25043.75,25048.75,25039.0,25039.0,168
2026-03-05 08:57:00+00:00,25046.25,25047.0,25041.75,25042.5,91
2026-03-05 08:58:00+00:00,25051.25,25053.0,25041.5,25045.25,160
2026-03-05 08:59:00+00:00,25051.75,25053.5,25046.0,25051.25,185
2026-03-05 09:00:00+00:00,25051.5,25062.25,25041.0,25052.5,357
2026-03-05 09:01:00+00:00,25063.0,25066.0,25046.25,25051.5,275
2026-03-05 09:02:00+00:00,25068.25,25068.5,25059.5,25062.75,232
2026-03-05 09:03:00+00:00,25093.0,25099.0,25067.5,25068.25,597
2026-03-05 09:04:00+00:00,25100.25,25102.75,25086.25,25092.5,464
2026-03-05 09:05:00+00:00,25123.25,25141.5,25100.25,25103.75,1069
2026-03-05 09:06:00+00:00,25133.0,25142.75,25113.25,25123.75,1051
2026-03-05 09:07:00+00:00,25148.0,25151.75,25133.5,25134.75,699
2026-03-05 09:08:00+00:00,25160.0,25166.0,25148.5,25148.75,576
2026-03-05 09:09:00+00:00,25160.75,25170.0,25146.75,25161.5,899
2026-03-05 09:10:00+00:00,25185.0,25187.5,25158.75,25163.0,703
2026-03-05 09:11:00+00:00,25197.75,25205.75,25181.25,25184.5,1125
2026-03-05 09:12:00+00:00,25176.25,25201.5,25173.5,25198.5,820
2026-03-05 09:13:00+00:00,25184.5,25187.25,25174.0,25177.0,473
2026-03-05 09:14:00+00:00,25183.0,25196.75,25181.75,25185.5,347
2026-03-05 09:15:00+00:00,25158.75,25192.0,25157.25,25185.75,628
2026-03-05 09:16:00+00:00,25164.25,25172.25,25143.0,25159.75,559
2026-03-05 09:17:00+00:00,25143.25,25167.25,25142.0,25163.25,222
2026-03-05 09:18:00+00:00,25136.25,25146.5,25134.0,25142.0,264
2026-03-05 09:19:00+00:00,25157.0,25160.75,25133.25,25135.5,319
2026-03-05 09:20:00+00:00,25159.0,25159.5,25145.5,25155.5,288
2026-03-05 09:21:00+00:00,25170.25,25196.75,25155.0,25157.5,1425
2026-03-05 09:22:00+00:00,25179.5,25190.25,25159.0,25171.75,614
2026-03-05 09:23:00+00:00,25185.0,25188.25,25172.25,25179.75,384
2026-03-05 09:24:00+00:00,25171.0,25187.5,25167.5,25183.75,316
2026-03-05 09:25:00+00:00,25156.25,25175.25,25154.25,25171.0,365
2026-03-05 09:26:00+00:00,25144.5,25163.5,25140.75,25154.75,551
2026-03-05 09:27:00+00:00,25126.0,25144.25,25125.0,25144.25,446
2026-03-05 09:28:00+00:00,25137.5,25137.5,25121.75,25125.75,305
2026-03-05 09:29:00+00:00,25128.25,25140.0,25126.25,25138.0,209
2026-03-05 09:30:00+00:00,25126.5,25135.25,25123.75,25128.5,138
2026-03-05 09:31:00+00:00,25133.5,25135.5,25122.5,25125.5,175
2026-03-05 09:32:00+00:00,25120.5,25133.75,25120.0,25133.5,168
2026-03-05 09:33:00+00:00,25129.0,25130.0,25119.5,25119.5,129
2026-03-05 09:34:00+00:00,25136.25,25137.25,25113.0,25127.25,222
2026-03-05 09:35:00+00:00,25142.0,25143.75,25128.75,25138.25,174
2026-03-05 09:36:00+00:00,25141.75,25146.0,25134.0,25141.75,211
2026-03-05 09:37:00+00:00,25122.5,25143.25,25122.5,25140.5,234
2026-03-05 09:38:00+00:00,25110.75,25124.0,25110.25,25121.75,207
2026-03-05 09:39:00+00:00,25094.75,25113.0,25094.75,25110.5,370
2026-03-05 09:40:00+00:00,25091.5,25104.0,25088.5,25094.75,263
2026-03-05 09:41:00+00:00,25101.25,25106.0,25090.75,25091.0,233
2026-03-05 09:42:00+00:00,25110.0,25113.25,25098.0,25101.25,295
2026-03-05 09:43:00+00:00,25097.5,25114.75,25094.0,25110.75,294
2026-03-05 09:44:00+00:00,25092.0,25102.75,25091.0,25095.75,222
2026-03-05 09:45:00+00:00,25092.25,25103.5,25091.0,25093.75,155
2026-03-05 09:46:00+00:00,25105.75,25109.75,25086.0,25090.75,235
2026-03-05 09:47:00+00:00,25106.75,25110.5,25099.25,25105.5,147
2026-03-05 09:48:00+00:00,25103.5,25111.5,25101.25,25108.75,264
2026-03-05 09:49:00+00:00,25112.25,25112.25,25093.0,25102.5,262
2026-03-05 09:50:00+00:00,25115.25,25117.5,25104.0,25111.5,192
2026-03-05 09:51:00+00:00,25093.5,25115.5,25088.5,25115.5,196
2026-03-05 09:52:00+00:00,25091.25,25094.25,25082.0,25093.5,277
2026-03-05 09:53:00+00:00,25100.25,25103.25,25088.75,25089.5,53
2026-03-05 09:54:00+00:00,25083.75,25102.5,25083.25,25102.25,173
2026-03-05 09:55:00+00:00,25091.0,25096.0,25083.25,25083.75,153
2026-03-05 09:56:00+00:00,25107.5,25108.5,25091.25,25093.0,192
2026-03-05 09:57:00+00:00,25113.0,25116.75,25104.75,25108.5,170
2026-03-05 09:58:00+00:00,25113.75,25116.5,25109.25,25113.25,102
2026-03-05 09:59:00+00:00,25114.0,25124.0,25114.0,25116.5,136
2026-03-05 10:00:00+00:00,25108.5,25117.25,25104.5,25115.0,168
2026-03-05 10:01:00+00:00,25116.0,25122.75,25106.75,25107.0,141
2026-03-05 10:02:00+00:00,25109.5,25116.75,25105.75,25114.75,112
2026-03-05 10:03:00+00:00,25110.5,25115.25,25110.5,25111.25,85
2026-03-05 10:04:00+00:00,25104.5,25115.5,25085.0,25111.25,295
2026-03-05 10:05:00+00:00,25129.0,25129.5,25101.75,25105.0,225
2026-03-05 10:06:00+00:00,25122.0,25131.0,25119.25,25128.25,174
2026-03-05 10:07:00+00:00,25113.0,25124.75,25108.0,25121.0,178
2026-03-05 10:08:00+00:00,25118.0,25122.25,25112.75,25113.25,126
2026-03-05 10:09:00+00:00,25115.5,25120.75,25113.0,25115.25,94
2026-03-05 10:10:00+00:00,25121.75,25124.75,25114.5,25114.5,60
2026-03-05 10:11:00+00:00,25123.5,25127.0,25115.75,25119.25,138
2026-03-05 10:12:00+00:00,25122.0,25129.25,25121.25,25124.25,77
2026-03-05 10:13:00+00:00,25126.75,25129.25,25121.5,25122.75,152
2026-03-05 10:14:00+00:00,25116.5,25127.25,25116.0,25126.25,65
2026-03-05 10:15:00+00:00,25121.5,25125.0,25117.0,25117.0,65
2026-03-05 10:16:00+00:00,25121.75,25123.75,25118.5,25121.25,73
2026-03-05 10:17:00+00:00,25124.75,25128.0,25118.0,25123.5,81
2026-03-05 10:18:00+00:00,25130.75,25130.75,25125.0,25125.5,88
2026-03-05 10:19:00+00:00,25126.0,25137.0,25125.25,25129.25,221
2026-03-05 10:20:00+00:00,25115.75,25128.5,25115.75,25125.75,141
2026-03-05 10:21:00+00:00,25123.0,25126.25,25112.75,25115.75,153
2026-03-05 10:22:00+00:00,25140.75,25140.75,25123.75,25123.75,155
2026-03-05 10:23:00+00:00,25137.0,25143.25,25134.75,25141.5,101
2026-03-05 10:24:00+00:00,25126.5,25137.75,25123.0,25137.75,82
2026-03-05 10:25:00+00:00,25117.75,25127.25,25115.25,25127.0,175
2026-03-05 10:26:00+00:00,25135.5,25137.0,25117.5,25118.5,108
2026-03-05 10:27:00+00:00,25125.25,25136.75,25123.25,25136.75,89
2026-03-05 10:28:00+00:00,25126.75,25128.75,25119.0,25123.0,193
2026-03-05 10:29:00+00:00,25135.0,25136.5,25126.75,25126.75,78
2026-03-05 10:30:00+00:00,25140.0,25142.75,25133.5,25135.75,109
2026-03-05 10:31:00+00:00,25125.75,25140.0,25125.75,25139.75,124
2026-03-05 10:32:00+00:00,25131.5,25136.25,25126.25,25127.25,90
2026-03-05 10:33:00+00:00,25122.5,25132.25,25120.0,25132.25,133
2026-03-05 10:34:00+00:00,25131.5,25132.0,25120.75,25121.75,86
2026-03-05 10:35:00+00:00,25129.25,25136.0,25129.25,25131.0,53
2026-03-05 10:36:00+00:00,25127.0,25131.5,25122.5,25130.75,86
2026-03-05 10:37:00+00:00,25139.25,25140.0,25126.5,25126.5,134
2026-03-05 10:38:00+00:00,25132.75,25139.25,25126.0,25138.5,112
2026-03-05 10:39:00+00:00,25119.75,25133.5,25114.0,25133.0,111
2026-03-05 10:40:00+00:00,25108.5,25117.5,25108.0,25117.5,169
2026-03-05 10:41:00+00:00,25099.75,25109.75,25098.0,25108.5,158
2026-03-05 10:42:00+00:00,25104.75,25107.0,25099.5,25099.75,114
2026-03-05 10:43:00+00:00,25103.0,25113.5,25103.0,25104.75,173
2026-03-05 10:44:00+00:00,25106.0,25108.5,25099.0,25102.5,182
2026-03-05 10:45:00+00:00,25113.25,25114.75,25104.0,25104.75,114
2026-03-05 10:46:00+00:00,25102.5,25116.75,25102.5,25112.75,129
2026-03-05 10:47:00+00:00,25107.25,25108.0,25100.0,25104.75,123
2026-03-05 10:48:00+00:00,25107.5,25116.0,25104.75,25107.75,109
2026-03-05 10:49:00+00:00,25100.0,25109.0,25096.5,25106.75,112
2026-03-05 10:50:00+00:00,25098.0,25102.5,25096.25,25101.0,143
2026-03-05 10:51:00+00:00,25093.5,25105.5,25092.25,25096.75,148
2026-03-05 10:52:00+00:00,25108.25,25110.0,25093.75,25096.5,125
2026-03-05 10:53:00+00:00,25115.0,25116.5,25102.75,25108.75,75
2026-03-05 10:54:00+00:00,25120.75,25123.75,25110.5,25114.25,118
2026-03-05 10:55:00+00:00,25118.0,25122.75,25113.0,25121.75,96
2026-03-05 10:56:00+00:00,25110.25,25120.75,25105.25,25119.0,168
2026-03-05 10:57:00+00:00,25106.0,25109.75,25101.5,25109.75,69
2026-03-05 10:58:00+00:00,25105.5,25106.25,25101.0,25105.25,39
2026-03-05 10:59:00+00:00,25106.25,25107.0,25102.0,25105.5,57
2026-03-05 11:00:00+00:00,25091.5,25118.75,25085.25,25107.5,852
2026-03-05 11:01:00+00:00,25106.0,25118.75,25090.25,25092.5,846
2026-03-05 11:02:00+00:00,25113.0,25115.5,25099.75,25103.75,107
2026-03-05 11:03:00+00:00,25111.25,25115.0,25106.75,25112.5,62
2026-03-05 11:04:00+00:00,25117.75,25118.25,25110.75,25111.0,99
2026-03-05 11:05:00+00:00,25117.75,25123.5,25108.75,25118.25,95
2026-03-05 11:06:00+00:00,25119.75,25122.25,25115.5,25118.5,37
2026-03-05 11:07:00+00:00,25119.5,25121.5,25117.0,25117.0,22
2026-03-05 11:08:00+00:00,25132.25,25133.75,25119.5,25119.5,95
2026-03-05 11:09:00+00:00,25128.5,25133.0,25125.0,25133.0,73
2026-03-05 11:10:00+00:00,25117.75,25128.5,25113.75,25127.75,93
2026-03-05 11:11:00+00:00,25124.0,25124.0,25114.25,25118.25,167
2026-03-05 11:12:00+00:00,25128.25,25130.75,25120.0,25123.5,72
2026-03-05 11:13:00+00:00,25132.5,25134.0,25125.0,25129.25,115
2026-03-05 11:14:00+00:00,25137.0,25138.5,25131.0,25131.75,124
2026-03-05 11:15:00+00:00,25138.0,25142.5,25133.25,25137.25,184
2026-03-05 11:16:00+00:00,25141.75,25142.5,25135.25,25136.5,41
2026-03-05 11:17:00+00:00,25139.75,25143.5,25137.25,25142.0,66
2026-03-05 11:18:00+00:00,25142.25,25148.25,25139.75,25140.5,139
2026-03-05 11:19:00+00:00,25136.25,25141.75,25133.75,25140.25,91
2026-03-05 11:20:00+00:00,25143.5,25145.75,25135.5,25137.25,196
2026-03-05 11:21:00+00:00,25141.5,25143.75,25136.5,25143.75,74
2026-03-05 11:22:00+00:00,25138.75,25144.25,25136.75,25141.5,64
2026-03-05 11:23:00+00:00,25131.25,25140.5,25130.5,25137.5,69
2026-03-05 11:24:00+00:00,25122.5,25132.75,25122.0,25132.75,125
2026-03-05 11:25:00+00:00,25131.25,25133.5,25121.25,25121.75,146
2026-03-05 11:26:00+00:00,25142.0,25143.5,25129.5,25130.75,129
2026-03-05 11:27:00+00:00,25143.5,25147.25,25139.0,25142.0,117
2026-03-05 11:28:00+00:00,25136.25,25144.0,25134.5,25142.5,175
2026-03-05 11:29:00+00:00,25136.0,25143.0,25136.0,25137.5,104
2026-03-05 11:30:00+00:00,25141.5,25153.75,25128.0,25134.5,409
2026-03-05 11:31:00+00:00,25141.75,25145.5,25138.25,25141.5,149
2026-03-05 11:32:00+00:00,25146.5,25151.5,25140.25,25140.5,129
2026-03-05 11:33:00+00:00,25132.5,25146.0,25130.5,25146.0,117
2026-03-05 11:34:00+00:00,25126.75,25132.0,25119.75,25132.0,201
2026-03-05 11:35:00+00:00,25116.75,25128.0,25116.0,25124.25,191
2026-03-05 11:36:00+00:00,25124.75,25130.0,25117.75,25117.75,185
2026-03-05 11:37:00+00:00,25124.5,25128.0,25121.5,25124.75,93
2026-03-05 11:38:00+00:00,25119.25,25127.25,25117.25,25126.5,142
2026-03-05 11:39:00+00:00,25109.0,25121.0,25107.5,25117.75,215
2026-03-05 11:40:00+00:00,25111.25,25111.75,25104.75,25111.0,112
2026-03-05 11:41:00+00:00,25112.75,25120.5,25110.25,25110.25,102
2026-03-05 11:42:00+00:00,25112.75,25114.75,25106.75,25114.25,96
2026-03-05 11:43:00+00:00,25119.0,25121.5,25112.25,25112.5,59
2026-03-05 11:44:00+00:00,25122.25,25123.5,25117.75,25120.5,55
2026-03-05 11:45:00+00:00,25129.75,25134.0,25121.0,25122.5,188
2026-03-05 11:46:00+00:00,25130.75,25132.0,25127.5,25130.75,49
2026-03-05 11:47:00+00:00,25135.25,25135.25,25129.75,25132.0,69
2026-03-05 11:48:00+00:00,25124.0,25137.5,25124.0,25135.5,96
2026-03-05 11:49:00+00:00,25120.25,25125.75,25115.0,25124.75,135
2026-03-05 11:50:00+00:00,25127.0,25127.25,25120.75,25124.25,92
2026-03-05 11:51:00+00:00,25122.25,25128.5,25120.5,25128.0,71
2026-03-05 11:52:00+00:00,25121.25,25121.75,25113.75,25120.75,170
2026-03-05 11:53:00+00:00,25115.5,25120.25,25114.25,25118.5,33
2026-03-05 11:54:00+00:00,25105.0,25118.0,25104.5,25116.75,185
2026-03-05 11:55:00+00:00,25104.0,25107.5,25100.5,25105.5,97
2026-03-05 11:56:00+00:00,25110.5,25110.5,25103.0,25104.75,113
2026-03-05 11:57:00+00:00,25109.75,25112.75,25105.5,25110.75,78
2026-03-05 11:58:00+00:00,25093.0,25109.75,25091.5,25109.75,212
2026-03-05 11:59:00+00:00,25093.5,25098.0,25089.0,25093.25,159
2026-03-05 12:00:00+00:00,25088.75,25102.0,25087.5,25094.5,278
2026-03-05 12:01:00+00:00,25092.0,25097.5,25083.75,25087.25,242
2026-03-05 12:02:00+00:00,25085.75,25095.5,25080.25,25092.0,141
2026-03-05 12:03:00+00:00,25082.25,25088.5,25078.5,25086.5,196
2026-03-05 12:04:00+00:00,25092.75,25096.25,25083.0,25083.5,183
2026-03-05 12:05:00+00:00,25087.75,25095.75,25086.0,25091.75,102
2026-03-05 12:06:00+00:00,25097.5,25098.0,25087.0,25090.0,203
2026-03-05 12:07:00+00:00,25100.0,25106.0,25096.25,25098.5,207
2026-03-05 12:08:00+00:00,25100.0,25104.75,25097.0,25100.0,134
2026-03-05 12:09:00+00:00,25108.0,25111.25,25098.5,25102.0,96
2026-03-05 12:10:00+00:00,25101.5,25108.5,25100.5,25106.5,56
2026-03-05 12:11:00+00:00,25098.0,25101.5,25093.0,25100.75,187
2026-03-05 12:12:00+00:00,25089.0,25098.75,25087.5,25098.75,215
2026-03-05 12:13:00+00:00,25090.25,25096.25,25084.5,25088.5,122
2026-03-05 12:14:00+00:00,25098.25,25100.25,25089.75,25090.5,76
2026-03-05 12:15:00+00:00,25095.0,25101.25,25093.5,25099.0,83
2026-03-05 12:16:00+00:00,25088.0,25099.25,25088.0,25094.75,95
2026-03-05 12:17:00+00:00,25089.75,25093.25,25084.0,25088.0,153
2026-03-05 12:18:00+00:00,25094.75,25096.75,25088.75,25091.25,104
2026-03-05 12:19:00+00:00,25114.75,25116.0,25094.75,25094.75,224
2026-03-05 12:20:00+00:00,25141.25,25141.75,25116.0,25116.0,735
2026-03-05 12:21:00+00:00,25143.0,25157.75,25136.75,25139.0,628
2026-03-05 12:22:00+00:00,25130.5,25146.75,25127.0,25143.25,361
2026-03-05 12:23:00+00:00,25138.5,25139.5,25124.25,25128.75,143
2026-03-05 12:24:00+00:00,25128.75,25135.5,25124.0,25135.5,125
2026-03-05 12:25:00+00:00,25124.5,25133.25,25122.0,25127.75,97
2026-03-05 12:26:00+00:00,25132.25,25133.75,25121.75,25124.5,111
2026-03-05 12:27:00+00:00,25129.25,25134.0,25123.5,25131.0,145
2026-03-05 12:28:00+00:00,25113.0,25129.25,25113.0,25128.75,175
2026-03-05 12:29:00+00:00,25117.75,25120.0,25110.0,25112.5,174
2026-03-05 12:30:00+00:00,25122.0,25124.5,25109.0,25118.75,147
2026-03-05 12:31:00+00:00,25112.0,25125.0,25110.75,25122.25,147
2026-03-05 12:32:00+00:00,25110.25,25120.75,25105.0,25112.5,140
2026-03-05 12:33:00+00:00,25098.25,25113.75,25097.75,25111.75,148
2026-03-05 12:34:00+00:00,25104.5,25108.25,25092.75,25097.5,263
2026-03-05 12:35:00+00:00,25099.75,25110.75,25098.25,25103.75,117
2026-03-05 12:36:00+00:00,25089.25,25100.0,25089.25,25100.0,190
2026-03-05 12:37:00+00:00,25089.0,25093.0,25083.0,25088.5,188
2026-03-05 12:38:00+00:00,25100.5,25101.25,25085.75,25088.5,260
2026-03-05 12:39:00+00:00,25098.0,25104.25,25096.0,25101.75,109
2026-03-05 12:40:00+00:00,25095.75,25100.0,25089.75,25095.75,94
2026-03-05 12:41:00+00:00,25105.5,25107.0,25094.75,25095.75,160
2026-03-05 12:42:00+00:00,25091.75,25105.5,25087.0,25105.5,167
2026-03-05 12:43:00+00:00,25081.75,25095.5,25081.75,25091.5,232
2026-03-05 12:44:00+00:00,25081.75,25088.0,25066.5,25082.0,408
2026-03-05 12:45:00+00:00,25095.0,25096.5,25076.0,25079.5,168
2026-03-05 12:46:00+00:00,25091.0,25098.5,25087.75,25094.25,252
2026-03-05 12:47:00+00:00,25089.5,25102.75,25087.5,25093.25,191
2026-03-05 12:48:00+00:00,25068.75,25094.75,25068.75,25088.75,278
2026-03-05 12:49:00+00:00,25076.75,25078.75,25064.5,25069.25,352
2026-03-05 12:50:00+00:00,25063.0,25077.75,25062.5,25075.25,310
2026-03-05 12:51:00+00:00,25057.0,25069.5,25052.5,25062.5,352
2026-03-05 12:52:00+00:00,25048.75,25063.0,25046.0,25057.0,363
2026-03-05 12:53:00+00:00,25042.0,25052.0,25036.75,25049.0,434
2026-03-05 12:54:00+00:00,25055.5,25057.25,25038.75,25042.0,305
2026-03-05 12:55:00+00:00,25055.5,25062.5,25051.75,25056.0,313
2026-03-05 12:56:00+00:00,25060.0,25065.0,25054.25,25056.25,308
2026-03-05 12:57:00+00:00,25071.0,25072.25,25058.0,25060.0,375
2026-03-05 12:58:00+00:00,25069.75,25073.25,25065.25,25070.5,184
2026-03-05 12:59:00+00:00,25069.0,25076.25,25066.5,25069.25,255
2026-03-05 13:00:00+00:00,25063.75,25076.0,25062.25,25069.5,340
2026-03-05 13:01:00+00:00,25060.0,25073.25,25060.0,25064.75,267
2026-03-05 13:02:00+00:00,25067.25,25070.25,25058.5,25060.5,228
2026-03-05 13:03:00+00:00,25061.0,25070.25,25060.0,25064.0,138
2026-03-05 13:04:00+00:00,25052.25,25065.5,25050.5,25060.75,291
2026-03-05 13:05:00+00:00,25034.75,25051.75,25025.0,25051.75,690
2026-03-05 13:06:00+00:00,25047.0,25051.0,25036.5,25036.5,248
2026-03-05 13:07:00+00:00,25046.25,25053.0,25041.75,25047.75,170
2026-03-05 13:08:00+00:00,25037.75,25052.75,25036.25,25049.0,175
2026-03-05 13:09:00+00:00,25032.5,25044.5,25030.75,25039.5,305
2026-03-05 13:10:00+00:00,25032.25,25039.25,25028.5,25031.75,316
2026-03-05 13:11:00+00:00,25041.25,25042.0,25028.5,25032.75,285
2026-03-05 13:12:00+00:00,25039.75,25041.25,25027.75,25038.75,257
2026-03-05 13:13:00+00:00,25043.0,25050.25,25034.5,25040.5,279
2026-03-05 13:14:00+00:00,25040.25,25046.25,25039.25,25041.25,134
2026-03-05 13:15:00+00:00,25055.0,25056.5,25038.25,25043.5,209
2026-03-05 13:16:00+00:00,25053.5,25060.5,25050.75,25056.5,189
2026-03-05 13:17:00+00:00,25046.25,25054.0,25045.5,25052.5,175
2026-03-05 13:18:00+00:00,25038.5,25047.5,25034.0,25045.0,244
2026-03-05 13:19:00+00:00,25050.25,25054.75,25036.75,25038.0,173
2026-03-05 13:20:00+00:00,25046.0,25059.5,25045.75,25049.0,228
2026-03-05 13:21:00+00:00,25044.0,25050.75,25040.25,25045.75,236
2026-03-05 13:22:00+00:00,25044.25,25049.0,25040.75,25043.75,209
2026-03-05 13:23:00+00:00,25037.0,25044.5,25035.5,25044.5,225
2026-03-05 13:24:00+00:00,25031.5,25041.0,25029.75,25037.75,305
2026-03-05 13:25:00+00:00,25030.25,25030.75,25024.0,25030.5,276
2026-03-05 13:26:00+00:00,25044.25,25046.75,25031.0,25031.0,253
2026-03-05 13:27:00+00:00,25047.0,25050.75,25041.0,25045.75,251
2026-03-05 13:28:00+00:00,25052.25,25053.75,25045.5,25047.5,124
2026-03-05 13:29:00+00:00,25054.25,25057.75,25042.75,25051.5,217
2026-03-05 13:30:00+00:00,25052.5,25072.25,25045.0,25054.0,454
2026-03-05 13:31:00+00:00,25027.75,25052.25,25022.25,25052.0,530
2026-03-05 13:32:00+00:00,25040.5,25044.0,25018.0,25027.75,393
2026-03-05 13:33:00+00:00,25039.75,25052.0,25035.0,25039.5,267
2026-03-05 13:34:00+00:00,25025.25,25044.5,25021.0,25040.25,449
2026-03-05 13:35:00+00:00,25007.25,25028.75,25004.75,25025.5,812
2026-03-05 13:36:00+00:00,24997.5,25016.0,24992.0,25007.0,1015
2026-03-05 13:37:00+00:00,25007.0,25012.5,24994.25,24997.5,596
2026-03-05 13:38:00+00:00,25012.25,25016.5,25007.25,25008.0,216
2026-03-05 13:39:00+00:00,25007.0,25017.5,25000.5,25012.25,326
2026-03-05 13:40:00+00:00,25005.5,25010.25,24997.5,25006.0,329
2026-03-05 13:41:00+00:00,25008.75,25020.5,25005.25,25006.25,354
2026-03-05 13:42:00+00:00,25024.0,25025.5,25009.5,25009.75,304
2026-03-05 13:43:00+00:00,25024.25,25029.5,25022.0,25024.0,247
2026-03-05 13:44:00+00:00,25021.75,25026.25,25017.5,25025.0,146
2026-03-05 13:45:00+00:00,25031.75,25031.75,25015.75,25022.0,240
2026-03-05 13:46:00+00:00,25025.0,25036.0,25018.25,25030.25,324
2026-03-05 13:47:00+00:00,25024.0,25029.75,25022.0,25026.5,259
2026-03-05 13:48:00+00:00,25028.5,25034.5,25024.0,25024.0,256
2026-03-05 13:49:00+00:00,25031.5,25039.75,25025.25,25029.75,363
2026-03-05 13:50:00+00:00,25036.25,25036.75,25026.75,25032.0,202
2026-03-05 13:51:00+00:00,25038.0,25045.0,25030.75,25037.25,466
2026-03-05 13:52:00+00:00,25042.25,25048.0,25037.0,25037.75,269
2026-03-05 13:53:00+00:00,25035.0,25046.0,25034.5,25040.25,210
2026-03-05 13:54:00+00:00,25025.75,25036.0,25024.0,25034.75,445
2026-03-05 13:55:00+00:00,25020.5,25027.75,25016.75,25024.75,374
2026-03-05 13:56:00+00:00,25012.5,25021.5,25007.5,25021.5,503
2026-03-05 13:57:00+00:00,25004.75,25015.0,25000.0,25013.5,447
2026-03-05 13:58:00+00:00,24987.75,25004.75,24980.75,25004.75,721
2026-03-05 13:59:00+00:00,24993.75,25001.75,24986.75,24986.75,376
2026-03-05 14:00:00+00:00,25002.75,25009.5,24992.25,24994.5,634
2026-03-05 14:01:00+00:00,24989.5,25002.5,24985.0,25002.5,479
2026-03-05 14:02:00+00:00,24994.5,25004.25,24987.5,24989.0,663
2026-03-05 14:03:00+00:00,24995.5,25013.0,24994.25,24994.25,559
2026-03-05 14:04:00+00:00,24990.0,24998.5,24978.0,24996.25,738
2026-03-05 14:05:00+00:00,24993.75,24996.25,24983.5,24989.25,257
2026-03-05 14:06:00+00:00,24993.5,25010.5,24993.0,24995.0,416
2026-03-05 14:07:00+00:00,24984.0,24995.0,24981.0,24993.0,475
2026-03-05 14:08:00+00:00,24991.5,24993.5,24981.0,24984.5,248
2026-03-05 14:09:00+00:00,24998.5,25000.25,24986.25,24994.0,255
2026-03-05 14:10:00+00:00,24999.0,25004.75,24996.75,24999.5,332
2026-03-05 14:11:00+00:00,25000.5,25010.25,24997.75,24999.75,277
2026-03-05 14:12:00+00:00,24992.25,25003.25,24992.0,25001.0,201
2026-03-05 14:13:00+00:00,24984.5,24992.0,24981.5,24991.5,274
2026-03-05 14:14:00+00:00,24988.0,24991.5,24982.25,24984.25,222
2026-03-05 14:15:00+00:00,24989.5,24995.25,24987.25,24987.75,292
2026-03-05 14:16:00+00:00,24987.25,24993.0,24983.75,24988.0,269
2026-03-05 14:17:00+00:00,24964.0,24988.5,24963.0,24986.75,1141
2026-03-05 14:18:00+00:00,24967.75,24971.75,24964.0,24964.0,537
2026-03-05 14:19:00+00:00,24966.25,24975.5,24962.75,24968.25,726
2026-03-05 14:20:00+00:00,24976.25,24983.75,24963.0,24966.0,481
2026-03-05 14:21:00+00:00,24977.5,24980.0,24971.5,24975.0,274
2026-03-05 14:22:00+00:00,24984.75,24985.5,24973.0,24976.75,284
2026-03-05 14:23:00+00:00,24978.5,24997.0,24975.25,24985.25,698
2026-03-05 14:24:00+00:00,24970.0,24979.75,24969.25,24978.25,366
2026-03-05 14:25:00+00:00,25000.0,25002.25,24968.5,24969.75,600
2026-03-05 14:26:00+00:00,24992.5,25001.75,24991.0,24999.75,666
2026-03-05 14:27:00+00:00,24984.0,24997.25,24979.75,24994.0,538
2026-03-05 14:28:00+00:00,24985.25,24992.75,24975.75,24983.5,589
2026-03-05 14:29:00+00:00,24987.25,24995.5,24978.75,24985.0,682
2026-03-05 14:30:00+00:00,25036.5,25059.75,24985.25,24987.75,7044
2026-03-05 14:31:00+00:00,25045.5,25052.25,25023.25,25035.5,3244
2026-03-05 14:32:00+00:00,25065.5,25071.25,25036.25,25045.5,2734
2026-03-05 14:33:00+00:00,25083.0,25085.25,25047.5,25065.25,2906
2026-03-05 14:34:00+00:00,25093.75,25095.0,25075.25,25084.5,2188
2026-03-05 14:35:00+00:00,25097.75,25111.0,25082.0,25093.25,3359
2026-03-05 14:36:00+00:00,25108.75,25118.0,25081.0,25097.25,2483
2026-03-05 14:37:00+00:00,25103.5,25114.75,25091.5,25109.5,1910
2026-03-05 14:38:00+00:00,25098.5,25125.25,25095.5,25104.0,2067
2026-03-05 14:39:00+00:00,25091.25,25100.5,25066.75,25099.0,2582
2026-03-05 14:40:00+00:00,25063.75,25097.0,25056.5,25092.75,1892
2026-03-05 14:41:00+00:00,25083.5,25103.5,25059.25,25063.5,2365
2026-03-05 14:42:00+00:00,25082.75,25111.5,25076.25,25084.75,1921
2026-03-05 14:43:00+00:00,25065.0,25092.75,25050.0,25082.0,2099
2026-03-05 14:44:00+00:00,25058.0,25075.75,25052.0,25063.25,1414
2026-03-05 14:45:00+00:00,25044.5,25061.5,25036.0,25059.5,2676
2026-03-05 14:46:00+00:00,25060.25,25070.25,25043.5,25045.25,1860
2026-03-05 14:47:00+00:00,25101.5,25106.0,25060.5,25061.5,2434
2026-03-05 14:48:00+00:00,25117.0,25122.75,25099.0,25101.25,2291
2026-03-05 14:49:00+00:00,25088.5,25133.75,25078.25,25117.5,2649
2026-03-05 14:50:00+00:00,25113.75,25122.75,25079.5,25087.75,1748
2026-03-05 14:51:00+00:00,25143.25,25145.0,25111.25,25113.5,2029
2026-03-05 14:52:00+00:00,25124.25,25144.25,25121.5,25143.5,1694
2026-03-05 14:53:00+00:00,25127.25,25137.25,25106.5,25124.25,1494
2026-03-05 14:54:00+00:00,25142.0,25144.5,25118.0,25126.25,1451
2026-03-05 14:55:00+00:00,25136.75,25150.5,25120.0,25142.75,1866
2026-03-05 14:56:00+00:00,25135.5,25139.5,25125.0,25135.75,1026
2026-03-05 14:57:00+00:00,25166.0,25168.25,25134.25,25135.0,2052
2026-03-05 14:58:00+00:00,25182.25,25184.25,25163.0,25165.5,1874
2026-03-05 14:59:00+00:00,25186.0,25187.75,25172.0,25182.5,1523
2026-03-05 15:00:00+00:00,25204.5,25209.75,25184.25,25185.5,3862
2026-03-05 15:01:00+00:00,25183.75,25206.25,25179.75,25203.75,2065
2026-03-05 15:02:00+00:00,25194.5,25197.0,25176.75,25184.25,1456
2026-03-05 15:03:00+00:00,25175.75,25195.5,25172.75,25195.25,1423
2026-03-05 15:04:00+00:00,25171.75,25187.5,25166.25,25177.0,1740
2026-03-05 15:05:00+00:00,25163.75,25176.25,25155.75,25171.5,1784
2026-03-05 15:06:00+00:00,25158.25,25172.25,25154.75,25164.0,976
2026-03-05 15:07:00+00:00,25144.5,25179.75,25137.75,25157.75,2060
2026-03-05 15:08:00+00:00,25127.25,25148.5,25126.25,25145.75,1531
2026-03-05 15:09:00+00:00,25145.5,25149.75,25126.0,25128.25,1448
2026-03-05 15:10:00+00:00,25152.5,25173.5,25143.0,25146.0,2063
2026-03-05 15:11:00+00:00,25132.0,25163.25,25131.5,25152.0,1607
2026-03-05 15:12:00+00:00,25145.75,25156.0,25130.0,25130.75,1308
2026-03-05 15:13:00+00:00,25166.25,25168.75,25137.0,25144.75,1368
2026-03-05 15:14:00+00:00,25176.0,25181.75,25164.25,25167.0,1274
2026-03-05 15:15:00+00:00,25170.25,25180.25,25159.25,25176.5,1165
2026-03-05 15:16:00+00:00,25137.25,25174.75,25131.25,25168.75,1694
2026-03-05 15:17:00+00:00,25130.0,25141.75,25117.5,25137.5,1693
2026-03-05 15:18:00+00:00,25125.25,25131.25,25106.75,25129.75,1343
2026-03-05 15:19:00+00:00,25107.25,25126.0,25103.0,25125.75,1493
2026-03-05 15:20:00+00:00,25099.0,25108.0,25086.25,25107.75,1756
2026-03-05 15:21:00+00:00,25085.25,25106.0,25080.25,25098.75,1366
2026-03-05 15:22:00+00:00,25065.75,25088.0,25049.0,25084.25,2286
2026-03-05 15:23:00+00:00,25056.0,25072.0,25052.25,25065.75,1303
2026-03-05 15:24:00+00:00,25024.0,25057.0,25023.5,25055.75,2629
2026-03-05 15:25:00+00:00,25019.5,25033.25,25013.25,25023.25,2046
2026-03-05 15:26:00+00:00,25011.75,25031.75,25010.75,25019.5,1936
2026-03-05 15:27:00+00:00,25007.0,25029.25,25000.0,25011.75,2460
2026-03-05 15:28:00+00:00,24992.75,25016.0,24992.25,25007.5,1372
2026-03-05 15:29:00+00:00,25011.25,25011.5,24991.75,24992.0,1225
2026-03-05 15:30:00+00:00,24953.5,25013.75,24945.25,25012.0,4381
2026-03-05 15:31:00+00:00,24940.0,24959.5,24935.5,24953.75,2114
2026-03-05 15:32:00+00:00,24953.5,24955.5,24930.5,24939.75,2886
2026-03-05 15:33:00+00:00,24975.75,24982.25,24947.5,24953.25,2416
2026-03-05 15:34:00+00:00,24974.5,24979.75,24958.75,24975.25,1249
2026-03-05 15:35:00+00:00,24975.75,24977.0,24958.5,24975.5,1825
2026-03-05 15:36:00+00:00,24981.5,25004.75,24975.25,24976.25,2022
2026-03-05 15:37:00+00:00,25013.5,25020.0,24982.5,24982.75,2233
2026-03-05 15:38:00+00:00,25028.25,25028.25,25002.0,25011.25,1305
2026-03-05 15:39:00+00:00,25041.5,25044.5,25018.25,25028.25,1730
2026-03-05 15:40:00+00:00,25048.75,25072.75,25043.25,25043.25,2549
2026-03-05 15:41:00+00:00,25066.0,25066.5,25043.25,25049.5,1421
2026-03-05 15:42:00+00:00,25052.5,25071.0,25046.25,25065.5,1560
2026-03-05 15:43:00+00:00,25028.25,25057.5,25018.25,25052.5,1763
2026-03-05 15:44:00+00:00,25041.25,25043.75,25022.5,25028.75,1139
2026-03-05 15:45:00+00:00,25050.0,25062.0,25039.0,25041.25,1764
2026-03-05 15:46:00+00:00,25052.75,25054.0,25033.0,25051.25,921
2026-03-05 15:47:00+00:00,25063.25,25066.25,25048.0,25052.0,1186
2026-03-05 15:48:00+00:00,25059.25,25079.5,25052.0,25062.75,1625
2026-03-05 15:49:00+00:00,25039.5,25060.5,25032.75,25058.5,1222
2026-03-05 15:50:00+00:00,25080.5,25082.0,25036.0,25040.75,1530
2026-03-05 15:51:00+00:00,25079.5,25085.5,25069.5,25081.75,1197
2026-03-05 15:52:00+00:00,25077.0,25090.25,25070.25,25079.25,991
2026-03-05 15:53:00+00:00,25084.25,25090.75,25070.25,25076.5,1052
2026-03-05 15:54:00+00:00,25077.25,25098.0,25075.0,25084.5,1025
2026-03-05 15:55:00+00:00,25079.0,25086.25,25062.25,25077.0,1227
2026-03-05 15:56:00+00:00,25052.75,25081.25,25050.0,25079.5,1305
2026-03-05 15:57:00+00:00,25062.0,25069.25,25049.75,25053.5,1050
2026-03-05 15:58:00+00:00,25068.0,25072.5,25053.25,25060.0,660
2026-03-05 15:59:00+00:00,25082.5,25083.75,25061.25,25068.5,1099
2026-03-05 16:00:00+00:00,25076.0,25093.25,25072.0,25080.25,1514
2026-03-05 16:01:00+00:00,25070.5,25085.75,25059.75,25076.75,922
2026-03-05 16:02:00+00:00,25054.75,25070.75,25047.25,25070.5,1266
2026-03-05 16:03:00+00:00,25048.0,25068.5,25045.75,25054.75,816
2026-03-05 16:04:00+00:00,25029.5,25052.75,25027.5,25047.5,1382
2026-03-05 16:05:00+00:00,25038.25,25052.75,25029.75,25029.75,976
2026-03-05 16:06:00+00:00,25034.75,25040.5,25022.75,25038.75,944
2026-03-05 16:07:00+00:00,25025.5,25038.0,25022.75,25035.5,860
2026-03-05 16:08:00+00:00,25010.0,25026.75,25005.0,25025.25,1134
2026-03-05 16:09:00+00:00,24998.5,25015.0,24998.0,25009.25,1115
2026-03-05 16:10:00+00:00,24981.0,25001.0,24980.5,24998.0,1134
2026-03-05 16:11:00+00:00,24973.5,24981.0,24957.0,24980.5,1871
2026-03-05 16:12:00+00:00,24974.0,24979.75,24962.0,24972.5,1323
2026-03-05 16:13:00+00:00,25006.5,25014.5,24962.25,24973.25,2709
2026-03-05 16:14:00+00:00,24986.0,25008.25,24981.25,25006.25,1639
2026-03-05 16:15:00+00:00,24971.5,25000.5,24966.0,24985.75,1732
2026-03-05 16:16:00+00:00,24964.25,24987.75,24961.0,24970.0,1320
2026-03-05 16:17:00+00:00,24956.75,24970.5,24952.5,24965.0,1204
2026-03-05 16:18:00+00:00,24972.75,24979.75,24948.0,24957.5,2103
2026-03-05 16:19:00+00:00,24944.25,24976.0,24942.0,24973.75,2020
2026-03-05 16:20:00+00:00,24958.75,24966.5,24942.5,24945.0,1472
2026-03-05 16:21:00+00:00,24974.5,24978.25,24951.25,24959.25,1024
2026-03-05 16:22:00+00:00,25008.25,25009.75,24969.0,24973.5,1678
2026-03-05 16:23:00+00:00,24974.5,25011.5,24972.5,25008.75,1006
2026-03-05 16:24:00+00:00,24986.0,24996.25,24973.5,24976.0,1054
2026-03-05 16:25:00+00:00,24999.0,25006.75,24974.0,24985.5,913
2026-03-05 16:26:00+00:00,24989.0,25008.75,24985.0,24999.25,903
2026-03-05 16:27:00+00:00,24992.5,25001.75,24985.5,24989.75,551
2026-03-05 16:28:00+00:00,24974.25,25000.0,24966.25,24992.25,996
2026-03-05 16:29:00+00:00,24967.25,24974.5,24965.5,24974.5,687
2026-03-05 16:30:00+00:00,24985.75,24987.25,24965.5,24967.75,1230
2026-03-05 16:31:00+00:00,25016.75,25020.0,24983.0,24985.0,1295
2026-03-05 16:32:00+00:00,25017.75,25022.75,25008.0,25017.25,822
2026-03-05 16:33:00+00:00,25023.25,25032.0,25018.25,25018.5,983
2026-03-05 16:34:00+00:00,25002.75,25025.0,24986.25,25022.25,1427
2026-03-05 16:35:00+00:00,25003.25,25012.0,24994.0,25003.25,956
2026-03-05 16:36:00+00:00,25005.0,25018.75,25002.75,25003.0,778
2026-03-05 16:37:00+00:00,25023.0,25028.0,25003.0,25005.25,688
2026-03-05 16:38:00+00:00,25019.0,25029.0,25012.5,25025.0,723
2026-03-05 16:39:00+00:00,25019.5,25036.75,25012.0,25020.25,780
2026-03-05 16:40:00+00:00,25028.75,25039.75,25018.75,25018.75,694
2026-03-05 16:41:00+00:00,25002.0,25031.0,24996.5,25029.5,1036
2026-03-05 16:42:00+00:00,24994.5,25009.0,24989.75,25001.75,662
2026-03-05 16:43:00+00:00,25009.25,25012.75,24993.75,24993.75,620
2026-03-05 16:44:00+00:00,25005.75,25017.25,25003.5,25008.5,531
2026-03-05 16:45:00+00:00,25042.25,25043.75,25006.0,25007.5,1438
2026-03-05 16:46:00+00:00,25039.5,25053.0,25025.0,25041.5,1512
2026-03-05 16:47:00+00:00,25047.5,25054.25,25030.5,25038.75,823
2026-03-05 16:48:00+00:00,25036.5,25053.25,25035.25,25047.0,690
2026-03-05 16:49:00+00:00,25026.5,25041.5,25019.5,25036.25,743
2026-03-05 16:50:00+00:00,25034.5,25040.75,25024.25,25026.25,526
2026-03-05 16:51:00+00:00,25010.0,25035.0,25009.75,25035.0,565
2026-03-05 16:52:00+00:00,25017.75,25023.0,25009.75,25010.5,477
2026-03-05 16:53:00+00:00,25014.25,25028.25,25010.5,25018.5,529
2026-03-05 16:54:00+00:00,25026.75,25033.5,25011.5,25015.0,514
2026-03-05 16:55:00+00:00,25032.0,25038.0,25022.5,25026.5,562
2026-03-05 16:56:00+00:00,25035.5,25043.25,25028.5,25031.5,638
2026-03-05 16:57:00+00:00,25037.75,25046.25,25035.0,25035.5,553
2026-03-05 16:58:00+00:00,25035.5,25042.0,25032.0,25036.75,613
2026-03-05 16:59:00+00:00,25042.5,25049.25,25033.0,25036.5,648
2026-03-05 17:00:00+00:00,25042.5,25053.0,25035.0,25043.0,715
2026-03-05 17:01:00+00:00,25046.25,25052.25,25039.5,25042.5,512
2026-03-05 17:02:00+00:00,25054.0,25058.5,25046.5,25046.5,583
2026-03-05 17:03:00+00:00,25078.5,25080.25,25050.75,25053.75,1157
2026-03-05 17:04:00+00:00,25110.75,25112.5,25078.25,25078.5,2555
2026-03-05 17:05:00+00:00,25113.75,25115.25,25098.75,25110.75,1926
2026-03-05 17:06:00+00:00,25091.5,25123.0,25088.0,25113.75,2338
2026-03-05 17:07:00+00:00,25061.75,25092.0,25056.75,25092.0,1558
2026-03-05 17:08:00+00:00,25071.5,25073.5,25059.75,25061.25,870
2026-03-05 17:09:00+00:00,25045.25,25073.75,25044.0,25072.75,939
2026-03-05 17:10:00+00:00,25008.0,25045.0,25005.75,25045.0,1800
2026-03-05 17:11:00+00:00,25034.0,25034.0,25008.0,25008.0,1070
2026-03-05 17:12:00+00:00,25051.25,25055.25,25027.25,25034.0,950
2026-03-05 17:13:00+00:00,25028.25,25055.75,25015.0,25052.25,1429
2026-03-05 17:14:00+00:00,25032.0,25037.25,25024.75,25028.25,733
2026-03-05 17:15:00+00:00,24995.75,25033.75,24994.0,25032.75,1264
2026-03-05 17:16:00+00:00,24990.75,25010.5,24982.0,24996.0,1236
2026-03-05 17:17:00+00:00,24987.5,24994.25,24983.75,24989.25,612
2026-03-05 17:18:00+00:00,24977.75,24987.0,24976.0,24985.75,688
2026-03-05 17:19:00+00:00,24962.75,24978.75,24955.75,24977.5,1342
2026-03-05 17:20:00+00:00,24957.5,24976.75,24956.25,24965.5,1136
2026-03-05 17:21:00+00:00,24946.25,24958.75,24940.25,24956.5,1531
2026-03-05 17:22:00+00:00,24960.75,24964.25,24946.0,24946.25,1128
2026-03-05 17:23:00+00:00,24966.5,24968.5,24956.25,24961.5,827
2026-03-05 17:24:00+00:00,24974.5,24986.75,24966.25,24966.5,1449
2026-03-05 17:25:00+00:00,24970.75,24980.25,24964.75,24975.75,664
2026-03-05 17:26:00+00:00,24972.75,24975.0,24946.5,24969.75,968
2026-03-05 17:27:00+00:00,24965.0,24983.25,24964.25,24972.25,706
2026-03-05 17:28:00+00:00,24970.0,24994.25,24966.75,24967.0,1278
2026-03-05 17:29:00+00:00,24928.0,24972.75,24927.0,24970.5,3549
2026-03-05 17:30:00+00:00,24927.25,24944.0,24922.75,24927.75,2472
2026-03-05 17:31:00+00:00,24886.75,24927.25,24883.75,24927.0,2663
2026-03-05 17:32:00+00:00,24879.0,24889.75,24868.0,24886.0,1720
2026-03-05 17:33:00+00:00,24876.25,24891.5,24871.5,24879.75,1250
2026-03-05 17:34:00+00:00,24869.5,24881.25,24863.25,24876.0,1258
2026-03-05 17:35:00+00:00,24867.0,24886.0,24864.0,24868.75,1321
2026-03-05 17:36:00+00:00,24861.75,24877.25,24857.25,24866.75,1186
2026-03-05 17:37:00+00:00,24917.0,24919.5,24852.0,24861.25,3469
2026-03-05 17:38:00+00:00,24886.0,24922.75,24883.5,24918.5,1756
2026-03-05 17:39:00+00:00,24886.5,24900.0,24877.0,24885.5,966
2026-03-05 17:40:00+00:00,24898.25,24905.5,24877.0,24886.25,957
2026-03-05 17:41:00+00:00,24854.5,24898.0,24853.75,24898.0,1130
2026-03-05 17:42:00+00:00,24849.75,24862.25,24846.0,24854.75,1387
2026-03-05 17:43:00+00:00,24849.0,24875.0,24844.25,24850.0,1246
2026-03-05 17:44:00+00:00,24849.5,24859.25,24834.5,24848.5,1450
2026-03-05 17:45:00+00:00,24835.5,24851.0,24831.5,24849.25,1098
2026-03-05 17:46:00+00:00,24835.75,24842.0,24827.25,24834.25,810
2026-03-05 17:47:00+00:00,24840.5,24844.0,24830.75,24835.75,654
2026-03-05 17:48:00+00:00,24827.5,24851.0,24819.0,24840.0,1793
2026-03-05 17:49:00+00:00,24813.25,24835.5,24807.5,24828.5,1482
2026-03-05 17:50:00+00:00,24798.5,24816.75,24791.75,24813.0,1539
2026-03-05 17:51:00+00:00,24820.0,24832.5,24793.75,24798.5,1785
2026-03-05 17:52:00+00:00,24847.5,24852.25,24814.5,24821.0,1555
2026-03-05 17:53:00+00:00,24827.75,24849.25,24824.25,24849.25,1141
2026-03-05 17:54:00+00:00,24811.25,24828.0,24802.75,24828.0,1334
2026-03-05 17:55:00+00:00,24796.0,24813.0,24789.25,24809.75,1403
2026-03-05 17:56:00+00:00,24801.25,24803.5,24789.0,24797.75,1489
2026-03-05 17:57:00+00:00,24815.0,24818.25,24795.75,24802.75,1441
2026-03-05 17:58:00+00:00,24809.0,24822.75,24801.25,24815.25,1333
2026-03-05 17:59:00+00:00,24807.0,24819.5,24804.5,24808.25,780
2026-03-05 18:00:00+00:00,24817.5,24825.75,24799.5,24807.0,1292
2026-03-05 18:01:00+00:00,24826.5,24831.25,24806.75,24817.25,1034
2026-03-05 18:02:00+00:00,24811.0,24835.5,24809.25,24826.25,1333
2026-03-05 18:03:00+00:00,24827.0,24827.25,24810.25,24810.25,851
2026-03-05 18:04:00+00:00,24838.0,24844.0,24821.75,24827.0,1084
2026-03-05 18:05:00+00:00,24840.75,24847.75,24822.5,24836.5,1097
2026-03-05 18:06:00+00:00,24847.0,24858.25,24834.5,24840.75,1743
2026-03-05 18:07:00+00:00,24869.5,24870.0,24844.25,24846.5,1333
2026-03-05 18:08:00+00:00,24865.5,24878.0,24860.25,24870.25,1012
2026-03-05 18:09:00+00:00,24871.25,24871.25,24849.5,24866.5,757
2026-03-05 18:10:00+00:00,24873.0,24877.25,24858.0,24870.0,837
2026-03-05 18:11:00+00:00,24851.0,24872.75,24850.25,24872.5,776
2026-03-05 18:12:00+00:00,24870.0,24873.75,24845.75,24852.5,824
2026-03-05 18:13:00+00:00,24882.75,24882.75,24859.75,24869.25,627
2026-03-05 18:14:00+00:00,24876.0,24887.5,24876.0,24882.0,751
2026-03-05 18:15:00+00:00,24871.0,24888.75,24864.75,24875.5,941
2026-03-05 18:16:00+00:00,24865.25,24874.5,24861.75,24870.75,654
2026-03-05 18:17:00+00:00,24853.75,24868.0,24853.75,24865.5,591
2026-03-05 18:18:00+00:00,24838.75,24866.5,24836.5,24856.25,928
2026-03-05 18:19:00+00:00,24805.5,24839.75,24802.5,24838.75,1452
2026-03-05 18:20:00+00:00,24812.5,24821.5,24806.0,24806.0,742
2026-03-05 18:21:00+00:00,24819.25,24824.25,24802.25,24811.0,1545
2026-03-05 18:22:00+00:00,24845.75,24855.0,24818.0,24818.75,1132
2026-03-05 18:23:00+00:00,24835.75,24850.75,24834.0,24846.75,568
2026-03-05 18:24:00+00:00,24835.5,24840.75,24828.5,24835.25,649
2026-03-05 18:25:00+00:00,24806.0,24837.25,24806.0,24834.0,821
2026-03-05 18:26:00+00:00,24790.0,24807.25,24787.0,24805.25,1156
2026-03-05 18:27:00+00:00,24799.0,24803.5,24781.75,24790.0,948
2026-03-05 18:28:00+00:00,24789.5,24808.75,24786.25,24799.5,756
2026-03-05 18:29:00+00:00,24794.0,24803.5,24784.5,24790.0,842
2026-03-05 18:30:00+00:00,24800.0,24824.0,24791.25,24792.5,1639
2026-03-05 18:31:00+00:00,24804.25,24805.5,24784.5,24798.5,761
2026-03-05 18:32:00+00:00,24785.5,24807.75,24776.5,24804.25,860
2026-03-05 18:33:00+00:00,24799.0,24800.5,24772.5,24786.5,825
2026-03-05 18:34:00+00:00,24797.25,24806.75,24790.75,24800.0,579
2026-03-05 18:35:00+00:00,24810.25,24822.0,24797.5,24797.5,803
2026-03-05 18:36:00+00:00,24795.25,24812.75,24795.25,24810.25,686
2026-03-05 18:37:00+00:00,24811.0,24811.75,24794.25,24794.25,488
2026-03-05 18:38:00+00:00,24824.0,24828.5,24810.25,24810.25,765
2026-03-05 18:39:00+00:00,24813.75,24830.0,24813.25,24826.25,536
2026-03-05 18:40:00+00:00,24840.25,24843.5,24811.75,24814.25,760
2026-03-05 18:41:00+00:00,24835.25,24845.25,24832.0,24841.0,590
2026-03-05 18:42:00+00:00,24856.25,24861.75,24835.5,24835.5,858
2026-03-05 18:43:00+00:00,24850.25,24869.75,24842.0,24857.75,1004
2026-03-05 18:44:00+00:00,24859.25,24864.0,24849.25,24851.5,399
2026-03-05 18:45:00+00:00,24826.5,24862.0,24826.25,24859.25,1018
2026-03-05 18:46:00+00:00,24844.5,24848.0,24814.0,24826.25,805
2026-03-05 18:47:00+00:00,24845.5,24853.5,24839.75,24845.5,585
2026-03-05 18:48:00+00:00,24828.75,24847.5,24824.25,24845.25,681
2026-03-05 18:49:00+00:00,24825.75,24829.25,24816.5,24828.75,529
2026-03-05 18:50:00+00:00,24807.75,24827.0,24805.5,24825.75,805
2026-03-05 18:51:00+00:00,24789.5,24813.25,24789.25,24807.0,779
2026-03-05 18:52:00+00:00,24799.25,24800.0,24784.5,24789.0,1228
2026-03-05 18:53:00+00:00,24795.25,24802.0,24791.0,24798.5,874
2026-03-05 18:54:00+00:00,24782.25,24802.75,24775.25,24795.0,1434
2026-03-05 18:55:00+00:00,24793.75,24795.75,24782.0,24782.0,668
2026-03-05 18:56:00+00:00,24793.75,24807.0,24791.75,24794.5,627
2026-03-05 18:57:00+00:00,24812.25,24817.75,24790.5,24794.0,856
2026-03-05 18:58:00+00:00,24810.5,24832.25,24807.0,24812.25,902
2026-03-05 18:59:00+00:00,24814.0,24818.25,24809.25,24811.5,652
2026-03-05 19:00:00+00:00,24826.25,24828.25,24803.0,24814.0,1077
2026-03-05 19:01:00+00:00,24831.0,24843.0,24823.75,24827.0,943
2026-03-05 19:02:00+00:00,24841.75,24846.5,24827.0,24831.5,517
2026-03-05 19:03:00+00:00,24829.25,24845.75,24825.5,24843.5,768
2026-03-05 19:04:00+00:00,24832.75,24844.75,24820.75,24829.25,665
2026-03-05 19:05:00+00:00,24849.5,24852.0,24830.75,24831.75,587
2026-03-05 19:06:00+00:00,24837.25,24859.75,24836.5,24847.75,738
2026-03-05 19:07:00+00:00,24845.0,24850.75,24836.75,24838.25,482
2026-03-05 19:08:00+00:00,24839.25,24848.25,24830.75,24845.5,530
2026-03-05 19:09:00+00:00,24839.75,24845.25,24834.25,24838.0,410
2026-03-05 19:10:00+00:00,24830.75,24844.5,24825.0,24840.0,461
2026-03-05 19:11:00+00:00,24830.75,24846.0,24829.25,24831.25,499
2026-03-05 19:12:00+00:00,24839.75,24844.25,24822.5,24832.25,471
2026-03-05 19:13:00+00:00,24857.25,24858.25,24840.5,24841.25,568
2026-03-05 19:14:00+00:00,24854.0,24860.0,24848.25,24857.25,469
2026-03-05 19:15:00+00:00,24839.25,24856.75,24838.25,24854.75,564
2026-03-05 19:16:00+00:00,24831.5,24847.75,24831.5,24840.0,404
2026-03-05 19:17:00+00:00,24840.75,24850.0,24829.25,24831.5,487
2026-03-05 19:18:00+00:00,24847.5,24858.25,24840.0,24840.5,482
2026-03-05 19:19:00+00:00,24859.75,24862.5,24843.5,24848.0,362
2026-03-05 19:20:00+00:00,24855.0,24880.75,24854.75,24860.5,1142
2026-03-05 19:21:00+00:00,24861.5,24865.5,24848.75,24855.75,708
2026-03-05 19:22:00+00:00,24848.0,24867.25,24847.75,24861.5,559
2026-03-05 19:23:00+00:00,24856.5,24862.25,24838.0,24847.0,538
2026-03-05 19:24:00+00:00,24855.75,24862.25,24850.5,24856.0,298
2026-03-05 19:25:00+00:00,24819.5,24863.5,24819.25,24857.5,655
2026-03-05 19:26:00+00:00,24825.5,24833.5,24814.25,24819.0,888
2026-03-05 19:27:00+00:00,24822.75,24831.0,24816.75,24827.0,480
2026-03-05 19:28:00+00:00,24826.25,24836.0,24822.75,24822.75,405
2026-03-05 19:29:00+00:00,24839.0,24844.25,24824.5,24825.75,452
2026-03-05 19:30:00+00:00,24807.0,24839.25,24806.0,24839.25,1203
2026-03-05 19:31:00+00:00,24815.5,24816.25,24802.5,24807.5,701
2026-03-05 19:32:00+00:00,24801.75,24816.25,24792.5,24816.25,954
2026-03-05 19:33:00+00:00,24811.5,24818.5,24797.75,24802.75,626
2026-03-05 19:34:00+00:00,24809.75,24817.5,24804.5,24811.25,502
2026-03-05 19:35:00+00:00,24806.0,24819.0,24803.75,24809.25,520
2026-03-05 19:36:00+00:00,24800.5,24810.25,24797.0,24805.25,648
2026-03-05 19:37:00+00:00,24808.0,24810.0,24795.5,24801.0,595
2026-03-05 19:38:00+00:00,24821.5,24826.0,24809.0,24809.0,859
2026-03-05 19:39:00+00:00,24822.5,24825.75,24810.25,24820.25,624
2026-03-05 19:40:00+00:00,24828.5,24834.25,24820.25,24824.0,680
2026-03-05 19:41:00+00:00,24840.0,24846.5,24828.0,24828.0,682
2026-03-05 19:42:00+00:00,24844.75,24850.0,24828.5,24841.0,581
2026-03-05 19:43:00+00:00,24836.0,24849.25,24834.5,24844.25,513
2026-03-05 19:44:00+00:00,24850.25,24852.0,24835.75,24837.5,496
2026-03-05 19:45:00+00:00,24850.75,24853.25,24832.25,24850.0,699
2026-03-05 19:46:00+00:00,24857.5,24862.75,24847.5,24850.0,730
2026-03-05 19:47:00+00:00,24852.75,24857.25,24847.5,24855.25,275
2026-03-05 19:48:00+00:00,24863.0,24866.0,24852.25,24852.25,546
2026-03-05 19:49:00+00:00,24865.5,24873.0,24861.25,24864.0,684
2026-03-05 19:50:00+00:00,24871.75,24882.25,24864.25,24865.5,848
2026-03-05 19:51:00+00:00,24862.75,24877.25,24861.5,24872.75,700
2026-03-05 19:52:00+00:00,24863.25,24869.25,24848.0,24862.75,772
2026-03-05 19:53:00+00:00,24859.75,24865.5,24854.5,24863.0,542
2026-03-05 19:54:00+00:00,24835.75,24864.0,24835.75,24860.0,803
2026-03-05 19:55:00+00:00,24835.25,24839.75,24823.0,24836.0,845
2026-03-05 19:56:00+00:00,24843.5,24849.25,24832.25,24834.5,706
2026-03-05 19:57:00+00:00,24858.75,24862.0,24842.5,24842.5,489
2026-03-05 19:58:00+00:00,24859.5,24865.25,24850.0,24858.0,493
2026-03-05 19:59:00+00:00,24858.0,24862.25,24852.75,24860.75,536
2026-03-05 20:00:00+00:00,24853.5,24862.5,24847.0,24857.75,664
2026-03-05 20:01:00+00:00,24858.25,24866.0,24848.25,24852.5,461
2026-03-05 20:02:00+00:00,24858.75,24865.25,24852.0,24858.0,403
2026-03-05 20:03:00+00:00,24840.5,24859.5,24832.5,24859.5,722
2026-03-05 20:04:00+00:00,24896.0,24904.0,24826.75,24840.0,3903
2026-03-05 20:05:00+00:00,24868.0,24897.25,24863.5,24894.5,1857
2026-03-05 20:06:00+00:00,24867.25,24873.75,24843.25,24866.75,1101
2026-03-05 20:07:00+00:00,24860.0,24886.75,24859.5,24867.0,1076
2026-03-05 20:08:00+00:00,24910.0,24915.5,24852.75,24860.5,1831
2026-03-05 20:09:00+00:00,24901.5,24913.75,24891.0,24911.5,1414
2026-03-05 20:10:00+00:00,24924.75,24926.0,24898.75,24902.25,1534
2026-03-05 20:11:00+00:00,24915.0,24934.75,24911.5,24924.75,1451
2026-03-05 20:12:00+00:00,24908.25,24932.0,24908.0,24914.5,966
2026-03-05 20:13:00+00:00,24914.0,24923.5,24901.25,24907.5,774
2026-03-05 20:14:00+00:00,24919.0,24923.75,24905.5,24914.0,663
2026-03-05 20:15:00+00:00,24909.75,24936.0,24908.0,24920.0,1187
2026-03-05 20:16:00+00:00,24917.25,24921.25,24902.5,24909.0,908
2026-03-05 20:17:00+00:00,24916.5,24927.0,24911.0,24918.25,623
2026-03-05 20:18:00+00:00,24944.0,24946.0,24915.75,24917.75,1136
2026-03-05 20:19:00+00:00,24931.75,24946.5,24929.5,24944.0,909
2026-03-05 20:20:00+00:00,24927.0,24944.75,24921.75,24930.75,869
2026-03-05 20:21:00+00:00,24944.5,24949.0,24923.5,24926.5,822
2026-03-05 20:22:00+00:00,24946.5,24953.75,24938.0,24944.5,810
2026-03-05 20:23:00+00:00,24963.5,24965.0,24946.5,24947.0,1054
2026-03-05 20:24:00+00:00,24966.0,24966.5,24953.0,24962.5,917
2026-03-05 20:25:00+00:00,24985.0,24992.5,24965.5,24966.0,1590
2026-03-05 20:26:00+00:00,24988.5,24994.25,24981.75,24985.25,1103
2026-03-05 20:27:00+00:00,24975.0,24992.25,24973.75,24988.0,1284
2026-03-05 20:28:00+00:00,24967.75,24982.5,24966.75,24975.75,1144
2026-03-05 20:29:00+00:00,24955.0,24969.5,24951.0,24968.25,1354
2026-03-05 20:30:00+00:00,24962.75,24963.75,24941.0,24954.25,1570
2026-03-05 20:31:00+00:00,24971.5,24974.75,24961.25,24962.0,659
2026-03-05 20:32:00+00:00,24982.25,24984.25,24968.75,24970.75,644
2026-03-05 20:33:00+00:00,24980.0,24983.25,24960.5,24982.0,786
2026-03-05 20:34:00+00:00,24984.5,24988.5,24977.25,24979.25,727
2026-03-05 20:35:00+00:00,24986.0,24994.25,24979.5,24983.0,650
2026-03-05 20:36:00+00:00,24984.0,24992.5,24978.25,24986.5,520
2026-03-05 20:37:00+00:00,24990.75,24991.5,24981.75,24983.75,560
2026-03-05 20:38:00+00:00,24998.75,24999.0,24990.5,24991.25,799
2026-03-05 20:39:00+00:00,24979.5,24999.5,24973.5,24998.5,989
2026-03-05 20:40:00+00:00,24976.0,24982.0,24972.5,24980.5,621
2026-03-05 20:41:00+00:00,24971.75,24980.0,24966.0,24976.75,784
2026-03-05 20:42:00+00:00,24976.75,24981.5,24970.25,24972.75,674
2026-03-05 20:43:00+00:00,24962.5,24978.5,24958.0,24977.0,894
2026-03-05 20:44:00+00:00,24967.75,24969.75,24950.25,24962.25,1144
2026-03-05 20:45:00+00:00,24958.75,24979.5,24953.75,24968.0,1107
2026-03-05 20:46:00+00:00,24956.75,24963.75,24946.0,24959.25,850
2026-03-05 20:47:00+00:00,24956.0,24961.5,24944.0,24957.0,791
2026-03-05 20:48:00+00:00,24980.0,24983.0,24951.75,24956.5,872
2026-03-05 20:49:00+00:00,24989.25,24990.0,24977.0,24980.0,855
2026-03-05 20:50:00+00:00,25010.25,25025.0,24989.75,24989.75,3683
2026-03-05 20:51:00+00:00,25006.25,25017.5,24993.5,25010.0,1141
2026-03-05 20:52:00+00:00,25017.0,25017.25,25001.0,25005.75,1128
2026-03-05 20:53:00+00:00,25013.75,25022.25,25008.75,25016.0,1231
2026-03-05 20:54:00+00:00,25028.25,25030.0,25004.75,25013.25,2277
2026-03-05 20:55:00+00:00,25020.25,25037.0,25017.5,25027.25,2099
2026-03-05 20:56:00+00:00,25034.75,25039.25,25016.5,25020.0,1401
2026-03-05 20:57:00+00:00,25048.25,25054.0,25030.75,25035.0,2454
2026-03-05 20:58:00+00:00,25048.5,25053.25,25044.25,25048.5,1921
2026-03-05 20:59:00+00:00,25048.0,25056.0,25039.5,25048.0,7043
2026-03-05 21:00:00+00:00,25039.25,25051.0,25031.75,25047.75,3379
2026-03-05 21:01:00+00:00,25032.5,25039.0,25030.25,25038.5,981
2026-03-05 21:02:00+00:00,25032.25,25034.0,25023.0,25032.5,664
2026-03-05 21:03:00+00:00,25026.75,25035.0,25026.0,25031.75,418
2026-03-05 21:04:00+00:00,25034.0,25039.0,25025.0,25026.75,557
2026-03-05 21:05:00+00:00,25036.75,25049.0,25031.25,25034.0,770
2026-03-05 21:06:00+00:00,25030.5,25038.0,25029.0,25038.0,298
2026-03-05 21:07:00+00:00,25028.25,25033.0,25024.0,25030.5,277
2026-03-05 21:08:00+00:00,25026.0,25032.0,25025.0,25029.0,249
2026-03-05 21:09:00+00:00,25035.75,25036.0,25024.0,25025.25,303
2026-03-05 21:10:00+00:00,25033.25,25037.25,25029.75,25036.0,320
2026-03-05 21:11:00+00:00,25024.75,25033.25,25023.0,25033.0,268
2026-03-05 21:12:00+00:00,25025.25,25027.0,25021.0,25024.5,299
2026-03-05 21:13:00+00:00,25026.25,25028.0,25020.5,25025.25,217
2026-03-05 21:14:00+00:00,25030.75,25034.0,25024.75,25026.25,363
2026-03-05 21:15:00+00:00,25036.75,25038.75,25027.5,25030.75,309
2026-03-05 21:16:00+00:00,25032.75,25042.0,25032.5,25036.25,328
2026-03-05 21:17:00+00:00,25043.5,25045.25,25031.75,25032.75,289
2026-03-05 21:18:00+00:00,25033.0,25044.0,25032.0,25043.5,286
2026-03-05 21:19:00+00:00,25032.25,25035.0,25031.0,25032.25,271
2026-03-05 21:20:00+00:00,25032.0,25036.5,25029.0,25032.5,286
2026-03-05 21:21:00+00:00,25026.0,25032.5,25024.75,25031.25,163
2026-03-05 21:22:00+00:00,25019.0,25028.5,25019.0,25026.75,199
2026-03-05 21:23:00+00:00,25021.75,25023.25,25016.5,25019.25,184
2026-03-05 21:24:00+00:00,25017.75,25023.25,25016.5,25021.25,360
2026-03-05 21:25:00+00:00,25019.25,25021.25,25017.0,25018.25,115
2026-03-05 21:26:00+00:00,25020.0,25021.25,25014.25,25019.5,165
2026-03-05 21:27:00+00:00,25019.0,25020.75,25013.5,25020.0,257
2026-03-05 21:28:00+00:00,25014.5,25020.25,25010.0,25018.5,247
2026-03-05 21:29:00+00:00,25029.0,25030.75,25012.5,25014.75,373
2026-03-05 21:30:00+00:00,25020.25,25029.5,25020.25,25029.5,199
2026-03-05 21:31:00+00:00,25016.5,25021.75,25012.25,25019.5,161
2026-03-05 21:32:00+00:00,25014.5,25015.5,25013.0,25015.5,86
2026-03-05 21:33:00+00:00,25010.0,25014.25,25009.75,25014.25,112
2026-03-05 21:34:00+00:00,25010.0,25011.25,25004.5,25010.0,197
2026-03-05 21:35:00+00:00,25007.75,25010.75,25004.5,25009.75,105
2026-03-05 21:36:00+00:00,25008.5,25009.75,25002.5,25008.5,151
2026-03-05 21:37:00+00:00,25009.5,25024.25,25007.75,25007.75,429
2026-03-05 21:38:00+00:00,25010.75,25014.5,25005.25,25009.0,176
2026-03-05 21:39:00+00:00,25012.5,25014.0,25008.5,25012.0,155
2026-03-05 21:40:00+00:00,25012.5,25012.5,25008.25,25012.25,95
2026-03-05 21:41:00+00:00,25011.25,25012.0,25008.5,25011.0,87
2026-03-05 21:42:00+00:00,25009.75,25015.75,25008.75,25012.0,173
2026-03-05 21:43:00+00:00,25004.0,25010.0,25002.75,25009.0,170
2026-03-05 21:44:00+00:00,25010.75,25011.0,25004.25,25005.0,111
2026-03-05 21:45:00+00:00,25005.25,25013.0,25004.25,25010.75,94
2026-03-05 21:46:00+00:00,25005.75,25007.75,25002.5,25005.0,161
2026-03-05 21:47:00+00:00,25002.75,25006.25,25000.25,25005.75,160
2026-03-05 21:48:00+00:00,25007.25,25007.25,25001.25,25003.25,118
2026-03-05 21:49:00+00:00,25008.5,25011.75,25006.25,25006.25,78
2026-03-05 21:50:00+00:00,25012.0,25012.0,25007.0,25008.75,98
2026-03-05 21:51:00+00:00,25017.75,25021.25,25012.0,25013.0,173
2026-03-05 21:52:00+00:00,25018.5,25020.5,25014.0,25018.75,166
2026-03-05 21:53:00+00:00,25011.5,25018.5,25011.5,25018.25,206
2026-03-05 21:54:00+00:00,25009.75,25013.5,25009.25,25011.25,95
2026-03-05 21:55:00+00:00,25012.0,25021.5,25010.5,25010.5,169
2026-03-05 21:56:00+00:00,25009.25,25013.25,25007.5,25012.0,69
2026-03-05 21:57:00+00:00,25008.75,25010.5,25005.5,25009.75,50
2026-03-05 21:58:00+00:00,25006.5,25010.5,25003.25,25008.75,152
2026-03-05 21:59:00+00:00,25010.5,25012.0,25005.5,25006.5,150
2026-03-05 23:00:00+00:00,25006.75,25023.75,25004.75,25019.75,0
2026-03-05 23:01:00+00:00,25005.5,25015.0,25002.75,25008.0,151
2026-03-05 23:02:00+00:00,25011.75,25014.0,25001.0,25003.75,89
2026-03-05 23:03:00+00:00,25022.75,25025.75,25011.75,25013.75,174
2026-03-05 23:04:00+00:00,25029.25,25033.0,25021.0,25024.75,164
2026-03-05 23:05:00+00:00,25021.75,25034.75,25020.25,25030.0,94
2026-03-05 23:06:00+00:00,25031.5,25034.75,25022.5,25023.0,80
2026-03-05 23:07:00+00:00,25033.25,25037.5,25028.75,25032.0,122
2026-03-05 23:08:00+00:00,25035.25,25041.25,25025.5,25030.75,166
2026-03-05 23:09:00+00:00,25033.0,25036.5,25031.25,25034.5,91
2026-03-05 23:10:00+00:00,25033.75,25041.25,25033.0,25035.0,88
2026-03-05 23:11:00+00:00,25038.25,25045.0,25029.25,25032.25,117
2026-03-05 23:12:00+00:00,25042.0,25045.5,25038.25,25038.25,63
2026-03-05 23:13:00+00:00,25043.75,25046.25,25040.25,25040.25,71
2026-03-05 23:14:00+00:00,25036.5,25044.0,25032.0,25042.25,55
2026-03-05 23:15:00+00:00,25038.5,25040.5,25031.0,25036.5,49
2026-03-05 23:16:00+00:00,25037.75,25043.0,25037.75,25038.5,34
2026-03-05 23:17:00+00:00,25041.75,25041.75,25036.0,25038.0,22
2026-03-05 23:18:00+00:00,25040.5,25041.75,25037.0,25040.25,36
2026-03-05 23:19:00+00:00,25038.75,25039.25,25036.5,25038.5,21
2026-03-05 23:20:00+00:00,25040.75,25043.75,25037.0,25038.5,51
2026-03-05 23:21:00+00:00,25040.25,25041.75,25038.75,25041.75,17
2026-03-05 23:22:00+00:00,25040.25,25041.25,25039.0,25040.25,41
2026-03-05 23:23:00+00:00,25039.75,25042.75,25038.75,25040.0,85
2026-03-05 23:24:00+00:00,25037.25,25043.0,25034.75,25041.0,127
2026-03-05 23:25:00+00:00,25036.0,25038.5,25033.5,25036.25,75
2026-03-05 23:26:00+00:00,25035.0,25038.0,25030.75,25036.5,88
2026-03-05 23:27:00+00:00,25028.5,25034.5,25028.25,25034.5,70
2026-03-05 23:28:00+00:00,25041.25,25042.0,25028.25,25028.5,146
2026-03-05 23:29:00+00:00,25047.5,25055.5,25041.5,25042.0,306
2026-03-05 23:30:00+00:00,25043.5,25050.75,25042.75,25049.0,109
2026-03-05 23:31:00+00:00,25047.25,25049.0,25043.5,25043.5,60
2026-03-05 23:32:00+00:00,25044.0,25048.75,25040.0,25048.0,92
2026-03-05 23:33:00+00:00,25043.0,25045.5,25040.5,25045.0,68
2026-03-05 23:34:00+00:00,25041.25,25046.0,25040.0,25044.0,75
2026-03-05 23:35:00+00:00,25040.0,25042.75,25038.0,25041.0,64
2026-03-05 23:36:00+00:00,25041.5,25042.75,25038.5,25040.5,41
2026-03-05 23:37:00+00:00,25038.25,25042.0,25037.25,25041.75,77
2026-03-05 23:38:00+00:00,25047.0,25050.75,25038.75,25039.0,95
2026-03-05 23:39:00+00:00,25050.5,25050.75,25046.25,25047.25,48
2026-03-05 23:40:00+00:00,25051.0,25055.0,25050.0,25050.0,104
2026-03-05 23:41:00+00:00,25062.75,25064.5,25051.0,25051.0,224
2026-03-05 23:42:00+00:00,25065.5,25066.0,25060.75,25062.0,126
2026-03-05 23:43:00+00:00,25058.75,25066.25,25057.25,25063.25,249
2026-03-05 23:44:00+00:00,25061.0,25064.0,25057.0,25058.5,109
2026-03-05 23:45:00+00:00,25059.75,25061.0,25051.0,25060.0,147
2026-03-05 23:46:00+00:00,25060.75,25067.25,25058.0,25060.75,159
2026-03-05 23:47:00+00:00,25062.75,25066.25,25057.75,25059.75,80
2026-03-05 23:48:00+00:00,25059.25,25064.5,25058.75,25062.0,41
2026-03-05 23:49:00+00:00,25051.25,25061.0,25051.25,25059.25,79
2026-03-05 23:50:00+00:00,25053.5,25056.25,25046.25,25050.75,130
2026-03-05 23:51:00+00:00,25065.5,25065.5,25052.75,25053.5,182
2026-03-05 23:52:00+00:00,25064.5,25069.25,25063.75,25065.25,88
2026-03-05 23:53:00+00:00,25064.0,25067.5,25060.75,25064.0,54
2026-03-05 23:54:00+00:00,25059.75,25065.5,25058.0,25063.5,56
2026-03-05 23:55:00+00:00,25064.75,25065.25,25058.75,25058.75,47
2026-03-05 23:56:00+00:00,25066.75,25070.0,25063.25,25064.75,79
2026-03-05 23:57:00+00:00,25064.25,25067.25,25061.75,25067.25,58
2026-03-05 23:58:00+00:00,25065.5,25067.0,25061.75,25063.0,80
2026-03-05 23:59:00+00:00,25060.0,25067.5,25058.5,25067.0,82
2026-03-06 00:00:00+00:00,25060.75,25067.75,25059.25,25059.75,220
2026-03-06 00:01:00+00:00,25072.75,25075.0,25061.25,25061.25,213
2026-03-06 00:02:00+00:00,25070.5,25076.0,25067.5,25072.5,168
2026-03-06 00:03:00+00:00,25070.25,25074.5,25066.0,25070.0,87
2026-03-06 00:04:00+00:00,25075.5,25083.5,25071.0,25071.5,295
2026-03-06 00:05:00+00:00,25077.0,25080.25,25074.25,25076.5,131
2026-03-06 00:06:00+00:00,25082.5,25085.0,25076.5,25076.5,155
2026-03-06 00:07:00+00:00,25083.0,25089.75,25082.25,25082.25,208
2026-03-06 00:08:00+00:00,25087.75,25090.5,25082.25,25082.75,131
2026-03-06 00:09:00+00:00,25087.0,25092.75,25087.0,25087.0,96
2026-03-06 00:10:00+00:00,25087.25,25092.5,25086.25,25086.25,72
2026-03-06 00:11:00+00:00,25094.75,25096.25,25087.0,25087.25,115
2026-03-06 00:12:00+00:00,25090.0,25095.5,25090.0,25095.0,83
2026-03-06 00:13:00+00:00,25094.75,25096.0,25089.75,25090.5,90
2026-03-06 00:14:00+00:00,25092.25,25098.0,25092.25,25094.0,81
2026-03-06 00:15:00+00:00,25081.75,25095.0,25079.25,25092.0,277
2026-03-06 00:16:00+00:00,25089.0,25089.0,25080.75,25081.75,105
2026-03-06 00:17:00+00:00,25083.75,25090.0,25083.0,25089.0,63
2026-03-06 00:18:00+00:00,25083.75,25087.75,25080.0,25085.0,58
2026-03-06 00:19:00+00:00,25082.25,25086.0,25080.75,25082.0,41
2026-03-06 00:20:00+00:00,25083.0,25088.0,25080.5,25082.0,79
2026-03-06 00:21:00+00:00,25081.75,25086.75,25081.75,25083.5,43
2026-03-06 00:22:00+00:00,25078.75,25082.0,25076.0,25081.25,105
2026-03-06 00:23:00+00:00,25079.5,25079.5,25075.25,25078.0,52
2026-03-06 00:24:00+00:00,25075.75,25080.75,25075.5,25079.5,69
2026-03-06 00:25:00+00:00,25072.25,25082.5,25071.75,25077.0,104
2026-03-06 00:26:00+00:00,25074.0,25074.75,25065.75,25071.75,186
2026-03-06 00:27:00+00:00,25078.25,25079.5,25072.75,25075.0,86
2026-03-06 00:28:00+00:00,25077.5,25081.0,25076.25,25077.75,73
2026-03-06 00:29:00+00:00,25072.75,25078.5,25072.0,25078.5,73
2026-03-06 00:30:00+00:00,25076.5,25080.0,25073.25,25074.0,219
2026-03-06 00:31:00+00:00,25074.5,25078.0,25072.25,25076.25,97
2026-03-06 00:32:00+00:00,25071.25,25074.75,25066.75,25074.75,113
2026-03-06 00:33:00+00:00,25072.25,25077.5,25068.0,25071.5,354
2026-03-06 00:34:00+00:00,25075.25,25076.25,25070.5,25071.5,99
2026-03-06 00:35:00+00:00,25075.0,25076.5,25074.0,25076.0,50
2026-03-06 00:36:00+00:00,25079.0,25084.0,25072.0,25074.75,247
2026-03-06 00:37:00+00:00,25082.75,25085.25,25076.25,25078.25,60
2026-03-06 00:38:00+00:00,25076.25,25080.75,25074.5,25080.75,61
2026-03-06 00:39:00+00:00,25074.75,25078.75,25072.5,25077.5,46
2026-03-06 00:40:00+00:00,25079.75,25080.75,25072.5,25073.75,76
2026-03-06 00:41:00+00:00,25081.75,25084.0,25076.75,25078.75,114
2026-03-06 00:42:00+00:00,25084.0,25084.0,25080.0,25082.5,62
2026-03-06 00:43:00+00:00,25080.0,25084.0,25077.5,25083.25,164
2026-03-06 00:44:00+00:00,25085.5,25085.75,25079.5,25079.5,43
2026-03-06 00:45:00+00:00,25085.0,25085.75,25082.75,25084.75,49
2026-03-06 00:46:00+00:00,25086.5,25088.5,25082.0,25084.75,99
2026-03-06 00:47:00+00:00,25089.75,25090.0,25081.75,25087.0,131
2026-03-06 00:48:00+00:00,25091.75,25092.75,25086.5,25087.75,94
2026-03-06 00:49:00+00:00,25087.5,25090.75,25085.25,25090.75,53
2026-03-06 00:50:00+00:00,25081.5,25088.0,25081.5,25087.0,106
2026-03-06 00:51:00+00:00,25077.0,25080.75,25068.0,25080.75,282
2026-03-06 00:52:00+00:00,25073.75,25082.5,25073.5,25074.25,73
2026-03-06 00:53:00+00:00,25071.5,25078.0,25071.25,25075.25,77
2026-03-06 00:54:00+00:00,25072.75,25079.5,25071.25,25073.0,90
2026-03-06 00:55:00+00:00,25073.25,25073.75,25069.75,25073.75,78
2026-03-06 00:56:00+00:00,25071.25,25073.75,25068.0,25072.5,54
2026-03-06 00:57:00+00:00,25067.0,25074.0,25067.0,25071.5,68
2026-03-06 00:58:00+00:00,25071.5,25073.0,25068.0,25068.0,36
2026-03-06 00:59:00+00:00,25075.0,25078.0,25069.75,25072.25,102
2026-03-06 01:00:00+00:00,25075.0,25077.75,25068.0,25073.5,158
2026-03-06 01:01:00+00:00,25081.75,25082.0,25068.0,25075.0,215
2026-03-06 01:02:00+00:00,25085.0,25085.5,25076.75,25081.25,175
2026-03-06 01:03:00+00:00,25076.0,25085.75,25076.0,25083.5,95
2026-03-06 01:04:00+00:00,25080.25,25081.0,25076.5,25076.75,49
2026-03-06 01:05:00+00:00,25089.25,25090.0,25081.0,25081.5,205
2026-03-06 01:06:00+00:00,25073.25,25090.75,25073.25,25088.0,140
2026-03-06 01:07:00+00:00,25072.25,25077.25,25070.0,25074.5,99
2026-03-06 01:08:00+00:00,25068.25,25078.0,25066.75,25075.25,92
2026-03-06 01:09:00+00:00,25071.5,25076.0,25068.0,25068.0,105
2026-03-06 01:10:00+00:00,25080.25,25081.0,25072.0,25073.5,83
2026-03-06 01:11:00+00:00,25079.0,25084.5,25073.25,25081.25,105
2026-03-06 01:12:00+00:00,25082.0,25084.5,25078.25,25078.25,94
2026-03-06 01:13:00+00:00,25079.25,25085.25,25078.5,25082.75,89
2026-03-06 01:14:00+00:00,25075.5,25078.75,25073.25,25078.75,69
2026-03-06 01:15:00+00:00,25090.5,25091.0,25075.25,25076.25,127
2026-03-06 01:16:00+00:00,25083.5,25091.25,25082.75,25090.75,87
2026-03-06 01:17:00+00:00,25086.0,25087.0,25080.25,25082.75,79
2026-03-06 01:18:00+00:00,25080.75,25086.5,25078.25,25085.75,50
2026-03-06 01:19:00+00:00,25073.75,25082.75,25073.75,25081.5,85
2026-03-06 01:20:00+00:00,25073.75,25078.25,25071.25,25075.25,82
2026-03-06 01:21:00+00:00,25071.5,25074.5,25070.0,25074.5,74
2026-03-06 01:22:00+00:00,25058.75,25073.75,25055.5,25073.25,318
2026-03-06 01:23:00+00:00,25065.0,25065.0,25058.0,25059.0,125
2026-03-06 01:24:00+00:00,25061.0,25067.75,25061.0,25065.75,105
2026-03-06 01:25:00+00:00,25056.0,25064.25,25053.25,25062.75,115
2026-03-06 01:26:00+00:00,25057.25,25061.0,25052.5,25055.75,80
2026-03-06 01:27:00+00:00,25045.5,25057.5,25042.75,25057.5,274
2026-03-06 01:28:00+00:00,25039.25,25046.75,25039.25,25046.25,199
2026-03-06 01:29:00+00:00,25052.0,25052.0,25038.0,25039.25,156
2026-03-06 01:30:00+00:00,25055.75,25063.25,25050.25,25053.0,206
2026-03-06 01:31:00+00:00,25058.0,25063.75,25054.5,25055.25,167
2026-03-06 01:32:00+00:00,25059.25,25062.0,25054.75,25059.75,54
2026-03-06 01:33:00+00:00,25058.5,25060.0,25054.0,25058.25,54
2026-03-06 01:34:00+00:00,25076.25,25076.25,25055.75,25059.75,178
2026-03-06 01:35:00+00:00,25080.0,25089.0,25076.5,25076.5,271
2026-03-06 01:36:00+00:00,25082.25,25086.5,25077.0,25081.0,115
2026-03-06 01:37:00+00:00,25082.75,25088.25,25080.25,25083.0,82
2026-03-06 01:38:00+00:00,25075.0,25083.25,25070.0,25082.0,120
2026-03-06 01:39:00+00:00,25064.5,25075.0,25062.75,25074.75,170
2026-03-06 01:40:00+00:00,25072.5,25073.0,25062.75,25062.75,99
2026-03-06 01:41:00+00:00,25070.25,25074.5,25066.75,25073.75,78
2026-03-06 01:42:00+00:00,25066.75,25072.5,25064.25,25070.25,94
2026-03-06 01:43:00+00:00,25065.25,25070.0,25063.5,25065.5,59
2026-03-06 01:44:00+00:00,25055.25,25066.25,25055.25,25065.5,96
2026-03-06 01:45:00+00:00,25052.0,25059.5,25051.0,25055.25,136
2026-03-06 01:46:00+00:00,25044.25,25054.25,25041.5,25053.5,144
2026-03-06 01:47:00+00:00,25045.25,25053.0,25044.75,25044.75,132
2026-03-06 01:48:00+00:00,25048.0,25051.0,25045.25,25045.25,85
2026-03-06 01:49:00+00:00,25060.0,25060.25,25046.0,25050.25,145
2026-03-06 01:50:00+00:00,25062.75,25064.0,25054.25,25059.5,111
2026-03-06 01:51:00+00:00,25066.5,25067.5,25062.0,25064.25,88
2026-03-06 01:52:00+00:00,25067.0,25069.5,25063.0,25067.0,66
2026-03-06 01:53:00+00:00,25066.5,25066.75,25063.5,25066.5,23
2026-03-06 01:54:00+00:00,25064.0,25068.5,25061.75,25067.0,40
2026-03-06 01:55:00+00:00,25072.5,25072.75,25063.0,25063.75,68
2026-03-06 01:56:00+00:00,25078.75,25084.0,25072.5,25072.5,163
2026-03-06 01:57:00+00:00,25076.0,25082.25,25074.25,25078.5,105
2026-03-06 01:58:00+00:00,25065.0,25075.5,25063.5,25073.75,120
2026-03-06 01:59:00+00:00,25066.0,25070.75,25064.25,25065.25,70
2026-03-06 02:00:00+00:00,25068.0,25071.75,25063.5,25069.75,86
2026-03-06 02:01:00+00:00,25062.75,25074.75,25061.25,25067.0,113
2026-03-06 02:02:00+00:00,25072.5,25073.0,25060.0,25061.5,74
2026-03-06 02:03:00+00:00,25079.75,25080.75,25071.25,25072.25,75
2026-03-06 02:04:00+00:00,25076.75,25082.0,25073.25,25079.75,85
2026-03-06 02:05:00+00:00,25074.5,25078.0,25074.0,25074.75,77
2026-03-06 02:06:00+00:00,25073.5,25079.25,25072.0,25074.25,41
2026-03-06 02:07:00+00:00,25082.5,25084.0,25076.0,25076.0,58
2026-03-06 02:08:00+00:00,25078.75,25082.0,25078.0,25081.25,30
2026-03-06 02:09:00+00:00,25077.5,25078.75,25073.75,25078.75,37
2026-03-06 02:10:00+00:00,25080.75,25081.75,25075.5,25075.75,40
2026-03-06 02:11:00+00:00,25086.25,25088.75,25082.0,25082.0,102
2026-03-06 02:12:00+00:00,25092.75,25094.5,25085.75,25086.75,184
2026-03-06 02:13:00+00:00,25099.0,25102.25,25091.75,25092.75,296
2026-03-06 02:14:00+00:00,25103.5,25103.5,25096.25,25097.0,218
2026-03-06 02:15:00+00:00,25108.0,25115.75,25102.0,25102.5,401
2026-03-06 02:16:00+00:00,25105.25,25108.75,25101.75,25108.0,129
2026-03-06 02:17:00+00:00,25104.0,25105.75,25098.75,25105.5,110
2026-03-06 02:18:00+00:00,25099.25,25103.25,25096.25,25103.25,79
2026-03-06 02:19:00+00:00,25104.0,25105.25,25097.75,25099.75,98
2026-03-06 02:20:00+00:00,25106.25,25111.5,25103.25,25103.25,125
2026-03-06 02:21:00+00:00,25111.25,25112.5,25103.5,25106.75,81
2026-03-06 02:22:00+00:00,25114.25,25116.0,25112.0,25112.75,122
2026-03-06 02:23:00+00:00,25106.75,25114.75,25106.5,25113.25,80
2026-03-06 02:24:00+00:00,25107.25,25110.25,25105.25,25107.5,57
2026-03-06 02:25:00+00:00,25109.5,25109.5,25103.25,25106.0,66
2026-03-06 02:26:00+00:00,25109.0,25112.0,25105.75,25109.25,70
2026-03-06 02:27:00+00:00,25110.0,25112.5,25106.5,25106.5,104
2026-03-06 02:28:00+00:00,25111.75,25112.75,25109.75,25110.5,42
2026-03-06 02:29:00+00:00,25109.5,25112.25,25107.75,25111.25,55
2026-03-06 02:30:00+00:00,25106.75,25112.0,25105.25,25109.25,85
2026-03-06 02:31:00+00:00,25104.0,25108.0,25102.0,25107.0,77
2026-03-06 02:32:00+00:00,25105.75,25108.25,25102.0,25103.0,65
2026-03-06 02:33:00+00:00,25101.75,25106.0,25099.5,25106.0,134
2026-03-06 02:34:00+00:00,25096.25,25101.75,25095.0,25101.75,100
2026-03-06 02:35:00+00:00,25089.0,25096.25,25088.5,25095.0,134
2026-03-06 02:36:00+00:00,25092.25,25094.5,25088.75,25090.0,62
2026-03-06 02:37:00+00:00,25097.0,25098.5,25092.25,25093.25,66
2026-03-06 02:38:00+00:00,25090.5,25095.75,25087.25,25095.5,175
2026-03-06 02:39:00+00:00,25090.5,25093.0,25088.5,25090.5,32
2026-03-06 02:40:00+00:00,25087.25,25094.5,25086.5,25090.5,65
2026-03-06 02:41:00+00:00,25091.5,25091.5,25085.75,25087.25,44
2026-03-06 02:42:00+00:00,25090.5,25091.0,25088.0,25089.5,30
2026-03-06 02:43:00+00:00,25092.25,25094.5,25089.75,25090.0,44
2026-03-06 02:44:00+00:00,25092.75,25094.0,25090.0,25092.75,46
2026-03-06 02:45:00+00:00,25090.75,25094.0,25089.5,25093.0,33
2026-03-06 02:46:00+00:00,25090.0,25091.25,25088.0,25089.75,46
2026-03-06 02:47:00+00:00,25090.0,25090.0,25085.0,25089.75,69
2026-03-06 02:48:00+00:00,25089.75,25090.75,25085.75,25090.25,43
2026-03-06 02:49:00+00:00,25091.75,25097.0,25089.25,25089.5,109
2026-03-06 02:50:00+00:00,25089.5,25093.25,25089.5,25092.25,45
2026-03-06 02:51:00+00:00,25087.25,25091.0,25083.25,25090.0,61
2026-03-06 02:52:00+00:00,25088.75,25091.0,25084.0,25087.5,100
2026-03-06 02:53:00+00:00,25079.75,25088.0,25079.75,25087.75,57
2026-03-06 02:54:00+00:00,25071.25,25081.25,25067.0,25081.25,250
2026-03-06 02:55:00+00:00,25074.5,25076.25,25070.25,25071.5,102
2026-03-06 02:56:00+00:00,25075.5,25077.5,25074.0,25074.0,49
2026-03-06 02:57:00+00:00,25077.25,25077.75,25073.5,25074.0,32
2026-03-06 02:58:00+00:00,25075.0,25078.5,25074.75,25077.25,52
2026-03-06 02:59:00+00:00,25071.75,25074.75,25070.25,25074.5,72
2026-03-06 03:00:00+00:00,25085.25,25087.0,25070.0,25070.25,212
2026-03-06 03:01:00+00:00,25084.75,25088.5,25082.75,25085.75,65
2026-03-06 03:02:00+00:00,25090.5,25091.25,25082.75,25082.75,41
2026-03-06 03:03:00+00:00,25090.0,25090.0,25086.75,25088.0,55
2026-03-06 03:04:00+00:00,25098.75,25099.0,25089.25,25089.75,99
2026-03-06 03:05:00+00:00,25094.0,25099.75,25092.25,25099.5,69
2026-03-06 03:06:00+00:00,25098.75,25099.0,25093.5,25093.5,39
2026-03-06 03:07:00+00:00,25095.0,25097.75,25093.25,25097.5,30
2026-03-06 03:08:00+00:00,25093.25,25098.75,25093.25,25097.25,47
2026-03-06 03:09:00+00:00,25090.5,25094.5,25089.75,25094.5,29
2026-03-06 03:10:00+00:00,25092.25,25095.5,25089.0,25089.5,51
2026-03-06 03:11:00+00:00,25094.0,25094.0,25090.5,25093.0,15
2026-03-06 03:12:00+00:00,25090.75,25095.25,25090.75,25095.0,22
2026-03-06 03:13:00+00:00,25088.0,25092.0,25088.0,25089.5,28
2026-03-06 03:14:00+00:00,25085.25,25089.0,25082.75,25087.5,50
2026-03-06 03:15:00+00:00,25082.25,25086.25,25079.25,25085.5,63
2026-03-06 03:16:00+00:00,25082.5,25082.5,25076.75,25081.5,73
2026-03-06 03:17:00+00:00,25081.75,25082.25,25078.5,25082.25,24
2026-03-06 03:18:00+00:00,25081.0,25083.5,25077.75,25081.5,54
2026-03-06 03:19:00+00:00,25085.0,25085.0,25079.25,25080.0,46
2026-03-06 03:20:00+00:00,25085.25,25088.5,25080.75,25084.75,61
2026-03-06 03:21:00+00:00,25083.75,25088.75,25083.75,25088.0,36
2026-03-06 03:22:00+00:00,25087.5,25088.75,25084.0,25084.0,15
2026-03-06 03:23:00+00:00,25091.75,25093.0,25088.25,25088.25,47
2026-03-06 03:24:00+00:00,25089.25,25095.0,25088.5,25094.25,39
2026-03-06 03:25:00+00:00,25090.25,25090.75,25083.75,25090.0,38
2026-03-06 03:26:00+00:00,25088.0,25091.25,25087.0,25090.25,26
2026-03-06 03:27:00+00:00,25085.25,25090.5,25084.5,25089.75,35
2026-03-06 03:28:00+00:00,25085.0,25086.75,25084.75,25086.25,17
2026-03-06 03:29:00+00:00,25083.75,25086.5,25080.5,25086.25,105
2026-03-06 03:30:00+00:00,25083.75,25089.5,25082.25,25084.75,54
2026-03-06 03:31:00+00:00,25084.75,25089.0,25083.75,25085.25,50
2026-03-06 03:32:00+00:00,25082.0,25083.75,25074.75,25083.75,132
2026-03-06 03:33:00+00:00,25079.5,25083.0,25078.25,25078.25,33
2026-03-06 03:34:00+00:00,25078.75,25081.75,25077.5,25078.5,59
2026-03-06 03:35:00+00:00,25080.25,25080.5,25074.0,25077.0,45
2026-03-06 03:36:00+00:00,25084.25,25087.0,25080.5,25080.75,54
2026-03-06 03:37:00+00:00,25084.75,25084.75,25077.75,25082.75,40
2026-03-06 03:38:00+00:00,25083.5,25083.75,25081.25,25083.75,22
2026-03-06 03:39:00+00:00,25088.5,25089.25,25084.25,25084.25,35
2026-03-06 03:40:00+00:00,25095.0,25096.25,25089.5,25089.5,77
2026-03-06 03:41:00+00:00,25093.75,25094.5,25090.5,25093.75,55
2026-03-06 03:42:00+00:00,25094.5,25097.0,25093.25,25093.75,73
2026-03-06 03:43:00+00:00,25097.5,25098.5,25094.25,25095.25,75
2026-03-06 03:44:00+00:00,25097.5,25102.0,25097.25,25097.5,116
2026-03-06 03:45:00+00:00,25102.75,25103.25,25097.0,25098.5,95
2026-03-06 03:46:00+00:00,25100.0,25103.25,25099.0,25103.25,63
2026-03-06 03:47:00+00:00,25102.75,25103.25,25098.0,25100.75,143
2026-03-06 03:48:00+00:00,25100.0,25103.25,25098.75,25102.5,96
2026-03-06 03:49:00+00:00,25099.25,25100.25,25097.75,25100.25,42
2026-03-06 03:50:00+00:00,25102.75,25103.25,25098.25,25098.5,103
2026-03-06 03:51:00+00:00,25096.75,25103.25,25095.5,25103.25,189
2026-03-06 03:52:00+00:00,25094.75,25097.25,25094.5,25096.5,20
2026-03-06 03:53:00+00:00,25099.25,25100.75,25096.25,25098.0,54
2026-03-06 03:54:00+00:00,25098.0,25101.0,25097.5,25100.0,40
2026-03-06 03:55:00+00:00,25100.5,25100.5,25098.5,25098.5,11
2026-03-06 03:56:00+00:00,25101.75,25102.0,25099.5,25099.5,24
2026-03-06 03:57:00+00:00,25105.0,25107.5,25100.25,25102.25,96
2026-03-06 03:58:00+00:00,25111.25,25112.5,25105.0,25105.0,98
2026-03-06 03:59:00+00:00,25114.5,25115.0,25109.75,25111.75,115
2026-03-06 04:00:00+00:00,25109.75,25114.0,25107.0,25113.0,85
2026-03-06 04:01:00+00:00,25111.5,25112.5,25108.75,25110.75,53
2026-03-06 04:02:00+00:00,25111.5,25112.75,25109.25,25110.0,50
2026-03-06 04:03:00+00:00,25113.5,25115.25,25112.0,25113.25,70
2026-03-06 04:04:00+00:00,25110.5,25114.25,25109.75,25113.25,58
2026-03-06 04:05:00+00:00,25107.25,25110.75,25107.0,25109.25,77
2026-03-06 04:06:00+00:00,25111.0,25111.0,25104.0,25107.75,124
2026-03-06 04:07:00+00:00,25110.0,25111.25,25108.5,25111.0,37
2026-03-06 04:08:00+00:00,25110.5,25110.5,25107.5,25108.0,61
2026-03-06 04:09:00+00:00,25111.5,25112.25,25106.0,25109.25,113
2026-03-06 04:10:00+00:00,25105.0,25111.75,25105.0,25111.0,55
2026-03-06 04:11:00+00:00,25107.5,25109.75,25103.75,25104.5,39
2026-03-06 04:12:00+00:00,25107.0,25109.0,25106.5,25108.25,41
2026-03-06 04:13:00+00:00,25104.5,25107.5,25104.0,25106.25,36
2026-03-06 04:14:00+00:00,25105.25,25107.25,25104.5,25106.75,28
2026-03-06 04:15:00+00:00,25105.0,25109.5,25105.0,25106.75,94
2026-03-06 04:16:00+00:00,25105.75,25108.5,25104.0,25104.5,35
2026-03-06 04:17:00+00:00,25106.5,25107.5,25104.75,25105.0,19
2026-03-06 04:18:00+00:00,25103.75,25106.25,25102.5,25106.25,43
2026-03-06 04:19:00+00:00,25105.25,25105.75,25103.25,25104.5,29
2026-03-06 04:20:00+00:00,25105.75,25108.0,25105.0,25106.75,14
2026-03-06 04:21:00+00:00,25104.0,25105.75,25102.5,25105.75,38
2026-03-06 04:22:00+00:00,25100.0,25104.0,25100.0,25103.5,26
2026-03-06 04:23:00+00:00,25100.25,25102.25,25099.75,25101.0,36
2026-03-06 04:24:00+00:00,25101.0,25102.0,25098.5,25099.75,41
2026-03-06 04:25:00+00:00,25099.25,25102.25,25098.5,25100.75,49
2026-03-06 04:26:00+00:00,25097.0,25101.75,25096.0,25101.25,48
2026-03-06 04:27:00+00:00,25093.5,25097.5,25093.5,25096.25,74
2026-03-06 04:28:00+00:00,25095.25,25098.25,25093.75,25093.75,24
2026-03-06 04:29:00+00:00,25097.0,25097.0,25094.75,25095.0,34
2026-03-06 04:30:00+00:00,25095.5,25100.0,25095.5,25096.75,32
2026-03-06 04:31:00+00:00,25097.75,25098.0,25096.25,25096.5,28
2026-03-06 04:32:00+00:00,25103.75,25103.75,25097.75,25097.75,35
2026-03-06 04:33:00+00:00,25116.25,25117.5,25105.0,25105.0,124
2026-03-06 04:34:00+00:00,25118.25,25120.75,25115.0,25116.5,164
2026-03-06 04:35:00+00:00,25117.0,25119.0,25115.5,25119.0,203
2026-03-06 04:36:00+00:00,25116.5,25119.75,25115.25,25118.25,28
2026-03-06 04:37:00+00:00,25119.25,25121.0,25116.5,25117.5,56
2026-03-06 04:38:00+00:00,25118.75,25119.25,25116.25,25118.75,32
2026-03-06 04:39:00+00:00,25117.25,25119.25,25117.25,25118.25,26
2026-03-06 04:40:00+00:00,25120.25,25123.75,25118.0,25118.5,98
2026-03-06 04:41:00+00:00,25125.0,25125.25,25119.5,25119.5,43
2026-03-06 04:42:00+00:00,25134.5,25137.75,25124.5,25124.5,281
2026-03-06 04:43:00+00:00,25128.0,25135.75,25128.0,25134.0,91
2026-03-06 04:44:00+00:00,25128.5,25129.0,25126.0,25128.0,41
2026-03-06 04:45:00+00:00,25129.25,25129.75,25126.25,25126.25,31
2026-03-06 04:46:00+00:00,25129.75,25132.5,25127.25,25128.25,51
2026-03-06 04:47:00+00:00,25134.5,25135.0,25131.25,25131.25,54
2026-03-06 04:48:00+00:00,25133.5,25135.25,25131.75,25132.75,46
2026-03-06 04:49:00+00:00,25133.0,25133.75,25132.5,25133.5,21
2026-03-06 04:50:00+00:00,25132.75,25134.25,25132.5,25132.75,32
2026-03-06 04:51:00+00:00,25131.5,25131.5,25128.0,25131.25,36
2026-03-06 04:52:00+00:00,25130.75,25131.5,25129.75,25130.0,30
2026-03-06 04:53:00+00:00,25123.75,25131.0,25123.25,25131.0,57
2026-03-06 04:54:00+00:00,25120.25,25123.5,25119.5,25123.0,87
2026-03-06 04:55:00+00:00,25117.0,25121.0,25114.25,25120.25,135
2026-03-06 04:56:00+00:00,25116.25,25118.5,25115.75,25116.5,29
2026-03-06 04:57:00+00:00,25109.25,25115.25,25108.5,25115.25,126
2026-03-06 04:58:00+00:00,25106.25,25110.25,25105.75,25110.0,69
2026-03-06 05:09:00+00:00,25122.5,25125.0,25118.25,25118.25,50
2026-03-06 05:10:00+00:00,25127.0,25130.0,25122.25,25123.5,133
2026-03-06 05:11:00+00:00,25125.75,25128.75,25125.75,25127.25,44
2026-03-06 05:12:00+00:00,25124.75,25126.25,25122.75,25124.5,42
2026-03-06 05:13:00+00:00,25126.0,25126.75,25124.0,25124.25,18
2026-03-06 05:14:00+00:00,25127.75,25128.75,25124.0,25125.5,31
2026-03-06 05:15:00+00:00,25125.5,25127.5,25123.75,25127.5,32
2026-03-06 05:16:00+00:00,25127.0,25127.0,25123.25,25124.75,29
2026-03-06 05:17:00+00:00,25124.5,25127.5,25122.5,25127.25,41
2026-03-06 05:18:00+00:00,25126.0,25127.75,25124.75,25125.75,31
2026-03-06 05:19:00+00:00,25126.25,25127.25,25124.75,25125.0,36
2026-03-06 05:20:00+00:00,25123.0,25127.5,25119.5,25126.75,72
2026-03-06 05:21:00+00:00,25121.0,25123.5,25120.0,25122.5,41
2026-03-06 05:22:00+00:00,25112.5,25120.25,25111.75,25120.0,68
2026-03-06 05:23:00+00:00,25113.0,25116.75,25112.0,25112.0,43
2026-03-06 05:24:00+00:00,25116.5,25118.5,25112.25,25112.75,53
2026-03-06 05:25:00+00:00,25115.5,25117.5,25113.25,25117.5,32
2026-03-06 05:26:00+00:00,25114.5,25116.0,25111.75,25115.25,26
2026-03-06 05:27:00+00:00,25115.5,25117.0,25113.25,25113.25,20
2026-03-06 05:28:00+00:00,25120.0,25120.5,25113.25,25115.25,115
2026-03-06 05:29:00+00:00,25121.25,25122.25,25118.25,25121.25,44
2026-03-06 05:30:00+00:00,25120.5,25125.25,25119.5,25120.25,115
2026-03-06 05:31:00+00:00,25121.5,25122.25,25118.5,25120.25,43
2026-03-06 05:32:00+00:00,25123.75,25126.5,25122.25,25122.5,29
2026-03-06 05:33:00+00:00,25124.5,25128.0,25123.0,25126.5,33
2026-03-06 05:34:00+00:00,25126.0,25128.25,25125.0,25125.0,40
2026-03-06 05:35:00+00:00,25125.5,25127.25,25124.75,25126.25,26
2026-03-06 05:36:00+00:00,25136.5,25138.5,25127.5,25128.5,142
2026-03-06 05:37:00+00:00,25138.5,25141.5,25136.5,25137.75,92
2026-03-06 05:38:00+00:00,25139.25,25140.75,25137.0,25138.25,59
2026-03-06 05:39:00+00:00,25131.75,25139.25,25129.0,25139.25,89
2026-03-06 05:40:00+00:00,25130.0,25135.0,25128.75,25132.25,41
2026-03-06 05:41:00+00:00,25127.25,25130.0,25124.0,25130.0,58
2026-03-06 05:42:00+00:00,25124.75,25129.75,25123.0,25128.0,46
2026-03-06 05:43:00+00:00,25128.75,25129.25,25124.75,25125.5,28
2026-03-06 05:44:00+00:00,25129.5,25131.25,25127.0,25128.25,64
2026-03-06 05:45:00+00:00,25118.5,25129.5,25116.0,25128.25,237
2026-03-06 05:46:00+00:00,25122.0,25124.25,25119.25,25119.25,62
2026-03-06 05:47:00+00:00,25116.75,25120.5,25115.75,25120.5,56
2026-03-06 05:48:00+00:00,25112.25,25118.75,25112.25,25115.25,75
2026-03-06 05:49:00+00:00,25111.5,25112.75,25108.25,25112.25,98
2026-03-06 05:50:00+00:00,25116.75,25117.25,25106.75,25110.5,96
2026-03-06 05:51:00+00:00,25114.0,25117.5,25113.5,25116.75,52
2026-03-06 05:52:00+00:00,25112.0,25118.0,25112.0,25115.25,28
2026-03-06 05:53:00+00:00,25118.0,25118.0,25112.5,25113.25,38
2026-03-06 05:54:00+00:00,25121.75,25121.75,25115.5,25116.75,45
2026-03-06 05:55:00+00:00,25120.75,25124.0,25119.0,25122.75,42
2026-03-06 05:56:00+00:00,25119.75,25120.75,25118.0,25120.0,43
2026-03-06 05:57:00+00:00,25119.0,25121.75,25117.0,25120.0,47
2026-03-06 05:58:00+00:00,25114.0,25119.5,25114.0,25118.5,77
2026-03-06 05:59:00+00:00,25118.75,25119.0,25114.5,25114.5,39
2026-03-06 06:00:00+00:00,25123.5,25124.25,25117.5,25117.5,62
2026-03-06 06:01:00+00:00,25122.75,25125.25,25120.0,25123.5,61
2026-03-06 06:02:00+00:00,25130.75,25132.5,25123.75,25124.25,83
2026-03-06 06:03:00+00:00,25130.75,25133.0,25129.75,25131.0,68
2026-03-06 06:04:00+00:00,25129.75,25133.25,25129.0,25130.0,42
2026-03-06 06:05:00+00:00,25127.5,25131.5,25127.5,25130.75,27
2026-03-06 06:06:00+00:00,25132.25,25132.25,25126.0,25129.0,43
2026-03-06 06:07:00+00:00,25134.0,25134.0,25132.5,25133.0,39
2026-03-06 06:08:00+00:00,25131.0,25135.5,25130.0,25134.75,60
2026-03-06 06:09:00+00:00,25129.5,25131.25,25127.5,25130.75,40
2026-03-06 06:10:00+00:00,25131.75,25133.0,25128.75,25128.75,45
2026-03-06 06:11:00+00:00,25132.0,25133.75,25128.75,25132.25,64
2026-03-06 06:12:00+00:00,25125.75,25132.75,25125.0,25132.25,93
2026-03-06 06:13:00+00:00,25125.25,25127.0,25123.75,25124.5,44
2026-03-06 06:14:00+00:00,25123.25,25125.75,25121.25,25125.5,70
2026-03-06 06:15:00+00:00,25118.75,25124.25,25117.5,25122.5,58
2026-03-06 06:16:00+00:00,25118.75,25121.75,25118.25,25119.5,46
2026-03-06 06:17:00+00:00,25118.25,25118.25,25114.25,25117.75,63
2026-03-06 06:18:00+00:00,25116.75,25119.25,25114.75,25119.0,25
2026-03-06 06:19:00+00:00,25119.0,25120.75,25114.0,25116.25,73
2026-03-06 06:20:00+00:00,25117.0,25120.25,25115.0,25119.75,68
2026-03-06 06:21:00+00:00,25109.75,25118.5,25107.5,25117.5,114
2026-03-06 06:22:00+00:00,25112.75,25113.0,25109.0,25109.0,53
2026-03-06 06:23:00+00:00,25122.75,25124.5,25115.25,25115.25,106
2026-03-06 06:24:00+00:00,25125.0,25125.5,25120.5,25123.5,68
2026-03-06 06:25:00+00:00,25118.75,25123.5,25116.5,25123.5,106
2026-03-06 06:26:00+00:00,25114.5,25121.0,25114.25,25118.75,58
2026-03-06 06:27:00+00:00,25114.75,25115.5,25111.5,25114.0,48
2026-03-06 06:28:00+00:00,25110.5,25115.0,25108.75,25114.5,43
2026-03-06 06:29:00+00:00,25111.5,25115.0,25110.75,25111.75,42
2026-03-06 06:30:00+00:00,25112.25,25115.25,25109.5,25111.75,56
2026-03-06 06:31:00+00:00,25110.25,25115.25,25109.75,25114.5,50
2026-03-06 06:32:00+00:00,25105.75,25111.75,25105.75,25111.0,64
2026-03-06 06:33:00+00:00,25106.25,25110.25,25103.75,25106.0,157
2026-03-06 06:34:00+00:00,25107.5,25110.25,25106.0,25106.75,58
2026-03-06 06:35:00+00:00,25106.25,25107.75,25104.75,25107.0,32
2026-03-06 06:36:00+00:00,25110.5,25110.5,25105.0,25106.25,40
2026-03-06 06:37:00+00:00,25110.5,25112.5,25108.75,25111.0,62
2026-03-06 06:38:00+00:00,25110.5,25112.5,25110.25,25111.75,14
2026-03-06 06:39:00+00:00,25109.5,25111.0,25108.0,25109.5,30
2026-03-06 06:40:00+00:00,25108.75,25109.5,25107.5,25108.75,26
2026-03-06 06:41:00+00:00,25114.5,25115.0,25108.25,25108.25,33
2026-03-06 06:42:00+00:00,25116.5,25121.25,25115.0,25115.0,143
2026-03-06 06:43:00+00:00,25120.75,25121.75,25111.75,25116.0,91
2026-03-06 06:44:00+00:00,25119.25,25122.25,25118.5,25119.5,66
2026-03-06 06:45:00+00:00,25115.0,25119.25,25113.25,25118.5,107
2026-03-06 06:46:00+00:00,25114.5,25115.0,25113.25,25115.0,18
2026-03-06 06:47:00+00:00,25110.75,25116.25,25110.75,25115.0,24
2026-03-06 06:48:00+00:00,25109.75,25113.25,25106.5,25112.25,98
2026-03-06 06:49:00+00:00,25106.75,25110.25,25105.75,25110.25,74
2026-03-06 06:50:00+00:00,25106.5,25109.0,25105.0,25107.75,52
2026-03-06 06:51:00+00:00,25112.0,25112.0,25103.0,25104.5,68
2026-03-06 06:52:00+00:00,25108.25,25113.25,25108.0,25111.25,56
2026-03-06 06:53:00+00:00,25109.25,25109.25,25105.0,25108.5,56
2026-03-06 06:54:00+00:00,25109.25,25109.25,25107.25,25108.25,28
2026-03-06 06:55:00+00:00,25107.0,25110.25,25106.0,25108.25,35
2026-03-06 06:56:00+00:00,25107.0,25108.75,25104.0,25107.0,47
2026-03-06 06:57:00+00:00,25103.25,25106.25,25102.0,25106.25,63
2026-03-06 06:58:00+00:00,25103.25,25105.0,25100.75,25102.0,47
2026-03-06 06:59:00+00:00,25106.5,25106.5,25103.5,25104.0,43
2026-03-06 07:00:00+00:00,25117.75,25118.75,25105.0,25106.5,225
2026-03-06 07:01:00+00:00,25114.5,25120.25,25109.0,25118.75,199
2026-03-06 07:02:00+00:00,25111.0,25115.5,25106.5,25114.0,160
2026-03-06 07:03:00+00:00,25116.75,25117.25,25109.5,25111.25,122
2026-03-06 07:04:00+00:00,25112.5,25117.5,25111.5,25117.0,37
2026-03-06 07:05:00+00:00,25110.5,25115.0,25108.25,25112.75,52
2026-03-06 07:06:00+00:00,25108.75,25114.5,25108.75,25111.75,51
2026-03-06 07:07:00+00:00,25105.5,25109.25,25103.5,25108.75,94
2026-03-06 07:08:00+00:00,25099.0,25106.25,25099.0,25106.0,73
2026-03-06 07:09:00+00:00,25101.75,25105.0,25098.0,25100.25,138
2026-03-06 07:10:00+00:00,25095.5,25102.25,25094.25,25102.25,126
2026-03-06 07:11:00+00:00,25096.0,25099.0,25093.25,25097.0,91
2026-03-06 07:12:00+00:00,25095.0,25099.5,25094.25,25095.25,61
2026-03-06 07:13:00+00:00,25094.0,25097.0,25091.75,25096.75,86
2026-03-06 07:14:00+00:00,25098.0,25100.25,25095.75,25095.75,58
2026-03-06 07:15:00+00:00,25101.25,25103.75,25098.0,25098.5,89
2026-03-06 07:16:00+00:00,25106.75,25107.75,25098.75,25102.5,81
2026-03-06 07:17:00+00:00,25112.0,25112.5,25105.5,25107.0,109
2026-03-06 07:18:00+00:00,25102.5,25112.5,25101.75,25111.75,73
2026-03-06 07:19:00+00:00,25101.25,25103.25,25100.25,25103.25,49
2026-03-06 07:20:00+00:00,25110.0,25110.25,25103.5,25104.0,58
2026-03-06 07:21:00+00:00,25123.5,25124.0,25110.75,25110.75,184
2026-03-06 07:22:00+00:00,25124.25,25126.0,25119.75,25123.75,156
2026-03-06 07:23:00+00:00,25125.5,25126.25,25120.5,25124.75,89
2026-03-06 07:24:00+00:00,25123.75,25128.25,25121.0,25126.25,61
2026-03-06 07:25:00+00:00,25122.75,25127.25,25122.75,25122.75,52
2026-03-06 07:26:00+00:00,25133.5,25133.5,25123.0,25123.75,124
2026-03-06 07:27:00+00:00,25138.75,25140.5,25132.25,25134.0,278
2026-03-06 07:28:00+00:00,25134.75,25140.0,25132.0,25139.0,124
2026-03-06 07:29:00+00:00,25131.25,25134.75,25129.75,25133.75,73
2026-03-06 07:30:00+00:00,25130.5,25132.5,25128.0,25130.5,90
2026-03-06 07:31:00+00:00,25133.25,25134.75,25129.25,25130.0,98
2026-03-06 07:32:00+00:00,25125.5,25136.0,25125.5,25132.75,87
2026-03-06 07:33:00+00:00,25131.75,25131.75,25124.5,25125.0,56
2026-03-06 07:34:00+00:00,25134.25,25135.0,25130.25,25131.5,55
2026-03-06 07:35:00+00:00,25129.25,25133.75,25128.5,25133.25,39
2026-03-06 07:36:00+00:00,25130.5,25131.75,25128.5,25128.75,18
2026-03-06 07:37:00+00:00,25130.5,25134.0,25130.5,25130.5,36
2026-03-06 07:38:00+00:00,25129.25,25130.25,25127.5,25130.25,21
2026-03-06 07:39:00+00:00,25129.5,25130.25,25126.5,25128.75,60
2026-03-06 07:40:00+00:00,25129.0,25130.0,25127.75,25129.75,44
2026-03-06 07:41:00+00:00,25134.75,25135.5,25126.0,25128.0,80
2026-03-06 07:42:00+00:00,25134.0,25139.25,25133.5,25135.5,82
2026-03-06 07:43:00+00:00,25134.25,25136.5,25131.5,25133.0,40
2026-03-06 07:44:00+00:00,25134.25,25135.5,25131.25,25133.5,61
2026-03-06 07:45:00+00:00,25128.25,25134.25,25127.25,25134.25,73
2026-03-06 07:46:00+00:00,25130.75,25132.25,25128.75,25128.75,55
2026-03-06 07:47:00+00:00,25124.75,25130.5,25124.25,25130.5,64
2026-03-06 07:48:00+00:00,25120.0,25125.0,25118.0,25124.0,127
2026-03-06 07:49:00+00:00,25122.75,25123.25,25116.5,25120.75,68
2026-03-06 07:50:00+00:00,25118.25,25123.75,25115.5,25123.75,114
2026-03-06 07:51:00+00:00,25116.25,25121.0,25116.0,25121.0,95
2026-03-06 07:52:00+00:00,25117.75,25119.0,25116.5,25116.5,30
2026-03-06 07:53:00+00:00,25120.5,25121.25,25114.75,25117.75,76
2026-03-06 07:54:00+00:00,25120.0,25123.0,25118.5,25119.25,112
2026-03-06 07:55:00+00:00,25123.5,25124.5,25119.75,25119.75,50
2026-03-06 07:56:00+00:00,25128.5,25131.25,25122.25,25122.25,69
2026-03-06 07:57:00+00:00,25131.5,25131.75,25127.5,25128.5,41
2026-03-06 07:58:00+00:00,25125.75,25130.25,25125.0,25129.75,44
2026-03-06 07:59:00+00:00,25125.0,25127.75,25123.5,25125.75,73
2026-03-06 08:00:00+00:00,25123.0,25128.5,25118.0,25125.5,326
2026-03-06 08:01:00+00:00,25108.5,25126.0,25105.25,25122.25,171
2026-03-06 08:02:00+00:00,25111.5,25114.75,25105.75,25107.5,118
2026-03-06 08:03:00+00:00,25098.5,25113.25,25096.25,25112.25,267
2026-03-06 08:04:00+00:00,25099.5,25103.25,25095.25,25097.75,166
2026-03-06 08:05:00+00:00,25102.5,25116.5,25099.25,25099.25,227
2026-03-06 08:06:00+00:00,25104.75,25113.5,25097.0,25102.0,265
2026-03-06 08:07:00+00:00,25109.5,25112.25,25103.25,25105.0,150
2026-03-06 08:08:00+00:00,25104.75,25114.25,25103.5,25112.0,124
2026-03-06 08:09:00+00:00,25092.75,25105.5,25092.0,25104.25,214
2026-03-06 08:10:00+00:00,25102.75,25104.25,25088.25,25092.75,271
2026-03-06 08:11:00+00:00,25098.75,25104.75,25092.75,25101.0,189
2026-03-06 08:12:00+00:00,25102.0,25103.0,25090.25,25098.75,156
2026-03-06 08:13:00+00:00,25094.5,25107.0,25094.5,25103.5,118
2026-03-06 08:14:00+00:00,25093.25,25099.0,25090.5,25097.25,163
2026-03-06 08:15:00+00:00,25092.0,25094.25,25088.0,25092.25,162
2026-03-06 08:16:00+00:00,25106.5,25112.0,25091.75,25091.75,178
2026-03-06 08:17:00+00:00,25098.0,25107.75,25096.0,25105.75,118
2026-03-06 08:18:00+00:00,25088.75,25097.75,25086.0,25096.75,141
2026-03-06 08:19:00+00:00,25100.75,25104.75,25082.0,25086.5,295
2026-03-06 08:20:00+00:00,25106.25,25106.5,25098.25,25101.0,126
2026-03-06 08:21:00+00:00,25095.0,25109.5,25093.0,25106.5,118
2026-03-06 08:22:00+00:00,25093.0,25101.5,25093.0,25095.0,98
2026-03-06 08:23:00+00:00,25085.75,25090.75,25082.5,25090.5,247
2026-03-06 08:24:00+00:00,25082.5,25089.0,25082.25,25086.5,109
2026-03-06 08:25:00+00:00,25070.25,25083.25,25064.75,25082.25,439
2026-03-06 08:26:00+00:00,25059.25,25073.0,25058.25,25069.0,313
2026-03-06 08:27:00+00:00,25048.5,25059.5,25045.0,25058.75,389
2026-03-06 08:28:00+00:00,25047.5,25054.75,25038.25,25048.75,449
2026-03-06 08:29:00+00:00,25038.5,25052.0,25034.75,25047.25,415
2026-03-06 08:30:00+00:00,25043.75,25045.75,25033.0,25039.25,346
2026-03-06 08:31:00+00:00,25059.25,25062.0,25043.5,25043.5,463
2026-03-06 08:32:00+00:00,25070.0,25075.0,25059.5,25059.5,357
2026-03-06 08:33:00+00:00,25070.0,25072.25,25062.25,25070.5,209
2026-03-06 08:34:00+00:00,25061.5,25071.5,25060.5,25070.5,116
2026-03-06 08:35:00+00:00,25060.0,25064.25,25053.25,25062.75,200
2026-03-06 08:36:00+00:00,25048.75,25060.25,25044.25,25058.75,159
2026-03-06 08:37:00+00:00,25061.75,25061.75,25047.25,25047.25,151
2026-03-06 08:38:00+00:00,25071.75,25072.25,25055.25,25060.0,168
2026-03-06 08:39:00+00:00,25077.75,25079.25,25070.5,25073.25,140
2026-03-06 08:40:00+00:00,25079.0,25085.0,25077.0,25078.25,178
2026-03-06 08:41:00+00:00,25078.75,25080.75,25073.5,25078.75,61
2026-03-06 08:42:00+00:00,25070.0,25079.0,25068.75,25077.0,141
2026-03-06 08:43:00+00:00,25080.75,25080.75,25067.75,25069.0,107
2026-03-06 08:44:00+00:00,25091.0,25091.25,25080.25,25081.75,143
2026-03-06 08:45:00+00:00,25095.75,25095.75,25086.25,25090.75,105
2026-03-06 08:46:00+00:00,25106.25,25108.75,25094.0,25096.25,234
2026-03-06 08:47:00+00:00,25103.75,25108.25,25101.25,25107.75,172
2026-03-06 08:48:00+00:00,25094.75,25104.5,25093.75,25104.5,118
2026-03-06 08:49:00+00:00,25090.75,25098.0,25089.5,25094.75,119
2026-03-06 08:50:00+00:00,25106.0,25106.0,25088.25,25090.25,185
2026-03-06 08:51:00+00:00,25098.0,25105.0,25098.0,25105.0,100
2026-03-06 08:52:00+00:00,25100.0,25101.25,25097.0,25099.5,60
2026-03-06 08:53:00+00:00,25102.0,25104.75,25096.75,25099.75,90
2026-03-06 08:54:00+00:00,25098.25,25105.0,25097.5,25101.5,88
2026-03-06 08:55:00+00:00,25083.5,25098.25,25082.5,25097.5,161
2026-03-06 08:56:00+00:00,25083.0,25087.0,25080.25,25083.0,139
2026-03-06 08:57:00+00:00,25075.0,25083.25,25074.75,25081.0,122
2026-03-06 08:58:00+00:00,25071.75,25078.25,25070.0,25074.25,104
2026-03-06 08:59:00+00:00,25074.0,25076.5,25068.75,25071.75,98
2026-03-06 09:00:00+00:00,25076.5,25082.0,25068.25,25074.25,270
2026-03-06 09:01:00+00:00,25065.75,25081.5,25065.5,25078.0,242
2026-03-06 09:02:00+00:00,25058.0,25072.5,25056.0,25065.5,245
2026-03-06 09:03:00+00:00,25054.75,25068.75,25054.25,25056.25,184
2026-03-06 09:04:00+00:00,25044.25,25056.25,25043.5,25054.5,182
2026-03-06 09:05:00+00:00,25048.5,25051.5,25041.0,25043.25,187
2026-03-06 09:06:00+00:00,25055.25,25065.75,25048.5,25049.5,237
2026-03-06 09:07:00+00:00,25055.0,25063.0,25052.5,25056.25,128
2026-03-06 09:08:00+00:00,25039.0,25055.75,25038.0,25055.25,176
2026-03-06 09:09:00+00:00,25017.25,25037.5,25016.0,25037.5,428
2026-03-06 09:10:00+00:00,25009.75,25018.5,25009.0,25016.75,305
2026-03-06 09:11:00+00:00,25023.5,25028.5,25009.0,25011.25,258
2026-03-06 09:12:00+00:00,25031.5,25035.75,25014.75,25022.75,211
2026-03-06 09:13:00+00:00,25025.0,25033.0,25022.0,25030.25,155
2026-03-06 09:14:00+00:00,25027.0,25032.75,25022.0,25027.5,103
2026-03-06 09:15:00+00:00,25016.75,25026.5,25013.0,25026.25,236
2026-03-06 09:16:00+00:00,25026.25,25027.0,25010.0,25016.25,226
2026-03-06 09:17:00+00:00,24995.5,25029.0,24986.0,25027.0,516
2026-03-06 09:18:00+00:00,24993.5,25000.75,24988.75,24994.5,264
2026-03-06 09:19:00+00:00,24999.0,25003.0,24989.25,24991.75,332
2026-03-06 09:20:00+00:00,24993.5,25002.0,24990.0,25000.0,196
2026-03-06 09:21:00+00:00,24993.75,24998.5,24989.0,24993.75,162
2026-03-06 09:22:00+00:00,24989.0,24999.0,24988.0,24993.0,164
2026-03-06 09:23:00+00:00,24989.25,24995.0,24982.5,24989.0,245
2026-03-06 09:24:00+00:00,24983.5,24997.0,24980.25,24989.75,244
2026-03-06 09:25:00+00:00,24976.0,24992.25,24970.5,24983.25,320
2026-03-06 09:26:00+00:00,24965.0,24982.25,24965.0,24979.0,256
2026-03-06 09:27:00+00:00,24963.25,24975.5,24962.75,24964.75,197
2026-03-06 09:28:00+00:00,24962.25,24970.0,24958.25,24961.75,232
2026-03-06 09:29:00+00:00,24962.25,24966.25,24957.75,24962.25,272
2026-03-06 09:30:00+00:00,24970.0,24970.75,24955.0,24960.75,395
2026-03-06 09:31:00+00:00,24977.25,24979.25,24966.0,24968.5,305
2026-03-06 09:32:00+00:00,24959.0,24978.25,24956.0,24977.25,235
2026-03-06 09:33:00+00:00,24954.5,24966.25,24952.0,24958.75,232
2026-03-06 09:34:00+00:00,24940.75,24959.5,24938.0,24954.0,450
2026-03-06 09:35:00+00:00,24936.0,24951.25,24934.75,24940.25,348
2026-03-06 09:36:00+00:00,24935.25,24941.5,24924.0,24934.25,349
2026-03-06 09:37:00+00:00,24924.0,24935.5,24920.0,24934.0,327
2026-03-06 09:38:00+00:00,24928.25,24933.0,24921.75,24924.0,293
2026-03-06 09:39:00+00:00,24916.0,24930.5,24916.0,24926.5,271
2026-03-06 09:40:00+00:00,24916.75,24919.75,24906.5,24917.25,412
2026-03-06 09:41:00+00:00,24923.25,24928.0,24912.0,24917.75,367
2026-03-06 09:42:00+00:00,24919.75,24923.5,24908.75,24921.0,203
2026-03-06 09:43:00+00:00,24926.25,24931.5,24917.75,24918.25,300
2026-03-06 09:44:00+00:00,24927.5,24930.5,24918.5,24925.25,243
2026-03-06 09:45:00+00:00,24923.0,24935.25,24923.0,24927.0,264
2026-03-06 09:46:00+00:00,24898.0,24921.25,24882.25,24921.25,848
2026-03-06 09:47:00+00:00,24906.5,24914.75,24891.25,24898.5,392
2026-03-06 09:48:00+00:00,24907.5,24918.0,24901.5,24903.75,234
2026-03-06 09:49:00+00:00,24904.75,24910.0,24899.0,24907.5,191
2026-03-06 09:50:00+00:00,24889.25,24913.5,24886.75,24904.25,312
2026-03-06 09:51:00+00:00,24898.5,24898.75,24882.5,24889.0,273
2026-03-06 09:52:00+00:00,24904.75,24908.0,24895.25,24899.0,293
2026-03-06 09:53:00+00:00,24911.75,24919.5,24896.5,24906.0,326
2026-03-06 09:54:00+00:00,24915.25,24921.25,24908.25,24912.5,248
2026-03-06 09:55:00+00:00,24921.5,24923.5,24914.0,24915.0,283
2026-03-06 09:56:00+00:00,24926.0,24928.25,24922.0,24923.0,433
2026-03-06 09:57:00+00:00,24907.75,24932.0,24904.5,24925.5,357
2026-03-06 09:58:00+00:00,24912.0,24917.5,24906.0,24908.25,236
2026-03-06 09:59:00+00:00,24920.25,24921.25,24906.5,24911.5,202
2026-03-06 10:00:00+00:00,24927.75,24930.75,24918.25,24920.75,275
2026-03-06 10:01:00+00:00,24927.5,24936.75,24927.25,24928.25,292
2026-03-06 10:02:00+00:00,24934.75,24935.5,24922.5,24929.5,150
2026-03-06 10:03:00+00:00,24949.5,24952.25,24931.75,24933.75,326
2026-03-06 10:04:00+00:00,24948.75,24954.25,24944.5,24948.75,200
2026-03-06 10:05:00+00:00,24960.0,24960.75,24944.5,24950.25,166
2026-03-06 10:06:00+00:00,24955.5,24963.5,24951.25,24961.25,215
2026-03-06 10:07:00+00:00,24958.25,24965.0,24954.5,24956.0,224
2026-03-06 10:08:00+00:00,24948.75,24957.25,24941.75,24957.0,135
2026-03-06 10:09:00+00:00,24959.5,24963.5,24948.5,24949.25,155
2026-03-06 10:10:00+00:00,24961.75,24962.25,24952.75,24958.0,153
2026-03-06 10:11:00+00:00,24964.5,24967.75,24957.5,24962.75,209
2026-03-06 10:12:00+00:00,24952.5,24968.0,24950.5,24966.5,165
2026-03-06 10:13:00+00:00,24940.75,24955.25,24940.25,24951.75,170
2026-03-06 10:14:00+00:00,24946.5,24951.5,24941.0,24941.0,131
2026-03-06 10:15:00+00:00,24946.25,24949.5,24942.5,24948.25,82
2026-03-06 10:16:00+00:00,24957.5,24959.25,24944.75,24946.5,167
2026-03-06 10:17:00+00:00,24965.25,24966.25,24954.25,24960.0,130
2026-03-06 10:18:00+00:00,24962.75,24971.25,24960.5,24966.0,176
2026-03-06 10:19:00+00:00,24952.0,24961.5,24950.5,24958.25,166
2026-03-06 10:20:00+00:00,24946.0,24961.5,24945.75,24954.25,235
2026-03-06 10:21:00+00:00,24950.75,24956.0,24946.5,24948.5,125
2026-03-06 10:22:00+00:00,24953.25,24958.75,24951.75,24951.75,46
2026-03-06 10:23:00+00:00,24960.75,24963.0,24956.0,24956.0,44
2026-03-06 10:24:00+00:00,24956.0,24959.25,24952.5,24959.25,66
2026-03-06 10:25:00+00:00,24949.0,24961.0,24948.75,24956.25,85
2026-03-06 10:26:00+00:00,24954.5,24957.75,24949.0,24950.0,63
2026-03-06 10:27:00+00:00,24942.25,24954.5,24940.75,24954.25,138
2026-03-06 10:28:00+00:00,24938.25,24946.75,24937.25,24940.75,298
2026-03-06 10:29:00+00:00,24972.5,24981.0,24937.5,24938.25,1153
2026-03-06 10:30:00+00:00,24953.0,24974.5,24948.75,24972.75,241
2026-03-06 10:31:00+00:00,24958.75,24962.0,24949.5,24955.25,146
2026-03-06 10:32:00+00:00,24947.25,24955.75,24946.0,24955.0,114
2026-03-06 10:33:00+00:00,24945.5,24954.5,24945.5,24946.5,99
2026-03-06 10:34:00+00:00,24946.0,24956.0,24943.5,24944.75,173
2026-03-06 10:35:00+00:00,24945.0,24961.0,24941.5,24944.5,430
2026-03-06 10:36:00+00:00,24959.0,24960.25,24944.5,24945.0,140
2026-03-06 10:37:00+00:00,24960.5,24966.0,24957.25,24957.25,118
2026-03-06 10:38:00+00:00,24947.75,24957.0,24945.5,24956.0,124
2026-03-06 10:39:00+00:00,24948.25,24952.0,24946.5,24949.75,63
2026-03-06 10:40:00+00:00,24947.0,24950.25,24943.5,24949.5,46
2026-03-06 10:41:00+00:00,24963.25,24963.25,24948.25,24948.25,123
2026-03-06 10:42:00+00:00,24946.5,24964.5,24946.0,24964.5,70
2026-03-06 10:43:00+00:00,24942.25,24948.75,24937.75,24947.75,96
2026-03-06 10:44:00+00:00,24940.75,24943.75,24937.25,24943.5,113
2026-03-06 10:45:00+00:00,24935.0,24942.0,24935.0,24942.0,168
2026-03-06 10:46:00+00:00,24938.75,24941.0,24930.25,24935.5,184
2026-03-06 10:47:00+00:00,24942.75,24945.75,24937.75,24939.0,139
2026-03-06 10:48:00+00:00,24938.0,24943.75,24935.25,24941.75,94
2026-03-06 10:49:00+00:00,24930.75,24941.75,24928.0,24936.25,109
2026-03-06 10:50:00+00:00,24931.0,24943.0,24929.5,24931.25,171
2026-03-06 10:51:00+00:00,24939.0,24941.5,24929.75,24932.5,146
2026-03-06 10:52:00+00:00,24954.0,24954.25,24938.5,24938.75,126
2026-03-06 10:53:00+00:00,24945.0,24954.25,24941.25,24954.25,148
2026-03-06 10:54:00+00:00,24952.25,24953.75,24940.5,24942.25,76
2026-03-06 10:55:00+00:00,24957.5,24961.0,24953.25,24954.25,115
2026-03-06 10:56:00+00:00,24957.5,24961.75,24956.0,24958.0,127
2026-03-06 10:57:00+00:00,24953.25,24960.25,24952.0,24958.25,93
2026-03-06 10:58:00+00:00,24959.0,24960.0,24948.0,24953.25,99
2026-03-06 10:59:00+00:00,24949.75,24962.0,24949.75,24960.75,83
2026-03-06 11:00:00+00:00,24939.75,24953.0,24923.5,24948.0,680
2026-03-06 11:01:00+00:00,24941.25,24950.25,24936.0,24939.0,297
2026-03-06 11:02:00+00:00,24931.0,24942.75,24928.0,24938.75,203
2026-03-06 11:03:00+00:00,24920.5,24932.5,24916.0,24931.25,218
2026-03-06 11:04:00+00:00,24918.75,24928.0,24916.25,24919.25,138
2026-03-06 11:05:00+00:00,24902.75,24916.75,24898.5,24916.0,334
2026-03-06 11:06:00+00:00,24899.75,24909.5,24893.0,24902.5,409
2026-03-06 11:07:00+00:00,24900.75,24907.5,24894.5,24900.5,288
2026-03-06 11:08:00+00:00,24893.75,24904.75,24887.25,24899.25,249
2026-03-06 11:09:00+00:00,24911.0,24934.25,24892.25,24892.25,854
2026-03-06 11:10:00+00:00,24903.75,24916.5,24900.0,24911.5,330
2026-03-06 11:11:00+00:00,24925.0,24926.75,24897.25,24903.0,193
2026-03-06 11:12:00+00:00,24935.5,24954.0,24926.75,24927.25,343
2026-03-06 11:13:00+00:00,24946.0,24948.5,24935.0,24936.0,238
2026-03-06 11:14:00+00:00,24941.75,24948.0,24937.75,24946.25,157
2026-03-06 11:15:00+00:00,24935.25,24943.0,24929.25,24942.75,187
2026-03-06 11:16:00+00:00,24938.25,24942.0,24934.75,24934.75,71
2026-03-06 11:17:00+00:00,24935.5,24942.0,24934.0,24938.25,65
2026-03-06 11:18:00+00:00,24925.0,24935.0,24923.5,24935.0,187
2026-03-06 11:19:00+00:00,24935.5,24936.5,24925.5,24925.5,150
2026-03-06 11:20:00+00:00,24948.75,24949.75,24929.75,24936.25,285
2026-03-06 11:21:00+00:00,24957.75,24960.0,24946.5,24949.0,249
2026-03-06 11:22:00+00:00,24956.75,24960.0,24953.75,24958.0,91
2026-03-06 11:23:00+00:00,24954.0,24958.75,24948.0,24955.5,144
2026-03-06 11:24:00+00:00,24955.25,24957.5,24949.5,24952.5,107
2026-03-06 11:25:00+00:00,24946.5,24957.25,24945.25,24957.25,87
2026-03-06 11:26:00+00:00,24951.25,24958.0,24941.0,24946.5,297
2026-03-06 11:27:00+00:00,24950.5,24955.75,24943.75,24952.25,116
2026-03-06 11:28:00+00:00,24959.25,24962.75,24949.75,24949.75,139
2026-03-06 11:29:00+00:00,24947.75,24961.25,24946.5,24960.25,215
2026-03-06 11:30:00+00:00,24945.25,24949.25,24942.75,24948.75,114
2026-03-06 11:31:00+00:00,24943.75,24951.5,24943.0,24945.25,136
2026-03-06 11:32:00+00:00,24932.5,24943.5,24930.25,24943.5,197
2026-03-06 11:33:00+00:00,24922.0,24934.75,24922.0,24931.5,113
2026-03-06 11:34:00+00:00,24919.25,24924.75,24916.5,24922.0,273
2026-03-06 11:35:00+00:00,24918.5,24922.5,24915.5,24918.0,166
2026-03-06 11:36:00+00:00,24904.75,24920.25,24904.75,24919.25,211
2026-03-06 11:37:00+00:00,24911.0,24912.25,24903.75,24905.0,172
2026-03-06 11:38:00+00:00,24911.75,24917.0,24908.25,24911.75,149
2026-03-06 11:39:00+00:00,24911.75,24915.0,24905.0,24912.0,444
2026-03-06 11:40:00+00:00,24890.75,24910.75,24889.75,24909.25,915
2026-03-06 11:41:00+00:00,24881.75,24892.75,24874.25,24891.0,634
2026-03-06 11:42:00+00:00,24864.75,24892.75,24857.0,24878.5,678
2026-03-06 11:43:00+00:00,24862.0,24876.5,24858.75,24864.5,654
2026-03-06 11:44:00+00:00,24872.75,24877.5,24859.0,24860.5,432
2026-03-06 11:45:00+00:00,24871.0,24889.75,24868.5,24875.25,334
2026-03-06 11:46:00+00:00,24884.5,24886.25,24863.0,24871.0,207
2026-03-06 11:47:00+00:00,24887.5,24896.0,24878.75,24886.0,331
2026-03-06 11:48:00+00:00,24885.5,24891.0,24882.25,24888.5,220
2026-03-06 11:49:00+00:00,24883.5,24885.75,24878.0,24884.25,158
2026-03-06 11:50:00+00:00,24886.0,24893.5,24880.0,24884.75,229
2026-03-06 11:51:00+00:00,24875.0,24893.5,24875.0,24887.75,121
2026-03-06 11:52:00+00:00,24870.0,24879.5,24867.75,24875.75,176
2026-03-06 11:53:00+00:00,24873.25,24877.5,24866.25,24870.25,188
2026-03-06 11:54:00+00:00,24865.5,24879.75,24864.0,24873.0,199
2026-03-06 11:55:00+00:00,24850.25,24866.75,24846.75,24863.75,543
2026-03-06 11:56:00+00:00,24849.0,24855.0,24835.0,24851.0,439
2026-03-06 11:57:00+00:00,24850.0,24859.5,24847.5,24848.75,226
2026-03-06 11:58:00+00:00,24857.0,24858.25,24845.0,24850.75,245
2026-03-06 11:59:00+00:00,24856.25,24863.0,24851.0,24858.75,398
2026-03-06 12:00:00+00:00,24852.75,24866.75,24846.75,24858.75,447
2026-03-06 12:01:00+00:00,24866.75,24869.0,24842.5,24850.5,351
2026-03-06 12:02:00+00:00,24856.75,24870.0,24856.5,24866.25,286
2026-03-06 12:03:00+00:00,24860.75,24868.75,24849.75,24853.25,243
2026-03-06 12:04:00+00:00,24850.0,24861.25,24843.25,24860.75,589
2026-03-06 12:05:00+00:00,24861.75,24866.25,24850.25,24850.25,159
2026-03-06 12:06:00+00:00,24845.0,24869.25,24838.0,24861.25,455
2026-03-06 12:07:00+00:00,24854.0,24859.0,24839.0,24844.0,493
2026-03-06 12:08:00+00:00,24857.25,24866.5,24849.0,24855.75,192
2026-03-06 12:09:00+00:00,24855.0,24857.75,24847.25,24855.0,223
2026-03-06 12:10:00+00:00,24850.5,24857.75,24844.25,24855.75,303
2026-03-06 12:11:00+00:00,24857.25,24861.5,24846.75,24849.75,176
2026-03-06 12:12:00+00:00,24856.75,24860.75,24852.5,24856.5,166
2026-03-06 12:13:00+00:00,24862.25,24868.0,24858.25,24858.25,152
2026-03-06 12:14:00+00:00,24872.0,24877.0,24859.25,24860.75,317
2026-03-06 12:15:00+00:00,24871.5,24884.75,24870.5,24874.25,409
2026-03-06 12:16:00+00:00,24857.0,24875.75,24851.75,24872.25,543
2026-03-06 12:17:00+00:00,24867.25,24869.25,24854.75,24857.0,298
2026-03-06 12:18:00+00:00,24873.5,24875.0,24862.5,24867.75,488
2026-03-06 12:19:00+00:00,24871.75,24878.0,24866.75,24874.25,157
2026-03-06 12:20:00+00:00,24878.25,24881.0,24865.75,24871.75,286
2026-03-06 12:21:00+00:00,24868.5,24878.25,24866.0,24876.25,136
2026-03-06 12:22:00+00:00,24859.75,24869.25,24854.0,24867.75,218
2026-03-06 12:23:00+00:00,24860.5,24868.5,24856.25,24858.5,239
2026-03-06 12:24:00+00:00,24862.75,24864.5,24854.5,24860.0,317
2026-03-06 12:25:00+00:00,24859.0,24867.75,24857.5,24861.75,192
2026-03-06 12:26:00+00:00,24861.5,24866.5,24853.75,24858.5,201
2026-03-06 12:27:00+00:00,24867.75,24868.5,24858.25,24861.5,116
2026-03-06 12:28:00+00:00,24860.5,24868.75,24856.5,24868.5,176
2026-03-06 12:29:00+00:00,24859.25,24862.25,24856.25,24860.25,132
2026-03-06 12:30:00+00:00,24849.0,24859.0,24846.5,24857.0,398
2026-03-06 12:31:00+00:00,24828.0,24850.0,24820.0,24848.75,619
2026-03-06 12:32:00+00:00,24846.25,24851.25,24824.5,24827.75,436
2026-03-06 12:33:00+00:00,24830.75,24846.25,24827.0,24845.5,289
2026-03-06 12:34:00+00:00,24847.75,24862.0,24826.5,24829.25,605
2026-03-06 12:35:00+00:00,24832.5,24848.25,24824.5,24848.0,458
2026-03-06 12:36:00+00:00,24828.75,24832.75,24818.75,24832.75,328
2026-03-06 12:37:00+00:00,24831.25,24831.25,24823.5,24827.75,200
2026-03-06 12:38:00+00:00,24835.75,24838.75,24825.25,24829.0,391
2026-03-06 12:39:00+00:00,24835.0,24837.75,24829.0,24835.75,110
2026-03-06 12:40:00+00:00,24831.5,24839.5,24828.0,24837.25,190
2026-03-06 12:41:00+00:00,24850.5,24853.25,24832.5,24833.75,354
2026-03-06 12:42:00+00:00,24843.0,24859.25,24841.75,24849.75,303
2026-03-06 12:43:00+00:00,24846.25,24851.5,24844.5,24845.0,96
2026-03-06 12:44:00+00:00,24845.25,24848.5,24837.25,24846.25,101
2026-03-06 12:45:00+00:00,24840.75,24852.25,24840.25,24844.75,109
2026-03-06 12:46:00+00:00,24833.5,24844.0,24826.25,24840.0,197
2026-03-06 12:47:00+00:00,24813.25,24833.5,24810.0,24833.5,622
2026-03-06 12:48:00+00:00,24813.0,24815.75,24805.5,24814.25,246
2026-03-06 12:49:00+00:00,24815.0,24817.0,24809.5,24813.75,201
2026-03-06 12:50:00+00:00,24825.75,24827.75,24813.75,24814.25,280
2026-03-06 12:51:00+00:00,24825.75,24838.5,24822.0,24826.25,285
2026-03-06 12:52:00+00:00,24838.5,24840.0,24825.0,24825.25,262
2026-03-06 12:53:00+00:00,24827.25,24838.75,24825.5,24836.25,247
2026-03-06 12:54:00+00:00,24813.0,24829.0,24811.0,24828.0,361
2026-03-06 12:55:00+00:00,24823.75,24825.25,24810.0,24813.25,190
2026-03-06 12:56:00+00:00,24827.0,24835.0,24823.75,24823.75,279
2026-03-06 12:57:00+00:00,24824.25,24831.5,24820.5,24827.25,198
2026-03-06 12:58:00+00:00,24831.0,24832.0,24823.0,24824.75,134
2026-03-06 12:59:00+00:00,24835.75,24836.0,24825.75,24832.25,171
2026-03-06 13:00:00+00:00,24840.75,24848.25,24829.75,24835.0,427
2026-03-06 13:01:00+00:00,24850.5,24856.5,24838.0,24841.5,380
2026-03-06 13:02:00+00:00,24846.25,24855.75,24844.5,24849.75,176
2026-03-06 13:03:00+00:00,24845.0,24853.25,24842.5,24845.0,242
2026-03-06 13:04:00+00:00,24838.25,24845.0,24830.0,24845.0,337
2026-03-06 13:05:00+00:00,24832.25,24839.5,24822.0,24837.0,540
2026-03-06 13:06:00+00:00,24845.0,24848.25,24831.5,24832.75,263
2026-03-06 13:07:00+00:00,24851.25,24853.0,24844.25,24844.75,257
2026-03-06 13:08:00+00:00,24842.5,24851.75,24838.25,24851.0,221
2026-03-06 13:09:00+00:00,24854.0,24862.5,24841.75,24843.25,506
2026-03-06 13:10:00+00:00,24849.75,24857.25,24846.75,24853.5,219
2026-03-06 13:11:00+00:00,24860.5,24862.0,24849.0,24849.0,145
2026-03-06 13:12:00+00:00,24857.5,24863.5,24856.0,24860.25,265
2026-03-06 13:13:00+00:00,24856.25,24859.25,24848.0,24858.25,201
2026-03-06 13:14:00+00:00,24849.5,24858.75,24849.25,24856.5,255
2026-03-06 13:15:00+00:00,24848.0,24850.0,24838.5,24850.0,225
2026-03-06 13:16:00+00:00,24851.5,24853.0,24843.5,24848.0,107
2026-03-06 13:17:00+00:00,24837.75,24852.75,24836.25,24851.5,152
2026-03-06 13:18:00+00:00,24847.0,24847.0,24838.25,24838.25,175
2026-03-06 13:19:00+00:00,24845.5,24851.0,24843.0,24844.75,133
2026-03-06 13:20:00+00:00,24847.25,24851.5,24840.25,24845.25,218
2026-03-06 13:21:00+00:00,24846.0,24850.25,24841.0,24847.75,207
2026-03-06 13:22:00+00:00,24842.75,24849.5,24837.5,24847.25,149
2026-03-06 13:23:00+00:00,24844.5,24846.0,24838.75,24842.0,120
2026-03-06 13:24:00+00:00,24850.75,24852.5,24842.75,24843.25,170
2026-03-06 13:25:00+00:00,24855.5,24859.0,24848.0,24850.5,192
2026-03-06 13:26:00+00:00,24856.25,24861.25,24855.5,24856.0,279
2026-03-06 13:27:00+00:00,24859.5,24861.75,24855.75,24855.75,225
2026-03-06 13:28:00+00:00,24874.75,24877.5,24858.0,24858.25,449
2026-03-06 13:29:00+00:00,24863.5,24878.0,24863.5,24873.25,335
2026-03-06 13:30:00+00:00,24760.75,24908.75,24735.0,24873.75,3040
2026-03-06 13:31:00+00:00,24809.0,24815.5,24751.0,24761.25,1397
2026-03-06 13:32:00+00:00,24826.25,24831.75,24773.75,24808.75,1257
2026-03-06 13:33:00+00:00,24790.25,24829.75,24783.0,24826.5,1193
2026-03-06 13:34:00+00:00,24823.5,24832.0,24777.0,24790.75,895
2026-03-06 13:35:00+00:00,24825.5,24848.0,24807.5,24821.75,1105
2026-03-06 13:36:00+00:00,24810.25,24832.0,24808.25,24823.75,524
2026-03-06 13:37:00+00:00,24802.25,24823.0,24789.25,24810.5,781
2026-03-06 13:38:00+00:00,24786.5,24810.0,24781.0,24802.25,596
2026-03-06 13:39:00+00:00,24762.5,24790.0,24753.75,24788.25,902
2026-03-06 13:40:00+00:00,24764.0,24772.0,24756.0,24760.75,608
2026-03-06 13:41:00+00:00,24740.75,24773.5,24739.75,24766.75,1087
2026-03-06 13:42:00+00:00,24737.25,24754.0,24735.75,24740.0,1071
2026-03-06 13:43:00+00:00,24739.0,24747.5,24726.75,24738.0,865
2026-03-06 13:44:00+00:00,24734.25,24742.5,24728.0,24738.75,612
2026-03-06 13:45:00+00:00,24701.75,24735.0,24696.0,24735.0,1975
2026-03-06 13:46:00+00:00,24700.5,24716.5,24694.0,24701.25,1096
2026-03-06 13:47:00+00:00,24677.75,24702.5,24675.0,24700.5,1237
2026-03-06 13:48:00+00:00,24701.5,24703.75,24666.75,24678.0,1475
2026-03-06 13:49:00+00:00,24693.0,24713.0,24689.0,24701.25,838
2026-03-06 13:50:00+00:00,24669.25,24706.5,24656.75,24693.25,1214
2026-03-06 13:51:00+00:00,24664.75,24688.75,24651.25,24669.75,1615
2026-03-06 13:52:00+00:00,24694.25,24698.0,24661.0,24665.5,1106
2026-03-06 13:53:00+00:00,24670.75,24695.0,24669.0,24694.75,974
2026-03-06 13:54:00+00:00,24649.0,24673.75,24641.0,24672.25,1502
2026-03-06 13:55:00+00:00,24654.5,24676.25,24640.0,24649.5,1564
2026-03-06 13:56:00+00:00,24638.75,24656.25,24618.25,24653.5,2191
2026-03-06 13:57:00+00:00,24650.0,24657.5,24636.5,24639.25,1138
2026-03-06 13:58:00+00:00,24646.75,24654.75,24638.5,24649.25,728
2026-03-06 13:59:00+00:00,24645.75,24675.0,24641.75,24648.0,898
2026-03-06 14:00:00+00:00,24630.0,24653.0,24623.75,24644.5,1067
2026-03-06 14:01:00+00:00,24648.75,24665.0,24626.5,24631.25,1013
2026-03-06 14:02:00+00:00,24655.5,24669.75,24648.75,24648.75,753
2026-03-06 14:03:00+00:00,24642.75,24659.75,24635.75,24654.75,765
2026-03-06 14:04:00+00:00,24646.75,24653.5,24631.5,24643.0,774
2026-03-06 14:05:00+00:00,24653.25,24661.5,24638.25,24648.0,672
2026-03-06 14:06:00+00:00,24636.0,24654.25,24636.0,24653.0,586
2026-03-06 14:07:00+00:00,24644.75,24653.5,24633.75,24636.0,472
2026-03-06 14:08:00+00:00,24633.0,24649.75,24631.75,24645.25,456
2026-03-06 14:09:00+00:00,24622.5,24634.25,24612.5,24632.0,1078
2026-03-06 14:10:00+00:00,24617.0,24628.0,24615.0,24624.0,573
2026-03-06 14:11:00+00:00,24629.0,24637.5,24615.5,24618.5,751
2026-03-06 14:12:00+00:00,24626.75,24633.0,24614.25,24630.25,859
2026-03-06 14:13:00+00:00,24630.5,24632.25,24618.25,24626.75,406
2026-03-06 14:14:00+00:00,24628.5,24648.0,24625.5,24631.5,901
2026-03-06 14:15:00+00:00,24631.75,24633.0,24622.75,24628.0,346
2026-03-06 14:16:00+00:00,24637.25,24638.5,24624.0,24630.75,422
2026-03-06 14:17:00+00:00,24629.25,24640.25,24626.0,24637.5,510
2026-03-06 14:18:00+00:00,24627.5,24631.5,24614.75,24628.0,599
2026-03-06 14:19:00+00:00,24627.75,24629.5,24616.5,24628.0,413
2026-03-06 14:20:00+00:00,24640.25,24641.75,24619.25,24627.25,369
2026-03-06 14:21:00+00:00,24647.75,24649.5,24639.0,24639.25,417
2026-03-06 14:22:00+00:00,24658.5,24659.5,24643.75,24647.5,720
2026-03-06 14:23:00+00:00,24644.0,24659.0,24638.75,24658.75,537
2026-03-06 14:24:00+00:00,24645.25,24646.25,24636.0,24645.0,501
2026-03-06 14:25:00+00:00,24651.25,24652.25,24640.5,24644.25,541
2026-03-06 14:26:00+00:00,24653.25,24657.0,24649.0,24650.25,598
2026-03-06 14:27:00+00:00,24658.0,24658.0,24641.75,24651.5,665
2026-03-06 14:28:00+00:00,24670.5,24671.75,24655.0,24655.5,921
2026-03-06 14:29:00+00:00,24685.75,24687.0,24662.0,24670.0,1627
2026-03-06 14:30:00+00:00,24681.5,24722.0,24666.25,24685.75,5643
2026-03-06 14:31:00+00:00,24677.25,24702.0,24653.5,24681.25,4459
2026-03-06 14:32:00+00:00,24704.75,24710.25,24663.0,24678.0,3038
2026-03-06 14:33:00+00:00,24697.25,24732.5,24682.0,24704.5,3333
2026-03-06 14:34:00+00:00,24705.75,24708.0,24681.75,24697.5,2187
2026-03-06 14:35:00+00:00,24650.25,24716.25,24637.75,24706.25,3900
2026-03-06 14:36:00+00:00,24623.5,24653.25,24608.75,24651.5,3839
2026-03-06 14:37:00+00:00,24632.75,24644.5,24616.0,24624.5,2452
2026-03-06 14:38:00+00:00,24689.5,24698.25,24627.5,24632.0,2987
2026-03-06 14:39:00+00:00,24680.0,24705.25,24674.25,24687.5,2412
2026-03-06 14:40:00+00:00,24674.0,24713.0,24671.75,24679.75,2580
2026-03-06 14:41:00+00:00,24705.5,24712.5,24669.0,24673.25,2306
2026-03-06 14:42:00+00:00,24696.5,24716.0,24678.25,24703.75,1852
2026-03-06 14:43:00+00:00,24685.75,24730.0,24679.5,24695.25,3125
2026-03-06 14:44:00+00:00,24679.25,24721.75,24673.75,24687.75,1753
2026-03-06 14:45:00+00:00,24688.25,24717.0,24660.0,24680.0,2799
2026-03-06 14:46:00+00:00,24664.0,24701.0,24661.75,24688.75,1592
2026-03-06 14:47:00+00:00,24663.75,24675.0,24635.75,24663.75,2633
2026-03-06 14:48:00+00:00,24681.75,24686.5,24650.75,24665.0,1680
2026-03-06 14:49:00+00:00,24675.25,24694.25,24660.75,24681.0,1391
2026-03-06 14:50:00+00:00,24692.0,24700.0,24665.25,24674.75,1746
2026-03-06 14:51:00+00:00,24723.0,24742.5,24692.25,24692.25,2621
2026-03-06 14:52:00+00:00,24698.0,24723.75,24685.25,24722.75,1838
2026-03-06 14:53:00+00:00,24688.75,24712.5,24681.75,24699.5,1546
2026-03-06 14:54:00+00:00,24685.25,24705.75,24684.0,24688.75,1221
2026-03-06 14:55:00+00:00,24672.0,24692.5,24669.75,24685.75,1558
2026-03-06 14:56:00+00:00,24672.0,24672.75,24652.25,24672.25,1490
2026-03-06 14:57:00+00:00,24662.0,24678.75,24657.0,24672.25,1261
2026-03-06 14:58:00+00:00,24646.25,24665.0,24643.5,24660.25,1492
2026-03-06 14:59:00+00:00,24690.0,24705.0,24633.0,24647.0,2365
2026-03-06 15:00:00+00:00,24738.0,24775.5,24687.75,24691.25,4597
2026-03-06 15:01:00+00:00,24740.75,24766.25,24728.5,24738.0,2049
2026-03-06 15:02:00+00:00,24769.5,24777.25,24740.0,24741.0,2240
2026-03-06 15:03:00+00:00,24753.75,24769.75,24747.5,24768.75,1505
2026-03-06 15:04:00+00:00,24765.25,24767.75,24735.5,24752.75,1459
2026-03-06 15:05:00+00:00,24739.75,24774.0,24718.5,24764.5,1829
2026-03-06 15:06:00+00:00,24760.0,24768.0,24729.0,24741.5,1339
2026-03-06 15:07:00+00:00,24734.25,24766.25,24731.25,24759.75,1154
2026-03-06 15:08:00+00:00,24718.0,24737.25,24709.0,24735.75,1486
2026-03-06 15:09:00+00:00,24675.5,24720.0,24669.25,24717.75,2318
2026-03-06 15:10:00+00:00,24670.75,24691.5,24664.5,24675.75,1930
2026-03-06 15:11:00+00:00,24727.25,24727.5,24671.0,24671.0,2064
2026-03-06 15:12:00+00:00,24749.75,24756.25,24722.5,24727.0,2166
2026-03-06 15:13:00+00:00,24788.25,24791.5,24748.25,24751.0,2084
2026-03-06 15:14:00+00:00,24790.5,24795.75,24760.5,24787.5,1792
2026-03-06 15:15:00+00:00,24790.25,24797.5,24773.0,24789.5,1588
2026-03-06 15:16:00+00:00,24766.25,24799.75,24764.0,24789.0,1561
2026-03-06 15:17:00+00:00,24784.0,24792.25,24759.5,24767.25,1327
2026-03-06 15:18:00+00:00,24781.25,24793.25,24776.75,24785.25,920
2026-03-06 15:19:00+00:00,24783.25,24789.5,24776.0,24783.5,715
2026-03-06 15:20:00+00:00,24779.75,24797.0,24776.25,24783.0,1187
2026-03-06 15:21:00+00:00,24792.75,24799.5,24773.5,24779.25,1150
2026-03-06 15:22:00+00:00,24796.75,24798.75,24779.75,24793.5,876
2026-03-06 15:23:00+00:00,24802.0,24822.0,24794.0,24796.5,2377
2026-03-06 15:24:00+00:00,24811.0,24822.5,24802.0,24802.0,1272
2026-03-06 15:25:00+00:00,24813.25,24820.25,24797.0,24811.25,1502
2026-03-06 15:26:00+00:00,24807.0,24829.0,24805.75,24812.0,1308
2026-03-06 15:27:00+00:00,24807.5,24823.75,24797.0,24808.5,1120
2026-03-06 15:28:00+00:00,24805.0,24822.75,24797.75,24808.0,1286
2026-03-06 15:29:00+00:00,24822.0,24825.75,24793.25,24805.75,1340
2026-03-06 15:30:00+00:00,24830.0,24844.75,24820.75,24821.75,2189
2026-03-06 15:31:00+00:00,24852.5,24864.25,24825.5,24829.75,2047
2026-03-06 15:32:00+00:00,24857.0,24861.75,24842.5,24851.25,1302
2026-03-06 15:33:00+00:00,24841.25,24858.0,24833.25,24856.0,1266
2026-03-06 15:34:00+00:00,24851.0,24852.75,24832.0,24841.25,823
2026-03-06 15:35:00+00:00,24865.25,24868.5,24844.5,24851.5,1312
2026-03-06 15:36:00+00:00,24874.25,24879.5,24856.0,24865.5,1655
2026-03-06 15:37:00+00:00,24884.25,24885.75,24870.0,24874.25,1369
2026-03-06 15:38:00+00:00,24889.25,24893.25,24875.25,24884.0,1414
2026-03-06 15:39:00+00:00,24877.25,24890.5,24870.75,24890.5,1029
2026-03-06 15:40:00+00:00,24858.5,24877.25,24852.25,24877.0,1549
2026-03-06 15:41:00+00:00,24847.75,24862.5,24839.75,24859.75,1428
2026-03-06 15:42:00+00:00,24836.25,24850.5,24834.75,24847.0,1052
2026-03-06 15:43:00+00:00,24818.75,24840.75,24811.0,24836.0,1602
2026-03-06 15:44:00+00:00,24837.0,24842.75,24818.5,24818.5,1131
2026-03-06 15:45:00+00:00,24825.75,24847.25,24818.5,24836.0,1092
2026-03-06 15:46:00+00:00,24815.5,24828.75,24804.5,24826.0,1224
2026-03-06 15:47:00+00:00,24817.75,24823.75,24811.0,24814.5,821
2026-03-06 15:48:00+00:00,24808.75,24818.25,24803.0,24818.25,940
2026-03-06 15:49:00+00:00,24803.75,24814.0,24790.25,24808.5,1551
2026-03-06 15:50:00+00:00,24761.75,24806.0,24760.75,24804.25,1856
2026-03-06 15:51:00+00:00,24759.25,24771.25,24755.25,24762.0,1359
2026-03-06 15:52:00+00:00,24768.75,24771.75,24752.0,24759.25,1075
2026-03-06 15:53:00+00:00,24776.0,24782.75,24766.5,24770.0,1680
2026-03-06 15:54:00+00:00,24789.0,24792.0,24763.75,24776.25,1340
2026-03-06 15:55:00+00:00,24846.25,24850.5,24789.25,24789.25,2910
2026-03-06 15:56:00+00:00,24876.5,24876.5,24845.75,24846.25,2121
2026-03-06 15:57:00+00:00,24869.25,24881.75,24865.5,24875.25,1414
2026-03-06 15:58:00+00:00,24871.75,24880.25,24856.75,24870.5,1107
2026-03-06 15:59:00+00:00,24858.5,24884.0,24851.75,24871.0,1066
2026-03-06 16:00:00+00:00,24874.5,24880.0,24849.0,24859.0,1347
2026-03-06 16:01:00+00:00,24873.5,24883.25,24870.0,24874.75,905
2026-03-06 16:02:00+00:00,24869.25,24876.75,24855.5,24873.5,952
2026-03-06 16:03:00+00:00,24883.75,24885.25,24867.0,24869.5,885
2026-03-06 16:04:00+00:00,24893.0,24899.5,24881.5,24883.0,2421
2026-03-06 16:05:00+00:00,24882.25,24898.0,24881.25,24892.25,858
2026-03-06 16:06:00+00:00,24852.75,24890.5,24852.0,24882.0,1182
2026-03-06 16:07:00+00:00,24855.25,24863.5,24848.5,24853.0,1023
2026-03-06 16:08:00+00:00,24849.0,24863.5,24844.75,24855.75,763
2026-03-06 16:09:00+00:00,24849.5,24870.5,24845.75,24849.75,1066
2026-03-06 16:10:00+00:00,24843.5,24852.75,24837.75,24850.75,1206
2026-03-06 16:11:00+00:00,24832.0,24843.75,24823.5,24843.0,1116
2026-03-06 16:12:00+00:00,24825.5,24838.0,24824.0,24832.75,850
2026-03-06 16:13:00+00:00,24822.25,24838.0,24822.25,24827.5,765
2026-03-06 16:14:00+00:00,24823.25,24829.0,24816.0,24823.25,836
2026-03-06 16:15:00+00:00,24835.25,24836.5,24816.75,24824.5,903
2026-03-06 16:16:00+00:00,24830.5,24863.5,24827.25,24835.25,1686
2026-03-06 16:17:00+00:00,24820.75,24840.25,24813.5,24832.0,905
2026-03-06 16:18:00+00:00,24836.0,24843.0,24821.25,24821.5,691
2026-03-06 16:19:00+00:00,24854.75,24860.0,24830.5,24836.0,947
2026-03-06 16:20:00+00:00,24827.25,24860.75,24817.25,24854.0,1283
2026-03-06 16:21:00+00:00,24808.0,24838.25,24799.0,24826.75,1523
2026-03-06 16:22:00+00:00,24801.5,24815.5,24795.75,24807.5,915
2026-03-06 16:23:00+00:00,24800.5,24807.5,24790.0,24801.5,898
2026-03-06 16:24:00+00:00,24834.5,24836.25,24792.25,24800.75,1135
2026-03-06 16:25:00+00:00,24828.0,24845.0,24821.5,24833.25,1047
2026-03-06 16:26:00+00:00,24820.5,24830.25,24811.5,24829.5,761
2026-03-06 16:27:00+00:00,24813.75,24835.0,24811.25,24821.25,780
2026-03-06 16:28:00+00:00,24829.75,24833.5,24813.0,24813.25,565
2026-03-06 16:29:00+00:00,24844.0,24846.0,24825.0,24829.25,689
2026-03-06 16:30:00+00:00,24815.75,24850.5,24811.5,24844.25,1593
2026-03-06 16:31:00+00:00,24828.0,24834.0,24810.25,24816.25,807
2026-03-06 16:32:00+00:00,24844.5,24848.0,24826.5,24826.5,656
2026-03-06 16:33:00+00:00,24820.5,24847.5,24818.25,24845.0,780
2026-03-06 16:34:00+00:00,24804.25,24823.5,24796.0,24820.25,1526
2026-03-06 16:35:00+00:00,24814.0,24827.75,24798.25,24804.5,1302
2026-03-06 16:36:00+00:00,24840.5,24844.0,24813.5,24815.0,841
2026-03-06 16:37:00+00:00,24860.0,24863.75,24840.0,24841.0,1530
2026-03-06 16:38:00+00:00,24853.0,24864.25,24849.0,24860.75,569
2026-03-06 16:39:00+00:00,24858.5,24869.75,24849.75,24853.5,794
2026-03-06 16:40:00+00:00,24863.25,24865.75,24842.5,24858.0,770
2026-03-06 16:41:00+00:00,24852.0,24871.75,24839.25,24862.25,869
2026-03-06 16:42:00+00:00,24858.5,24861.0,24844.5,24853.0,528
2026-03-06 16:43:00+00:00,24871.0,24874.25,24853.0,24859.0,828
2026-03-06 16:44:00+00:00,24849.5,24872.5,24842.75,24871.75,833
2026-03-06 16:45:00+00:00,24889.0,24891.5,24847.25,24848.25,1193
2026-03-06 16:46:00+00:00,24886.5,24896.25,24882.0,24889.0,1103
2026-03-06 16:47:00+00:00,24874.5,24898.5,24867.75,24886.25,1063
2026-03-06 16:48:00+00:00,24897.25,24903.75,24865.0,24875.25,1203
2026-03-06 16:49:00+00:00,24884.25,24899.75,24883.25,24896.25,676
2026-03-06 16:50:00+00:00,24896.5,24902.75,24884.0,24885.5,951
2026-03-06 16:51:00+00:00,24897.0,24915.0,24893.5,24897.25,1583
2026-03-06 16:52:00+00:00,24897.5,24906.5,24892.0,24896.25,778
2026-03-06 16:53:00+00:00,24892.75,24906.75,24885.5,24898.25,876
2026-03-06 16:54:00+00:00,24858.25,24895.0,24852.25,24893.0,1275
2026-03-06 16:55:00+00:00,24865.5,24868.75,24844.5,24858.0,1074
2026-03-06 16:56:00+00:00,24857.0,24868.0,24843.5,24865.5,995
2026-03-06 16:57:00+00:00,24887.5,24898.25,24848.5,24856.5,1473
2026-03-06 16:58:00+00:00,24889.5,24894.75,24866.25,24886.5,1207
2026-03-06 16:59:00+00:00,24880.75,24893.5,24877.5,24890.25,701
2026-03-06 17:00:00+00:00,24874.25,24885.0,24864.0,24881.0,1219
2026-03-06 17:01:00+00:00,24878.5,24881.75,24865.0,24874.5,641
2026-03-06 17:02:00+00:00,24868.0,24886.0,24866.5,24878.75,603
2026-03-06 17:03:00+00:00,24900.25,24901.0,24862.5,24868.25,957
2026-03-06 17:04:00+00:00,24896.0,24926.25,24893.75,24899.5,1761
2026-03-06 17:05:00+00:00,24890.0,24899.75,24874.75,24896.0,1284
2026-03-06 17:06:00+00:00,24849.75,24891.0,24846.0,24889.25,1062
2026-03-06 17:07:00+00:00,24842.5,24855.0,24841.25,24849.25,824
2026-03-06 17:08:00+00:00,24833.0,24851.5,24831.5,24843.0,753
2026-03-06 17:09:00+00:00,24844.5,24849.75,24827.5,24833.0,684
2026-03-06 17:10:00+00:00,24846.5,24858.5,24843.5,24844.0,630
2026-03-06 17:11:00+00:00,24839.5,24852.5,24837.75,24846.0,592
2026-03-06 17:12:00+00:00,24834.0,24843.5,24831.5,24839.75,557
2026-03-06 17:13:00+00:00,24835.25,24848.25,24831.0,24834.0,559
2026-03-06 17:14:00+00:00,24834.5,24837.75,24822.5,24835.0,669
2026-03-06 17:15:00+00:00,24828.75,24839.75,24827.5,24834.0,584
2026-03-06 17:16:00+00:00,24824.0,24832.25,24808.75,24829.25,997
2026-03-06 17:17:00+00:00,24827.0,24839.5,24823.0,24824.75,531
2026-03-06 17:18:00+00:00,24836.0,24846.5,24824.75,24827.0,559
2026-03-06 17:19:00+00:00,24847.75,24850.0,24833.5,24836.0,669
2026-03-06 17:20:00+00:00,24833.5,24853.25,24828.75,24849.25,624
2026-03-06 17:21:00+00:00,24836.0,24844.0,24827.75,24834.5,520
2026-03-06 17:22:00+00:00,24861.0,24871.0,24837.25,24838.5,1093
2026-03-06 17:23:00+00:00,24848.25,24863.0,24845.0,24862.0,501
2026-03-06 17:24:00+00:00,24838.5,24850.0,24832.25,24848.25,590
2026-03-06 17:25:00+00:00,24806.0,24843.0,24802.0,24839.0,1084
2026-03-06 17:26:00+00:00,24796.75,24813.25,24793.5,24805.5,1204
2026-03-06 17:27:00+00:00,24809.5,24811.75,24793.0,24798.0,663
2026-03-06 17:28:00+00:00,24821.75,24826.25,24809.0,24811.0,819
2026-03-06 17:29:00+00:00,24813.25,24833.75,24812.25,24823.25,750
2026-03-06 17:30:00+00:00,24816.25,24822.0,24809.0,24812.5,658
2026-03-06 17:31:00+00:00,24816.0,24817.5,24802.5,24814.5,554
2026-03-06 17:32:00+00:00,24805.75,24818.25,24797.25,24818.0,700
2026-03-06 17:33:00+00:00,24818.5,24821.0,24804.25,24806.0,575
2026-03-06 17:34:00+00:00,24822.25,24826.0,24811.25,24818.75,604
2026-03-06 17:35:00+00:00,24797.75,24824.25,24797.0,24822.0,588
2026-03-06 17:36:00+00:00,24777.5,24804.0,24773.75,24798.5,1416
2026-03-06 17:37:00+00:00,24775.75,24782.25,24767.5,24778.25,1001
2026-03-06 17:38:00+00:00,24777.5,24777.75,24766.0,24776.5,725
2026-03-06 17:39:00+00:00,24774.5,24780.0,24761.75,24776.5,655
2026-03-06 17:40:00+00:00,24760.5,24784.25,24759.75,24776.0,881
2026-03-06 17:41:00+00:00,24765.25,24773.0,24758.0,24760.75,548
2026-03-06 17:42:00+00:00,24756.0,24767.25,24749.0,24765.25,967
2026-03-06 17:43:00+00:00,24752.75,24762.0,24744.25,24757.5,819
2026-03-06 17:44:00+00:00,24770.25,24775.0,24751.0,24753.75,1038
2026-03-06 17:45:00+00:00,24778.5,24780.5,24769.0,24769.5,884
2026-03-06 17:46:00+00:00,24784.5,24789.0,24774.5,24779.0,776
2026-03-06 17:47:00+00:00,24780.0,24790.25,24776.0,24784.75,729
2026-03-06 17:48:00+00:00,24795.25,24799.5,24780.5,24780.5,923
2026-03-06 17:49:00+00:00,24803.0,24811.25,24792.25,24794.25,877
2026-03-06 17:50:00+00:00,24823.25,24825.75,24802.5,24803.0,1233
2026-03-06 17:51:00+00:00,24803.25,24824.5,24801.75,24824.25,789
2026-03-06 17:52:00+00:00,24793.5,24805.5,24783.5,24803.75,984
2026-03-06 17:53:00+00:00,24797.5,24808.0,24793.0,24793.25,568
2026-03-06 17:54:00+00:00,24792.75,24806.5,24791.0,24797.25,602
2026-03-06 17:55:00+00:00,24787.0,24803.5,24785.25,24794.5,510
2026-03-06 17:56:00+00:00,24806.25,24816.0,24781.25,24787.5,777
2026-03-06 17:57:00+00:00,24801.0,24815.5,24798.0,24808.75,579
2026-03-06 17:58:00+00:00,24792.0,24803.25,24791.5,24802.25,462
2026-03-06 17:59:00+00:00,24784.25,24795.5,24783.0,24794.0,539
2026-03-06 18:00:00+00:00,24793.75,24798.25,24779.0,24783.75,840
2026-03-06 18:01:00+00:00,24825.0,24826.75,24794.25,24794.25,1545
2026-03-06 18:02:00+00:00,24820.5,24828.25,24816.25,24825.5,828
2026-03-06 18:03:00+00:00,24807.0,24821.5,24803.0,24821.0,854
2026-03-06 18:04:00+00:00,24796.25,24815.0,24785.75,24806.5,796
2026-03-06 18:05:00+00:00,24814.75,24815.25,24790.0,24796.25,634
2026-03-06 18:06:00+00:00,24806.5,24828.0,24805.5,24813.75,815
2026-03-06 18:07:00+00:00,24811.75,24818.5,24804.5,24806.25,378
2026-03-06 18:08:00+00:00,24817.75,24820.25,24807.5,24813.5,411
2026-03-06 18:09:00+00:00,24819.75,24833.75,24816.0,24818.5,817
2026-03-06 18:10:00+00:00,24817.75,24828.25,24806.0,24819.25,683
2026-03-06 18:11:00+00:00,24834.5,24842.5,24815.25,24817.0,877
2026-03-06 18:12:00+00:00,24851.5,24851.5,24833.25,24835.5,921
2026-03-06 18:13:00+00:00,24892.5,24895.5,24846.0,24851.0,2389
2026-03-06 18:14:00+00:00,24888.75,24893.75,24874.0,24891.75,1512
2026-03-06 18:15:00+00:00,24896.0,24898.5,24877.0,24889.25,1086
2026-03-06 18:16:00+00:00,24884.75,24896.5,24876.5,24896.5,768
2026-03-06 18:17:00+00:00,24881.5,24884.5,24858.5,24884.5,1558
2026-03-06 18:18:00+00:00,24893.0,24896.25,24879.0,24881.25,818
2026-03-06 18:19:00+00:00,24885.25,24893.0,24877.0,24892.0,631
2026-03-06 18:20:00+00:00,24879.25,24889.0,24872.5,24883.5,577
2026-03-06 18:21:00+00:00,24884.25,24888.25,24870.75,24878.5,633
2026-03-06 18:22:00+00:00,24852.75,24887.5,24849.25,24884.5,844
2026-03-06 18:23:00+00:00,24864.0,24873.75,24848.25,24853.5,734
2026-03-06 18:24:00+00:00,24862.75,24865.5,24846.5,24864.5,889
2026-03-06 18:25:00+00:00,24853.0,24866.5,24844.0,24863.5,759
2026-03-06 18:26:00+00:00,24847.5,24853.0,24839.0,24852.5,503
2026-03-06 18:27:00+00:00,24827.25,24847.0,24824.0,24846.0,847
2026-03-06 18:28:00+00:00,24825.5,24842.5,24825.0,24827.5,804
2026-03-06 18:29:00+00:00,24830.5,24835.75,24815.5,24825.0,823
2026-03-06 18:30:00+00:00,24835.25,24848.0,24825.0,24830.25,998
2026-03-06 18:31:00+00:00,24854.5,24861.5,24834.25,24836.25,1188
2026-03-06 18:32:00+00:00,24840.5,24860.75,24840.0,24854.0,703
2026-03-06 18:33:00+00:00,24842.5,24843.75,24828.75,24840.5,858
2026-03-06 18:34:00+00:00,24846.0,24852.25,24840.25,24841.75,651
2026-03-06 18:35:00+00:00,24833.5,24846.25,24825.75,24844.5,572
2026-03-06 18:36:00+00:00,24822.25,24840.75,24820.25,24833.75,1119
2026-03-06 18:37:00+00:00,24819.25,24826.5,24804.0,24822.5,1245
2026-03-06 18:38:00+00:00,24831.5,24835.25,24812.5,24818.5,656
2026-03-06 18:39:00+00:00,24828.75,24844.5,24826.25,24831.5,592
2026-03-06 18:40:00+00:00,24824.5,24835.75,24818.75,24828.0,522
2026-03-06 18:41:00+00:00,24830.5,24834.25,24823.0,24824.75,463
2026-03-06 18:42:00+00:00,24835.25,24849.0,24830.0,24830.0,723
2026-03-06 18:43:00+00:00,24845.0,24849.25,24832.75,24836.25,408
2026-03-06 18:44:00+00:00,24840.0,24852.75,24835.0,24847.25,476
2026-03-06 18:45:00+00:00,24841.5,24847.0,24830.0,24840.75,508
2026-03-06 18:46:00+00:00,24834.0,24848.0,24831.0,24841.0,458
2026-03-06 18:47:00+00:00,24827.0,24839.75,24824.0,24833.75,531
2026-03-06 18:48:00+00:00,24833.25,24840.0,24822.0,24829.75,550
2026-03-06 18:49:00+00:00,24843.5,24845.5,24829.0,24832.5,485
2026-03-06 18:50:00+00:00,24812.5,24845.75,24810.0,24845.0,838
2026-03-06 18:51:00+00:00,24810.25,24821.0,24798.0,24813.25,1126
2026-03-06 18:52:00+00:00,24822.25,24829.0,24805.75,24811.0,794
2026-03-06 18:53:00+00:00,24813.25,24824.0,24809.5,24821.75,384
2026-03-06 18:54:00+00:00,24800.75,24813.0,24790.75,24813.0,860
2026-03-06 18:55:00+00:00,24810.5,24810.75,24792.75,24801.0,544
2026-03-06 18:56:00+00:00,24804.25,24814.75,24802.5,24810.25,451
2026-03-06 18:57:00+00:00,24810.0,24817.0,24801.75,24803.25,339
2026-03-06 18:58:00+00:00,24811.25,24817.5,24805.25,24809.0,309
2026-03-06 18:59:00+00:00,24799.75,24813.75,24798.25,24810.75,508
2026-03-06 19:00:00+00:00,24810.5,24813.75,24800.0,24800.5,748
2026-03-06 19:01:00+00:00,24804.25,24815.0,24802.0,24810.5,535
2026-03-06 19:02:00+00:00,24808.25,24811.5,24798.75,24803.75,595
2026-03-06 19:03:00+00:00,24804.25,24816.0,24802.75,24810.5,628
2026-03-06 19:04:00+00:00,24795.0,24803.75,24793.25,24803.75,570
2026-03-06 19:05:00+00:00,24805.5,24813.0,24790.0,24795.0,679
2026-03-06 19:06:00+00:00,24812.25,24819.0,24803.0,24807.0,613
2026-03-06 19:07:00+00:00,24816.25,24828.5,24811.5,24812.5,692
2026-03-06 19:08:00+00:00,24812.75,24821.25,24803.25,24816.0,555
2026-03-06 19:09:00+00:00,24821.0,24824.75,24809.0,24812.75,364
2026-03-06 19:10:00+00:00,24837.0,24840.0,24817.75,24821.0,836
2026-03-06 19:11:00+00:00,24838.75,24845.75,24835.25,24836.75,607
2026-03-06 19:12:00+00:00,24832.75,24846.25,24827.0,24839.75,647
2026-03-06 19:13:00+00:00,24848.25,24848.5,24833.25,24833.25,425
2026-03-06 19:14:00+00:00,24843.25,24854.0,24835.75,24848.0,571
2026-03-06 19:15:00+00:00,24842.25,24843.0,24831.25,24841.5,430
2026-03-06 19:16:00+00:00,24837.25,24848.0,24832.5,24842.25,640
2026-03-06 19:17:00+00:00,24828.75,24840.75,24824.75,24837.75,538
2026-03-06 19:18:00+00:00,24815.25,24832.75,24801.5,24828.25,835
2026-03-06 19:19:00+00:00,24826.75,24834.5,24816.0,24816.0,699
2026-03-06 19:20:00+00:00,24826.5,24832.25,24820.25,24826.75,492
2026-03-06 19:21:00+00:00,24811.0,24828.5,24805.0,24827.5,676
2026-03-06 19:22:00+00:00,24798.5,24817.25,24797.25,24809.5,587
2026-03-06 19:23:00+00:00,24815.5,24827.75,24787.0,24799.25,1838
2026-03-06 19:24:00+00:00,24793.5,24814.5,24793.0,24814.25,730
2026-03-06 19:25:00+00:00,24792.5,24799.5,24783.25,24793.75,774
2026-03-06 19:26:00+00:00,24807.25,24810.25,24789.5,24792.25,641
2026-03-06 19:27:00+00:00,24821.0,24828.0,24806.75,24807.25,748
2026-03-06 19:28:00+00:00,24812.25,24822.0,24810.0,24821.75,497
2026-03-06 19:29:00+00:00,24820.0,24824.75,24812.0,24812.0,422
2026-03-06 19:30:00+00:00,24828.75,24838.75,24812.5,24818.5,765
2026-03-06 19:31:00+00:00,24833.0,24839.0,24820.5,24828.0,540
2026-03-06 19:32:00+00:00,24815.5,24830.75,24811.75,24830.75,458
2026-03-06 19:33:00+00:00,24825.25,24837.25,24816.25,24816.25,413
2026-03-06 19:34:00+00:00,24825.5,24833.0,24821.25,24825.25,524
2026-03-06 19:35:00+00:00,24827.75,24835.25,24824.5,24825.75,315
2026-03-06 19:36:00+00:00,24821.25,24829.0,24814.0,24828.0,369
2026-03-06 19:37:00+00:00,24816.0,24827.0,24814.5,24819.75,388
2026-03-06 19:38:00+00:00,24798.25,24816.75,24784.75,24816.0,956
2026-03-06 19:39:00+00:00,24804.25,24808.5,24796.0,24798.25,579
2026-03-06 19:40:00+00:00,24823.5,24826.5,24802.5,24806.5,678
2026-03-06 19:41:00+00:00,24836.25,24840.75,24814.5,24823.0,880
2026-03-06 19:42:00+00:00,24832.5,24839.5,24826.25,24835.0,583
2026-03-06 19:43:00+00:00,24822.0,24837.75,24822.0,24831.0,441
2026-03-06 19:44:00+00:00,24798.25,24822.5,24797.75,24822.0,718
2026-03-06 19:45:00+00:00,24797.5,24804.25,24792.25,24798.0,585
2026-03-06 19:46:00+00:00,24801.5,24805.0,24785.75,24796.5,679
2026-03-06 19:47:00+00:00,24778.75,24801.0,24778.25,24800.25,578
2026-03-06 19:48:00+00:00,24786.75,24796.0,24777.5,24780.5,657
2026-03-06 19:49:00+00:00,24792.75,24796.5,24784.25,24786.75,336
2026-03-06 19:50:00+00:00,24791.5,24799.25,24789.25,24791.5,412
2026-03-06 19:51:00+00:00,24779.0,24792.5,24776.25,24791.25,592
2026-03-06 19:52:00+00:00,24800.5,24804.25,24773.5,24779.75,827
2026-03-06 19:53:00+00:00,24791.0,24806.25,24789.0,24800.75,608
2026-03-06 19:54:00+00:00,24801.25,24808.0,24788.5,24791.75,654
2026-03-06 19:55:00+00:00,24803.25,24807.75,24798.0,24801.25,508
2026-03-06 19:56:00+00:00,24810.25,24812.0,24802.0,24804.0,484
2026-03-06 19:57:00+00:00,24805.5,24809.5,24799.75,24809.25,513
2026-03-06 19:58:00+00:00,24811.75,24816.0,24801.0,24802.5,546
2026-03-06 19:59:00+00:00,24808.25,24814.5,24807.25,24812.0,386
2026-03-06 20:00:00+00:00,24813.75,24821.75,24806.75,24808.0,893
2026-03-06 20:01:00+00:00,24837.75,24840.0,24811.25,24813.0,999
2026-03-06 20:02:00+00:00,24835.5,24853.25,24831.75,24837.5,1454
2026-03-06 20:03:00+00:00,24848.25,24848.5,24829.5,24835.25,629
2026-03-06 20:04:00+00:00,24844.5,24849.75,24835.0,24848.75,487
2026-03-06 20:05:00+00:00,24833.25,24848.0,24827.5,24844.25,625
2026-03-06 20:06:00+00:00,24831.25,24846.25,24830.25,24832.25,493
2026-03-06 20:07:00+00:00,24821.75,24832.5,24820.75,24832.0,600
2026-03-06 20:08:00+00:00,24805.5,24825.25,24800.25,24822.25,879
2026-03-06 20:09:00+00:00,24799.5,24807.75,24798.0,24805.0,589
2026-03-06 20:10:00+00:00,24752.5,24806.5,24749.5,24800.0,2542
2026-03-06 20:11:00+00:00,24742.25,24756.25,24732.0,24751.25,1610
2026-03-06 20:12:00+00:00,24729.0,24749.25,24728.5,24741.5,995
2026-03-06 20:13:00+00:00,24746.0,24748.0,24726.0,24730.25,1018
2026-03-06 20:14:00+00:00,24750.75,24756.0,24737.5,24746.5,879
2026-03-06 20:15:00+00:00,24737.75,24752.25,24724.25,24750.75,1227
2026-03-06 20:16:00+00:00,24751.25,24766.75,24737.5,24737.75,1485
2026-03-06 20:17:00+00:00,24759.0,24773.75,24750.5,24750.5,1415
2026-03-06 20:18:00+00:00,24752.75,24767.25,24745.75,24759.25,695
2026-03-06 20:19:00+00:00,24745.0,24763.0,24745.0,24753.25,482
2026-03-06 20:20:00+00:00,24736.5,24749.5,24734.0,24746.25,651
2026-03-06 20:21:00+00:00,24716.25,24738.0,24699.0,24736.5,1984
2026-03-06 20:22:00+00:00,24701.25,24716.75,24699.0,24716.25,745
2026-03-06 20:23:00+00:00,24697.25,24710.0,24692.5,24701.75,897
2026-03-06 20:24:00+00:00,24689.0,24706.0,24686.75,24698.0,979
2026-03-06 20:25:00+00:00,24675.75,24691.5,24672.25,24689.0,951
2026-03-06 20:26:00+00:00,24669.5,24676.5,24659.0,24676.5,1083
2026-03-06 20:27:00+00:00,24645.25,24672.0,24644.25,24669.25,1195
2026-03-06 20:28:00+00:00,24657.25,24666.25,24643.5,24644.5,1210
2026-03-06 20:29:00+00:00,24654.0,24662.75,24648.0,24656.0,830
2026-03-06 20:30:00+00:00,24657.5,24664.0,24637.0,24652.75,2144
2026-03-06 20:31:00+00:00,24646.5,24663.5,24642.0,24657.0,900
2026-03-06 20:32:00+00:00,24635.25,24650.75,24630.0,24647.0,967
2026-03-06 20:33:00+00:00,24642.0,24646.25,24626.5,24635.5,1108
2026-03-06 20:34:00+00:00,24638.5,24649.0,24637.75,24642.75,1008
2026-03-06 20:35:00+00:00,24631.25,24638.5,24618.5,24637.5,1177
2026-03-06 20:36:00+00:00,24614.5,24641.5,24612.0,24630.75,947
2026-03-06 20:37:00+00:00,24631.25,24641.0,24601.0,24614.25,1761
2026-03-06 20:38:00+00:00,24616.5,24638.0,24611.25,24631.5,1005
2026-03-06 20:39:00+00:00,24650.25,24657.25,24616.25,24616.75,1655
2026-03-06 20:40:00+00:00,24694.0,24708.0,24630.0,24650.5,3466
2026-03-06 20:41:00+00:00,24696.5,24700.25,24673.25,24694.5,1418
2026-03-06 20:42:00+00:00,24692.75,24705.25,24680.75,24697.0,904
2026-03-06 20:43:00+00:00,24699.0,24700.75,24684.75,24690.75,823
2026-03-06 20:44:00+00:00,24679.5,24699.75,24672.0,24699.25,838
2026-03-06 20:45:00+00:00,24686.25,24687.5,24673.25,24679.5,798
2026-03-06 20:46:00+00:00,24687.75,24699.75,24678.75,24685.0,813
2026-03-06 20:47:00+00:00,24688.0,24698.0,24682.0,24686.75,492
2026-03-06 20:48:00+00:00,24689.75,24693.5,24680.75,24688.0,553
2026-03-06 20:49:00+00:00,24691.25,24696.75,24682.0,24689.25,770
2026-03-06 20:50:00+00:00,24658.5,24704.75,24655.5,24691.0,2005
2026-03-06 20:51:00+00:00,24668.5,24674.0,24656.0,24658.5,976
2026-03-06 20:52:00+00:00,24676.25,24680.0,24660.25,24668.5,1080
2026-03-06 20:53:00+00:00,24663.75,24683.0,24659.25,24676.5,860
2026-03-06 20:54:00+00:00,24679.5,24681.0,24660.75,24663.5,1323
2026-03-06 20:55:00+00:00,24663.25,24683.5,24651.25,24679.25,1626
2026-03-06 20:56:00+00:00,24673.5,24676.0,24659.25,24663.5,1536
2026-03-06 20:57:00+00:00,24688.75,24690.75,24669.75,24673.75,1494
2026-03-06 20:58:00+00:00,24686.5,24693.25,24678.0,24688.75,1473
2026-03-06 20:59:00+00:00,24667.25,24686.5,24662.75,24686.5,8530
2026-03-06 21:00:00+00:00,24652.25,24677.75,24642.0,24667.25,3302
2026-03-06 21:01:00+00:00,24642.5,24655.75,24637.5,24652.0,1169
2026-03-06 21:02:00+00:00,24637.0,24645.0,24629.25,24643.0,1040
2026-03-06 21:03:00+00:00,24647.0,24650.5,24636.0,24637.5,899
2026-03-06 21:04:00+00:00,24642.5,24654.75,24639.0,24647.25,900
2026-03-06 21:05:00+00:00,24634.5,24644.25,24618.0,24642.0,1034
2026-03-06 21:06:00+00:00,24632.25,24641.5,24625.5,24634.75,640
2026-03-06 21:07:00+00:00,24632.5,24638.25,24628.75,24633.0,350
2026-03-06 21:08:00+00:00,24630.5,24639.75,24629.0,24632.5,495
2026-03-06 21:09:00+00:00,24630.25,24633.75,24628.0,24630.75,277
2026-03-06 21:10:00+00:00,24636.0,24639.5,24629.75,24630.0,468
2026-03-06 21:11:00+00:00,24646.5,24648.25,24634.5,24635.25,521
2026-03-06 21:12:00+00:00,24652.25,24652.5,24643.25,24646.5,363
2026-03-06 21:13:00+00:00,24654.25,24657.75,24648.5,24652.75,449
2026-03-06 21:14:00+00:00,24658.5,24665.5,24653.75,24653.75,479
2026-03-06 21:15:00+00:00,24655.75,24659.25,24649.25,24658.75,319
2026-03-06 21:16:00+00:00,24647.75,24655.25,24646.25,24655.25,290
2026-03-06 21:17:00+00:00,24651.0,24658.75,24646.5,24648.5,230
2026-03-06 21:18:00+00:00,24640.5,24651.5,24639.5,24650.25,270
2026-03-06 21:19:00+00:00,24644.5,24645.5,24637.25,24640.0,310
2026-03-06 21:20:00+00:00,24649.25,24652.0,24644.0,24644.25,157
2026-03-06 21:21:00+00:00,24643.0,24650.25,24640.25,24650.25,104
2026-03-06 21:22:00+00:00,24644.5,24647.0,24643.0,24643.5,232
2026-03-06 21:23:00+00:00,24643.75,24648.25,24643.0,24645.0,123
2026-03-06 21:24:00+00:00,24643.25,24645.0,24642.0,24644.25,115
2026-03-06 21:25:00+00:00,24640.75,24645.0,24639.25,24643.25,140
2026-03-06 21:26:00+00:00,24640.0,24642.5,24630.0,24641.25,169
2026-03-06 21:27:00+00:00,24644.5,24645.25,24638.25,24640.0,155
2026-03-06 21:28:00+00:00,24640.25,24646.5,24636.75,24645.25,146
2026-03-06 21:29:00+00:00,24632.5,24641.0,24630.0,24640.5,151
2026-03-06 21:30:00+00:00,24636.25,24637.25,24631.25,24632.75,112
2026-03-06 21:31:00+00:00,24636.0,24636.75,24632.0,24636.0,132
2026-03-06 21:32:00+00:00,24636.25,24638.75,24633.5,24636.25,108
2026-03-06 21:33:00+00:00,24638.75,24639.5,24635.75,24637.5,94
2026-03-06 21:34:00+00:00,24639.75,24644.0,24638.0,24638.25,290
2026-03-06 21:35:00+00:00,24648.0,24650.75,24639.5,24639.5,226
2026-03-06 21:36:00+00:00,24648.5,24650.25,24647.0,24650.0,121
2026-03-06 21:37:00+00:00,24653.5,24654.25,24646.5,24648.5,138
2026-03-06 21:38:00+00:00,24658.25,24660.75,24653.5,24654.5,217
2026-03-06 21:39:00+00:00,24657.75,24660.0,24656.0,24658.25,141
2026-03-06 21:40:00+00:00,24665.25,24668.25,24658.25,24658.25,193
2026-03-06 21:41:00+00:00,24661.25,24666.0,24657.0,24666.0,204
2026-03-06 21:42:00+00:00,24659.0,24661.5,24656.75,24661.25,150
2026-03-06 21:43:00+00:00,24657.75,24659.75,24655.5,24659.75,114
2026-03-06 21:44:00+00:00,24662.25,24664.0,24657.5,24657.75,148
2026-03-06 21:45:00+00:00,24667.5,24671.25,24659.25,24662.5,233
2026-03-06 21:46:00+00:00,24668.75,24672.75,24668.0,24668.25,107
2026-03-06 21:47:00+00:00,24670.0,24673.75,24668.0,24668.75,111
2026-03-06 21:48:00+00:00,24669.0,24671.25,24666.75,24669.75,163
2026-03-06 21:49:00+00:00,24672.25,24673.5,24668.0,24669.5,127
2026-03-06 21:50:00+00:00,24674.75,24679.25,24672.25,24672.25,183
2026-03-06 21:51:00+00:00,24673.25,24676.25,24671.5,24674.5,114
2026-03-06 21:52:00+00:00,24678.5,24682.25,24673.75,24674.0,233
2026-03-06 21:53:00+00:00,24670.5,24679.75,24670.5,24678.5,188
2026-03-06 21:54:00+00:00,24675.0,24678.5,24670.25,24671.0,197
2026-03-06 21:55:00+00:00,24671.5,24678.0,24670.25,24675.0,311
2026-03-06 21:56:00+00:00,24670.0,24673.75,24667.75,24671.25,199
2026-03-06 21:57:00+00:00,24667.75,24670.0,24664.25,24670.0,457
2026-03-06 21:58:00+00:00,24667.0,24669.5,24664.75,24667.75,84
2026-03-06 21:59:00+00:00,24670.25,24672.25,24658.75,24666.5,238
