Datum,Nachricht
2026-02-09T00:00:00.000+01:00,MT BULLISH | CCI: NaN | ATR: NaN | Preis: 25091.5 | MT-Linie: NaN
2026-02-09T01:26:00.000+01:00,MT BEARISH | CCI: -3.9 | ATR: 14.4 | Preis: 25217.5 | MT-Linie: 25229.73
2026-02-09T01:33:00.000+01:00,MT BULLISH | CCI: 11.7 | ATR: 14.95 | Preis: 25226.2 | MT-Linie: 25226.06
2026-02-09T01:37:00.000+01:00,MT BEARISH | CCI: -62.8 | ATR: 12.38 | Preis: 25218.3 | MT-Linie: 25226.06
2026-02-09T02:31:00.000+01:00,MT BULLISH | CCI: 19.2 | ATR: 11.27 | Preis: 25165.6 | MT-Linie: 25167.54
2026-02-09T02:34:00.000+01:00,MT BEARISH | CCI: -10.8 | ATR: 11.02 | Preis: 25161.7 | MT-Linie: 25167.54
2026-02-09T02:35:00.000+01:00,MT BULLISH | CCI: 44.5 | ATR: 11.06 | Preis: 25166.3 | MT-Linie: 25167.54
2026-02-09T02:36:00.000+01:00,MT BEARISH | CCI: -5.6 | ATR: 11.12 | Preis: 25161.8 | MT-Linie: 25167.54
2026-02-09T03:07:00.000+01:00,MT BULLISH | CCI: 50.9 | ATR: 10.77 | Preis: 25145.4 | MT-Linie: 25134.79
2026-02-09T03:15:00.000+01:00,MT BEARISH | CCI: -17.2 | ATR: 10.14 | Preis: 25134.5 | MT-Linie: 25143.33
2026-02-09T03:17:00.000+01:00,MT BULLISH | CCI: 34.5 | ATR: 9.51 | Preis: 25140 | MT-Linie: 25143.33
2026-02-09T03:26:00.000+01:00,MT BEARISH | CCI: -79.6 | ATR: 9.73 | Preis: 25128.8 | MT-Linie: 25143.33
2026-02-09T03:30:00.000+01:00,MT BULLISH | CCI: 78.2 | ATR: 9.93 | Preis: 25147.2 | MT-Linie: 25143.33
2026-02-09T03:55:00.000+01:00,MT BEARISH | CCI: -4.4 | ATR: 7.32 | Preis: 25156.1 | MT-Linie: 25162.39
2026-02-09T04:53:00.000+01:00,MT BULLISH | CCI: 25.7 | ATR: 7.76 | Preis: 25128.8 | MT-Linie: 25124.29
2026-02-09T04:54:00.000+01:00,MT BEARISH | CCI: -29.3 | ATR: 7.82 | Preis: 25121.1 | MT-Linie: 25124.29
2026-02-09T05:00:00.000+01:00,MT BULLISH | CCI: 13.5 | ATR: 9.56 | Preis: 25121.6 | MT-Linie: 25114.82
2026-02-09T05:21:00.000+01:00,MT BEARISH | CCI: -1.5 | ATR: 5.58 | Preis: 25123.2 | MT-Linie: 25124.9
2026-02-09T05:23:00.000+01:00,MT BULLISH | CCI: 7.8 | ATR: 6.03 | Preis: 25124.7 | MT-Linie: 25124.9
2026-02-09T05:30:00.000+01:00,MT BEARISH | CCI: -48 | ATR: 5.31 | Preis: 25121.1 | MT-Linie: 25124.9
2026-02-09T06:11:00.000+01:00,MT BULLISH | CCI: 26.5 | ATR: 7.18 | Preis: 25107.7 | MT-Linie: 25101.24
2026-02-09T06:40:00.000+01:00,MT BEARISH | CCI: -25.5 | ATR: 7.25 | Preis: 25115.9 | MT-Linie: 25126.88
2026-02-09T06:52:00.000+01:00,MT BULLISH | CCI: 11.2 | ATR: 6.53 | Preis: 25123.2 | MT-Linie: 25114.04
2026-02-09T07:00:00.000+01:00,MT BEARISH | CCI: -258.7 | ATR: 11.62 | Preis: 25092.8 | MT-Linie: 25123.17
2026-02-09T07:33:00.000+01:00,MT BULLISH | CCI: 0.8 | ATR: 10.25 | Preis: 25094.3 | MT-Linie: 25091.96
2026-02-09T07:45:00.000+01:00,MT BEARISH | CCI: -47.2 | ATR: 9.23 | Preis: 25086.6 | MT-Linie: 25097.73
2026-02-09T07:47:00.000+01:00,MT BULLISH | CCI: 98.6 | ATR: 10.2 | Preis: 25106.1 | MT-Linie: 25097.73
2026-02-09T07:56:00.000+01:00,MT BEARISH | CCI: -89.1 | ATR: 10.5 | Preis: 25084.2 | MT-Linie: 25097.73
2026-02-09T08:42:00.000+01:00,MT BULLISH | CCI: 0.9 | ATR: 7.61 | Preis: 25061.6 | MT-Linie: 25049.87
2026-02-09T08:43:00.000+01:00,MT BEARISH | CCI: -8.5 | ATR: 7.13 | Preis: 25059.3 | MT-Linie: 25049.87
2026-02-09T08:45:00.000+01:00,MT BULLISH | CCI: 5.2 | ATR: 7.55 | Preis: 25060.4 | MT-Linie: 25049.87
2026-02-09T09:23:00.000+01:00,MT BEARISH | CCI: -3.2 | ATR: 10 | Preis: 25094.6 | MT-Linie: 25105.26
2026-02-09T09:26:00.000+01:00,MT BULLISH | CCI: 13.6 | ATR: 10.3 | Preis: 25099.9 | MT-Linie: 25105.26
2026-02-09T09:27:00.000+01:00,MT BEARISH | CCI: -14.3 | ATR: 10.03 | Preis: 25094.9 | MT-Linie: 25105.26
2026-02-09T09:52:00.000+01:00,MT BULLISH | CCI: 58.1 | ATR: 9.14 | Preis: 25095.8 | MT-Linie: 25090.21
2026-02-09T09:57:00.000+01:00,MT BEARISH | CCI: -43.5 | ATR: 7.49 | Preis: 25084.9 | MT-Linie: 25090.21
2026-02-09T10:04:00.000+01:00,MT BULLISH | CCI: 49.3 | ATR: 10.12 | Preis: 25089.1 | MT-Linie: 25086.67
2026-02-09T10:07:00.000+01:00,MT BEARISH | CCI: -53.7 | ATR: 9.89 | Preis: 25081.5 | MT-Linie: 25086.67
2026-02-09T10:09:00.000+01:00,MT BULLISH | CCI: 7.3 | ATR: 8.93 | Preis: 25086.9 | MT-Linie: 25086.67
2026-02-09T10:10:00.000+01:00,MT BEARISH | CCI: -49.3 | ATR: 8.5 | Preis: 25083.4 | MT-Linie: 25086.67
2026-02-09T11:50:00.000+01:00,MT BULLISH | CCI: 41.3 | ATR: 15.35 | Preis: 24947 | MT-Linie: 24910.75
2026-02-09T12:18:00.000+01:00,MT BEARISH | CCI: -5.6 | ATR: 10.13 | Preis: 24945.5 | MT-Linie: 24946.59
2026-02-09T12:22:00.000+01:00,MT BULLISH | CCI: 49.7 | ATR: 10.02 | Preis: 24956.2 | MT-Linie: 24946.59
2026-02-09T12:24:00.000+01:00,MT BEARISH | CCI: -43.6 | ATR: 9.68 | Preis: 24949.3 | MT-Linie: 24946.59
2026-02-09T12:26:00.000+01:00,MT BULLISH | CCI: 53.1 | ATR: 9.83 | Preis: 24957 | MT-Linie: 24946.59
2026-02-09T12:43:00.000+01:00,MT BEARISH | CCI: -27.1 | ATR: 10.56 | Preis: 24956.2 | MT-Linie: 24965.6
2026-02-09T12:44:00.000+01:00,MT BULLISH | CCI: 5.7 | ATR: 10.94 | Preis: 24960.6 | MT-Linie: 24965.6
2026-02-09T12:45:00.000+01:00,MT BEARISH | CCI: -4.8 | ATR: 10.66 | Preis: 24959 | MT-Linie: 24965.6
2026-02-09T12:48:00.000+01:00,MT BULLISH | CCI: 36.3 | ATR: 11.37 | Preis: 24964.5 | MT-Linie: 24965.6
2026-02-09T12:52:00.000+01:00,MT BEARISH | CCI: -1.7 | ATR: 11.21 | Preis: 24961.7 | MT-Linie: 24965.6
2026-02-09T12:53:00.000+01:00,MT BULLISH | CCI: 23 | ATR: 10.61 | Preis: 24965.1 | MT-Linie: 24965.6
2026-02-09T12:58:00.000+01:00,MT BEARISH | CCI: -39.6 | ATR: 9.76 | Preis: 24961.5 | MT-Linie: 24965.6
2026-02-09T13:05:00.000+01:00,MT BULLISH | CCI: 79.3 | ATR: 14.44 | Preis: 24970.6 | MT-Linie: 24951.79
2026-02-09T13:43:00.000+01:00,MT BEARISH | CCI: -78.4 | ATR: 9.43 | Preis: 24995.4 | MT-Linie: 24995.63
2026-02-09T13:47:00.000+01:00,MT BULLISH | CCI: 168.9 | ATR: 11 | Preis: 25009.5 | MT-Linie: 24995.63
2026-02-09T13:49:00.000+01:00,MT BEARISH | CCI: -53.2 | ATR: 11.36 | Preis: 24995.9 | MT-Linie: 24995.63
2026-02-09T13:50:00.000+01:00,MT BULLISH | CCI: 6.9 | ATR: 10.68 | Preis: 24999.4 | MT-Linie: 24995.63
2026-02-09T13:52:00.000+01:00,MT BEARISH | CCI: -80.3 | ATR: 9.98 | Preis: 24994.9 | MT-Linie: 24995.63
2026-02-09T13:53:00.000+01:00,MT BULLISH | CCI: 15.6 | ATR: 9.44 | Preis: 25000.6 | MT-Linie: 24995.63
2026-02-09T13:54:00.000+01:00,MT BEARISH | CCI: -8.8 | ATR: 9.11 | Preis: 24999.5 | MT-Linie: 24995.63
2026-02-09T13:58:00.000+01:00,MT BULLISH | CCI: 54.7 | ATR: 9.58 | Preis: 25002.3 | MT-Linie: 24995.63
2026-02-09T14:27:00.000+01:00,MT BEARISH | CCI: -0.9 | ATR: 12.64 | Preis: 25034.4 | MT-Linie: 25043.49
2026-02-09T15:25:00.000+01:00,MT BULLISH | CCI: 4.1 | ATR: 11.83 | Preis: 24984.6 | MT-Linie: 24971.27
2026-02-09T15:28:00.000+01:00,MT BEARISH | CCI: -41.1 | ATR: 11.74 | Preis: 24976.1 | MT-Linie: 24971.27
2026-02-09T15:30:00.000+01:00,=== SITZUNG GESTARTET === US100 | Fenster: 15:30-17:55 | Modus: Mean Reversion | Max: 5
2026-02-09T15:32:00.000+01:00,>>> LONG ENTRY #1 | Mean Rev. @ 24942 | SL: 24867.71 (74.3 Pkt) | TP: 25014 (72 Pkt)
2026-02-09T15:32:00.000+01:00,    MT: BEAR | CCI: -139.5 | BB: [24916.75 / 24958.7 / 25000.65] | ATR: 33.77
2026-02-09T15:33:00.000+01:00,>>> LONG ENTRY #2 | Mean Rev. @ 24959.1 | SL: 24878.7 (80.4 Pkt) | TP: 25031.1 (72 Pkt)
2026-02-09T15:33:00.000+01:00,    MT: BEAR | CCI: -62.7 | BB: [24917 / 24958.94 / 25000.88] | ATR: 36.54
2026-02-09T15:37:00.000+01:00,MT BULLISH | CCI: 119.2 | ATR: 37.24 | Preis: 24999.4 | MT-Linie: 24957.86
2026-02-09T15:38:00.000+01:00,SHORT SIGNAL GEFILTERT | Preis: 24987.4 | Grund: Short deaktiviert | BB: [24914.1 / 24955.77 / 24997.44]
2026-02-09T15:39:00.000+01:00,<<< POSITION GESCHLOSSEN | Vorher: 0.8 | Preis: 25036 | Netto PnL: 49.64 | Equity: 10049.64
2026-02-09T15:41:00.000+01:00,SHORT SIGNAL GEFILTERT | Preis: 25031.5 | Grund: Short deaktiviert | BB: [24934.51 / 24988.19 / 25041.87]
2026-02-09T15:43:00.000+01:00,SHORT SIGNAL GEFILTERT | Preis: 25038.3 | Grund: Short deaktiviert | BB: [24953.01 / 25007.51 / 25062.01]
2026-02-09T15:45:00.000+01:00,SHORT SIGNAL GEFILTERT | Preis: 25045.9 | Grund: Short deaktiviert | BB: [24980.33 / 25026.36 / 25072.39]
2026-02-09T15:47:00.000+01:00,SHORT SIGNAL GEFILTERT | Preis: 25081.1 | Grund: Short deaktiviert | BB: [25006.76 / 25047.26 / 25087.76]
2026-02-09T15:49:00.000+01:00,SHORT SIGNAL GEFILTERT | Preis: 25082.5 | Grund: Short deaktiviert | BB: [25030.45 / 25062.33 / 25094.21]
2026-02-09T15:53:00.000+01:00,>>> LONG ENTRY #3 | Mean Rev. @ 25026 | SL: 24952.23 (73.8 Pkt) | TP: 25098 (72 Pkt)
2026-02-09T15:53:00.000+01:00,    MT: BULL | CCI: 37.3 | BB: [25020.55 / 25058.73 / 25096.91] | ATR: 33.53
2026-02-09T15:54:00.000+01:00,>>> LONG ENTRY #4 | Mean Rev. @ 25032.5 | SL: 24960.53 (72 Pkt) | TP: 25104.5 (72 Pkt)
2026-02-09T15:54:00.000+01:00,    MT: BULL | CCI: 44.1 | BB: [25015.93 / 25055.82 / 25095.71] | ATR: 32.71
2026-02-09T15:58:00.000+01:00,BB SQUEEZE START | Breite: 0.216 (Avg: 0.237) | BB: [25012.89 / 25039.92 / 25066.95]
2026-02-09T16:02:00.000+01:00,SHORT SIGNAL GEFILTERT | Preis: 25019.2 | Grund: Short deaktiviert | BB: [25014.72 / 25033.49 / 25052.26]
2026-02-09T16:03:00.000+01:00,>>> LONG ENTRY #5 | Mean Rev. @ 25053.2 | SL: 24976.9 (76.3 Pkt) | TP: 25125.2 (72 Pkt)
2026-02-09T16:03:00.000+01:00,    MT: BULL | CCI: 58.8 | BB: [25015.95 / 25036.21 / 25056.47] | ATR: 34.68
2026-02-09T16:05:00.000+01:00,BB SQUEEZE ENDE | Breite: 0.279 (Avg: 0.253) | BB: [25010.92 / 25045.88 / 25080.84]
2026-02-09T16:06:00.000+01:00,<<< TEIL-EXIT | Pos: 1.2 -> 0.4 | Preis: 25109.3 | PnL offen: 22.2
2026-02-09T16:08:00.000+01:00,SHORT SIGNAL GEFILTERT | Preis: 25111.4 | Grund: Short deaktiviert | BB: [25014.37 / 25068.41 / 25122.45]
2026-02-09T16:11:00.000+01:00,<<< POSITION GESCHLOSSEN | Vorher: 0.4 | Preis: 25110.3 | Netto PnL: 123.12 | Equity: 10123.12
2026-02-09T16:12:00.000+01:00,BB SQUEEZE START | Breite: 0.242 (Avg: 0.289) | BB: [25070.37 / 25100.73 / 25131.09]
2026-02-09T16:17:00.000+01:00,SHORT SIGNAL GEFILTERT | Preis: 25134.9 | Grund: Short deaktiviert | BB: [25103.91 / 25122.3 / 25140.69]
2026-02-09T16:21:00.000+01:00,SHORT SIGNAL GEFILTERT | Preis: 25151.9 | Grund: Short deaktiviert | BB: [25114.93 / 25138.13 / 25161.33]
2026-02-09T16:27:00.000+01:00,MT BEARISH | CCI: -4.4 | ATR: 18.91 | Preis: 25092 | MT-Linie: 25121.01
2026-02-09T16:27:00.000+01:00,BB SQUEEZE ENDE | Breite: 0.273 (Avg: 0.266) | BB: [25096.13 / 25130.48 / 25164.83]
2026-02-09T16:30:00.000+01:00,MT BULLISH | CCI: 77.5 | ATR: 22.66 | Preis: 25139.6 | MT-Linie: 25116.98
2026-02-09T16:31:00.000+01:00,BB SQUEEZE START | Breite: 0.248 (Avg: 0.255) | BB: [25085.04 / 25116.22 / 25147.4]
2026-02-09T16:32:00.000+01:00,BB SQUEEZE ENDE | Breite: 0.265 (Avg: 0.251) | BB: [25084 / 25117.23 / 25150.46]
2026-02-09T16:33:00.000+01:00,SHORT SIGNAL GEFILTERT | Preis: 25142.8 | Grund: Short deaktiviert | BB: [25083.66 / 25118.16 / 25152.66]
2026-02-09T16:39:00.000+01:00,BB SQUEEZE START | Breite: 0.18 (Avg: 0.246) | BB: [25137.29 / 25159.95 / 25182.61]
2026-02-09T16:46:00.000+01:00,SHORT SIGNAL GEFILTERT | Preis: 25176 | Grund: Short deaktiviert | BB: [25161.36 / 25173.69 / 25186.02]
2026-02-09T16:51:00.000+01:00,SHORT SIGNAL GEFILTERT | Preis: 25195.3 | Grund: Short deaktiviert | BB: [25165.38 / 25183.38 / 25201.38]
2026-02-09T16:55:00.000+01:00,SHORT SIGNAL GEFILTERT | Preis: 25206.5 | Grund: Short deaktiviert | BB: [25174.54 / 25193.47 / 25212.4]
2026-02-09T16:57:00.000+01:00,BB SQUEEZE ENDE | Breite: 0.215 (Avg: 0.204) | BB: [25178.28 / 25205.35 / 25232.42]
2026-02-09T16:58:00.000+01:00,BB SQUEEZE START | Breite: 0.193 (Avg: 0.199) | BB: [25187.33 / 25211.66 / 25235.99]
2026-02-09T16:58:00.000+01:00,SHORT SIGNAL GEFILTERT | Preis: 25235.1 | Grund: Short deaktiviert | BB: [25187.33 / 25211.66 / 25235.99]
2026-02-09T17:00:00.000+01:00,BB SQUEEZE ENDE | Breite: 0.203 (Avg: 0.191) | BB: [25191.47 / 25217.1 / 25242.73]
2026-02-09T17:01:00.000+01:00,BB SQUEEZE START | Breite: 0.186 (Avg: 0.187) | BB: [25196.82 / 25220.25 / 25243.68]
2026-02-09T17:08:00.000+01:00,LONG SIGNAL BLOCKIERT | Preis: 25230.8 | Grund: Max Trades erreicht (5/5)
2026-02-09T17:09:00.000+01:00,SHORT SIGNAL GEFILTERT | Preis: 25228.1 | Grund: Short deaktiviert | BB: [25223.34 / 25229.41 / 25235.48]
2026-02-09T17:10:00.000+01:00,LONG SIGNAL BLOCKIERT | Preis: 25238.8 | Grund: Max Trades erreicht (5/5)
2026-02-09T17:13:00.000+01:00,SHORT SIGNAL GEFILTERT | Preis: 25232.2 | Grund: Short deaktiviert | BB: [25224.76 / 25232.66 / 25240.56]
2026-02-09T17:15:00.000+01:00,SHORT SIGNAL GEFILTERT | Preis: 25243.3 | Grund: Short deaktiviert | BB: [25224.44 / 25234.94 / 25245.44]
2026-02-09T17:16:00.000+01:00,SHORT SIGNAL GEFILTERT | Preis: 25243.6 | Grund: Short deaktiviert | BB: [25225.71 / 25236.4 / 25247.09]
2026-02-09T17:18:00.000+01:00,SHORT SIGNAL GEFILTERT | Preis: 25246.7 | Grund: Short deaktiviert | BB: [25231.49 / 25240.55 / 25249.61]
2026-02-09T17:20:00.000+01:00,LONG SIGNAL BLOCKIERT | Preis: 25233.8 | Grund: Max Trades erreicht (5/5)
2026-02-09T17:21:00.000+01:00,LONG SIGNAL BLOCKIERT | Preis: 25234.1 | Grund: Max Trades erreicht (5/5)
2026-02-09T17:25:00.000+01:00,SHORT SIGNAL GEFILTERT | Preis: 25244 | Grund: Short deaktiviert | BB: [25232.34 / 25241.73 / 25251.12]
2026-02-09T17:27:00.000+01:00,BB SQUEEZE ENDE | Breite: 0.118 (Avg: 0.113) | BB: [25229.74 / 25244.65 / 25259.56]
2026-02-09T17:33:00.000+01:00,BB SQUEEZE START | Breite: 0.102 (Avg: 0.109) | BB: [25248.99 / 25261.83 / 25274.67]
2026-02-09T17:38:00.000+01:00,LONG SIGNAL BLOCKIERT | Preis: 25257.4 | Grund: Max Trades erreicht (5/5)
2026-02-09T17:43:00.000+01:00,SHORT SIGNAL GEFILTERT | Preis: 25273 | Grund: Short deaktiviert | BB: [25251.64 / 25263.2 / 25274.76]
2026-02-09T17:44:00.000+01:00,BB SQUEEZE ENDE | Breite: 0.102 (Avg: 0.1) | BB: [25251.65 / 25264.48 / 25277.31]
2026-02-09T17:47:00.000+01:00,SHORT SIGNAL GEFILTERT | Preis: 25292.3 | Grund: Short deaktiviert | BB: [25256.89 / 25276.02 / 25295.15]
2026-02-09T17:53:00.000+01:00,SHORT SIGNAL GEFILTERT | Preis: 25306.6 | Grund: Short deaktiviert | BB: [25282.59 / 25297.46 / 25312.33]
2026-02-09T17:54:00.000+01:00,BB SQUEEZE START | Breite: 0.082 (Avg: 0.091) | BB: [25290.06 / 25300.43 / 25310.8]
2026-02-09T17:54:00.000+01:00,SHORT SIGNAL GEFILTERT | Preis: 25305.3 | Grund: Short deaktiviert | BB: [25290.06 / 25300.43 / 25310.8]
2026-02-09T17:55:00.000+01:00,=== SITZUNG BEENDET === US100 | Trades: 5/5 | Offene Pos: 0 | Equity: 10123.12
2026-02-09T18:20:00.000+01:00,MT BEARISH | CCI: -20.9 | ATR: 8.26 | Preis: 25310 | MT-Linie: 25315.35
2026-02-09T18:22:00.000+01:00,MT BULLISH | CCI: 33.6 | ATR: 7.9 | Preis: 25316.2 | MT-Linie: 25315.35
2026-02-09T18:23:00.000+01:00,MT BEARISH | CCI: -19.1 | ATR: 7.54 | Preis: 25312.2 | MT-Linie: 25315.35
2026-02-09T19:03:00.000+01:00,MT BULLISH | CCI: 7.7 | ATR: 10.12 | Preis: 25288.7 | MT-Linie: 25274.94
2026-02-09T19:04:00.000+01:00,MT BEARISH | CCI: -56.2 | ATR: 10.39 | Preis: 25280.5 | MT-Linie: 25274.94
2026-02-09T19:09:00.000+01:00,MT BULLISH | CCI: 27.1 | ATR: 10.31 | Preis: 25288.6 | MT-Linie: 25274.94
2026-02-09T19:11:00.000+01:00,MT BEARISH | CCI: -16.3 | ATR: 10.11 | Preis: 25282.3 | MT-Linie: 25274.94
2026-02-09T19:14:00.000+01:00,MT BULLISH | CCI: 16.1 | ATR: 8.97 | Preis: 25284.3 | MT-Linie: 25274.94
2026-02-09T19:15:00.000+01:00,MT BEARISH | CCI: -61.1 | ATR: 9.15 | Preis: 25276.4 | MT-Linie: 25274.94
2026-02-09T19:17:00.000+01:00,MT BULLISH | CCI: 11.1 | ATR: 8.35 | Preis: 25282.8 | MT-Linie: 25274.94
2026-02-09T19:21:00.000+01:00,MT BEARISH | CCI: -380.6 | ATR: 16.58 | Preis: 25240.9 | MT-Linie: 25275.51
2026-02-09T19:32:00.000+01:00,MT BULLISH | CCI: 37.5 | ATR: 15.39 | Preis: 25278.7 | MT-Linie: 25269.68
2026-02-09T20:47:00.000+01:00,MT BEARISH | CCI: -9.3 | ATR: 6.17 | Preis: 25321.3 | MT-Linie: 25329.06
2026-02-09T20:49:00.000+01:00,MT BULLISH | CCI: 10.3 | ATR: 6.49 | Preis: 25324.6 | MT-Linie: 25329.06
2026-02-09T20:51:00.000+01:00,MT BEARISH | CCI: -41.8 | ATR: 6.63 | Preis: 25319.7 | MT-Linie: 25329.06
2026-02-09T21:47:00.000+01:00,MT BULLISH | CCI: 15.3 | ATR: 10.41 | Preis: 25286.9 | MT-Linie: 25276.32
2026-02-09T21:48:00.000+01:00,MT BEARISH | CCI: -0.2 | ATR: 9.99 | Preis: 25282.7 | MT-Linie: 25276.32
2026-02-09T21:49:00.000+01:00,MT BULLISH | CCI: 20.1 | ATR: 9.45 | Preis: 25285.5 | MT-Linie: 25276.32
2026-02-09T21:53:00.000+01:00,MT BEARISH | CCI: -72.7 | ATR: 12.21 | Preis: 25268.8 | MT-Linie: 25278.72
2026-02-09T21:57:00.000+01:00,MT BULLISH | CCI: 1.3 | ATR: 13.06 | Preis: 25276.5 | MT-Linie: 25278.72
2026-02-09T21:59:00.000+01:00,MT BEARISH | CCI: -136.6 | ATR: 16.03 | Preis: 25257.9 | MT-Linie: 25278.72
2026-02-09T22:10:00.000+01:00,MT BULLISH | CCI: 44.7 | ATR: 10.43 | Preis: 25278.6 | MT-Linie: 25271.34
2026-02-09T22:17:00.000+01:00,MT BEARISH | CCI: -61.9 | ATR: 8.46 | Preis: 25265.3 | MT-Linie: 25271.34
2026-02-09T22:21:00.000+01:00,MT BULLISH | CCI: 6 | ATR: 7.2 | Preis: 25273.1 | MT-Linie: 25271.34
2026-02-09T22:48:00.000+01:00,MT BEARISH | CCI: -0.1 | ATR: 3.6 | Preis: 25275.7 | MT-Linie: 25276.46
2026-02-09T22:49:00.000+01:00,MT BULLISH | CCI: 11.4 | ATR: 3.73 | Preis: 25276 | MT-Linie: 25276.46
2026-02-09T22:51:00.000+01:00,MT BEARISH | CCI: -44.7 | ATR: 3.46 | Preis: 25273.7 | MT-Linie: 25276.46
2026-02-09T22:52:00.000+01:00,MT BULLISH | CCI: 93.6 | ATR: 3.75 | Preis: 25279.2 | MT-Linie: 25276.46
2026-02-09T22:54:00.000+01:00,MT BEARISH | CCI: -90.7 | ATR: 3.9 | Preis: 25273.3 | MT-Linie: 25276.46
2026-02-09T22:56:00.000+01:00,MT BULLISH | CCI: 83.9 | ATR: 4.56 | Preis: 25279.1 | MT-Linie: 25276.46
2026-02-09T22:57:00.000+01:00,MT BEARISH | CCI: -37.3 | ATR: 4.9 | Preis: 25275.5 | MT-Linie: 25276.46
2026-02-09T23:38:00.000+01:00,MT BULLISH | CCI: 1.6 | ATR: 1.41 | Preis: 25270.4 | MT-Linie: 25268.79
2026-02-09T23:41:00.000+01:00,MT BEARISH | CCI: -32 | ATR: 1.26 | Preis: 25269.6 | MT-Linie: 25269.07
2026-02-09T23:46:00.000+01:00,MT BULLISH | CCI: 17 | ATR: 1.23 | Preis: 25270.1 | MT-Linie: 25269.07
2026-02-10T00:11:00.000+01:00,MT BEARISH | CCI: -68.8 | ATR: 8.68 | Preis: 25269.5 | MT-Linie: 25296.01
2026-02-10T00:40:00.000+01:00,MT BULLISH | CCI: 47.8 | ATR: 9.44 | Preis: 25274.9 | MT-Linie: 25267.68
2026-02-10T00:45:00.000+01:00,MT BEARISH | CCI: -27.1 | ATR: 9.95 | Preis: 25262.9 | MT-Linie: 25268.32
2026-02-10T01:01:00.000+01:00,MT BULLISH | CCI: 64.1 | ATR: 9.47 | Preis: 25267.5 | MT-Linie: 25263.32
2026-02-10T01:08:00.000+01:00,MT BEARISH | CCI: -97.4 | ATR: 9.81 | Preis: 25252.4 | MT-Linie: 25263.32
2026-02-10T01:31:00.000+01:00,MT BULLISH | CCI: 4 | ATR: 7.56 | Preis: 25248.3 | MT-Linie: 25241.32
2026-02-10T01:32:00.000+01:00,MT BEARISH | CCI: -15.6 | ATR: 7.58 | Preis: 25245.1 | MT-Linie: 25241.32
2026-02-10T01:33:00.000+01:00,MT BULLISH | CCI: 0.3 | ATR: 7.14 | Preis: 25247.2 | MT-Linie: 25241.32
2026-02-10T01:34:00.000+01:00,MT BEARISH | CCI: -22.3 | ATR: 7.02 | Preis: 25243.6 | MT-Linie: 25241.32
2026-02-10T01:53:00.000+01:00,MT BULLISH | CCI: 181.1 | ATR: 7.22 | Preis: 25250.6 | MT-Linie: 25236.21
2026-02-10T02:10:00.000+01:00,MT BEARISH | CCI: -11.8 | ATR: 7.55 | Preis: 25239.3 | MT-Linie: 25243.66
2026-02-10T02:11:00.000+01:00,MT BULLISH | CCI: 32.1 | ATR: 7.61 | Preis: 25245 | MT-Linie: 25243.66
2026-02-10T02:16:00.000+01:00,MT BEARISH | CCI: -11.1 | ATR: 6.75 | Preis: 25241.3 | MT-Linie: 25243.66
2026-02-10T02:22:00.000+01:00,MT BULLISH | CCI: 46.8 | ATR: 7.07 | Preis: 25248 | MT-Linie: 25243.66
2026-02-10T02:27:00.000+01:00,MT BEARISH | CCI: -17.5 | ATR: 6.43 | Preis: 25245.3 | MT-Linie: 25243.66
2026-02-10T02:38:00.000+01:00,MT BULLISH | CCI: 43.5 | ATR: 9.04 | Preis: 25244.6 | MT-Linie: 25226.82
2026-02-10T02:55:00.000+01:00,MT BEARISH | CCI: -36.8 | ATR: 8.91 | Preis: 25235.6 | MT-Linie: 25253.16
2026-02-10T02:59:00.000+01:00,MT BULLISH | CCI: 47.1 | ATR: 9.01 | Preis: 25249 | MT-Linie: 25246.49
2026-02-10T03:04:00.000+01:00,MT BEARISH | CCI: -17.4 | ATR: 9.16 | Preis: 25238.6 | MT-Linie: 25246.49
2026-02-10T03:05:00.000+01:00,MT BULLISH | CCI: 1.6 | ATR: 8.53 | Preis: 25242.2 | MT-Linie: 25246.49
2026-02-10T03:08:00.000+01:00,MT BEARISH | CCI: -37.2 | ATR: 7.74 | Preis: 25239.6 | MT-Linie: 25246.49
2026-02-10T03:52:00.000+01:00,MT BULLISH | CCI: 25.1 | ATR: 6.45 | Preis: 25225 | MT-Linie: 25217.21
2026-02-10T03:56:00.000+01:00,MT BEARISH | CCI: -8.8 | ATR: 6.02 | Preis: 25220.1 | MT-Linie: 25217.4
2026-02-10T04:24:00.000+01:00,MT BULLISH | CCI: 17.5 | ATR: 5.52 | Preis: 25210.7 | MT-Linie: 25201.65
2026-02-10T04:27:00.000+01:00,MT BEARISH | CCI: -5 | ATR: 5.97 | Preis: 25207.2 | MT-Linie: 25203.58
2026-02-10T04:32:00.000+01:00,MT BULLISH | CCI: 132.5 | ATR: 6.01 | Preis: 25215.7 | MT-Linie: 25203.58
2026-02-10T04:48:00.000+01:00,MT BEARISH | CCI: -13 | ATR: 5.15 | Preis: 25208 | MT-Linie: 25216.15
2026-02-10T04:49:00.000+01:00,MT BULLISH | CCI: 92.7 | ATR: 5.96 | Preis: 25218.8 | MT-Linie: 25216.15
2026-02-10T04:59:00.000+01:00,MT BEARISH | CCI: -4.8 | ATR: 4.41 | Preis: 25214.4 | MT-Linie: 25216.15
2026-02-10T05:00:00.000+01:00,MT BULLISH | CCI: 16.3 | ATR: 4.47 | Preis: 25216.2 | MT-Linie: 25216.15
2026-02-10T06:06:00.000+01:00,MT BEARISH | CCI: -11.4 | ATR: 4.98 | Preis: 25243.2 | MT-Linie: 25250.29
2026-02-10T06:07:00.000+01:00,MT BULLISH | CCI: 23.1 | ATR: 5.54 | Preis: 25247.5 | MT-Linie: 25250.29
2026-02-10T06:13:00.000+01:00,MT BEARISH | CCI: -20.9 | ATR: 4.06 | Preis: 25245.3 | MT-Linie: 25250.29
2026-02-10T06:14:00.000+01:00,MT BULLISH | CCI: 4.5 | ATR: 3.95 | Preis: 25247.7 | MT-Linie: 25250.29
2026-02-10T06:15:00.000+01:00,MT BEARISH | CCI: -0.6 | ATR: 3.73 | Preis: 25247.6 | MT-Linie: 25250.29
2026-02-10T06:31:00.000+01:00,MT BULLISH | CCI: 7 | ATR: 6.66 | Preis: 25244.7 | MT-Linie: 25236.19
2026-02-10T07:06:00.000+01:00,MT BEARISH | CCI: -25 | ATR: 5.24 | Preis: 25258.3 | MT-Linie: 25258.62
2026-02-10T07:59:00.000+01:00,MT BULLISH | CCI: 57.5 | ATR: 6.82 | Preis: 25227.3 | MT-Linie: 25218.31
2026-02-10T08:40:00.000+01:00,MT BEARISH | CCI: -1 | ATR: 5.35 | Preis: 25244.5 | MT-Linie: 25243.36
2026-02-10T08:41:00.000+01:00,MT BULLISH | CCI: 15.8 | ATR: 5.12 | Preis: 25245.4 | MT-Linie: 25243.36
2026-02-10T08:49:00.000+01:00,MT BEARISH | CCI: -30.8 | ATR: 4.43 | Preis: 25244.1 | MT-Linie: 25243.36
2026-02-10T08:51:00.000+01:00,MT BULLISH | CCI: 26.7 | ATR: 4.39 | Preis: 25247 | MT-Linie: 25243.36
2026-02-10T09:02:00.000+01:00,MT BEARISH | CCI: -110.5 | ATR: 9.15 | Preis: 25241.1 | MT-Linie: 25251.57
2026-02-10T09:04:00.000+01:00,MT BULLISH | CCI: 13.6 | ATR: 9.25 | Preis: 25249.8 | MT-Linie: 25251.57
2026-02-10T09:08:00.000+01:00,MT BEARISH | CCI: -40 | ATR: 9.75 | Preis: 25247.3 | MT-Linie: 25251.57
2026-02-10T09:09:00.000+01:00,MT BULLISH | CCI: 86.4 | ATR: 10.07 | Preis: 25257.3 | MT-Linie: 25251.57
2026-02-10T09:20:00.000+01:00,MT BEARISH | CCI: -34.1 | ATR: 9.62 | Preis: 25252.5 | MT-Linie: 25264.21
2026-02-10T09:21:00.000+01:00,MT BULLISH | CCI: 0 | ATR: 9.4 | Preis: 25256.9 | MT-Linie: 25264.21
2026-02-10T09:28:00.000+01:00,MT BEARISH | CCI: -4 | ATR: 8.66 | Preis: 25260.4 | MT-Linie: 25264.21
2026-02-10T09:30:00.000+01:00,MT BULLISH | CCI: 21.1 | ATR: 9.35 | Preis: 25263.6 | MT-Linie: 25264.21
2026-02-10T09:31:00.000+01:00,MT BEARISH | CCI: -34.4 | ATR: 9.47 | Preis: 25257.3 | MT-Linie: 25264.21
2026-02-10T09:39:00.000+01:00,MT BULLISH | CCI: 36 | ATR: 9.15 | Preis: 25265.2 | MT-Linie: 25261.05
2026-02-10T09:40:00.000+01:00,MT BEARISH | CCI: -25.9 | ATR: 9.41 | Preis: 25258.6 | MT-Linie: 25261.05
2026-02-10T09:48:00.000+01:00,MT BULLISH | CCI: 9.7 | ATR: 8.38 | Preis: 25259.5 | MT-Linie: 25255.88
2026-02-10T09:49:00.000+01:00,MT BEARISH | CCI: -7.9 | ATR: 7.78 | Preis: 25257.1 | MT-Linie: 25255.88
2026-02-10T09:52:00.000+01:00,MT BULLISH | CCI: 55.7 | ATR: 7.43 | Preis: 25261.8 | MT-Linie: 25255.88
2026-02-10T09:53:00.000+01:00,MT BEARISH | CCI: -38.4 | ATR: 8.17 | Preis: 25253.4 | MT-Linie: 25255.88
2026-02-10T10:00:00.000+01:00,MT BULLISH | CCI: 65.7 | ATR: 7.62 | Preis: 25259.3 | MT-Linie: 25254.94
2026-02-10T10:42:00.000+01:00,MT BEARISH | CCI: -42.3 | ATR: 6.18 | Preis: 25300.1 | MT-Linie: 25303.07
2026-02-10T11:23:00.000+01:00,MT BULLISH | CCI: 11.8 | ATR: 7.14 | Preis: 25274.9 | MT-Linie: 25274.7
2026-02-10T11:24:00.000+01:00,MT BEARISH | CCI: -15 | ATR: 7.03 | Preis: 25272.8 | MT-Linie: 25274.7
2026-02-10T11:25:00.000+01:00,MT BULLISH | CCI: 5.4 | ATR: 6.77 | Preis: 25273.6 | MT-Linie: 25274.7
2026-02-10T11:30:00.000+01:00,MT BEARISH | CCI: -184.3 | ATR: 7.05 | Preis: 25262.2 | MT-Linie: 25274.7
2026-02-10T11:34:00.000+01:00,MT BULLISH | CCI: 3.5 | ATR: 7.4 | Preis: 25271.7 | MT-Linie: 25273.31
2026-02-10T11:37:00.000+01:00,MT BEARISH | CCI: -62.6 | ATR: 6.48 | Preis: 25267.3 | MT-Linie: 25273.31
2026-02-10T11:38:00.000+01:00,MT BULLISH | CCI: 12.6 | ATR: 6.38 | Preis: 25271.8 | MT-Linie: 25273.31
2026-02-10T11:39:00.000+01:00,MT BEARISH | CCI: -30.3 | ATR: 6.13 | Preis: 25269.6 | MT-Linie: 25273.31
2026-02-10T11:47:00.000+01:00,MT BULLISH | CCI: 31 | ATR: 5.22 | Preis: 25272.2 | MT-Linie: 25273.02
2026-02-10T11:58:00.000+01:00,MT BEARISH | CCI: -101.3 | ATR: 7.26 | Preis: 25264.3 | MT-Linie: 25275.65
2026-02-10T12:21:00.000+01:00,MT BULLISH | CCI: 21.3 | ATR: 5.63 | Preis: 25268.4 | MT-Linie: 25262.04
2026-02-10T13:36:00.000+01:00,MT BEARISH | CCI: -36.8 | ATR: 7.3 | Preis: 25305.8 | MT-Linie: 25322.79
2026-02-10T14:20:00.000+01:00,MT BULLISH | CCI: 15.1 | ATR: 12.31 | Preis: 25253.7 | MT-Linie: 25231.92
2026-02-10T14:21:00.000+01:00,MT BEARISH | CCI: -38.9 | ATR: 13.64 | Preis: 25239.6 | MT-Linie: 25231.92
2026-02-10T14:25:00.000+01:00,MT BULLISH | CCI: 19.8 | ATR: 12.28 | Preis: 25248.4 | MT-Linie: 25231.92
2026-02-10T14:30:00.000+01:00,MT BEARISH | CCI: -97.4 | ATR: 12.29 | Preis: 25226.4 | MT-Linie: 25233.51
2026-02-10T14:31:00.000+01:00,MT BULLISH | CCI: 33.2 | ATR: 13.58 | Preis: 25244.7 | MT-Linie: 25233.51
2026-02-10T15:29:00.000+01:00,MT BEARISH | CCI: -42.4 | ATR: 8.17 | Preis: 25290.7 | MT-Linie: 25298.3
2026-02-10T15:30:00.000+01:00,=== SITZUNG GESTARTET === US100 | Fenster: 15:30-17:55 | Modus: Mean Reversion | Max: 5
2026-02-10T15:30:00.000+01:00,SHORT SIGNAL GEFILTERT | Preis: 25289.4 | Grund: Short deaktiviert | BB: [25292.56 / 25302.05 / 25311.54]
2026-02-10T15:31:00.000+01:00,SHORT SIGNAL GEFILTERT | Preis: 25283.5 | Grund: Short deaktiviert | BB: [25287.48 / 25299.67 / 25311.86]
2026-02-10T15:32:00.000+01:00,>>> LONG ENTRY #1 | Mean Rev. @ 25295.3 | SL: 25247.15 (48.2 Pkt) | TP: 25367.3 (72 Pkt)
2026-02-10T15:32:00.000+01:00,    MT: BEAR | CCI: -8.8 | BB: [25286.84 / 25298.4 / 25309.96] | ATR: 21.89
2026-02-10T15:34:00.000+01:00,>>> LONG ENTRY #2 | Mean Rev. @ 25273.6 | SL: 25218.74 (54.9 Pkt) | TP: 25345.6 (72 Pkt)
2026-02-10T15:34:00.000+01:00,    MT: BEAR | CCI: -191.7 | BB: [25272 / 25291.14 / 25310.28] | ATR: 24.94
2026-02-10T15:36:00.000+01:00,<<< TEIL-EXIT | Pos: 0.8 -> 0.4 | Preis: 25247.8 | PnL offen: -10.4
2026-02-10T15:37:00.000+01:00,<<< POSITION GESCHLOSSEN | Vorher: 0.4 | Preis: 25218.7 | Netto PnL: 73.6 | Equity: 10073.6
2026-02-10T15:39:00.000+01:00,>>> LONG ENTRY #3 | Mean Rev. @ 25240.9 | SL: 25180.23 (60.7 Pkt) | TP: 25312.9 (72 Pkt)
2026-02-10T15:39:00.000+01:00,    MT: BEAR | CCI: -203.5 | BB: [25221.26 / 25261.99 / 25302.72] | ATR: 27.58
2026-02-10T15:42:00.000+01:00,<<< POSITION GESCHLOSSEN | Vorher: 0.39 | Preis: 25185.8 | Netto PnL: 46.08 | Equity: 10046.08
2026-02-10T15:43:00.000+01:00,>>> LONG ENTRY #4 | Mean Rev. @ 25218.4 | SL: 25151.58 (66.8 Pkt) | TP: 25290.4 (72 Pkt)
2026-02-10T15:43:00.000+01:00,    MT: BEAR | CCI: -144.5 | BB: [25188.76 / 25232.08 / 25275.4] | ATR: 30.37
2026-02-10T15:49:00.000+01:00,>>> LONG ENTRY #5 | Mean Rev. @ 25190.7 | SL: 25128.09 (62.6 Pkt) | TP: 25262.7 (72 Pkt)
2026-02-10T15:49:00.000+01:00,    MT: BEAR | CCI: -116.9 | BB: [25178.65 / 25203.38 / 25228.11] | ATR: 28.46
2026-02-10T15:53:00.000+01:00,MT BULLISH | CCI: 6.4 | ATR: 27.96 | Preis: 25259.9 | MT-Linie: 25219.16
2026-02-10T15:54:00.000+01:00,<<< TEIL-EXIT | Pos: 0.78 -> 0.39 | Preis: 25280.2 | PnL offen: 35.06
2026-02-10T15:55:00.000+01:00,<<< POSITION GESCHLOSSEN | Vorher: 0.39 | Preis: 25300.9 | Netto PnL: 94.28 | Equity: 10094.28
2026-02-10T16:03:00.000+01:00,BB SQUEEZE START | Breite: 0.123 (Avg: 0.198) | BB: [25290.22 / 25305.74 / 25321.26]
2026-02-10T16:08:00.000+01:00,BB SQUEEZE ENDE | Breite: 0.234 (Avg: 0.208) | BB: [25293.74 / 25323.42 / 25353.1]
2026-02-10T16:09:00.000+01:00,SHORT SIGNAL GEFILTERT | Preis: 25349.6 | Grund: Short deaktiviert | BB: [25297.46 / 25327.81 / 25358.16]
2026-02-10T16:12:00.000+01:00,BB SQUEEZE START | Breite: 0.216 (Avg: 0.221) | BB: [25312.91 / 25340.26 / 25367.61]
2026-02-10T16:13:00.000+01:00,BB SQUEEZE ENDE | Breite: 0.281 (Avg: 0.225) | BB: [25302.14 / 25337.7 / 25373.26]
2026-02-10T16:14:00.000+01:00,LONG SIGNAL BLOCKIERT | Preis: 25307.6 | Grund: Max Trades erreicht (5/5)
2026-02-10T16:16:00.000+01:00,LONG SIGNAL BLOCKIERT | Preis: 25299.1 | Grund: Max Trades erreicht (5/5)
2026-02-10T16:21:00.000+01:00,BB SQUEEZE START | Breite: 0.241 (Avg: 0.269) | BB: [25281.1 / 25311.55 / 25342]
2026-02-10T16:23:00.000+01:00,SHORT SIGNAL GEFILTERT | Preis: 25326.1 | Grund: Short deaktiviert | BB: [25290.03 / 25315.23 / 25340.43]
2026-02-10T16:24:00.000+01:00,MT BEARISH | CCI: -48.4 | ATR: 24.58 | Preis: 25292.1 | MT-Linie: 25331.17
2026-02-10T16:25:00.000+01:00,LONG SIGNAL BLOCKIERT | Preis: 25298.5 | Grund: Max Trades erreicht (5/5)
2026-02-10T16:26:00.000+01:00,MT BULLISH | CCI: 24.1 | ATR: 24.72 | Preis: 25321.8 | MT-Linie: 25329.73
2026-02-10T16:29:00.000+01:00,MT BEARISH | CCI: -14.8 | ATR: 20.48 | Preis: 25315.9 | MT-Linie: 25329.73
2026-02-10T16:30:00.000+01:00,MT BULLISH | CCI: 61.3 | ATR: 21.27 | Preis: 25335.7 | MT-Linie: 25329.73
2026-02-10T16:33:00.000+01:00,SHORT SIGNAL GEFILTERT | Preis: 25336 | Grund: Short deaktiviert | BB: [25298.54 / 25323.79 / 25349.04]
2026-02-10T16:34:00.000+01:00,MT BEARISH | CCI: -9.2 | ATR: 18.21 | Preis: 25321.3 | MT-Linie: 25329.73
2026-02-10T16:36:00.000+01:00,MT BULLISH | CCI: 0.1 | ATR: 18.01 | Preis: 25324.4 | MT-Linie: 25329.73
2026-02-10T16:36:00.000+01:00,LONG SIGNAL BLOCKIERT | Preis: 25324.4 | Grund: Max Trades erreicht (5/5)
2026-02-10T16:37:00.000+01:00,MT BEARISH | CCI: -91 | ATR: 19.36 | Preis: 25301.4 | MT-Linie: 25329.73
2026-02-10T16:38:00.000+01:00,LONG SIGNAL BLOCKIERT | Preis: 25316.6 | Grund: Max Trades erreicht (5/5)
2026-02-10T16:43:00.000+01:00,MT BULLISH | CCI: 10.8 | ATR: 15.37 | Preis: 25323.1 | MT-Linie: 25329.73
2026-02-10T16:45:00.000+01:00,SHORT SIGNAL GEFILTERT | Preis: 25326 | Grund: Short deaktiviert | BB: [25303.91 / 25316.36 / 25328.81]
2026-02-10T16:47:00.000+01:00,SHORT SIGNAL GEFILTERT | Preis: 25331.2 | Grund: Short deaktiviert | BB: [25306.48 / 25320.69 / 25334.9]
2026-02-10T16:48:00.000+01:00,MT BEARISH | CCI: -23.6 | ATR: 15.81 | Preis: 25315.2 | MT-Linie: 25329.73
2026-02-10T16:48:00.000+01:00,SHORT SIGNAL GEFILTERT | Preis: 25315.2 | Grund: Short deaktiviert | BB: [25306.24 / 25320.55 / 25334.86]
2026-02-10T16:52:00.000+01:00,LONG SIGNAL BLOCKIERT | Preis: 25309.8 | Grund: Max Trades erreicht (5/5)
2026-02-10T16:56:00.000+01:00,BB SQUEEZE ENDE | Breite: 0.19 (Avg: 0.189) | BB: [25279.71 / 25303.72 / 25327.73]
2026-02-10T16:57:00.000+01:00,BB SQUEEZE START | Breite: 0.159 (Avg: 0.188) | BB: [25279.73 / 25299.8 / 25319.87]
2026-02-10T16:57:00.000+01:00,LONG SIGNAL BLOCKIERT | Preis: 25292 | Grund: Max Trades erreicht (5/5)
2026-02-10T17:08:00.000+01:00,LONG SIGNAL BLOCKIERT | Preis: 25295.4 | Grund: Max Trades erreicht (5/5)
2026-02-10T17:10:00.000+01:00,LONG SIGNAL BLOCKIERT | Preis: 25286.4 | Grund: Max Trades erreicht (5/5)
2026-02-10T17:17:00.000+01:00,MT BULLISH | CCI: 21.8 | ATR: 16.97 | Preis: 25303.6 | MT-Linie: 25296.28
2026-02-10T17:19:00.000+01:00,MT BEARISH | CCI: -6.3 | ATR: 15.81 | Preis: 25297.1 | MT-Linie: 25296.28
2026-02-10T17:19:00.000+01:00,SHORT SIGNAL GEFILTERT | Preis: 25297.1 | Grund: Short deaktiviert | BB: [25285.4 / 25293.94 / 25302.48]
2026-02-10T17:22:00.000+01:00,BB SQUEEZE ENDE | Breite: 0.185 (Avg: 0.129) | BB: [25263.83 / 25287.18 / 25310.53]
2026-02-10T17:23:00.000+01:00,LONG SIGNAL BLOCKIERT | Preis: 25276.2 | Grund: Max Trades erreicht (5/5)
2026-02-10T17:29:00.000+01:00,BB SQUEEZE START | Breite: 0.104 (Avg: 0.131) | BB: [25256.12 / 25269.3 / 25282.48]
2026-02-10T17:31:00.000+01:00,LONG SIGNAL BLOCKIERT | Preis: 25257.3 | Grund: Max Trades erreicht (5/5)
2026-02-10T17:34:00.000+01:00,LONG SIGNAL BLOCKIERT | Preis: 25253 | Grund: Max Trades erreicht (5/5)
2026-02-10T17:38:00.000+01:00,LONG SIGNAL BLOCKIERT | Preis: 25256.3 | Grund: Max Trades erreicht (5/5)
2026-02-10T17:41:00.000+01:00,LONG SIGNAL BLOCKIERT | Preis: 25259.2 | Grund: Max Trades erreicht (5/5)
2026-02-10T17:42:00.000+01:00,SHORT SIGNAL GEFILTERT | Preis: 25241.1 | Grund: Short deaktiviert | BB: [25241.47 / 25251.53 / 25261.59]
2026-02-10T17:43:00.000+01:00,LONG SIGNAL BLOCKIERT | Preis: 25243.9 | Grund: Max Trades erreicht (5/5)
2026-02-10T17:46:00.000+01:00,MT BULLISH | CCI: 23 | ATR: 14.91 | Preis: 25272.9 | MT-Linie: 25262.55
2026-02-10T17:46:00.000+01:00,BB SQUEEZE ENDE | Breite: 0.123 (Avg: 0.119) | BB: [25237.1 / 25252.57 / 25268.04]
2026-02-10T17:47:00.000+01:00,MT BEARISH | CCI: -19.7 | ATR: 15.51 | Preis: 25262.2 | MT-Linie: 25262.55
2026-02-10T17:47:00.000+01:00,SHORT SIGNAL GEFILTERT | Preis: 25262.2 | Grund: Short deaktiviert | BB: [25237.97 / 25253.89 / 25269.81]
2026-02-10T17:52:00.000+01:00,LONG SIGNAL BLOCKIERT | Preis: 25242.8 | Grund: Max Trades erreicht (5/5)
2026-02-10T17:55:00.000+01:00,=== SITZUNG BEENDET === US100 | Trades: 5/5 | Offene Pos: 0 | Equity: 10094.28
2026-02-10T18:07:00.000+01:00,MT BULLISH | CCI: 12.9 | ATR: 12.08 | Preis: 25248.5 | MT-Linie: 25240.83
2026-02-10T18:35:00.000+01:00,MT BEARISH | CCI: -13.9 | ATR: 10.54 | Preis: 25267.6 | MT-Linie: 25283.75
2026-02-10T18:36:00.000+01:00,MT BULLISH | CCI: 22.5 | ATR: 10.57 | Preis: 25277.6 | MT-Linie: 25283.75
2026-02-10T18:39:00.000+01:00,MT BEARISH | CCI: -13.1 | ATR: 10 | Preis: 25275 | MT-Linie: 25283.75
2026-02-10T18:40:00.000+01:00,MT BULLISH | CCI: 28 | ATR: 9.7 | Preis: 25281.8 | MT-Linie: 25283.75
2026-02-10T19:00:00.000+01:00,MT BEARISH | CCI: -40.8 | ATR: 8.81 | Preis: 25285.7 | MT-Linie: 25295.58
2026-02-10T19:56:00.000+01:00,MT BULLISH | CCI: 116.4 | ATR: 14.51 | Preis: 25228.9 | MT-Linie: 25212.92
2026-02-10T20:05:00.000+01:00,MT BEARISH | CCI: -5.9 | ATR: 13.06 | Preis: 25209.5 | MT-Linie: 25213.17
2026-02-10T20:10:00.000+01:00,MT BULLISH | CCI: 14.9 | ATR: 11.52 | Preis: 25212.8 | MT-Linie: 25213.17
2026-02-10T20:11:00.000+01:00,MT BEARISH | CCI: -36 | ATR: 11.36 | Preis: 25206.3 | MT-Linie: 25213.17
2026-02-10T20:13:00.000+01:00,MT BULLISH | CCI: 17.5 | ATR: 11.06 | Preis: 25213.4 | MT-Linie: 25213.17
2026-02-10T20:15:00.000+01:00,MT BEARISH | CCI: -54.4 | ATR: 11.03 | Preis: 25203.8 | MT-Linie: 25213.17
2026-02-10T20:20:00.000+01:00,MT BULLISH | CCI: 20.8 | ATR: 11.93 | Preis: 25212.6 | MT-Linie: 25213.17
2026-02-10T20:23:00.000+01:00,MT BEARISH | CCI: -12.6 | ATR: 10.65 | Preis: 25209.7 | MT-Linie: 25213.17
2026-02-10T20:24:00.000+01:00,MT BULLISH | CCI: 54.1 | ATR: 10.68 | Preis: 25218.5 | MT-Linie: 25213.17
2026-02-10T20:25:00.000+01:00,MT BEARISH | CCI: -16.4 | ATR: 10.81 | Preis: 25209.8 | MT-Linie: 25213.17
2026-02-10T20:28:00.000+01:00,MT BULLISH | CCI: 34.4 | ATR: 10.12 | Preis: 25216.7 | MT-Linie: 25213.17
2026-02-10T20:34:00.000+01:00,MT BEARISH | CCI: -65.2 | ATR: 9.25 | Preis: 25206.8 | MT-Linie: 25213.17
2026-02-10T20:36:00.000+01:00,MT BULLISH | CCI: 24.2 | ATR: 8.52 | Preis: 25214.2 | MT-Linie: 25213.17
2026-02-10T20:38:00.000+01:00,MT BEARISH | CCI: -14.1 | ATR: 8.63 | Preis: 25210.5 | MT-Linie: 25213.17
2026-02-10T20:40:00.000+01:00,MT BULLISH | CCI: 2.9 | ATR: 8.26 | Preis: 25211.6 | MT-Linie: 25213.17
2026-02-10T20:42:00.000+01:00,MT BEARISH | CCI: -71.4 | ATR: 8.86 | Preis: 25206.4 | MT-Linie: 25213.17
2026-02-10T20:56:00.000+01:00,MT BULLISH | CCI: 75.1 | ATR: 9.26 | Preis: 25216.5 | MT-Linie: 25207.14
2026-02-10T21:00:00.000+01:00,MT BEARISH | CCI: -25.6 | ATR: 9.07 | Preis: 25206.1 | MT-Linie: 25207.14
2026-02-10T21:01:00.000+01:00,MT BULLISH | CCI: 19.6 | ATR: 9.3 | Preis: 25210.6 | MT-Linie: 25207.14
2026-02-10T21:02:00.000+01:00,MT BEARISH | CCI: -37.9 | ATR: 9.19 | Preis: 25204.8 | MT-Linie: 25207.14
2026-02-10T21:46:00.000+01:00,MT BULLISH | CCI: 68.6 | ATR: 11.48 | Preis: 25175.2 | MT-Linie: 25164.92
2026-02-10T21:50:00.000+01:00,MT BEARISH | CCI: -134.5 | ATR: 13.21 | Preis: 25149.2 | MT-Linie: 25164.92
2026-02-10T22:15:00.000+01:00,MT BULLISH | CCI: 1.8 | ATR: 7.64 | Preis: 25149.9 | MT-Linie: 25140.26
2026-02-10T22:16:00.000+01:00,MT BEARISH | CCI: -22.1 | ATR: 7.25 | Preis: 25146 | MT-Linie: 25140.26
2026-02-10T22:22:00.000+01:00,MT BULLISH | CCI: 20.7 | ATR: 6.42 | Preis: 25147.9 | MT-Linie: 25140.26
2026-02-10T23:10:00.000+01:00,MT BEARISH | CCI: -16.5 | ATR: 4.31 | Preis: 25156.8 | MT-Linie: 25163.27
2026-02-10T23:41:00.000+01:00,MT BULLISH | CCI: 42.3 | ATR: 1.09 | Preis: 25159 | MT-Linie: 25157.91
2026-02-10T23:42:00.000+01:00,MT BEARISH | CCI: -1.7 | ATR: 1.15 | Preis: 25157.9 | MT-Linie: 25157.91
2026-02-10T23:43:00.000+01:00,MT BULLISH | CCI: 42.4 | ATR: 1.17 | Preis: 25158.8 | MT-Linie: 25157.91
2026-02-10T23:46:00.000+01:00,MT BEARISH | CCI: -54.8 | ATR: 1.24 | Preis: 25156.6 | MT-Linie: 25157.91
2026-02-11T00:00:00.000+01:00,MT BULLISH | CCI: 908 | ATR: 6.67 | Preis: 25188.9 | MT-Linie: 25155.31
2026-02-11T00:33:00.000+01:00,MT BEARISH | CCI: -10.6 | ATR: 4.3 | Preis: 25193 | MT-Linie: 25195.52
2026-02-11T00:44:00.000+01:00,MT BULLISH | CCI: 31.7 | ATR: 4.4 | Preis: 25196.4 | MT-Linie: 25194.04
2026-02-11T00:49:00.000+01:00,MT BEARISH | CCI: -24.5 | ATR: 4.21 | Preis: 25194.2 | MT-Linie: 25194.04
2026-02-11T01:02:00.000+01:00,MT BULLISH | CCI: 92.6 | ATR: 4.08 | Preis: 25196.1 | MT-Linie: 25194.04
2026-02-11T01:17:00.000+01:00,MT BEARISH | CCI: -25.4 | ATR: 3.59 | Preis: 25194.3 | MT-Linie: 25195.96
2026-02-11T01:24:00.000+01:00,MT BULLISH | CCI: 79.3 | ATR: 5.02 | Preis: 25197.5 | MT-Linie: 25192.71
2026-02-11T01:29:00.000+01:00,MT BEARISH | CCI: -17.4 | ATR: 4 | Preis: 25193.6 | MT-Linie: 25192.71
2026-02-11T01:30:00.000+01:00,MT BULLISH | CCI: 11.9 | ATR: 3.81 | Preis: 25195 | MT-Linie: 25192.71
2026-02-11T02:34:00.000+01:00,MT BEARISH | CCI: -19.1 | ATR: 3.73 | Preis: 25221.7 | MT-Linie: 25223.29
2026-02-11T02:38:00.000+01:00,MT BULLISH | CCI: 24.2 | ATR: 3.95 | Preis: 25223.6 | MT-Linie: 25223.29
2026-02-11T02:39:00.000+01:00,MT BEARISH | CCI: -32.3 | ATR: 3.95 | Preis: 25221.6 | MT-Linie: 25223.29
2026-02-11T02:40:00.000+01:00,MT BULLISH | CCI: 110.4 | ATR: 4.6 | Preis: 25227 | MT-Linie: 25223.29
2026-02-11T03:00:00.000+01:00,MT BEARISH | CCI: -9 | ATR: 4.72 | Preis: 25229 | MT-Linie: 25235.75
2026-02-11T03:07:00.000+01:00,MT BULLISH | CCI: 42.8 | ATR: 4.79 | Preis: 25234.6 | MT-Linie: 25234.07
2026-02-11T03:08:00.000+01:00,MT BEARISH | CCI: -12.9 | ATR: 4.94 | Preis: 25230.2 | MT-Linie: 25234.07
2026-02-11T03:11:00.000+01:00,MT BULLISH | CCI: 43.6 | ATR: 4.53 | Preis: 25235.2 | MT-Linie: 25234.07
2026-02-11T03:15:00.000+01:00,MT BEARISH | CCI: -4.7 | ATR: 4.06 | Preis: 25233.3 | MT-Linie: 25234.07
2026-02-11T03:16:00.000+01:00,MT BULLISH | CCI: 39.8 | ATR: 4.17 | Preis: 25235.9 | MT-Linie: 25234.07
2026-02-11T03:26:00.000+01:00,MT BEARISH | CCI: -15.1 | ATR: 4.18 | Preis: 25234 | MT-Linie: 25239.78
2026-02-11T03:28:00.000+01:00,MT BULLISH | CCI: 49.5 | ATR: 4.55 | Preis: 25237.6 | MT-Linie: 25239.78
2026-02-11T03:39:00.000+01:00,MT BEARISH | CCI: -99.4 | ATR: 3.56 | Preis: 25231.8 | MT-Linie: 25239.78
2026-02-11T03:51:00.000+01:00,MT BULLISH | CCI: 11.4 | ATR: 3.76 | Preis: 25235.8 | MT-Linie: 25231.19
2026-02-11T03:53:00.000+01:00,MT BEARISH | CCI: -18.5 | ATR: 3.42 | Preis: 25233.7 | MT-Linie: 25232.21
2026-02-11T03:54:00.000+01:00,MT BULLISH | CCI: 84.1 | ATR: 4.12 | Preis: 25240.6 | MT-Linie: 25232.21
2026-02-11T04:04:00.000+01:00,MT BEARISH | CCI: -38.4 | ATR: 3.48 | Preis: 25232.3 | MT-Linie: 25236.63
2026-02-11T04:25:00.000+01:00,MT BULLISH | CCI: 22 | ATR: 4.21 | Preis: 25234.3 | MT-Linie: 25227.89
2026-02-11T05:09:00.000+01:00,MT BEARISH | CCI: -9.3 | ATR: 3.06 | Preis: 25250 | MT-Linie: 25254.41
2026-02-11T05:51:00.000+01:00,MT BULLISH | CCI: 1.9 | ATR: 4.6 | Preis: 25231.4 | MT-Linie: 25224.7
2026-02-11T05:52:00.000+01:00,MT BEARISH | CCI: -13.9 | ATR: 4.28 | Preis: 25229.3 | MT-Linie: 25224.7
2026-02-11T06:06:00.000+01:00,MT BULLISH | CCI: 20.9 | ATR: 3.77 | Preis: 25225.9 | MT-Linie: 25224.7
2026-02-11T06:25:00.000+01:00,MT BEARISH | CCI: -16 | ATR: 4.59 | Preis: 25228.1 | MT-Linie: 25235.2
2026-02-11T06:27:00.000+01:00,MT BULLISH | CCI: 1.1 | ATR: 4.41 | Preis: 25229.1 | MT-Linie: 25234.53
2026-02-11T06:28:00.000+01:00,MT BEARISH | CCI: -87.1 | ATR: 4.74 | Preis: 25223 | MT-Linie: 25233.94
2026-02-11T07:00:00.000+01:00,MT BULLISH | CCI: 28.8 | ATR: 4.7 | Preis: 25213.4 | MT-Linie: 25207.43
2026-02-11T07:12:00.000+01:00,MT BEARISH | CCI: -15.1 | ATR: 6.99 | Preis: 25210.6 | MT-Linie: 25221.51
2026-02-11T08:04:00.000+01:00,MT BULLISH | CCI: 101.6 | ATR: 6.84 | Preis: 25199.3 | MT-Linie: 25194.89
2026-02-11T08:09:00.000+01:00,MT BEARISH | CCI: -29.9 | ATR: 5.96 | Preis: 25192 | MT-Linie: 25194.89
2026-02-11T08:20:00.000+01:00,MT BULLISH | CCI: 2.6 | ATR: 6.26 | Preis: 25188.8 | MT-Linie: 25184.92
2026-02-11T08:32:00.000+01:00,MT BEARISH | CCI: -56.3 | ATR: 6.25 | Preis: 25184.8 | MT-Linie: 25196.08
2026-02-11T08:44:00.000+01:00,MT BULLISH | CCI: 11.3 | ATR: 5.9 | Preis: 25189.6 | MT-Linie: 25187.58
2026-02-11T08:50:00.000+01:00,MT BEARISH | CCI: -5.7 | ATR: 5.55 | Preis: 25190.5 | MT-Linie: 25193.15
2026-02-11T09:00:00.000+01:00,MT BULLISH | CCI: 10.1 | ATR: 5.85 | Preis: 25191.2 | MT-Linie: 25191.65
2026-02-11T09:01:00.000+01:00,MT BEARISH | CCI: -127.4 | ATR: 7.03 | Preis: 25179.8 | MT-Linie: 25191.65
2026-02-11T09:30:00.000+01:00,MT BULLISH | CCI: 19.7 | ATR: 9.87 | Preis: 25165.3 | MT-Linie: 25147.13
2026-02-11T09:59:00.000+01:00,MT BEARISH | CCI: -22 | ATR: 6.25 | Preis: 25168.1 | MT-Linie: 25169.72
2026-02-11T10:01:00.000+01:00,MT BULLISH | CCI: 33.5 | ATR: 8.41 | Preis: 25172.7 | MT-Linie: 25169.72
2026-02-11T10:13:00.000+01:00,MT BEARISH | CCI: -0.1 | ATR: 8.37 | Preis: 25177.3 | MT-Linie: 25181.04
2026-02-11T11:21:00.000+01:00,MT BULLISH | CCI: 0.6 | ATR: 9.59 | Preis: 25103.8 | MT-Linie: 25090.44
2026-02-11T11:45:00.000+01:00,MT BEARISH | CCI: -1.9 | ATR: 7.19 | Preis: 25099.4 | MT-Linie: 25100.61
2026-02-11T11:55:00.000+01:00,MT BULLISH | CCI: 86.7 | ATR: 8.62 | Preis: 25108.4 | MT-Linie: 25099.22
2026-02-11T12:40:00.000+01:00,MT BEARISH | CCI: -17.1 | ATR: 6.35 | Preis: 25149.4 | MT-Linie: 25157.55
2026-02-11T12:53:00.000+01:00,MT BULLISH | CCI: 12.1 | ATR: 9.45 | Preis: 25154.5 | MT-Linie: 25149.84
2026-02-11T12:54:00.000+01:00,MT BEARISH | CCI: -11.4 | ATR: 8.7 | Preis: 25152 | MT-Linie: 25149.84
2026-02-11T13:01:00.000+01:00,MT BULLISH | CCI: 78.3 | ATR: 13.39 | Preis: 25160.5 | MT-Linie: 25142.51
2026-02-11T13:30:00.000+01:00,MT BEARISH | CCI: -5.9 | ATR: 7.71 | Preis: 25168 | MT-Linie: 25174.64
2026-02-11T13:59:00.000+01:00,MT BULLISH | CCI: 21.6 | ATR: 7.77 | Preis: 25164.3 | MT-Linie: 25154.07
2026-02-11T14:03:00.000+01:00,MT BEARISH | CCI: -12.4 | ATR: 7.64 | Preis: 25159.6 | MT-Linie: 25154.07
2026-02-11T14:04:00.000+01:00,MT BULLISH | CCI: 12.2 | ATR: 7.25 | Preis: 25161.4 | MT-Linie: 25154.07
2026-02-11T14:08:00.000+01:00,MT BEARISH | CCI: -9.1 | ATR: 7.39 | Preis: 25159.6 | MT-Linie: 25154.46
2026-02-11T14:13:00.000+01:00,MT BULLISH | CCI: 12.7 | ATR: 7.17 | Preis: 25160.4 | MT-Linie: 25154.46
2026-02-11T14:29:00.000+01:00,MT BEARISH | CCI: -40.6 | ATR: 7.68 | Preis: 25162.1 | MT-Linie: 25175.44
2026-02-11T14:30:00.000+01:00,MT BULLISH | CCI: 413 | ATR: 20.34 | Preis: 25212.6 | MT-Linie: 25175.44
2026-02-11T15:17:00.000+01:00,MT BEARISH | CCI: -8 | ATR: 8.88 | Preis: 25325.9 | MT-Linie: 25343.29
2026-02-11T15:18:00.000+01:00,MT BULLISH | CCI: 8 | ATR: 9.07 | Preis: 25333 | MT-Linie: 25343.29
2026-02-11T15:19:00.000+01:00,MT BEARISH | CCI: -11.4 | ATR: 9.19 | Preis: 25329.7 | MT-Linie: 25343.29
2026-02-11T15:25:00.000+01:00,MT BULLISH | CCI: 60.7 | ATR: 9.89 | Preis: 25349.2 | MT-Linie: 25340.04
2026-02-11T15:29:00.000+01:00,MT BEARISH | CCI: -44.9 | ATR: 11.6 | Preis: 25335.7 | MT-Linie: 25340.04
2026-02-11T15:30:00.000+01:00,=== SITZUNG GESTARTET === US100 | Fenster: 15:30-17:55 | Modus: Mean Reversion | Max: 5
2026-02-11T15:30:00.000+01:00,MT BULLISH | CCI: 224.5 | ATR: 18.52 | Preis: 25377.1 | MT-Linie: 25340.04
2026-02-11T15:30:00.000+01:00,BB SQUEEZE ENDE | Breite: 0.166 (Avg: 0.13) | BB: [25321.78 / 25342.81 / 25363.84]
2026-02-11T15:30:00.000+01:00,>>> LONG ENTRY #1 | Breakout @ 25377.1 | SL: 25336.36 (40.7 Pkt) | TP: 25449.1 (72 Pkt)
2026-02-11T15:30:00.000+01:00,    MT: BULL | CCI: 224.5 | BB: [25321.78 / 25342.81 / 25363.84] | ATR: 18.52
2026-02-11T15:31:00.000+01:00,SHORT SIGNAL GEFILTERT | Preis: 25366.2 | Grund: Short deaktiviert | BB: [25323.68 / 25346.27 / 25368.86]
2026-02-11T15:32:00.000+01:00,SHORT SIGNAL GEFILTERT | Preis: 25346.6 | Grund: Short deaktiviert | BB: [25326.82 / 25347.92 / 25369.02]
2026-02-11T15:32:00.000+01:00,<<< POSITION GESCHLOSSEN | Vorher: 0.39 | Preis: 25346.6 | Netto PnL: 74.02 | Equity: 10074.02
2026-02-11T15:33:00.000+01:00,MT BEARISH | CCI: -29.4 | ATR: 24.26 | Preis: 25337.7 | MT-Linie: 25340.04
2026-02-11T15:37:00.000+01:00,>>> LONG ENTRY #2 | Mean Rev. @ 25304.2 | SL: 25230.61 (73.6 Pkt) | TP: 25376.2 (72 Pkt)
2026-02-11T15:37:00.000+01:00,    MT: BEAR | CCI: -180.6 | BB: [25286.48 / 25331.15 / 25375.82] | ATR: 33.45
2026-02-11T15:45:00.000+01:00,MT BULLISH | CCI: 52.5 | ATR: 33.22 | Preis: 25340.7 | MT-Linie: 25310.1
2026-02-11T15:46:00.000+01:00,MT BEARISH | CCI: -104.7 | ATR: 38.41 | Preis: 25287.8 | MT-Linie: 25310.1
2026-02-11T15:46:00.000+01:00,SHORT SIGNAL GEFILTERT | Preis: 25287.8 | Grund: Short deaktiviert | BB: [25262.59 / 25293.39 / 25324.19]
2026-02-11T15:48:00.000+01:00,MT BULLISH | CCI: 12.5 | ATR: 35.59 | Preis: 25325.8 | MT-Linie: 25310.1
2026-02-11T15:49:00.000+01:00,MT BEARISH | CCI: -15.6 | ATR: 35.43 | Preis: 25315.7 | MT-Linie: 25310.1
2026-02-11T15:51:00.000+01:00,>>> LONG ENTRY #3 | Mean Rev. @ 25297.3 | SL: 25214.3 (83 Pkt) | TP: 25369.3 (72 Pkt)
2026-02-11T15:51:00.000+01:00,    MT: BEAR | CCI: -59.1 | BB: [25276.72 / 25303.84 / 25330.96] | ATR: 37.73
2026-02-11T15:57:00.000+01:00,<<< TEIL-EXIT | Pos: 0.78 -> 0.39 | Preis: 25242.5 | PnL offen: -21.49
2026-02-11T15:58:00.000+01:00,<<< POSITION GESCHLOSSEN | Vorher: 0.39 | Preis: 25210.7 | Netto PnL: 4.75 | Equity: 10004.75
2026-02-11T16:00:00.000+01:00,>>> LONG ENTRY #4 | Mean Rev. @ 25223.3 | SL: 25155.34 (68 Pkt) | TP: 25295.3 (72 Pkt)
2026-02-11T16:00:00.000+01:00,    MT: BEAR | CCI: -166.1 | BB: [25212.06 / 25260.54 / 25309.02] | ATR: 30.89
2026-02-11T16:03:00.000+01:00,>>> LONG ENTRY #5 | Mean Rev. @ 25201.5 | SL: 25129.13 (72.4 Pkt) | TP: 25273.5 (72 Pkt)
2026-02-11T16:03:00.000+01:00,    MT: BEAR | CCI: -173.2 | BB: [25190.03 / 25236.31 / 25282.59] | ATR: 32.9
2026-02-11T16:05:00.000+01:00,LONG SIGNAL BLOCKIERT | Preis: 25210.4 | Grund: Max Trades erreicht (5/5)
2026-02-11T16:06:00.000+01:00,BB SQUEEZE START | Breite: 0.197 (Avg: 0.212) | BB: [25188.78 / 25213.64 / 25238.5]
2026-02-11T16:08:00.000+01:00,BB SQUEEZE ENDE | Breite: 0.223 (Avg: 0.218) | BB: [25176.05 / 25204.13 / 25232.21]
2026-02-11T16:09:00.000+01:00,<<< TEIL-EXIT | Pos: 0.78 -> 0.39 | Preis: 25151.6 | PnL offen: -20.28
2026-02-11T16:10:00.000+01:00,LONG SIGNAL BLOCKIERT | Preis: 25153 | Grund: Max Trades erreicht (5/5)
2026-02-11T16:11:00.000+01:00,<<< POSITION GESCHLOSSEN | Vorher: 0.39 | Preis: 25126.8 | Netto PnL: -58.86 | Equity: 9941.14
2026-02-11T16:14:00.000+01:00,LONG SIGNAL BLOCKIERT | Preis: 25105.2 | Grund: Max Trades erreicht (5/5)
2026-02-11T16:25:00.000+01:00,LONG SIGNAL BLOCKIERT | Preis: 24997.2 | Grund: Max Trades erreicht (5/5)
2026-02-11T16:28:00.000+01:00,BB SQUEEZE START | Breite: 0.226 (Avg: 0.309) | BB: [24985.14 / 25013.44 / 25041.74]
2026-02-11T16:29:00.000+01:00,SHORT SIGNAL GEFILTERT | Preis: 24993.9 | Grund: Short deaktiviert | BB: [24984.88 / 25007.91 / 25030.94]
2026-02-11T16:33:00.000+01:00,SHORT SIGNAL GEFILTERT | Preis: 25034.8 | Grund: Short deaktiviert | BB: [24981.05 / 25012.25 / 25043.45]
2026-02-11T16:35:00.000+01:00,BB SQUEEZE ENDE | Breite: 0.312 (Avg: 0.302) | BB: [24986 / 25025 / 25064]
2026-02-11T16:36:00.000+01:00,BB SQUEEZE START | Breite: 0.3 (Avg: 0.303) | BB: [24994.35 / 25031.88 / 25069.41]
2026-02-11T16:36:00.000+01:00,SHORT SIGNAL GEFILTERT | Preis: 25059.2 | Grund: Short deaktiviert | BB: [24994.35 / 25031.88 / 25069.41]
2026-02-11T16:38:00.000+01:00,MT BULLISH | CCI: 2.7 | ATR: 31.34 | Preis: 25074.8 | MT-Linie: 25041.63
2026-02-11T16:41:00.000+01:00,SHORT SIGNAL GEFILTERT | Preis: 25095.9 | Grund: Short deaktiviert | BB: [25034.87 / 25066.88 / 25098.89]
2026-02-11T16:43:00.000+01:00,SHORT SIGNAL GEFILTERT | Preis: 25077.9 | Grund: Short deaktiviert | BB: [25050.39 / 25076.33 / 25102.27]
2026-02-11T16:46:00.000+01:00,SHORT SIGNAL GEFILTERT | Preis: 25084.9 | Grund: Short deaktiviert | BB: [25065.78 / 25086.61 / 25107.44]
2026-02-11T16:47:00.000+01:00,LONG SIGNAL BLOCKIERT | Preis: 25092.7 | Grund: Max Trades erreicht (5/5)
2026-02-11T16:50:00.000+01:00,LONG SIGNAL BLOCKIERT | Preis: 25069.1 | Grund: Max Trades erreicht (5/5)
2026-02-11T16:53:00.000+01:00,BB SQUEEZE ENDE | Breite: 0.353 (Avg: 0.282) | BB: [25053.92 / 25098.28 / 25142.64]
2026-02-11T16:55:00.000+01:00,SHORT SIGNAL GEFILTERT | Preis: 25178.2 | Grund: Short deaktiviert | BB: [25049.02 / 25114.33 / 25179.64]
2026-02-11T17:00:00.000+01:00,BB SQUEEZE START | Breite: 0.248 (Avg: 0.312) | BB: [25127.56 / 25158.76 / 25189.96]
2026-02-11T17:08:00.000+01:00,MT BEARISH | CCI: -2.3 | ATR: 21.22 | Preis: 25111.7 | MT-Linie: 25138.92
2026-02-11T17:10:00.000+01:00,MT BULLISH | CCI: 54.9 | ATR: 26 | Preis: 25142.8 | MT-Linie: 25138.92
2026-02-11T17:14:00.000+01:00,BB SQUEEZE ENDE | Breite: 0.303 (Avg: 0.261) | BB: [25100.09 / 25138.14 / 25176.19]
2026-02-11T17:15:00.000+01:00,SHORT SIGNAL GEFILTERT | Preis: 25160.8 | Grund: Short deaktiviert | BB: [25103.13 / 25141.76 / 25180.39]
2026-02-11T17:18:00.000+01:00,BB SQUEEZE START | Breite: 0.234 (Avg: 0.258) | BB: [25125.17 / 25154.56 / 25183.95]
2026-02-11T17:19:00.000+01:00,LONG SIGNAL BLOCKIERT | Preis: 25168.6 | Grund: Max Trades erreicht (5/5)
2026-02-11T17:21:00.000+01:00,SHORT SIGNAL GEFILTERT | Preis: 25164.2 | Grund: Short deaktiviert | BB: [25153.67 / 25164.98 / 25176.29]
2026-02-11T17:25:00.000+01:00,SHORT SIGNAL GEFILTERT | Preis: 25166.8 | Grund: Short deaktiviert | BB: [25154.46 / 25168.64 / 25182.82]
2026-02-11T17:26:00.000+01:00,MT BEARISH | CCI: -15.3 | ATR: 19.01 | Preis: 25150.5 | MT-Linie: 25161.32
2026-02-11T17:28:00.000+01:00,BB SQUEEZE ENDE | Breite: 0.235 (Avg: 0.235) | BB: [25131.88 / 25161.41 / 25190.94]
2026-02-11T17:30:00.000+01:00,LONG SIGNAL BLOCKIERT | Preis: 25129.1 | Grund: Max Trades erreicht (5/5)
2026-02-11T17:34:00.000+01:00,BB SQUEEZE START | Breite: 0.211 (Avg: 0.242) | BB: [25102.65 / 25129.17 / 25155.69]
2026-02-11T17:37:00.000+01:00,LONG SIGNAL BLOCKIERT | Preis: 25109.8 | Grund: Max Trades erreicht (5/5)
2026-02-11T17:39:00.000+01:00,MT BULLISH | CCI: 6 | ATR: 23.9 | Preis: 25143.1 | MT-Linie: 25139
2026-02-11T17:40:00.000+01:00,BB SQUEEZE ENDE | Breite: 0.244 (Avg: 0.243) | BB: [25092.74 / 25123.44 / 25154.14]
2026-02-11T17:41:00.000+01:00,SHORT SIGNAL GEFILTERT | Preis: 25156.2 | Grund: Short deaktiviert | BB: [25093.48 / 25127.29 / 25161.1]
2026-02-11T17:43:00.000+01:00,MT BEARISH | CCI: -16 | ATR: 20.67 | Preis: 25140 | MT-Linie: 25139
2026-02-11T17:45:00.000+01:00,MT BULLISH | CCI: 2.5 | ATR: 19.93 | Preis: 25147.3 | MT-Linie: 25139
2026-02-11T17:46:00.000+01:00,BB SQUEEZE START | Breite: 0.205 (Avg: 0.228) | BB: [25117.73 / 25143.48 / 25169.23]
2026-02-11T17:47:00.000+01:00,MT BEARISH | CCI: -8.5 | ATR: 18.69 | Preis: 25143.5 | MT-Linie: 25139
2026-02-11T17:51:00.000+01:00,LONG SIGNAL BLOCKIERT | Preis: 25124.5 | Grund: Max Trades erreicht (5/5)
2026-02-11T17:55:00.000+01:00,=== SITZUNG BEENDET === US100 | Trades: 5/5 | Offene Pos: 0 | Equity: 9941.14
2026-02-11T18:09:00.000+01:00,MT BULLISH | CCI: 23.4 | ATR: 17.58 | Preis: 25124.2 | MT-Linie: 25099.62
2026-02-11T18:11:00.000+01:00,MT BEARISH | CCI: -19.9 | ATR: 18.73 | Preis: 25111.3 | MT-Linie: 25100.93
2026-02-11T18:12:00.000+01:00,MT BULLISH | CCI: 65.8 | ATR: 20.44 | Preis: 25139.2 | MT-Linie: 25100.93
2026-02-11T18:55:00.000+01:00,MT BEARISH | CCI: -2.1 | ATR: 14.81 | Preis: 25200.2 | MT-Linie: 25203.56
2026-02-11T19:27:00.000+01:00,MT BULLISH | CCI: 61.7 | ATR: 15.88 | Preis: 25181.3 | MT-Linie: 25146.09
2026-02-11T20:05:00.000+01:00,MT BEARISH | CCI: -22.3 | ATR: 13.26 | Preis: 25194.6 | MT-Linie: 25210.03
2026-02-11T20:07:00.000+01:00,MT BULLISH | CCI: 23.8 | ATR: 13.31 | Preis: 25204.2 | MT-Linie: 25210.03
2026-02-11T20:09:00.000+01:00,MT BEARISH | CCI: -21.7 | ATR: 15.61 | Preis: 25197 | MT-Linie: 25210.03
2026-02-11T20:11:00.000+01:00,MT BULLISH | CCI: 28.3 | ATR: 14.44 | Preis: 25206.7 | MT-Linie: 25210.03
2026-02-11T20:43:00.000+01:00,MT BEARISH | CCI: -2 | ATR: 9.39 | Preis: 25248 | MT-Linie: 25255.73
2026-02-11T20:44:00.000+01:00,MT BULLISH | CCI: 33.9 | ATR: 9.71 | Preis: 25256.4 | MT-Linie: 25255.73
2026-02-11T20:45:00.000+01:00,MT BEARISH | CCI: -265.8 | ATR: 16.55 | Preis: 25201.2 | MT-Linie: 25255.73
2026-02-11T21:15:00.000+01:00,MT BULLISH | CCI: 15.2 | ATR: 9.58 | Preis: 25232.6 | MT-Linie: 25232.46
2026-02-11T21:17:00.000+01:00,MT BEARISH | CCI: -12.5 | ATR: 9.01 | Preis: 25227.9 | MT-Linie: 25232.46
2026-02-11T21:39:00.000+01:00,MT BULLISH | CCI: 39 | ATR: 11.19 | Preis: 25221.2 | MT-Linie: 25206.06
2026-02-11T21:50:00.000+01:00,MT BEARISH | CCI: -8.9 | ATR: 10.99 | Preis: 25213.9 | MT-Linie: 25220.75
2026-02-11T21:52:00.000+01:00,MT BULLISH | CCI: 46 | ATR: 11.01 | Preis: 25221.8 | MT-Linie: 25220.75
2026-02-11T21:58:00.000+01:00,MT BEARISH | CCI: -19.4 | ATR: 11.29 | Preis: 25211.6 | MT-Linie: 25220.75
2026-02-11T22:18:00.000+01:00,MT BULLISH | CCI: 1.6 | ATR: 9.92 | Preis: 25209.5 | MT-Linie: 25206.51
2026-02-11T22:19:00.000+01:00,MT BEARISH | CCI: -30.8 | ATR: 9.73 | Preis: 25203.6 | MT-Linie: 25206.51
2026-02-11T22:28:00.000+01:00,MT BULLISH | CCI: 27.5 | ATR: 6.96 | Preis: 25204.5 | MT-Linie: 25203.46
2026-02-11T22:41:00.000+01:00,MT BEARISH | CCI: -34.2 | ATR: 4.95 | Preis: 25198.5 | MT-Linie: 25203.46
2026-02-11T22:42:00.000+01:00,MT BULLISH | CCI: 17.3 | ATR: 4.86 | Preis: 25201.9 | MT-Linie: 25203.46
2026-02-11T22:43:00.000+01:00,MT BEARISH | CCI: -47.1 | ATR: 4.89 | Preis: 25197.5 | MT-Linie: 25203.46
2026-02-11T22:48:00.000+01:00,MT BULLISH | CCI: 6.8 | ATR: 5.59 | Preis: 25201.6 | MT-Linie: 25203.41
2026-02-11T22:50:00.000+01:00,MT BEARISH | CCI: -5.7 | ATR: 5.59 | Preis: 25201.4 | MT-Linie: 25203.41
2026-02-11T22:51:00.000+01:00,MT BULLISH | CCI: 29.1 | ATR: 5.28 | Preis: 25203.2 | MT-Linie: 25203.41
2026-02-11T22:59:00.000+01:00,MT BEARISH | CCI: -181.7 | ATR: 5.08 | Preis: 25194.7 | MT-Linie: 25203.41
2026-02-11T23:18:00.000+01:00,MT BULLISH | CCI: 38.6 | ATR: 2.91 | Preis: 25201.8 | MT-Linie: 25200.71
2026-02-11T23:20:00.000+01:00,MT BEARISH | CCI: -23.5 | ATR: 3.2 | Preis: 25199.2 | MT-Linie: 25200.71
2026-02-11T23:30:00.000+01:00,MT BULLISH | CCI: 16.5 | ATR: 1.26 | Preis: 25200.4 | MT-Linie: 25199.52
2026-02-12T00:00:00.000+01:00,MT BEARISH | CCI: -349.3 | ATR: 4.02 | Preis: 25187.1 | MT-Linie: 25206.5
2026-02-12T00:46:00.000+01:00,MT BULLISH | CCI: 13.7 | ATR: 7.86 | Preis: 25164.9 | MT-Linie: 25148.44
2026-02-12T00:48:00.000+01:00,MT BEARISH | CCI: -18.8 | ATR: 7.41 | Preis: 25158.1 | MT-Linie: 25155.12
2026-02-12T00:58:00.000+01:00,MT BULLISH | CCI: 37.6 | ATR: 7.61 | Preis: 25156.9 | MT-Linie: 25155.12
2026-02-12T01:00:00.000+01:00,MT BEARISH | CCI: -38.6 | ATR: 7.84 | Preis: 25148.7 | MT-Linie: 25155.12
2026-02-12T01:01:00.000+01:00,MT BULLISH | CCI: 77.8 | ATR: 9.29 | Preis: 25158 | MT-Linie: 25155.12
2026-02-12T01:08:00.000+01:00,MT BEARISH | CCI: -40.8 | ATR: 10.2 | Preis: 25149.7 | MT-Linie: 25155.12
2026-02-12T01:16:00.000+01:00,MT BULLISH | CCI: 18.7 | ATR: 8.63 | Preis: 25155 | MT-Linie: 25155.12
2026-02-12T01:18:00.000+01:00,MT BEARISH | CCI: -18.3 | ATR: 7.81 | Preis: 25152.2 | MT-Linie: 25155.12
2026-02-12T01:30:00.000+01:00,MT BULLISH | CCI: 58.7 | ATR: 8.26 | Preis: 25155.2 | MT-Linie: 25150.73
2026-02-12T02:04:00.000+01:00,MT BEARISH | CCI: -9.1 | ATR: 7.33 | Preis: 25177 | MT-Linie: 25179.2
2026-02-12T02:06:00.000+01:00,MT BULLISH | CCI: 18.3 | ATR: 7.17 | Preis: 25181.3 | MT-Linie: 25179.2
2026-02-12T02:07:00.000+01:00,MT BEARISH | CCI: -14.2 | ATR: 6.73 | Preis: 25179.1 | MT-Linie: 25179.2
2026-02-12T02:09:00.000+01:00,MT BULLISH | CCI: 62.3 | ATR: 6.93 | Preis: 25185.5 | MT-Linie: 25179.2
2026-02-12T02:15:00.000+01:00,MT BEARISH | CCI: -30.8 | ATR: 6.47 | Preis: 25181.9 | MT-Linie: 25179.37
2026-02-12T02:26:00.000+01:00,MT BULLISH | CCI: 114.3 | ATR: 8.96 | Preis: 25191.4 | MT-Linie: 25178.14
2026-02-12T03:01:00.000+01:00,MT BEARISH | CCI: -0.5 | ATR: 7.27 | Preis: 25215.8 | MT-Linie: 25213.55
2026-02-12T03:07:00.000+01:00,MT BULLISH | CCI: 40 | ATR: 7.28 | Preis: 25220.5 | MT-Linie: 25213.55
2026-02-12T03:10:00.000+01:00,MT BEARISH | CCI: -16.4 | ATR: 6.3 | Preis: 25217.5 | MT-Linie: 25213.55
2026-02-12T03:49:00.000+01:00,MT BULLISH | CCI: 62.2 | ATR: 5.99 | Preis: 25203.5 | MT-Linie: 25197.02
2026-02-12T03:52:00.000+01:00,MT BEARISH | CCI: -14.6 | ATR: 5.48 | Preis: 25198.1 | MT-Linie: 25197.02
2026-02-12T03:53:00.000+01:00,MT BULLISH | CCI: 47.3 | ATR: 5.37 | Preis: 25202.2 | MT-Linie: 25197.02
2026-02-12T04:19:00.000+01:00,MT BEARISH | CCI: -23 | ATR: 4.28 | Preis: 25208.2 | MT-Linie: 25212.22
2026-02-12T04:20:00.000+01:00,MT BULLISH | CCI: 32.3 | ATR: 4.9 | Preis: 25214.5 | MT-Linie: 25212.22
2026-02-12T04:21:00.000+01:00,MT BEARISH | CCI: -8.7 | ATR: 4.84 | Preis: 25211.2 | MT-Linie: 25212.22
2026-02-12T04:22:00.000+01:00,MT BULLISH | CCI: 7.6 | ATR: 4.78 | Preis: 25213 | MT-Linie: 25212.22
2026-02-12T04:23:00.000+01:00,MT BEARISH | CCI: -33.2 | ATR: 4.84 | Preis: 25210.5 | MT-Linie: 25212.22
2026-02-12T04:28:00.000+01:00,MT BULLISH | CCI: 137 | ATR: 6.18 | Preis: 25221.5 | MT-Linie: 25211.92
2026-02-12T04:58:00.000+01:00,MT BEARISH | CCI: -20.2 | ATR: 3.82 | Preis: 25227.5 | MT-Linie: 25231.26
2026-02-12T05:15:00.000+01:00,MT BULLISH | CCI: 107.8 | ATR: 4.55 | Preis: 25236.2 | MT-Linie: 25230.73
2026-02-12T05:36:00.000+01:00,MT BEARISH | CCI: -7.1 | ATR: 5.64 | Preis: 25238.2 | MT-Linie: 25247.74
2026-02-12T05:38:00.000+01:00,MT BULLISH | CCI: 1.5 | ATR: 4.88 | Preis: 25239.9 | MT-Linie: 25244.77
2026-02-12T05:39:00.000+01:00,MT BEARISH | CCI: -1.4 | ATR: 4.51 | Preis: 25239.8 | MT-Linie: 25244.77
2026-02-12T05:46:00.000+01:00,MT BULLISH | CCI: 17.1 | ATR: 4.24 | Preis: 25243.9 | MT-Linie: 25241.19
2026-02-12T05:53:00.000+01:00,MT BEARISH | CCI: -15.3 | ATR: 3.68 | Preis: 25243.3 | MT-Linie: 25241.19
2026-02-12T05:57:00.000+01:00,MT BULLISH | CCI: 32.7 | ATR: 3.7 | Preis: 25246.7 | MT-Linie: 25241.19
2026-02-12T05:59:00.000+01:00,MT BEARISH | CCI: -2.6 | ATR: 3.39 | Preis: 25244.2 | MT-Linie: 25242.9
2026-02-12T06:00:00.000+01:00,MT BULLISH | CCI: 110.3 | ATR: 4.03 | Preis: 25251.7 | MT-Linie: 25242.9
2026-02-12T06:27:00.000+01:00,MT BEARISH | CCI: -11.9 | ATR: 3.36 | Preis: 25251.6 | MT-Linie: 25254.72
2026-02-12T06:28:00.000+01:00,MT BULLISH | CCI: 6 | ATR: 3.45 | Preis: 25252.7 | MT-Linie: 25254.72
2026-02-12T06:29:00.000+01:00,MT BEARISH | CCI: -39.9 | ATR: 3.36 | Preis: 25251.2 | MT-Linie: 25254.72
2026-02-12T06:40:00.000+01:00,MT BULLISH | CCI: 42.6 | ATR: 3.88 | Preis: 25254.1 | MT-Linie: 25251.87
2026-02-12T06:53:00.000+01:00,MT BEARISH | CCI: -54.7 | ATR: 3.99 | Preis: 25250.8 | MT-Linie: 25253.49
2026-02-12T06:54:00.000+01:00,MT BULLISH | CCI: 59.8 | ATR: 4.35 | Preis: 25256.5 | MT-Linie: 25253.49
2026-02-12T06:56:00.000+01:00,MT BEARISH | CCI: -22.8 | ATR: 4.7 | Preis: 25252.2 | MT-Linie: 25253.49
2026-02-12T06:59:00.000+01:00,MT BULLISH | CCI: 85.8 | ATR: 4.96 | Preis: 25257.6 | MT-Linie: 25253.49
2026-02-12T07:01:00.000+01:00,MT BEARISH | CCI: -5.9 | ATR: 4.97 | Preis: 25253 | MT-Linie: 25253.49
2026-02-12T07:12:00.000+01:00,MT BULLISH | CCI: 12.9 | ATR: 5.82 | Preis: 25252.7 | MT-Linie: 25247.62
2026-02-12T07:17:00.000+01:00,MT BEARISH | CCI: -8.6 | ATR: 7.12 | Preis: 25251.2 | MT-Linie: 25247.81
2026-02-12T07:52:00.000+01:00,MT BULLISH | CCI: 27.5 | ATR: 6.61 | Preis: 25231.8 | MT-Linie: 25224.8
2026-02-12T08:47:00.000+01:00,MT BEARISH | CCI: -8.4 | ATR: 5.96 | Preis: 25263.3 | MT-Linie: 25266.7
2026-02-12T08:48:00.000+01:00,MT BULLISH | CCI: 5.8 | ATR: 5.79 | Preis: 25265.1 | MT-Linie: 25266.7
2026-02-12T08:52:00.000+01:00,MT BEARISH | CCI: -50.4 | ATR: 5.45 | Preis: 25262.9 | MT-Linie: 25266.7
2026-02-12T08:56:00.000+01:00,MT BULLISH | CCI: 83.8 | ATR: 5.23 | Preis: 25271.5 | MT-Linie: 25266.7
2026-02-12T08:58:00.000+01:00,MT BEARISH | CCI: -4.6 | ATR: 5.13 | Preis: 25268.2 | MT-Linie: 25266.7
2026-02-12T08:59:00.000+01:00,MT BULLISH | CCI: 8.5 | ATR: 5.06 | Preis: 25268.6 | MT-Linie: 25266.7
2026-02-12T09:06:00.000+01:00,MT BEARISH | CCI: -15.7 | ATR: 8.47 | Preis: 25268.9 | MT-Linie: 25268.73
2026-02-12T09:07:00.000+01:00,MT BULLISH | CCI: 194 | ATR: 9.76 | Preis: 25281.6 | MT-Linie: 25268.73
2026-02-12T09:12:00.000+01:00,MT BEARISH | CCI: -103 | ATR: 9.44 | Preis: 25263.1 | MT-Linie: 25270.3
2026-02-12T09:15:00.000+01:00,MT BULLISH | CCI: 7.6 | ATR: 9.48 | Preis: 25271.6 | MT-Linie: 25270.3
2026-02-12T09:16:00.000+01:00,MT BEARISH | CCI: -19.4 | ATR: 8.94 | Preis: 25269.4 | MT-Linie: 25270.3
2026-02-12T09:17:00.000+01:00,MT BULLISH | CCI: 23.3 | ATR: 8.55 | Preis: 25272.8 | MT-Linie: 25270.3
2026-02-12T09:20:00.000+01:00,MT BEARISH | CCI: -28.7 | ATR: 8.67 | Preis: 25268.9 | MT-Linie: 25270.3
2026-02-12T09:53:00.000+01:00,MT BULLISH | CCI: 92.5 | ATR: 7.41 | Preis: 25266.3 | MT-Linie: 25257.26
2026-02-12T10:29:00.000+01:00,MT BEARISH | CCI: -103.6 | ATR: 5.83 | Preis: 25266.5 | MT-Linie: 25268.51
2026-02-12T10:38:00.000+01:00,MT BULLISH | CCI: 58.9 | ATR: 6.08 | Preis: 25273.6 | MT-Linie: 25268.51
2026-02-12T10:39:00.000+01:00,MT BEARISH | CCI: -83.1 | ATR: 6.35 | Preis: 25266.6 | MT-Linie: 25268.51
2026-02-12T10:54:00.000+01:00,MT BULLISH | CCI: 65.1 | ATR: 6.08 | Preis: 25271 | MT-Linie: 25264.39
2026-02-12T10:55:00.000+01:00,MT BEARISH | CCI: -6 | ATR: 5.93 | Preis: 25266.4 | MT-Linie: 25264.39
2026-02-12T10:56:00.000+01:00,MT BULLISH | CCI: 25.1 | ATR: 5.59 | Preis: 25268 | MT-Linie: 25264.39
2026-02-12T11:11:00.000+01:00,MT BEARISH | CCI: -19.1 | ATR: 6.23 | Preis: 25268.3 | MT-Linie: 25278.88
2026-02-12T11:40:00.000+01:00,MT BULLISH | CCI: 29.5 | ATR: 5.66 | Preis: 25266.6 | MT-Linie: 25263.95
2026-02-12T11:44:00.000+01:00,MT BEARISH | CCI: -20.7 | ATR: 5.13 | Preis: 25260.8 | MT-Linie: 25263.95
2026-02-12T11:45:00.000+01:00,MT BULLISH | CCI: 42 | ATR: 4.93 | Preis: 25263.3 | MT-Linie: 25263.95
2026-02-12T11:47:00.000+01:00,MT BEARISH | CCI: -31.4 | ATR: 4.93 | Preis: 25260 | MT-Linie: 25263.95
2026-02-12T11:51:00.000+01:00,MT BULLISH | CCI: 90.3 | ATR: 4.3 | Preis: 25264.9 | MT-Linie: 25263.95
2026-02-12T11:55:00.000+01:00,MT BEARISH | CCI: -10.1 | ATR: 4.08 | Preis: 25260.7 | MT-Linie: 25263.95
2026-02-12T11:56:00.000+01:00,MT BULLISH | CCI: 67 | ATR: 3.98 | Preis: 25263.6 | MT-Linie: 25263.95
2026-02-12T12:08:00.000+01:00,MT BEARISH | CCI: -13.7 | ATR: 6.99 | Preis: 25263.4 | MT-Linie: 25266.31
2026-02-12T12:09:00.000+01:00,MT BULLISH | CCI: 124.2 | ATR: 6.98 | Preis: 25270.3 | MT-Linie: 25266.31
2026-02-12T12:35:00.000+01:00,MT BEARISH | CCI: -55.3 | ATR: 4.84 | Preis: 25271 | MT-Linie: 25279.79
2026-02-12T12:49:00.000+01:00,MT BULLISH | CCI: 22 | ATR: 4.74 | Preis: 25276.1 | MT-Linie: 25269.3
2026-02-12T13:03:00.000+01:00,MT BEARISH | CCI: -39.2 | ATR: 5.81 | Preis: 25270.9 | MT-Linie: 25276.76
2026-02-12T13:14:00.000+01:00,MT BULLISH | CCI: 4 | ATR: 6.64 | Preis: 25272.9 | MT-Linie: 25274.41
2026-02-12T13:15:00.000+01:00,MT BEARISH | CCI: -62.9 | ATR: 6.7 | Preis: 25267.4 | MT-Linie: 25274.41
2026-02-12T13:16:00.000+01:00,MT BULLISH | CCI: 14.8 | ATR: 7.07 | Preis: 25274.2 | MT-Linie: 25274.41
2026-02-12T13:17:00.000+01:00,MT BEARISH | CCI: -18.4 | ATR: 6.66 | Preis: 25271.8 | MT-Linie: 25274.41
2026-02-12T13:18:00.000+01:00,MT BULLISH | CCI: 20.7 | ATR: 6.41 | Preis: 25275.1 | MT-Linie: 25274.41
2026-02-12T13:21:00.000+01:00,MT BEARISH | CCI: -10.8 | ATR: 5.76 | Preis: 25273.6 | MT-Linie: 25274.41
2026-02-12T13:22:00.000+01:00,MT BULLISH | CCI: 32.6 | ATR: 5.51 | Preis: 25276.7 | MT-Linie: 25274.41
2026-02-12T13:45:00.000+01:00,MT BEARISH | CCI: -3.6 | ATR: 7.41 | Preis: 25281.5 | MT-Linie: 25291.3
2026-02-12T13:47:00.000+01:00,MT BULLISH | CCI: 3.5 | ATR: 7.18 | Preis: 25283.3 | MT-Linie: 25291.3
2026-02-12T13:48:00.000+01:00,MT BEARISH | CCI: -14.3 | ATR: 6.61 | Preis: 25281.8 | MT-Linie: 25291.3
2026-02-12T13:49:00.000+01:00,MT BULLISH | CCI: 32.3 | ATR: 6.68 | Preis: 25287.1 | MT-Linie: 25291.3
2026-02-12T13:52:00.000+01:00,MT BEARISH | CCI: -40 | ATR: 6.79 | Preis: 25281.2 | MT-Linie: 25291.3
2026-02-12T14:29:00.000+01:00,MT BULLISH | CCI: 22.5 | ATR: 6.95 | Preis: 25263.1 | MT-Linie: 25257.8
2026-02-12T15:01:00.000+01:00,MT BEARISH | CCI: -7.7 | ATR: 8.47 | Preis: 25301.5 | MT-Linie: 25317.37
2026-02-12T15:30:00.000+01:00,=== SITZUNG GESTARTET === US100 | Fenster: 15:30-17:55 | Modus: Mean Reversion | Max: 5
2026-02-12T15:32:00.000+01:00,>>> LONG ENTRY #1 | Mean Rev. @ 25288.3 | SL: 25245.52 (42.8 Pkt) | TP: 25360.3 (72 Pkt)
2026-02-12T15:32:00.000+01:00,    MT: BEAR | CCI: -31.4 | BB: [25260.52 / 25279.79 / 25299.06] | ATR: 19.45
2026-02-12T15:36:00.000+01:00,>>> LONG ENTRY #2 | Mean Rev. @ 25283.1 | SL: 25228.74 (54.4 Pkt) | TP: 25355.1 (72 Pkt)
2026-02-12T15:36:00.000+01:00,    MT: BEAR | CCI: -44.8 | BB: [25260.01 / 25274.49 / 25288.97] | ATR: 24.71
2026-02-12T15:38:00.000+01:00,SHORT SIGNAL GEFILTERT | Preis: 25280.2 | Grund: Short deaktiviert | BB: [25260.83 / 25276.46 / 25292.09]
2026-02-12T15:40:00.000+01:00,MT BULLISH | CCI: 19.5 | ATR: 26.09 | Preis: 25290.1 | MT-Linie: 25284.26
2026-02-12T15:41:00.000+01:00,MT BEARISH | CCI: -41.3 | ATR: 26 | Preis: 25281.6 | MT-Linie: 25284.26
2026-02-12T15:41:00.000+01:00,BB SQUEEZE START | Breite: 0.079 (Avg: 0.086) | BB: [25272.27 / 25282.29 / 25292.31]
2026-02-12T15:41:00.000+01:00,SHORT SIGNAL GEFILTERT | Preis: 25281.6 | Grund: Short deaktiviert | BB: [25272.27 / 25282.29 / 25292.31]
2026-02-12T15:43:00.000+01:00,BB SQUEEZE ENDE | Breite: 0.097 (Avg: 0.085) | BB: [25265.62 / 25277.93 / 25290.24]
2026-02-12T15:44:00.000+01:00,<<< POSITION GESCHLOSSEN | Vorher: 0.78 | Preis: 25227.5 | Netto PnL: -105.55 | Equity: 9894.45
2026-02-12T15:46:00.000+01:00,>>> LONG ENTRY #3 | Mean Rev. @ 25207.8 | SL: 25141.28 (66.5 Pkt) | TP: 25279.8 (72 Pkt)
2026-02-12T15:46:00.000+01:00,    MT: BEAR | CCI: -289.6 | BB: [25207.32 / 25257.87 / 25308.42] | ATR: 30.24
2026-02-12T15:50:00.000+01:00,>>> LONG ENTRY #4 | Mean Rev. @ 25185.3 | SL: 25116.12 (69.2 Pkt) | TP: 25257.3 (72 Pkt)
2026-02-12T15:50:00.000+01:00,    MT: BEAR | CCI: -187.3 | BB: [25160.49 / 25218.22 / 25275.95] | ATR: 31.45
2026-02-12T15:54:00.000+01:00,BB SQUEEZE START | Breite: 0.13 (Avg: 0.144) | BB: [25170.79 / 25187.1 / 25203.41]
2026-02-12T15:56:00.000+01:00,BB SQUEEZE ENDE | Breite: 0.172 (Avg: 0.145) | BB: [25157.32 / 25179.01 / 25200.7]
2026-02-12T15:57:00.000+01:00,<<< TEIL-EXIT | Pos: 0.78 -> 0.39 | Preis: 25140 | PnL offen: -17.82
2026-02-12T15:59:00.000+01:00,<<< POSITION GESCHLOSSEN | Vorher: 0.39 | Preis: 25123.7 | Netto PnL: -166.94 | Equity: 9833.06
2026-02-12T16:01:00.000+01:00,>>> LONG ENTRY #5 | Mean Rev. @ 25156.3 | SL: 25090.42 (65.9 Pkt) | TP: 25228.3 (72 Pkt)
2026-02-12T16:01:00.000+01:00,    MT: BEAR | CCI: -82.2 | BB: [25110.65 / 25152.53 / 25194.41] | ATR: 29.95
2026-02-12T16:09:00.000+01:00,LONG SIGNAL BLOCKIERT | Preis: 25110.9 | Grund: Max Trades erreicht (5/5)
2026-02-12T16:09:00.000+01:00,<<< POSITION GESCHLOSSEN | Vorher: 0.39 | Preis: 25110.9 | Netto PnL: -196.68 | Equity: 9803.32
2026-02-12T16:13:00.000+01:00,BB SQUEEZE START | Breite: 0.192 (Avg: 0.213) | BB: [25098.75 / 25122.9 / 25147.05]
2026-02-12T16:14:00.000+01:00,BB SQUEEZE ENDE | Breite: 0.219 (Avg: 0.216) | BB: [25098.61 / 25126.18 / 25153.75]
2026-02-12T16:16:00.000+01:00,MT BULLISH | CCI: 8 | ATR: 26.06 | Preis: 25164.4 | MT-Linie: 25141.57
2026-02-12T16:17:00.000+01:00,MT BEARISH | CCI: -50 | ATR: 26.59 | Preis: 25134.8 | MT-Linie: 25141.57
2026-02-12T16:17:00.000+01:00,SHORT SIGNAL GEFILTERT | Preis: 25134.8 | Grund: Short deaktiviert | BB: [25097.49 / 25129.85 / 25162.21]
2026-02-12T16:18:00.000+01:00,BB SQUEEZE START | Breite: 0.221 (Avg: 0.231) | BB: [25106.25 / 25134.08 / 25161.91]
2026-02-12T16:22:00.000+01:00,MT BULLISH | CCI: 69.8 | ATR: 32.35 | Preis: 25168.9 | MT-Linie: 25141.57
2026-02-12T16:22:00.000+01:00,LONG SIGNAL BLOCKIERT | Preis: 25168.9 | Grund: Max Trades erreicht (5/5)
2026-02-12T16:23:00.000+01:00,MT BEARISH | CCI: -6.3 | ATR: 32.2 | Preis: 25141.9 | MT-Linie: 25141.57
2026-02-12T16:23:00.000+01:00,SHORT SIGNAL GEFILTERT | Preis: 25141.9 | Grund: Short deaktiviert | BB: [25119.91 / 25143.9 / 25167.89]
2026-02-12T16:24:00.000+01:00,MT BULLISH | CCI: 5.9 | ATR: 29.44 | Preis: 25145.1 | MT-Linie: 25141.57
2026-02-12T16:31:00.000+01:00,SHORT SIGNAL GEFILTERT | Preis: 25140.7 | Grund: Short deaktiviert | BB: [25137.52 / 25152.91 / 25168.3]
2026-02-12T16:32:00.000+01:00,MT BEARISH | CCI: -94.8 | ATR: 27.21 | Preis: 25114.3 | MT-Linie: 25141.57
2026-02-12T16:34:00.000+01:00,BB SQUEEZE ENDE | Breite: 0.279 (Avg: 0.25) | BB: [25104.05 / 25139.09 / 25174.13]
2026-02-12T16:42:00.000+01:00,LONG SIGNAL BLOCKIERT | Preis: 25019.7 | Grund: Max Trades erreicht (5/5)
2026-02-12T16:45:00.000+01:00,LONG SIGNAL BLOCKIERT | Preis: 25026.5 | Grund: Max Trades erreicht (5/5)
2026-02-12T16:46:00.000+01:00,BB SQUEEZE START | Breite: 0.235 (Avg: 0.257) | BB: [25001.65 / 25031.04 / 25060.43]
2026-02-12T16:49:00.000+01:00,LONG SIGNAL BLOCKIERT | Preis: 25017.2 | Grund: Max Trades erreicht (5/5)
2026-02-12T16:52:00.000+01:00,SHORT SIGNAL GEFILTERT | Preis: 25008.9 | Grund: Short deaktiviert | BB: [24999.61 / 25016.88 / 25034.15]
2026-02-12T16:55:00.000+01:00,BB SQUEEZE ENDE | Breite: 0.268 (Avg: 0.237) | BB: [24972.98 / 25006.47 / 25039.96]
2026-02-12T16:56:00.000+01:00,LONG SIGNAL BLOCKIERT | Preis: 24964.4 | Grund: Max Trades erreicht (5/5)
2026-02-12T17:03:00.000+01:00,BB SQUEEZE START | Breite: 0.198 (Avg: 0.25) | BB: [24920.09 / 24944.73 / 24969.37]
2026-02-12T17:07:00.000+01:00,BB SQUEEZE ENDE | Breite: 0.256 (Avg: 0.249) | BB: [24885.59 / 24917.47 / 24949.35]
2026-02-12T17:07:00.000+01:00,LONG SIGNAL BLOCKIERT | Preis: 24885.8 | Grund: Max Trades erreicht (5/5)
2026-02-12T17:08:00.000+01:00,BB SQUEEZE START | Breite: 0.249 (Avg: 0.25) | BB: [24882.05 / 24913.1 / 24944.15]
2026-02-12T17:08:00.000+01:00,LONG SIGNAL BLOCKIERT | Preis: 24896.1 | Grund: Max Trades erreicht (5/5)
2026-02-12T17:09:00.000+01:00,BB SQUEEZE ENDE | Breite: 0.261 (Avg: 0.251) | BB: [24876.01 / 24908.51 / 24941.01]
2026-02-12T17:11:00.000+01:00,LONG SIGNAL BLOCKIERT | Preis: 24865.5 | Grund: Max Trades erreicht (5/5)
2026-02-12T17:12:00.000+01:00,LONG SIGNAL BLOCKIERT | Preis: 24869.7 | Grund: Max Trades erreicht (5/5)
2026-02-12T17:13:00.000+01:00,BB SQUEEZE START | Breite: 0.217 (Avg: 0.256) | BB: [24854.33 / 24881.39 / 24908.45]
2026-02-12T17:14:00.000+01:00,LONG SIGNAL BLOCKIERT | Preis: 24860.7 | Grund: Max Trades erreicht (5/5)
2026-02-12T17:17:00.000+01:00,LONG SIGNAL BLOCKIERT | Preis: 24842.7 | Grund: Max Trades erreicht (5/5)
2026-02-12T17:19:00.000+01:00,LONG SIGNAL BLOCKIERT | Preis: 24828.7 | Grund: Max Trades erreicht (5/5)
2026-02-12T17:20:00.000+01:00,BB SQUEEZE ENDE | Breite: 0.277 (Avg: 0.264) | BB: [24805.33 / 24839.7 / 24874.07]
2026-02-12T17:23:00.000+01:00,BB SQUEEZE START | Breite: 0.268 (Avg: 0.271) | BB: [24787.73 / 24821.01 / 24854.29]
2026-02-12T17:23:00.000+01:00,LONG SIGNAL BLOCKIERT | Preis: 24822.6 | Grund: Max Trades erreicht (5/5)
2026-02-12T17:26:00.000+01:00,BB SQUEEZE ENDE | Breite: 0.287 (Avg: 0.267) | BB: [24766.44 / 24802.08 / 24837.72]
2026-02-12T17:27:00.000+01:00,BB SQUEEZE START | Breite: 0.24 (Avg: 0.264) | BB: [24766.58 / 24796.36 / 24826.14]
2026-02-12T17:27:00.000+01:00,LONG SIGNAL BLOCKIERT | Preis: 24785.5 | Grund: Max Trades erreicht (5/5)
2026-02-12T17:28:00.000+01:00,BB SQUEEZE ENDE | Breite: 0.266 (Avg: 0.261) | BB: [24758.35 / 24791.29 / 24824.23]
2026-02-12T17:30:00.000+01:00,LONG SIGNAL BLOCKIERT | Preis: 24745.2 | Grund: Max Trades erreicht (5/5)
2026-02-12T17:31:00.000+01:00,LONG SIGNAL BLOCKIERT | Preis: 24749.8 | Grund: Max Trades erreicht (5/5)
2026-02-12T17:33:00.000+01:00,BB SQUEEZE START | Breite: 0.225 (Avg: 0.251) | BB: [24738.7 / 24766.51 / 24794.32]
2026-02-12T17:36:00.000+01:00,MT BULLISH | CCI: 6.4 | ATR: 32.82 | Preis: 24831.4 | MT-Linie: 24780.37
2026-02-12T17:36:00.000+01:00,BB SQUEEZE ENDE | Breite: 0.312 (Avg: 0.246) | BB: [24733.04 / 24771.63 / 24810.22]
2026-02-12T17:38:00.000+01:00,MT BEARISH | CCI: -25.5 | ATR: 32.89 | Preis: 24804.3 | MT-Linie: 24780.37
2026-02-12T17:38:00.000+01:00,SHORT SIGNAL GEFILTERT | Preis: 24804.3 | Grund: Short deaktiviert | BB: [24733.84 / 24780 / 24826.16]
2026-02-12T17:39:00.000+01:00,MT BULLISH | CCI: 1.8 | ATR: 32.12 | Preis: 24818.3 | MT-Linie: 24780.37
2026-02-12T17:40:00.000+01:00,MT BEARISH | CCI: -12.2 | ATR: 31.3 | Preis: 24808.2 | MT-Linie: 24780.37
2026-02-12T17:41:00.000+01:00,MT BULLISH | CCI: 26.6 | ATR: 30.29 | Preis: 24827.4 | MT-Linie: 24780.37
2026-02-12T17:43:00.000+01:00,BB SQUEEZE START | Breite: 0.242 (Avg: 0.271) | BB: [24782.79 / 24812.81 / 24842.83]
2026-02-12T17:44:00.000+01:00,MT BEARISH | CCI: -19.3 | ATR: 31.2 | Preis: 24798.7 | MT-Linie: 24781.9
2026-02-12T17:45:00.000+01:00,MT BULLISH | CCI: 17.6 | ATR: 29.87 | Preis: 24813.4 | MT-Linie: 24781.9
2026-02-12T17:45:00.000+01:00,LONG SIGNAL BLOCKIERT | Preis: 24813.4 | Grund: Max Trades erreicht (5/5)
2026-02-12T17:46:00.000+01:00,MT BEARISH | CCI: -54.5 | ATR: 32.52 | Preis: 24781.1 | MT-Linie: 24781.9
2026-02-12T17:48:00.000+01:00,BB SQUEEZE ENDE | Breite: 0.271 (Avg: 0.261) | BB: [24770.64 / 24804.2 / 24837.76]
2026-02-12T17:49:00.000+01:00,LONG SIGNAL BLOCKIERT | Preis: 24793.1 | Grund: Max Trades erreicht (5/5)
2026-02-12T17:51:00.000+01:00,BB SQUEEZE START | Breite: 0.249 (Avg: 0.255) | BB: [24764.86 / 24795.72 / 24826.58]
2026-02-12T17:52:00.000+01:00,MT BULLISH | CCI: 1.3 | ATR: 28.59 | Preis: 24792.6 | MT-Linie: 24781.9
2026-02-12T17:53:00.000+01:00,MT BEARISH | CCI: -28.1 | ATR: 27.02 | Preis: 24782.7 | MT-Linie: 24781.9
2026-02-12T17:55:00.000+01:00,=== SITZUNG BEENDET === US100 | Trades: 5/5 | Offene Pos: 0 | Equity: 9803.32
2026-02-12T17:55:00.000+01:00,MT BULLISH | CCI: 4.6 | ATR: 25.57 | Preis: 24791.3 | MT-Linie: 24781.9
2026-02-12T17:56:00.000+01:00,MT BEARISH | CCI: -32.8 | ATR: 24.76 | Preis: 24779.7 | MT-Linie: 24781.9
2026-02-12T17:58:00.000+01:00,MT BULLISH | CCI: 22.5 | ATR: 22.57 | Preis: 24795.2 | MT-Linie: 24781.9
2026-02-12T18:00:00.000+01:00,MT BEARISH | CCI: -75.7 | ATR: 23.95 | Preis: 24766.8 | MT-Linie: 24781.9
2026-02-12T18:02:00.000+01:00,MT BULLISH | CCI: 56 | ATR: 25.92 | Preis: 24805.6 | MT-Linie: 24781.9
2026-02-12T18:05:00.000+01:00,MT BEARISH | CCI: -77.3 | ATR: 25.6 | Preis: 24773.2 | MT-Linie: 24781.9
2026-02-12T18:06:00.000+01:00,MT BULLISH | CCI: 97.8 | ATR: 29.37 | Preis: 24819 | MT-Linie: 24781.9
2026-02-12T18:08:00.000+01:00,MT BEARISH | CCI: -17.1 | ATR: 29.2 | Preis: 24792.4 | MT-Linie: 24781.9
2026-02-12T18:09:00.000+01:00,MT BULLISH | CCI: 73.6 | ATR: 30.6 | Preis: 24815.5 | MT-Linie: 24781.9
2026-02-12T18:10:00.000+01:00,MT BEARISH | CCI: -41.6 | ATR: 30.73 | Preis: 24787.9 | MT-Linie: 24781.9
2026-02-12T18:16:00.000+01:00,MT BULLISH | CCI: 9.2 | ATR: 26.3 | Preis: 24792.7 | MT-Linie: 24781.9
2026-02-12T18:17:00.000+01:00,MT BEARISH | CCI: -105.6 | ATR: 26.76 | Preis: 24767.5 | MT-Linie: 24781.9
2026-02-12T18:20:00.000+01:00,MT BULLISH | CCI: 31.4 | ATR: 25.28 | Preis: 24791.5 | MT-Linie: 24781.9
2026-02-12T18:29:00.000+01:00,MT BEARISH | CCI: -0.1 | ATR: 23.72 | Preis: 24794 | MT-Linie: 24810.83
2026-02-12T18:33:00.000+01:00,MT BULLISH | CCI: 99.6 | ATR: 23.14 | Preis: 24821.7 | MT-Linie: 24810.83
2026-02-12T18:46:00.000+01:00,MT BEARISH | CCI: -4.3 | ATR: 21.22 | Preis: 24806.4 | MT-Linie: 24816.46
2026-02-12T18:47:00.000+01:00,MT BULLISH | CCI: 9.7 | ATR: 20.12 | Preis: 24811.8 | MT-Linie: 24816.46
2026-02-12T18:48:00.000+01:00,MT BEARISH | CCI: -59.9 | ATR: 20.45 | Preis: 24791.9 | MT-Linie: 24816.46
2026-02-12T18:49:00.000+01:00,MT BULLISH | CCI: 4.9 | ATR: 21.18 | Preis: 24811.4 | MT-Linie: 24816.46
2026-02-12T18:50:00.000+01:00,MT BEARISH | CCI: -23.7 | ATR: 22.11 | Preis: 24805 | MT-Linie: 24816.46
2026-02-12T19:22:00.000+01:00,MT BULLISH | CCI: 10.1 | ATR: 18.57 | Preis: 24769.5 | MT-Linie: 24757.39
2026-02-12T19:25:00.000+01:00,MT BEARISH | CCI: -4.8 | ATR: 17.48 | Preis: 24762.9 | MT-Linie: 24757.39
2026-02-12T19:26:00.000+01:00,MT BULLISH | CCI: 57.2 | ATR: 17.47 | Preis: 24775.1 | MT-Linie: 24757.39
2026-02-12T19:27:00.000+01:00,MT BEARISH | CCI: -9.5 | ATR: 17.69 | Preis: 24760.3 | MT-Linie: 24757.39
2026-02-12T19:33:00.000+01:00,MT BULLISH | CCI: 38 | ATR: 21.53 | Preis: 24767.8 | MT-Linie: 24757.39
2026-02-12T20:09:00.000+01:00,MT BEARISH | CCI: -49.2 | ATR: 15.93 | Preis: 24808.2 | MT-Linie: 24821.51
2026-02-12T20:17:00.000+01:00,MT BULLISH | CCI: 7.1 | ATR: 17.95 | Preis: 24821.6 | MT-Linie: 24802.99
2026-02-12T20:26:00.000+01:00,MT BEARISH | CCI: -30.9 | ATR: 15.95 | Preis: 24815.7 | MT-Linie: 24814.28
2026-02-12T20:32:00.000+01:00,MT BULLISH | CCI: 50.8 | ATR: 16.17 | Preis: 24827.6 | MT-Linie: 24810.76
2026-02-12T20:34:00.000+01:00,MT BEARISH | CCI: -1.4 | ATR: 15.14 | Preis: 24815.4 | MT-Linie: 24810.92
2026-02-12T20:35:00.000+01:00,MT BULLISH | CCI: 100.9 | ATR: 17.42 | Preis: 24838 | MT-Linie: 24810.92
2026-02-12T20:58:00.000+01:00,MT BEARISH | CCI: -57.9 | ATR: 16.26 | Preis: 24821.4 | MT-Linie: 24838.3
2026-02-12T22:07:00.000+01:00,MT BULLISH | CCI: 8 | ATR: 16.01 | Preis: 24704.8 | MT-Linie: 24683.17
2026-02-12T22:56:00.000+01:00,MT BEARISH | CCI: -6 | ATR: 6.2 | Preis: 24739.9 | MT-Linie: 24743.61
2026-02-12T22:57:00.000+01:00,MT BULLISH | CCI: 66 | ATR: 6.53 | Preis: 24746.9 | MT-Linie: 24743.61
2026-02-12T22:58:00.000+01:00,MT BEARISH | CCI: -41.6 | ATR: 7.25 | Preis: 24738.2 | MT-Linie: 24743.61
2026-02-12T23:19:00.000+01:00,MT BULLISH | CCI: 31.8 | ATR: 2.27 | Preis: 24743.6 | MT-Linie: 24741.04
2026-02-13T00:00:00.000+01:00,MT BEARISH | CCI: -237.5 | ATR: 4.44 | Preis: 24739.5 | MT-Linie: 24752.73
2026-02-13T00:06:00.000+01:00,MT BULLISH | CCI: 50.9 | ATR: 10.74 | Preis: 24752.3 | MT-Linie: 24746.76
2026-02-13T00:14:00.000+01:00,MT BEARISH | CCI: -1.9 | ATR: 10.07 | Preis: 24751 | MT-Linie: 24747.61
2026-02-13T00:15:00.000+01:00,MT BULLISH | CCI: 90.4 | ATR: 9.99 | Preis: 24757.9 | MT-Linie: 24747.61
2026-02-13T00:16:00.000+01:00,MT BEARISH | CCI: -46 | ATR: 10.12 | Preis: 24748.2 | MT-Linie: 24747.61
2026-02-13T00:17:00.000+01:00,MT BULLISH | CCI: 140.4 | ATR: 10.8 | Preis: 24762.2 | MT-Linie: 24747.61
2026-02-13T00:19:00.000+01:00,MT BEARISH | CCI: -12.3 | ATR: 12 | Preis: 24750.9 | MT-Linie: 24747.61
2026-02-13T00:25:00.000+01:00,MT BULLISH | CCI: 8.3 | ATR: 9.08 | Preis: 24751.7 | MT-Linie: 24747.61
2026-02-13T00:33:00.000+01:00,MT BEARISH | CCI: -460.4 | ATR: 16.01 | Preis: 24695 | MT-Linie: 24747.61
2026-02-13T00:50:00.000+01:00,MT BULLISH | CCI: 2.6 | ATR: 13.16 | Preis: 24729.7 | MT-Linie: 24711.54
2026-02-13T01:20:00.000+01:00,MT BEARISH | CCI: -6.7 | ATR: 9.72 | Preis: 24749.1 | MT-Linie: 24754.95
2026-02-13T02:02:00.000+01:00,MT BULLISH | CCI: 9.8 | ATR: 15.65 | Preis: 24675 | MT-Linie: 24665.3
2026-02-13T02:44:00.000+01:00,MT BEARISH | CCI: -28.7 | ATR: 11.81 | Preis: 24722.6 | MT-Linie: 24719.66
2026-02-13T02:46:00.000+01:00,MT BULLISH | CCI: 45.7 | ATR: 11.13 | Preis: 24729.6 | MT-Linie: 24719.66
2026-02-13T02:54:00.000+01:00,MT BEARISH | CCI: -81.1 | ATR: 10.83 | Preis: 24717.7 | MT-Linie: 24732.28
2026-02-13T03:00:00.000+01:00,MT BULLISH | CCI: 89.8 | ATR: 15.11 | Preis: 24737.6 | MT-Linie: 24717.76
2026-02-13T03:15:00.000+01:00,MT BEARISH | CCI: -3.9 | ATR: 9.5 | Preis: 24733.1 | MT-Linie: 24738.55
2026-02-13T03:17:00.000+01:00,MT BULLISH | CCI: 9.8 | ATR: 9.33 | Preis: 24735.8 | MT-Linie: 24738.55
2026-02-13T03:19:00.000+01:00,MT BEARISH | CCI: -22.6 | ATR: 9.31 | Preis: 24731.2 | MT-Linie: 24738.55
2026-02-13T03:24:00.000+01:00,MT BULLISH | CCI: 0.8 | ATR: 9.19 | Preis: 24734.7 | MT-Linie: 24738.55
2026-02-13T03:25:00.000+01:00,MT BEARISH | CCI: -35.3 | ATR: 9.38 | Preis: 24728.9 | MT-Linie: 24738.55
2026-02-13T03:27:00.000+01:00,MT BULLISH | CCI: 8.3 | ATR: 9.8 | Preis: 24735 | MT-Linie: 24738.55
2026-02-13T03:44:00.000+01:00,MT BEARISH | CCI: -62.1 | ATR: 8.6 | Preis: 24734.7 | MT-Linie: 24742.61
2026-02-13T04:02:00.000+01:00,MT BULLISH | CCI: 23 | ATR: 7.18 | Preis: 24742.7 | MT-Linie: 24738.89
2026-02-13T04:05:00.000+01:00,MT BEARISH | CCI: -30.7 | ATR: 7.09 | Preis: 24736 | MT-Linie: 24738.89
2026-02-13T04:11:00.000+01:00,MT BULLISH | CCI: 0.7 | ATR: 6.49 | Preis: 24736.3 | MT-Linie: 24736.45
2026-02-13T04:12:00.000+01:00,MT BEARISH | CCI: -18.4 | ATR: 6.12 | Preis: 24734.3 | MT-Linie: 24736.45
2026-02-13T04:13:00.000+01:00,MT BULLISH | CCI: 26.7 | ATR: 5.94 | Preis: 24737.5 | MT-Linie: 24736.45
2026-02-13T04:14:00.000+01:00,MT BEARISH | CCI: -65.5 | ATR: 6.39 | Preis: 24730.3 | MT-Linie: 24736.45
2026-02-13T04:16:00.000+01:00,MT BULLISH | CCI: 23.2 | ATR: 6.39 | Preis: 24735.6 | MT-Linie: 24736.45
2026-02-13T04:17:00.000+01:00,MT BEARISH | CCI: -45 | ATR: 6.16 | Preis: 24731.3 | MT-Linie: 24736.45
2026-02-13T05:13:00.000+01:00,MT BULLISH | CCI: 9.8 | ATR: 7.05 | Preis: 24695.1 | MT-Linie: 24688.42
2026-02-13T05:34:00.000+01:00,MT BEARISH | CCI: -18.5 | ATR: 6.96 | Preis: 24697.3 | MT-Linie: 24709.66
2026-02-13T06:03:00.000+01:00,MT BULLISH | CCI: 15.5 | ATR: 7.4 | Preis: 24695.3 | MT-Linie: 24696.17
2026-02-13T06:05:00.000+01:00,MT BEARISH | CCI: -71.7 | ATR: 7.99 | Preis: 24687.9 | MT-Linie: 24696.17
2026-02-13T06:09:00.000+01:00,MT BULLISH | CCI: 63.4 | ATR: 8.37 | Preis: 24694.4 | MT-Linie: 24694.73
2026-02-13T06:10:00.000+01:00,MT BEARISH | CCI: -38.5 | ATR: 8.86 | Preis: 24688.7 | MT-Linie: 24694.73
2026-02-13T06:47:00.000+01:00,MT BULLISH | CCI: 31 | ATR: 12.42 | Preis: 24656.8 | MT-Linie: 24642.71
2026-02-13T06:50:00.000+01:00,MT BEARISH | CCI: -24.3 | ATR: 11.91 | Preis: 24644.8 | MT-Linie: 24642.71
2026-02-13T06:51:00.000+01:00,MT BULLISH | CCI: 11.1 | ATR: 11.63 | Preis: 24649.5 | MT-Linie: 24642.71
2026-02-13T06:52:00.000+01:00,MT BEARISH | CCI: -54.6 | ATR: 11.51 | Preis: 24639.5 | MT-Linie: 24642.71
2026-02-13T06:55:00.000+01:00,MT BULLISH | CCI: 4.3 | ATR: 12.6 | Preis: 24645 | MT-Linie: 24642.71
2026-02-13T06:59:00.000+01:00,MT BEARISH | CCI: -20.9 | ATR: 11.2 | Preis: 24640.5 | MT-Linie: 24642.71
2026-02-13T07:02:00.000+01:00,MT BULLISH | CCI: 88.4 | ATR: 11.96 | Preis: 24650.5 | MT-Linie: 24642.71
2026-02-13T07:04:00.000+01:00,MT BEARISH | CCI: -52 | ATR: 12.51 | Preis: 24637.7 | MT-Linie: 24642.71
2026-02-13T07:05:00.000+01:00,MT BULLISH | CCI: 24.6 | ATR: 12.38 | Preis: 24644.8 | MT-Linie: 24642.71
2026-02-13T07:12:00.000+01:00,MT BEARISH | CCI: -8.1 | ATR: 11.48 | Preis: 24643.3 | MT-Linie: 24642.71
2026-02-13T07:13:00.000+01:00,MT BULLISH | CCI: 42.7 | ATR: 11.21 | Preis: 24648.5 | MT-Linie: 24642.71
2026-02-13T07:15:00.000+01:00,MT BEARISH | CCI: -60.7 | ATR: 11.75 | Preis: 24640.8 | MT-Linie: 24642.71
2026-02-13T07:16:00.000+01:00,MT BULLISH | CCI: 20.4 | ATR: 11.71 | Preis: 24647.5 | MT-Linie: 24642.71
2026-02-13T07:21:00.000+01:00,MT BEARISH | CCI: -3.9 | ATR: 9.68 | Preis: 24646.9 | MT-Linie: 24643.97
2026-02-13T07:49:00.000+01:00,MT BULLISH | CCI: 4.9 | ATR: 13.99 | Preis: 24613.3 | MT-Linie: 24600.92
2026-02-13T08:30:00.000+01:00,MT BEARISH | CCI: -8.4 | ATR: 9.63 | Preis: 24664.2 | MT-Linie: 24668.79
2026-02-13T08:31:00.000+01:00,MT BULLISH | CCI: 34.7 | ATR: 9.37 | Preis: 24670.8 | MT-Linie: 24668.79
2026-02-13T08:33:00.000+01:00,MT BEARISH | CCI: -30.1 | ATR: 8.59 | Preis: 24663.6 | MT-Linie: 24668.79
2026-02-13T08:34:00.000+01:00,MT BULLISH | CCI: 28.9 | ATR: 9.92 | Preis: 24671.2 | MT-Linie: 24668.79
2026-02-13T08:35:00.000+01:00,MT BEARISH | CCI: -16.6 | ATR: 10.04 | Preis: 24666.1 | MT-Linie: 24668.79
2026-02-13T08:54:00.000+01:00,MT BULLISH | CCI: 32.3 | ATR: 9.69 | Preis: 24667.2 | MT-Linie: 24656.47
2026-02-13T08:55:00.000+01:00,MT BEARISH | CCI: -17.5 | ATR: 9.62 | Preis: 24660.1 | MT-Linie: 24656.47
2026-02-13T08:56:00.000+01:00,MT BULLISH | CCI: 33.4 | ATR: 9.63 | Preis: 24666 | MT-Linie: 24656.47
2026-02-13T08:57:00.000+01:00,MT BEARISH | CCI: -33.1 | ATR: 9.77 | Preis: 24657.6 | MT-Linie: 24656.47
2026-02-13T08:58:00.000+01:00,MT BULLISH | CCI: 132.1 | ATR: 11.19 | Preis: 24676.9 | MT-Linie: 24656.47
2026-02-13T09:02:00.000+01:00,MT BEARISH | CCI: -23.7 | ATR: 12.13 | Preis: 24658 | MT-Linie: 24659.7
2026-02-13T09:03:00.000+01:00,MT BULLISH | CCI: 168.2 | ATR: 13.41 | Preis: 24678.5 | MT-Linie: 24659.7
2026-02-13T09:14:00.000+01:00,MT BEARISH | CCI: -38.7 | ATR: 14.35 | Preis: 24659.6 | MT-Linie: 24678.62
2026-02-13T09:25:00.000+01:00,MT BULLISH | CCI: 35.5 | ATR: 17.2 | Preis: 24672.3 | MT-Linie: 24636.09
2026-02-13T09:30:00.000+01:00,MT BEARISH | CCI: -7.6 | ATR: 14.11 | Preis: 24661.4 | MT-Linie: 24653.07
2026-02-13T09:31:00.000+01:00,MT BULLISH | CCI: 34.8 | ATR: 15.08 | Preis: 24673.9 | MT-Linie: 24653.07
2026-02-13T09:36:00.000+01:00,MT BEARISH | CCI: -1.4 | ATR: 14.57 | Preis: 24664.6 | MT-Linie: 24664.32
2026-02-13T09:41:00.000+01:00,MT BULLISH | CCI: 3 | ATR: 12.37 | Preis: 24662.5 | MT-Linie: 24664.32
2026-02-13T10:02:00.000+01:00,MT BEARISH | CCI: -51 | ATR: 11.51 | Preis: 24671.9 | MT-Linie: 24689.9
2026-02-13T10:08:00.000+01:00,MT BULLISH | CCI: 16.4 | ATR: 13.56 | Preis: 24687.7 | MT-Linie: 24679.17
2026-02-13T10:14:00.000+01:00,MT BEARISH | CCI: -21.8 | ATR: 12.67 | Preis: 24684.7 | MT-Linie: 24686.85
2026-02-13T10:15:00.000+01:00,MT BULLISH | CCI: 6.3 | ATR: 11.91 | Preis: 24691 | MT-Linie: 24686.85
2026-02-13T10:44:00.000+01:00,MT BEARISH | CCI: -6.4 | ATR: 9.57 | Preis: 24717 | MT-Linie: 24717.18
2026-02-13T10:45:00.000+01:00,MT BULLISH | CCI: 5.7 | ATR: 9.11 | Preis: 24719.4 | MT-Linie: 24717.18
2026-02-13T10:51:00.000+01:00,MT BEARISH | CCI: -31.4 | ATR: 8.84 | Preis: 24721.8 | MT-Linie: 24721.36
2026-02-13T11:14:00.000+01:00,MT BULLISH | CCI: 6.4 | ATR: 10.82 | Preis: 24714.8 | MT-Linie: 24709.69
2026-02-13T11:15:00.000+01:00,MT BEARISH | CCI: -24.9 | ATR: 10.69 | Preis: 24710.2 | MT-Linie: 24709.69
2026-02-13T11:18:00.000+01:00,MT BULLISH | CCI: 27.7 | ATR: 9.36 | Preis: 24715.6 | MT-Linie: 24709.69
2026-02-13T11:31:00.000+01:00,MT BEARISH | CCI: -11.8 | ATR: 7.74 | Preis: 24711 | MT-Linie: 24713.1
2026-02-13T12:35:00.000+01:00,MT BULLISH | CCI: 70.9 | ATR: 21.43 | Preis: 24626.9 | MT-Linie: 24589.66
2026-02-13T12:44:00.000+01:00,MT BEARISH | CCI: -20.5 | ATR: 16.71 | Preis: 24600.4 | MT-Linie: 24597.66
2026-02-13T12:46:00.000+01:00,MT BULLISH | CCI: 36.7 | ATR: 17.18 | Preis: 24610.3 | MT-Linie: 24597.66
2026-02-13T12:48:00.000+01:00,MT BEARISH | CCI: -18 | ATR: 15.98 | Preis: 24599.8 | MT-Linie: 24597.66
2026-02-13T12:49:00.000+01:00,MT BULLISH | CCI: 27.3 | ATR: 15.45 | Preis: 24608.2 | MT-Linie: 24597.66
2026-02-13T13:08:00.000+01:00,MT BEARISH | CCI: -32 | ATR: 14.42 | Preis: 24617.2 | MT-Linie: 24632.67
2026-02-13T13:13:00.000+01:00,MT BULLISH | CCI: 5.4 | ATR: 13.38 | Preis: 24625.1 | MT-Linie: 24632.67
2026-02-13T13:14:00.000+01:00,MT BEARISH | CCI: -60.5 | ATR: 14.46 | Preis: 24611.9 | MT-Linie: 24632.67
2026-02-13T13:18:00.000+01:00,MT BULLISH | CCI: 33.8 | ATR: 14.07 | Preis: 24630.7 | MT-Linie: 24625.02
2026-02-13T13:19:00.000+01:00,MT BEARISH | CCI: -11.9 | ATR: 13.77 | Preis: 24621.9 | MT-Linie: 24625.02
2026-02-13T13:20:00.000+01:00,MT BULLISH | CCI: 23.3 | ATR: 14.08 | Preis: 24629.7 | MT-Linie: 24625.02
2026-02-13T13:46:00.000+01:00,MT BEARISH | CCI: -36 | ATR: 11 | Preis: 24632.4 | MT-Linie: 24639.59
2026-02-13T13:53:00.000+01:00,MT BULLISH | CCI: 90.6 | ATR: 12.7 | Preis: 24651.9 | MT-Linie: 24639.57
2026-02-13T13:58:00.000+01:00,MT BEARISH | CCI: -214.5 | ATR: 17.7 | Preis: 24614.7 | MT-Linie: 24639.57
2026-02-13T14:03:00.000+01:00,MT BULLISH | CCI: 6.9 | ATR: 15.88 | Preis: 24641.9 | MT-Linie: 24639.57
2026-02-13T14:06:00.000+01:00,MT BEARISH | CCI: -45.3 | ATR: 14.03 | Preis: 24634.5 | MT-Linie: 24639.57
2026-02-13T14:23:00.000+01:00,MT BULLISH | CCI: 20.8 | ATR: 20.23 | Preis: 24619.1 | MT-Linie: 24582.97
2026-02-13T15:05:00.000+01:00,MT BEARISH | CCI: -23.2 | ATR: 19.62 | Preis: 24700.3 | MT-Linie: 24715.41
2026-02-13T15:30:00.000+01:00,=== SITZUNG GESTARTET === US100 | Fenster: 15:30-17:55 | Modus: Mean Reversion | Max: 5
2026-02-13T15:31:00.000+01:00,>>> LONG ENTRY #1 | Mean Rev. @ 24677.6 | SL: 24616.46 (61.1 Pkt) | TP: 24749.6 (72 Pkt)
2026-02-13T15:31:00.000+01:00,    MT: BEAR | CCI: -12 | BB: [24649.59 / 24662.72 / 24675.85] | ATR: 27.79
2026-02-13T15:32:00.000+01:00,MT BULLISH | CCI: 101.1 | ATR: 35.12 | Preis: 24714.1 | MT-Linie: 24673.71
2026-02-13T15:32:00.000+01:00,BB SQUEEZE ENDE | Breite: 0.215 (Avg: 0.171) | BB: [24641.6 / 24668.07 / 24694.54]
2026-02-13T15:33:00.000+01:00,MT BEARISH | CCI: -50.6 | ATR: 40.16 | Preis: 24664.5 | MT-Linie: 24673.71
2026-02-13T15:33:00.000+01:00,SHORT SIGNAL GEFILTERT | Preis: 24664.5 | Grund: Short deaktiviert | BB: [24644.76 / 24669.61 / 24694.46]
2026-02-13T15:34:00.000+01:00,SHORT SIGNAL GEFILTERT | Preis: 24648.5 | Grund: Short deaktiviert | BB: [24643.3 / 24669.05 / 24694.8]
2026-02-13T15:35:00.000+01:00,>>> LONG ENTRY #2 | Mean Rev. @ 24660.2 | SL: 24563.99 (96.2 Pkt) | TP: 24732.2 (72 Pkt)
2026-02-13T15:35:00.000+01:00,    MT: BEAR | CCI: -60.1 | BB: [24643.74 / 24669.28 / 24694.82] | ATR: 43.73
2026-02-13T15:37:00.000+01:00,<<< TEIL-EXIT | Pos: 0.78 -> 0.39 | Preis: 24607.6 | PnL offen: -20.05
2026-02-13T15:38:00.000+01:00,>>> LONG ENTRY #3 | Mean Rev. @ 24640.3 | SL: 24545.22 (95.1 Pkt) | TP: 24712.3 (72 Pkt)
2026-02-13T15:38:00.000+01:00,    MT: BEAR | CCI: -131.5 | BB: [24620.27 / 24660.18 / 24700.09] | ATR: 43.22
2026-02-13T15:40:00.000+01:00,<<< TEIL-EXIT | Pos: 0.78 -> 0.39 | Preis: 24549.2 | PnL offen: -36.27
2026-02-13T15:41:00.000+01:00,<<< POSITION GESCHLOSSEN | Vorher: 0.39 | Preis: 24528.9 | Netto PnL: -306.92 | Equity: 9693.08
2026-02-13T15:42:00.000+01:00,>>> LONG ENTRY #4 | Mean Rev. @ 24536.7 | SL: 24437.91 (98.8 Pkt) | TP: 24608.7 (72 Pkt)
2026-02-13T15:42:00.000+01:00,    MT: BEAR | CCI: -294.4 | BB: [24533.57 / 24608.19 / 24682.81] | ATR: 44.9
2026-02-13T15:45:00.000+01:00,MT BULLISH | CCI: 187.7 | ATR: 59.03 | Preis: 24731.3 | MT-Linie: 24585.1
2026-02-13T15:50:00.000+01:00,MT BEARISH | CCI: -10.4 | ATR: 56.61 | Preis: 24652.1 | MT-Linie: 24689.55
2026-02-13T15:51:00.000+01:00,MT BULLISH | CCI: 23.6 | ATR: 55.32 | Preis: 24668.6 | MT-Linie: 24689.55
2026-02-13T15:52:00.000+01:00,MT BEARISH | CCI: -15.1 | ATR: 55.61 | Preis: 24649.2 | MT-Linie: 24689.55
2026-02-13T15:53:00.000+01:00,MT BULLISH | CCI: 22.2 | ATR: 56.31 | Preis: 24667.1 | MT-Linie: 24689.55
2026-02-13T15:56:00.000+01:00,MT BEARISH | CCI: -65.9 | ATR: 63.93 | Preis: 24622.6 | MT-Linie: 24689.55
2026-02-13T15:59:00.000+01:00,BB SQUEEZE START | Breite: 0.357 (Avg: 0.36) | BB: [24607.48 / 24651.43 / 24695.38]
2026-02-13T16:00:00.000+01:00,MT BULLISH | CCI: 51.8 | ATR: 52.92 | Preis: 24684.5 | MT-Linie: 24688.06
2026-02-13T16:00:00.000+01:00,BB SQUEEZE ENDE | Breite: 0.376 (Avg: 0.36) | BB: [24608.26 / 24654.67 / 24701.08]
2026-02-13T16:03:00.000+01:00,MT BEARISH | CCI: -3 | ATR: 49.85 | Preis: 24654.7 | MT-Linie: 24688.06
2026-02-13T16:04:00.000+01:00,MT BULLISH | CCI: 38.4 | ATR: 48.76 | Preis: 24679.5 | MT-Linie: 24688.06
2026-02-13T16:05:00.000+01:00,MT BEARISH | CCI: -22.5 | ATR: 48.42 | Preis: 24642.5 | MT-Linie: 24688.06
2026-02-13T16:05:00.000+01:00,BB SQUEEZE START | Breite: 0.346 (Avg: 0.376) | BB: [24610.83 / 24653.51 / 24696.19]
2026-02-13T16:06:00.000+01:00,MT BULLISH | CCI: 64.1 | ATR: 50.06 | Preis: 24694.8 | MT-Linie: 24688.06
2026-02-13T16:11:00.000+01:00,BB SQUEEZE ENDE | Breite: 0.432 (Avg: 0.407) | BB: [24646.64 / 24699.96 / 24753.28]
2026-02-13T16:12:00.000+01:00,SHORT SIGNAL GEFILTERT | Preis: 24722.2 | Grund: Short deaktiviert | BB: [24648.44 / 24702.61 / 24756.78]
2026-02-13T16:13:00.000+01:00,BB SQUEEZE START | Breite: 0.409 (Avg: 0.42) | BB: [24660.48 / 24711.04 / 24761.6]
2026-02-13T16:15:00.000+01:00,>>> LONG ENTRY #5 | Mean Rev. @ 24705.4 | SL: 24608.01 (97.4 Pkt) | TP: 24777.4 (72 Pkt)
2026-02-13T16:15:00.000+01:00,    MT: BULL | CCI: 42.8 | BB: [24682.36 / 24718.2 / 24754.04] | ATR: 44.27
2026-02-13T16:16:00.000+01:00,MT BEARISH | CCI: -48.9 | ATR: 48.62 | Preis: 24652.8 | MT-Linie: 24688.06
2026-02-13T16:17:00.000+01:00,LONG SIGNAL BLOCKIERT | Preis: 24671.2 | Grund: Max Trades erreicht (5/5)
2026-02-13T16:18:00.000+01:00,MT BULLISH | CCI: 15 | ATR: 44.79 | Preis: 24695.1 | MT-Linie: 24688.06
2026-02-13T16:18:00.000+01:00,LONG SIGNAL BLOCKIERT | Preis: 24695.1 | Grund: Max Trades erreicht (5/5)
2026-02-13T16:19:00.000+01:00,MT BEARISH | CCI: -13.8 | ATR: 42.94 | Preis: 24681.8 | MT-Linie: 24688.06
2026-02-13T16:20:00.000+01:00,MT BULLISH | CCI: 86.2 | ATR: 46.26 | Preis: 24730.8 | MT-Linie: 24688.06
2026-02-13T16:21:00.000+01:00,MT BEARISH | CCI: -13.9 | ATR: 48.58 | Preis: 24680.5 | MT-Linie: 24688.06
2026-02-13T16:23:00.000+01:00,MT BULLISH | CCI: 45.2 | ATR: 48.34 | Preis: 24702.9 | MT-Linie: 24688.06
2026-02-13T16:28:00.000+01:00,BB SQUEEZE ENDE | Breite: 0.487 (Avg: 0.477) | BB: [24661.06 / 24721.21 / 24781.36]
2026-02-13T16:28:00.000+01:00,<<< POSITION GESCHLOSSEN | Vorher: 0.39 | Preis: 24796.7 | Netto PnL: -256.97 | Equity: 9743.03
2026-02-13T16:29:00.000+01:00,SHORT SIGNAL GEFILTERT | Preis: 24780.3 | Grund: Short deaktiviert | BB: [24669.12 / 24731.06 / 24793]
2026-02-13T16:31:00.000+01:00,SHORT SIGNAL GEFILTERT | Preis: 24804.1 | Grund: Short deaktiviert | BB: [24679.59 / 24752.76 / 24825.93]
2026-02-13T16:34:00.000+01:00,BB SQUEEZE START | Breite: 0.463 (Avg: 0.475) | BB: [24739.28 / 24796.64 / 24854]
2026-02-13T16:34:00.000+01:00,SHORT SIGNAL GEFILTERT | Preis: 24837.3 | Grund: Short deaktiviert | BB: [24739.28 / 24796.64 / 24854]
2026-02-13T16:40:00.000+01:00,BB SQUEEZE ENDE | Breite: 0.46 (Avg: 0.409) | BB: [24756.73 / 24813.85 / 24870.97]
2026-02-13T16:41:00.000+01:00,LONG SIGNAL BLOCKIERT | Preis: 24754.9 | Grund: Max Trades erreicht (5/5)
2026-02-13T16:42:00.000+01:00,MT BEARISH | CCI: -28.2 | ATR: 33.84 | Preis: 24730.9 | MT-Linie: 24802.9
2026-02-13T16:47:00.000+01:00,BB SQUEEZE START | Breite: 0.387 (Avg: 0.41) | BB: [24678.03 / 24725.92 / 24773.81]
2026-02-13T16:47:00.000+01:00,LONG SIGNAL BLOCKIERT | Preis: 24679 | Grund: Max Trades erreicht (5/5)
2026-02-13T16:52:00.000+01:00,SHORT SIGNAL GEFILTERT | Preis: 24717.6 | Grund: Short deaktiviert | BB: [24661.22 / 24697.11 / 24733]
2026-02-13T16:55:00.000+01:00,MT BULLISH | CCI: 29.6 | ATR: 32.24 | Preis: 24771.2 | MT-Linie: 24711.86
2026-02-13T16:55:00.000+01:00,BB SQUEEZE ENDE | Breite: 0.432 (Avg: 0.404) | BB: [24654.36 / 24707.77 / 24761.18]
2026-02-13T16:56:00.000+01:00,MT BEARISH | CCI: -32.7 | ATR: 34.92 | Preis: 24728.4 | MT-Linie: 24711.86
2026-02-13T16:56:00.000+01:00,SHORT SIGNAL GEFILTERT | Preis: 24728.4 | Grund: Short deaktiviert | BB: [24662.61 / 24713.44 / 24764.27]
2026-02-13T16:57:00.000+01:00,BB SQUEEZE START | Breite: 0.4 (Avg: 0.407) | BB: [24670.61 / 24720.07 / 24769.53]
2026-02-13T17:01:00.000+01:00,MT BULLISH | CCI: 8 | ATR: 30.72 | Preis: 24762.1 | MT-Linie: 24711.86
2026-02-13T17:02:00.000+01:00,MT BEARISH | CCI: -16.6 | ATR: 30.42 | Preis: 24745.9 | MT-Linie: 24711.86
2026-02-13T17:02:00.000+01:00,SHORT SIGNAL GEFILTERT | Preis: 24745.9 | Grund: Short deaktiviert | BB: [24729.14 / 24747.41 / 24765.68]
2026-02-13T17:03:00.000+01:00,MT BULLISH | CCI: 14.3 | ATR: 29.8 | Preis: 24764.1 | MT-Linie: 24711.86
2026-02-13T17:07:00.000+01:00,SHORT SIGNAL GEFILTERT | Preis: 24793.2 | Grund: Short deaktiviert | BB: [24736.13 / 24766.59 / 24797.05]
2026-02-13T17:09:00.000+01:00,SHORT SIGNAL GEFILTERT | Preis: 24805.5 | Grund: Short deaktiviert | BB: [24745.1 / 24779.32 / 24813.54]
2026-02-13T17:12:00.000+01:00,MT BEARISH | CCI: -17.6 | ATR: 32.11 | Preis: 24735.5 | MT-Linie: 24766.79
2026-02-13T17:13:00.000+01:00,MT BULLISH | CCI: 12.4 | ATR: 30.42 | Preis: 24747.9 | MT-Linie: 24766.79
2026-02-13T17:13:00.000+01:00,LONG SIGNAL BLOCKIERT | Preis: 24747.9 | Grund: Max Trades erreicht (5/5)
2026-02-13T17:19:00.000+01:00,MT BEARISH | CCI: -12.8 | ATR: 27.61 | Preis: 24741.5 | MT-Linie: 24766.79
2026-02-13T17:24:00.000+01:00,LONG SIGNAL BLOCKIERT | Preis: 24720.9 | Grund: Max Trades erreicht (5/5)
2026-02-13T17:27:00.000+01:00,MT BULLISH | CCI: 83.7 | ATR: 29.22 | Preis: 24782.2 | MT-Linie: 24748.95
2026-02-13T17:28:00.000+01:00,BB SQUEEZE ENDE | Breite: 0.332 (Avg: 0.321) | BB: [24694.94 / 24735.96 / 24776.98]
2026-02-13T17:29:00.000+01:00,SHORT SIGNAL GEFILTERT | Preis: 24780.4 | Grund: Short deaktiviert | BB: [24694.18 / 24739.85 / 24785.52]
2026-02-13T17:34:00.000+01:00,BB SQUEEZE START | Breite: 0.249 (Avg: 0.301) | BB: [24746.54 / 24777.38 / 24808.22]
2026-02-13T17:37:00.000+01:00,MT BEARISH | CCI: -4.7 | ATR: 26.12 | Preis: 24764.6 | MT-Linie: 24763.09
2026-02-13T17:37:00.000+01:00,SHORT SIGNAL GEFILTERT | Preis: 24764.6 | Grund: Short deaktiviert | BB: [24770.19 / 24785.84 / 24801.49]
2026-02-13T17:38:00.000+01:00,MT BULLISH | CCI: 95.9 | ATR: 27.83 | Preis: 24801.4 | MT-Linie: 24763.09
2026-02-13T17:38:00.000+01:00,LONG SIGNAL BLOCKIERT | Preis: 24801.4 | Grund: Max Trades erreicht (5/5)
2026-02-13T17:40:00.000+01:00,SHORT SIGNAL GEFILTERT | Preis: 24809.1 | Grund: Short deaktiviert | BB: [24772.31 / 24793.69 / 24815.07]
2026-02-13T17:46:00.000+01:00,SHORT SIGNAL GEFILTERT | Preis: 24827.1 | Grund: Short deaktiviert | BB: [24781.06 / 24806.99 / 24832.92]
2026-02-13T17:48:00.000+01:00,SHORT SIGNAL GEFILTERT | Preis: 24805.9 | Grund: Short deaktiviert | BB: [24796.87 / 24814.45 / 24832.03]
2026-02-13T17:50:00.000+01:00,LONG SIGNAL BLOCKIERT | Preis: 24824.4 | Grund: Max Trades erreicht (5/5)
2026-02-13T17:55:00.000+01:00,=== SITZUNG BEENDET === US100 | Trades: 5/5 | Offene Pos: 0 | Equity: 9743.03
2026-02-13T18:47:00.000+01:00,MT BEARISH | CCI: -13.7 | ATR: 14.1 | Preis: 24885.4 | MT-Linie: 24892.93
2026-02-13T18:48:00.000+01:00,MT BULLISH | CCI: 50.8 | ATR: 14.97 | Preis: 24899 | MT-Linie: 24892.93
2026-02-13T18:51:00.000+01:00,MT BEARISH | CCI: -12.3 | ATR: 15.52 | Preis: 24889.2 | MT-Linie: 24892.93
2026-02-13T18:52:00.000+01:00,MT BULLISH | CCI: 26.1 | ATR: 15.2 | Preis: 24896.8 | MT-Linie: 24892.93
2026-02-13T18:53:00.000+01:00,MT BEARISH | CCI: -53.9 | ATR: 14.92 | Preis: 24886.1 | MT-Linie: 24892.93
2026-02-13T19:11:00.000+01:00,MT BULLISH | CCI: 28.3 | ATR: 18.22 | Preis: 24888.5 | MT-Linie: 24869.73
2026-02-13T19:12:00.000+01:00,MT BEARISH | CCI: -21.5 | ATR: 18.25 | Preis: 24874.7 | MT-Linie: 24869.73
2026-02-13T19:15:00.000+01:00,MT BULLISH | CCI: 32.3 | ATR: 18.33 | Preis: 24886 | MT-Linie: 24869.73
2026-02-13T19:19:00.000+01:00,MT BEARISH | CCI: -4.7 | ATR: 18.22 | Preis: 24875.2 | MT-Linie: 24869.75
2026-02-13T19:20:00.000+01:00,MT BULLISH | CCI: 59.4 | ATR: 18.76 | Preis: 24889.1 | MT-Linie: 24869.75
2026-02-13T19:41:00.000+01:00,MT BEARISH | CCI: -32.6 | ATR: 15.81 | Preis: 24883.5 | MT-Linie: 24893.05
2026-02-13T19:46:00.000+01:00,MT BULLISH | CCI: 63.1 | ATR: 15.81 | Preis: 24902.9 | MT-Linie: 24893.05
2026-02-13T19:49:00.000+01:00,MT BEARISH | CCI: -36.9 | ATR: 14.66 | Preis: 24888.9 | MT-Linie: 24893.05
2026-02-13T20:09:00.000+01:00,MT BULLISH | CCI: 1 | ATR: 15.15 | Preis: 24881.7 | MT-Linie: 24884.66
2026-02-13T20:11:00.000+01:00,MT BEARISH | CCI: -5.3 | ATR: 14.75 | Preis: 24878.7 | MT-Linie: 24884.66
2026-02-13T20:12:00.000+01:00,MT BULLISH | CCI: 77.1 | ATR: 15.03 | Preis: 24891.7 | MT-Linie: 24884.66
2026-02-13T20:13:00.000+01:00,MT BEARISH | CCI: -28.6 | ATR: 17.28 | Preis: 24874.1 | MT-Linie: 24884.66
2026-02-13T20:19:00.000+01:00,MT BULLISH | CCI: 40.9 | ATR: 15.55 | Preis: 24881.4 | MT-Linie: 24884.66
2026-02-13T20:26:00.000+01:00,MT BEARISH | CCI: -76.7 | ATR: 15.19 | Preis: 24866.6 | MT-Linie: 24884.66
2026-02-13T21:49:00.000+01:00,MT BULLISH | CCI: 18.9 | ATR: 19.28 | Preis: 24717.8 | MT-Linie: 24691.44
2026-02-13T21:50:00.000+01:00,MT BEARISH | CCI: -36.7 | ATR: 21.11 | Preis: 24691.7 | MT-Linie: 24691.44
2026-02-13T21:53:00.000+01:00,MT BULLISH | CCI: 1.3 | ATR: 21.44 | Preis: 24702.5 | MT-Linie: 24691.44
2026-02-13T22:20:00.000+01:00,MT BEARISH | CCI: -16 | ATR: 10.24 | Preis: 24712.3 | MT-Linie: 24712.78
2026-02-13T22:36:00.000+01:00,MT BULLISH | CCI: 13.8 | ATR: 5.42 | Preis: 24715.8 | MT-Linie: 24712.78
2026-02-13T22:42:00.000+01:00,MT BEARISH | CCI: -34.7 | ATR: 5.02 | Preis: 24712.2 | MT-Linie: 24712.78
2026-02-13T22:57:00.000+01:00,MT BULLISH | CCI: 123 | ATR: 7.29 | Preis: 24718.7 | MT-Linie: 24707.5
2026-02-13T22:59:00.000+01:00,MT BEARISH | CCI: -154.8 | ATR: 8.47 | Preis: 24700.9 | MT-Linie: 24707.5
2026-02-16T00:00:00.000+01:00,MT BULLISH | CCI: 521.9 | ATR: 15.98 | Preis: 24754.7 | MT-Linie: 24724.52
2026-02-16T00:02:00.000+01:00,MT BEARISH | CCI: -7.4 | ATR: 18.46 | Preis: 24712.5 | MT-Linie: 24724.52
2026-02-16T00:03:00.000+01:00,MT BULLISH | CCI: 35.5 | ATR: 17.85 | Preis: 24716.4 | MT-Linie: 24724.52
2026-02-16T00:04:00.000+01:00,MT BEARISH | CCI: -103.3 | ATR: 18.2 | Preis: 24704 | MT-Linie: 24724.52
2026-02-16T00:13:00.000+01:00,MT BULLISH | CCI: 46.8 | ATR: 13.79 | Preis: 24715 | MT-Linie: 24716.74
2026-02-16T00:37:00.000+01:00,MT BEARISH | CCI: -3.4 | ATR: 10.5 | Preis: 24730.1 | MT-Linie: 24742.01
2026-02-16T00:40:00.000+01:00,MT BULLISH | CCI: 10.6 | ATR: 9.24 | Preis: 24735.6 | MT-Linie: 24740.32
2026-02-16T00:46:00.000+01:00,MT BEARISH | CCI: -27 | ATR: 9.72 | Preis: 24737.1 | MT-Linie: 24740.32
2026-02-16T00:58:00.000+01:00,MT BULLISH | CCI: 69.4 | ATR: 9.56 | Preis: 24747.3 | MT-Linie: 24740.32
2026-02-16T01:44:00.000+01:00,MT BEARISH | CCI: -114.4 | ATR: 5.46 | Preis: 24760.5 | MT-Linie: 24763.96
2026-02-16T01:50:00.000+01:00,MT BULLISH | CCI: 8.5 | ATR: 5.45 | Preis: 24766.6 | MT-Linie: 24763.96
2026-02-16T01:58:00.000+01:00,MT BEARISH | CCI: -122 | ATR: 6.16 | Preis: 24760.3 | MT-Linie: 24765.62
2026-02-16T02:05:00.000+01:00,MT BULLISH | CCI: 10.6 | ATR: 7.51 | Preis: 24767.4 | MT-Linie: 24765.62
2026-02-16T02:09:00.000+01:00,MT BEARISH | CCI: -18.8 | ATR: 6.58 | Preis: 24765.7 | MT-Linie: 24765.62
2026-02-16T02:10:00.000+01:00,MT BULLISH | CCI: 50.6 | ATR: 6.47 | Preis: 24769.9 | MT-Linie: 24765.62
2026-02-16T02:11:00.000+01:00,MT BEARISH | CCI: -55.1 | ATR: 6.57 | Preis: 24763.1 | MT-Linie: 24765.62
2026-02-16T02:16:00.000+01:00,MT BULLISH | CCI: 5.6 | ATR: 6.19 | Preis: 24765.7 | MT-Linie: 24765.62
2026-02-16T02:17:00.000+01:00,MT BEARISH | CCI: -85.7 | ATR: 6.24 | Preis: 24759.7 | MT-Linie: 24765.62
2026-02-16T02:25:00.000+01:00,MT BULLISH | CCI: 68.4 | ATR: 4.85 | Preis: 24769.4 | MT-Linie: 24765.62
2026-02-16T02:29:00.000+01:00,MT BEARISH | CCI: -43 | ATR: 5.1 | Preis: 24761.8 | MT-Linie: 24765.62
2026-02-16T02:31:00.000+01:00,MT BULLISH | CCI: 21.6 | ATR: 5.39 | Preis: 24764.8 | MT-Linie: 24765.62
2026-02-16T02:33:00.000+01:00,MT BEARISH | CCI: -43 | ATR: 5.23 | Preis: 24761.6 | MT-Linie: 24765.62
2026-02-16T02:34:00.000+01:00,MT BULLISH | CCI: 24.5 | ATR: 5.41 | Preis: 24764.8 | MT-Linie: 24765.62
2026-02-16T02:35:00.000+01:00,MT BEARISH | CCI: -41 | ATR: 5.38 | Preis: 24762.1 | MT-Linie: 24765.62
2026-02-16T02:42:00.000+01:00,MT BULLISH | CCI: 108.6 | ATR: 4.5 | Preis: 24767.7 | MT-Linie: 24765.62
2026-02-16T03:09:00.000+01:00,MT BEARISH | CCI: -0.9 | ATR: 6.42 | Preis: 24777 | MT-Linie: 24788.48
2026-02-16T04:22:00.000+01:00,MT BULLISH | CCI: 5.2 | ATR: 3.45 | Preis: 24759.1 | MT-Linie: 24759.38
2026-02-16T04:26:00.000+01:00,MT BEARISH | CCI: -367.3 | ATR: 5.9 | Preis: 24746.5 | MT-Linie: 24759.38
2026-02-16T04:53:00.000+01:00,MT BULLISH | CCI: 30.1 | ATR: 4.43 | Preis: 24748.4 | MT-Linie: 24745.39
2026-02-16T05:20:00.000+01:00,MT BEARISH | CCI: -0.8 | ATR: 4.34 | Preis: 24752.5 | MT-Linie: 24756.47
2026-02-16T05:25:00.000+01:00,MT BULLISH | CCI: 86.8 | ATR: 4.79 | Preis: 24759.5 | MT-Linie: 24754.97
2026-02-16T05:38:00.000+01:00,MT BEARISH | CCI: -6.4 | ATR: 3.83 | Preis: 24757.5 | MT-Linie: 24760.94
2026-02-16T05:40:00.000+01:00,MT BULLISH | CCI: 17.5 | ATR: 3.67 | Preis: 24758.6 | MT-Linie: 24760.94
2026-02-16T05:41:00.000+01:00,MT BEARISH | CCI: -26.8 | ATR: 3.54 | Preis: 24755.9 | MT-Linie: 24760.94
2026-02-16T05:51:00.000+01:00,MT BULLISH | CCI: 28.4 | ATR: 4.2 | Preis: 24758.6 | MT-Linie: 24755.97
2026-02-16T05:56:00.000+01:00,MT BEARISH | CCI: -39 | ATR: 3.43 | Preis: 24755.2 | MT-Linie: 24755.97
2026-02-16T06:14:00.000+01:00,MT BULLISH | CCI: 5.1 | ATR: 3.83 | Preis: 24752.8 | MT-Linie: 24750.63
2026-02-16T06:17:00.000+01:00,MT BEARISH | CCI: -110.2 | ATR: 4.46 | Preis: 24747.4 | MT-Linie: 24750.63
2026-02-16T06:23:00.000+01:00,MT BULLISH | CCI: 17.9 | ATR: 3.77 | Preis: 24752.6 | MT-Linie: 24750.63
2026-02-16T06:24:00.000+01:00,MT BEARISH | CCI: -14.5 | ATR: 3.53 | Preis: 24751.1 | MT-Linie: 24750.63
2026-02-16T06:25:00.000+01:00,MT BULLISH | CCI: 57.3 | ATR: 3.51 | Preis: 24754.5 | MT-Linie: 24750.63
2026-02-16T06:32:00.000+01:00,MT BEARISH | CCI: -26.6 | ATR: 3.15 | Preis: 24750 | MT-Linie: 24750.63
2026-02-16T06:33:00.000+01:00,MT BULLISH | CCI: 55.5 | ATR: 3.3 | Preis: 24752.7 | MT-Linie: 24750.63
2026-02-16T06:34:00.000+01:00,MT BEARISH | CCI: -130.5 | ATR: 3.83 | Preis: 24746.2 | MT-Linie: 24750.63
2026-02-16T07:01:00.000+01:00,MT BULLISH | CCI: 20.7 | ATR: 4.53 | Preis: 24740.6 | MT-Linie: 24732.47
2026-02-16T07:03:00.000+01:00,MT BEARISH | CCI: -7.5 | ATR: 4.61 | Preis: 24736.5 | MT-Linie: 24733.64
2026-02-16T07:04:00.000+01:00,MT BULLISH | CCI: 43.3 | ATR: 4.8 | Preis: 24741.2 | MT-Linie: 24733.64
2026-02-16T07:11:00.000+01:00,MT BEARISH | CCI: -2.6 | ATR: 4.77 | Preis: 24734.7 | MT-Linie: 24735.69
2026-02-16T07:12:00.000+01:00,MT BULLISH | CCI: 18.9 | ATR: 4.4 | Preis: 24736.1 | MT-Linie: 24735.69
2026-02-16T07:17:00.000+01:00,MT BEARISH | CCI: -4.8 | ATR: 3.94 | Preis: 24734.2 | MT-Linie: 24735.69
2026-02-16T07:27:00.000+01:00,MT BULLISH | CCI: 1.3 | ATR: 4.44 | Preis: 24735.8 | MT-Linie: 24733.86
2026-02-16T07:32:00.000+01:00,MT BEARISH | CCI: -106.9 | ATR: 5.77 | Preis: 24731.4 | MT-Linie: 24733.86
2026-02-16T07:39:00.000+01:00,MT BULLISH | CCI: 24.8 | ATR: 5.14 | Preis: 24736.3 | MT-Linie: 24733.86
2026-02-16T08:55:00.000+01:00,MT BEARISH | CCI: -17 | ATR: 3.74 | Preis: 24787.2 | MT-Linie: 24788.31
2026-02-16T09:05:00.000+01:00,MT BULLISH | CCI: 142.5 | ATR: 9.57 | Preis: 24798.4 | MT-Linie: 24788.31
2026-02-16T09:12:00.000+01:00,MT BEARISH | CCI: -31.8 | ATR: 8.88 | Preis: 24790 | MT-Linie: 24797.55
2026-02-16T09:13:00.000+01:00,MT BULLISH | CCI: 18 | ATR: 8.92 | Preis: 24793.8 | MT-Linie: 24797.55
2026-02-16T09:32:00.000+01:00,MT BEARISH | CCI: -25.2 | ATR: 7.53 | Preis: 24797.3 | MT-Linie: 24808.6
2026-02-16T09:43:00.000+01:00,MT BULLISH | CCI: 38.8 | ATR: 7.89 | Preis: 24804.9 | MT-Linie: 24797.01
2026-02-16T10:22:00.000+01:00,MT BEARISH | CCI: -15.9 | ATR: 5.38 | Preis: 24822.6 | MT-Linie: 24819.38
2026-02-16T10:23:00.000+01:00,MT BULLISH | CCI: 53.8 | ATR: 5.5 | Preis: 24825.6 | MT-Linie: 24819.38
2026-02-16T10:57:00.000+01:00,MT BEARISH | CCI: -31.7 | ATR: 4.08 | Preis: 24838.1 | MT-Linie: 24837.1
2026-02-16T11:36:00.000+01:00,MT BULLISH | CCI: 5.2 | ATR: 5.7 | Preis: 24816.4 | MT-Linie: 24810.57
2026-02-16T11:38:00.000+01:00,MT BEARISH | CCI: -55.9 | ATR: 5.5 | Preis: 24811.7 | MT-Linie: 24810.57
2026-02-16T11:41:00.000+01:00,MT BULLISH | CCI: 81.7 | ATR: 6.45 | Preis: 24818.9 | MT-Linie: 24810.57
2026-02-16T11:51:00.000+01:00,MT BEARISH | CCI: -112.6 | ATR: 6.97 | Preis: 24807.8 | MT-Linie: 24817
2026-02-16T12:25:00.000+01:00,MT BULLISH | CCI: 9.8 | ATR: 6.47 | Preis: 24794.6 | MT-Linie: 24785.6
2026-02-16T12:32:00.000+01:00,MT BEARISH | CCI: -15.5 | ATR: 5.16 | Preis: 24789.9 | MT-Linie: 24790.71
2026-02-16T12:37:00.000+01:00,MT BULLISH | CCI: 65.9 | ATR: 5.79 | Preis: 24793.7 | MT-Linie: 24789.68
2026-02-16T12:47:00.000+01:00,MT BEARISH | CCI: -31.7 | ATR: 4.61 | Preis: 24789.6 | MT-Linie: 24792.46
2026-02-16T12:50:00.000+01:00,MT BULLISH | CCI: 10.1 | ATR: 4.16 | Preis: 24792.5 | MT-Linie: 24792.46
2026-02-16T12:56:00.000+01:00,MT BEARISH | CCI: -2.9 | ATR: 4.98 | Preis: 24793.3 | MT-Linie: 24792.7
2026-02-16T13:23:00.000+01:00,MT BULLISH | CCI: 49.5 | ATR: 5.3 | Preis: 24791.3 | MT-Linie: 24785.58
2026-02-16T13:36:00.000+01:00,MT BEARISH | CCI: -0.7 | ATR: 6.08 | Preis: 24788.1 | MT-Linie: 24796.78
2026-02-16T13:38:00.000+01:00,MT BULLISH | CCI: 36.6 | ATR: 5.8 | Preis: 24791.4 | MT-Linie: 24794.17
2026-02-16T13:41:00.000+01:00,MT BEARISH | CCI: -31.4 | ATR: 6.94 | Preis: 24787.3 | MT-Linie: 24794.17
2026-02-16T13:47:00.000+01:00,MT BULLISH | CCI: 13.5 | ATR: 6.43 | Preis: 24790.4 | MT-Linie: 24792.87
2026-02-16T13:48:00.000+01:00,MT BEARISH | CCI: -4.5 | ATR: 6.1 | Preis: 24789.1 | MT-Linie: 24792.87
2026-02-16T13:49:00.000+01:00,MT BULLISH | CCI: 24.6 | ATR: 5.94 | Preis: 24791.5 | MT-Linie: 24792.87
2026-02-16T14:00:00.000+01:00,MT BEARISH | CCI: -27.7 | ATR: 5.56 | Preis: 24790.4 | MT-Linie: 24792.87
2026-02-16T14:10:00.000+01:00,MT BULLISH | CCI: 1.8 | ATR: 5.41 | Preis: 24790 | MT-Linie: 24792.87
2026-02-16T14:13:00.000+01:00,MT BEARISH | CCI: -32.5 | ATR: 5.28 | Preis: 24788.4 | MT-Linie: 24792.87
2026-02-16T14:25:00.000+01:00,MT BULLISH | CCI: 18.9 | ATR: 5.79 | Preis: 24790.7 | MT-Linie: 24792.87
2026-02-16T14:38:00.000+01:00,MT BEARISH | CCI: -0.4 | ATR: 5.95 | Preis: 24790.6 | MT-Linie: 24793.54
2026-02-16T14:39:00.000+01:00,MT BULLISH | CCI: 22.1 | ATR: 5.63 | Preis: 24791.8 | MT-Linie: 24793.54
2026-02-16T14:40:00.000+01:00,MT BEARISH | CCI: -11.7 | ATR: 5.24 | Preis: 24790.2 | MT-Linie: 24793.54
2026-02-16T15:30:00.000+01:00,=== SITZUNG GESTARTET === US100 | Fenster: 15:30-17:55 | Modus: Mean Reversion | Max: 5
2026-02-16T15:31:00.000+01:00,BB SQUEEZE START | Breite: 0.083 (Avg: 0.083) | BB: [24685.43 / 24695.69 / 24705.95]
2026-02-16T15:31:00.000+01:00,>>> LONG ENTRY #1 | Mean Rev. @ 24692 | SL: 24658.41 (33.6 Pkt) | TP: 24764 (72 Pkt)
2026-02-16T15:31:00.000+01:00,    MT: BEAR | CCI: -87.4 | BB: [24685.43 / 24695.69 / 24705.95] | ATR: 15.27
2026-02-16T15:33:00.000+01:00,SHORT SIGNAL GEFILTERT | Preis: 24692.5 | Grund: Short deaktiviert | BB: [24685.43 / 24693.9 / 24702.37]
2026-02-16T15:35:00.000+01:00,>>> LONG ENTRY #2 | Mean Rev. @ 24686.2 | SL: 24651.26 (34.9 Pkt) | TP: 24758.2 (72 Pkt)
2026-02-16T15:35:00.000+01:00,    MT: BEAR | CCI: -90.9 | BB: [24685.16 / 24690.35 / 24695.54] | ATR: 15.88
2026-02-16T15:36:00.000+01:00,BB SQUEEZE ENDE | Breite: 0.102 (Avg: 0.084) | BB: [24675.45 / 24687.99 / 24700.53]
2026-02-16T15:37:00.000+01:00,>>> LONG ENTRY #3 | Mean Rev. @ 24677.6 | SL: 24640.57 (37 Pkt) | TP: 24749.6 (72 Pkt)
2026-02-16T15:37:00.000+01:00,    MT: BEAR | CCI: -108.8 | BB: [24673.42 / 24686.32 / 24699.22] | ATR: 16.83
2026-02-16T15:39:00.000+01:00,<<< TEIL-EXIT | Pos: 1.17 -> 0.78 | Preis: 24660.8 | PnL offen: -16.61
2026-02-16T15:40:00.000+01:00,>>> LONG ENTRY #4 | Mean Rev. @ 24663.8 | SL: 24627.52 (36.3 Pkt) | TP: 24735.8 (72 Pkt)
2026-02-16T15:40:00.000+01:00,    MT: BEAR | CCI: -143.5 | BB: [24660.52 / 24679.32 / 24698.12] | ATR: 16.49
2026-02-16T15:42:00.000+01:00,<<< TEIL-EXIT | Pos: 1.17 -> 0.78 | Preis: 24646.1 | PnL offen: -19.27
2026-02-16T15:43:00.000+01:00,<<< TEIL-EXIT | Pos: 0.78 -> 0.39 | Preis: 24653.8 | PnL offen: -3.98
2026-02-16T15:43:00.000+01:00,>>> LONG ENTRY #5 | Mean Rev. @ 24653.8 | SL: 24615.97 (37.8 Pkt) | TP: 24725.8 (72 Pkt)
2026-02-16T15:43:00.000+01:00,    MT: BEAR | CCI: -155.2 | BB: [24649.63 / 24668.16 / 24686.69] | ATR: 17.19
2026-02-16T15:45:00.000+01:00,<<< TEIL-EXIT | Pos: 0.78 -> 0.39 | Preis: 24632.1 | PnL offen: -8.07
2026-02-16T15:47:00.000+01:00,LONG SIGNAL BLOCKIERT | Preis: 24637.2 | Grund: Max Trades erreicht (5/5)
2026-02-16T15:51:00.000+01:00,SHORT SIGNAL GEFILTERT | Preis: 24664 | Grund: Short deaktiviert | BB: [24629.84 / 24648.62 / 24667.4]
2026-02-16T15:53:00.000+01:00,MT BULLISH | CCI: 33.6 | ATR: 14.91 | Preis: 24686.5 | MT-Linie: 24658.99
2026-02-16T15:54:00.000+01:00,SHORT SIGNAL GEFILTERT | Preis: 24681.6 | Grund: Short deaktiviert | BB: [24628.18 / 24657.74 / 24687.3]
2026-02-16T15:57:00.000+01:00,SHORT SIGNAL GEFILTERT | Preis: 24700.8 | Grund: Short deaktiviert | BB: [24651.19 / 24679.29 / 24707.39]
2026-02-16T16:01:00.000+01:00,SHORT SIGNAL GEFILTERT | Preis: 24703 | Grund: Short deaktiviert | BB: [24678.45 / 24696.46 / 24714.47]
2026-02-16T16:02:00.000+01:00,BB SQUEEZE START | Breite: 0.122 (Avg: 0.139) | BB: [24684.94 / 24700.02 / 24715.1]
2026-02-16T16:06:00.000+01:00,SHORT SIGNAL GEFILTERT | Preis: 24719.1 | Grund: Short deaktiviert | BB: [24695.75 / 24708.62 / 24721.49]
2026-02-16T16:12:00.000+01:00,LONG SIGNAL BLOCKIERT | Preis: 24702.8 | Grund: Max Trades erreicht (5/5)
2026-02-16T16:14:00.000+01:00,BB SQUEEZE ENDE | Breite: 0.14 (Avg: 0.132) | BB: [24689.89 / 24707.22 / 24724.55]
2026-02-16T16:15:00.000+01:00,LONG SIGNAL BLOCKIERT | Preis: 24688.4 | Grund: Max Trades erreicht (5/5)
2026-02-16T16:16:00.000+01:00,BB SQUEEZE START | Breite: 0.133 (Avg: 0.135) | BB: [24685.51 / 24701.89 / 24718.27]
2026-02-16T16:16:00.000+01:00,LONG SIGNAL BLOCKIERT | Preis: 24697.5 | Grund: Max Trades erreicht (5/5)
2026-02-16T16:18:00.000+01:00,MT BEARISH | CCI: -36.8 | ATR: 13.06 | Preis: 24677.4 | MT-Linie: 24703.06
2026-02-16T16:20:00.000+01:00,LONG SIGNAL BLOCKIERT | Preis: 24676.8 | Grund: Max Trades erreicht (5/5)
2026-02-16T16:21:00.000+01:00,BB SQUEEZE ENDE | Breite: 0.145 (Avg: 0.139) | BB: [24666.98 / 24684.91 / 24702.84]
2026-02-16T16:23:00.000+01:00,LONG SIGNAL BLOCKIERT | Preis: 24663.6 | Grund: Max Trades erreicht (5/5)
2026-02-16T16:27:00.000+01:00,BB SQUEEZE START | Breite: 0.127 (Avg: 0.148) | BB: [24646.07 / 24661.75 / 24677.43]
2026-02-16T16:27:00.000+01:00,LONG SIGNAL BLOCKIERT | Preis: 24652.4 | Grund: Max Trades erreicht (5/5)
2026-02-16T16:30:00.000+01:00,LONG SIGNAL BLOCKIERT | Preis: 24643.9 | Grund: Max Trades erreicht (5/5)
2026-02-16T16:32:00.000+01:00,LONG SIGNAL BLOCKIERT | Preis: 24633.3 | Grund: Max Trades erreicht (5/5)
2026-02-16T16:33:00.000+01:00,BB SQUEEZE ENDE | Breite: 0.153 (Avg: 0.146) | BB: [24622.48 / 24641.31 / 24660.14]
2026-02-16T16:33:00.000+01:00,<<< POSITION GESCHLOSSEN | Vorher: 0.39 | Preis: 24614 | Netto PnL: -347.25 | Equity: 9652.75
2026-02-16T16:34:00.000+01:00,LONG SIGNAL BLOCKIERT | Preis: 24622.4 | Grund: Max Trades erreicht (5/5)
2026-02-16T16:37:00.000+01:00,BB SQUEEZE START | Breite: 0.138 (Avg: 0.144) | BB: [24611.48 / 24628.45 / 24645.42]
2026-02-16T16:42:00.000+01:00,SHORT SIGNAL GEFILTERT | Preis: 24633.2 | Grund: Short deaktiviert | BB: [24612.7 / 24624.26 / 24635.82]
2026-02-16T16:43:00.000+01:00,SHORT SIGNAL GEFILTERT | Preis: 24632 | Grund: Short deaktiviert | BB: [24615.28 / 24626.06 / 24636.84]
2026-02-16T16:45:00.000+01:00,LONG SIGNAL BLOCKIERT | Preis: 24628.1 | Grund: Max Trades erreicht (5/5)
2026-02-16T16:50:00.000+01:00,MT BULLISH | CCI: 19.6 | ATR: 12.84 | Preis: 24648 | MT-Linie: 24634.16
2026-02-16T16:50:00.000+01:00,BB SQUEEZE ENDE | Breite: 0.122 (Avg: 0.118) | BB: [24618.49 / 24633.51 / 24648.53]
2026-02-16T16:53:00.000+01:00,SHORT SIGNAL GEFILTERT | Preis: 24645.8 | Grund: Short deaktiviert | BB: [24618.76 / 24639.23 / 24659.7]
2026-02-16T16:55:00.000+01:00,BB SQUEEZE START | Breite: 0.116 (Avg: 0.121) | BB: [24629.27 / 24643.6 / 24657.93]
2026-02-16T16:56:00.000+01:00,MT BEARISH | CCI: -68.2 | ATR: 13.74 | Preis: 24625 | MT-Linie: 24636.05
2026-02-16T16:57:00.000+01:00,BB SQUEEZE ENDE | Breite: 0.136 (Avg: 0.122) | BB: [24625.41 / 24642.14 / 24658.87]
2026-02-16T16:58:00.000+01:00,LONG SIGNAL BLOCKIERT | Preis: 24624.2 | Grund: Max Trades erreicht (5/5)
2026-02-16T17:03:00.000+01:00,BB SQUEEZE START | Breite: 0.116 (Avg: 0.129) | BB: [24610.71 / 24625.04 / 24639.37]
2026-02-16T17:05:00.000+01:00,MT BULLISH | CCI: 30.6 | ATR: 11.73 | Preis: 24634.3 | MT-Linie: 24635.25
2026-02-16T17:07:00.000+01:00,BB SQUEEZE ENDE | Breite: 0.146 (Avg: 0.126) | BB: [24610 / 24627.94 / 24645.88]
2026-02-16T17:09:00.000+01:00,SHORT SIGNAL GEFILTERT | Preis: 24660.4 | Grund: Short deaktiviert | BB: [24609.72 / 24635.62 / 24661.52]
2026-02-16T17:12:00.000+01:00,SHORT SIGNAL GEFILTERT | Preis: 24667.2 | Grund: Short deaktiviert | BB: [24625.9 / 24651.94 / 24677.98]
2026-02-16T17:15:00.000+01:00,BB SQUEEZE START | Breite: 0.127 (Avg: 0.135) | BB: [24650.19 / 24665.85 / 24681.51]
2026-02-16T17:18:00.000+01:00,MT BEARISH | CCI: -10.7 | ATR: 12.44 | Preis: 24640.8 | MT-Linie: 24661.93
2026-02-16T17:18:00.000+01:00,BB SQUEEZE ENDE | Breite: 0.134 (Avg: 0.134) | BB: [24649.12 / 24665.65 / 24682.18]
2026-02-16T17:20:00.000+01:00,LONG SIGNAL BLOCKIERT | Preis: 24636.2 | Grund: Max Trades erreicht (5/5)
2026-02-16T17:25:00.000+01:00,BB SQUEEZE START | Breite: 0.115 (Avg: 0.14) | BB: [24626.1 / 24640.28 / 24654.46]
2026-02-16T17:25:00.000+01:00,LONG SIGNAL BLOCKIERT | Preis: 24635.3 | Grund: Max Trades erreicht (5/5)
2026-02-16T17:26:00.000+01:00,MT BULLISH | CCI: 22.9 | ATR: 11.94 | Preis: 24649 | MT-Linie: 24647.56
2026-02-16T17:29:00.000+01:00,SHORT SIGNAL GEFILTERT | Preis: 24655.2 | Grund: Short deaktiviert | BB: [24628.24 / 24642.4 / 24656.56]
2026-02-16T17:30:00.000+01:00,BB SQUEEZE ENDE | Breite: 0.147 (Avg: 0.139) | BB: [24627.58 / 24645.69 / 24663.8]
2026-02-16T17:31:00.000+01:00,SHORT SIGNAL GEFILTERT | Preis: 24667.3 | Grund: Short deaktiviert | BB: [24629.38 / 24648.94 / 24668.5]
2026-02-16T17:33:00.000+01:00,BB SQUEEZE START | Breite: 0.139 (Avg: 0.142) | BB: [24634.85 / 24652.03 / 24669.21]
2026-02-16T17:34:00.000+01:00,MT BEARISH | CCI: -18.9 | ATR: 11.17 | Preis: 24644.2 | MT-Linie: 24653.83
2026-02-16T17:36:00.000+01:00,BB SQUEEZE ENDE | Breite: 0.172 (Avg: 0.145) | BB: [24629.02 / 24650.25 / 24671.48]
2026-02-16T17:40:00.000+01:00,LONG SIGNAL BLOCKIERT | Preis: 24607.1 | Grund: Max Trades erreicht (5/5)
2026-02-16T17:43:00.000+01:00,BB SQUEEZE START | Breite: 0.145 (Avg: 0.158) | BB: [24601.87 / 24619.68 / 24637.49]
2026-02-16T17:45:00.000+01:00,SHORT SIGNAL GEFILTERT | Preis: 24628.1 | Grund: Short deaktiviert | BB: [24604.73 / 24617.68 / 24630.63]
2026-02-16T17:46:00.000+01:00,MT BULLISH | CCI: 8.6 | ATR: 13.07 | Preis: 24643.5 | MT-Linie: 24621.71
2026-02-16T17:47:00.000+01:00,BB SQUEEZE ENDE | Breite: 0.164 (Avg: 0.158) | BB: [24602.78 / 24623 / 24643.22]
2026-02-16T17:50:00.000+01:00,BB SQUEEZE START | Breite: 0.155 (Avg: 0.159) | BB: [24617.43 / 24636.52 / 24655.61]
2026-02-16T17:55:00.000+01:00,=== SITZUNG BEENDET === US100 | Trades: 5/5 | Offene Pos: 0 | Equity: 9652.75
2026-02-16T18:16:00.000+01:00,MT BEARISH | CCI: -14.7 | ATR: 8.73 | Preis: 24648.9 | MT-Linie: 24651.03
2026-02-16T18:22:00.000+01:00,MT BULLISH | CCI: 31.9 | ATR: 7.6 | Preis: 24655.3 | MT-Linie: 24651.03
2026-02-16T18:23:00.000+01:00,MT BEARISH | CCI: -77.1 | ATR: 7.68 | Preis: 24649.2 | MT-Linie: 24651.03
2026-02-16T18:27:00.000+01:00,MT BULLISH | CCI: 215.3 | ATR: 7.89 | Preis: 24666.2 | MT-Linie: 24651.03
2026-02-16T18:57:00.000+01:00,MT BEARISH | CCI: -70.5 | ATR: 9.71 | Preis: 24668.5 | MT-Linie: 24679.4
2026-02-16T21:01:00.000+01:00,MT BULLISH | CCI: 2.2 | ATR: 0.67 | Preis: 24663.7 | MT-Linie: 24663.03
2026-02-16T21:02:00.000+01:00,MT BEARISH | CCI: -1.5 | ATR: 0.6 | Preis: 24663.6 | MT-Linie: 24663.03
2026-02-16T21:03:00.000+01:00,MT BULLISH | CCI: 137.4 | ATR: 0.77 | Preis: 24665.4 | MT-Linie: 24664.63
2026-02-16T21:11:00.000+01:00,MT BEARISH | CCI: -2.5 | ATR: 1.37 | Preis: 24663.8 | MT-Linie: 24664.63
2026-02-16T21:15:00.000+01:00,MT BULLISH | CCI: 160.1 | ATR: 1.72 | Preis: 24665.9 | MT-Linie: 24664.63
2026-02-16T21:33:00.000+01:00,MT BEARISH | CCI: -14.3 | ATR: 1.37 | Preis: 24664.1 | MT-Linie: 24665.47
2026-02-16T21:50:00.000+01:00,MT BULLISH | CCI: 69.7 | ATR: 1.81 | Preis: 24665.8 | MT-Linie: 24661.01
2026-02-16T21:51:00.000+01:00,MT BEARISH | CCI: -2 | ATR: 2.06 | Preis: 24664.2 | MT-Linie: 24661.01
2026-02-16T21:57:00.000+01:00,MT BULLISH | CCI: 138.6 | ATR: 2.18 | Preis: 24667.6 | MT-Linie: 24661.62
2026-02-16T21:58:00.000+01:00,MT BEARISH | CCI: -12.4 | ATR: 2.39 | Preis: 24664.1 | MT-Linie: 24661.62
2026-02-16T21:59:00.000+01:00,MT BULLISH | CCI: 65 | ATR: 2.57 | Preis: 24666 | MT-Linie: 24663.13
2026-02-17T01:05:00.000+01:00,MT BEARISH | CCI: -88.4 | ATR: 10.44 | Preis: 24731.4 | MT-Linie: 24743.95
2026-02-17T01:12:00.000+01:00,MT BULLISH | CCI: 4.5 | ATR: 11.46 | Preis: 24742.3 | MT-Linie: 24738.62
2026-02-17T01:13:00.000+01:00,MT BEARISH | CCI: -5.1 | ATR: 10.51 | Preis: 24741.3 | MT-Linie: 24738.62
2026-02-17T01:15:00.000+01:00,MT BULLISH | CCI: 102.8 | ATR: 13.01 | Preis: 24753 | MT-Linie: 24738.62
2026-02-17T01:17:00.000+01:00,MT BEARISH | CCI: -29.4 | ATR: 12.39 | Preis: 24739 | MT-Linie: 24738.62
2026-02-17T01:22:00.000+01:00,MT BULLISH | CCI: 11.4 | ATR: 12.04 | Preis: 24743.3 | MT-Linie: 24738.62
2026-02-17T01:41:00.000+01:00,MT BEARISH | CCI: -99.5 | ATR: 10.05 | Preis: 24732.6 | MT-Linie: 24741.83
2026-02-17T02:05:00.000+01:00,MT BULLISH | CCI: 16.3 | ATR: 10.67 | Preis: 24737 | MT-Linie: 24729.04
2026-02-17T02:25:00.000+01:00,MT BEARISH | CCI: -29.3 | ATR: 7.6 | Preis: 24732 | MT-Linie: 24740.87
2026-02-17T03:24:00.000+01:00,MT BULLISH | CCI: 53.2 | ATR: 13.72 | Preis: 24612.3 | MT-Linie: 24591.71
2026-02-17T03:46:00.000+01:00,MT BEARISH | CCI: -22.3 | ATR: 9.05 | Preis: 24598.6 | MT-Linie: 24595.41
2026-02-17T03:55:00.000+01:00,MT BULLISH | CCI: 78.5 | ATR: 10.29 | Preis: 24605.9 | MT-Linie: 24595.41
2026-02-17T03:59:00.000+01:00,MT BEARISH | CCI: -92.1 | ATR: 10.49 | Preis: 24593.5 | MT-Linie: 24595.41
2026-02-17T04:23:00.000+01:00,MT BULLISH | CCI: 2.4 | ATR: 10.18 | Preis: 24571 | MT-Linie: 24556.52
2026-02-17T04:24:00.000+01:00,MT BEARISH | CCI: -45.2 | ATR: 11.25 | Preis: 24556 | MT-Linie: 24556.52
2026-02-17T04:54:00.000+01:00,MT BULLISH | CCI: 5.5 | ATR: 9.52 | Preis: 24538.9 | MT-Linie: 24532.48
2026-02-17T04:55:00.000+01:00,MT BEARISH | CCI: -13.6 | ATR: 9.16 | Preis: 24534.5 | MT-Linie: 24532.48
2026-02-17T04:57:00.000+01:00,MT BULLISH | CCI: 9.8 | ATR: 9.26 | Preis: 24536.9 | MT-Linie: 24532.48
2026-02-17T05:30:00.000+01:00,MT BEARISH | CCI: -80.5 | ATR: 7.78 | Preis: 24540.7 | MT-Linie: 24546.36
2026-02-17T05:47:00.000+01:00,MT BULLISH | CCI: 15.7 | ATR: 5.85 | Preis: 24545.5 | MT-Linie: 24541.82
2026-02-17T05:49:00.000+01:00,MT BEARISH | CCI: -5.2 | ATR: 6.03 | Preis: 24543.4 | MT-Linie: 24541.82
2026-02-17T05:52:00.000+01:00,MT BULLISH | CCI: 61.6 | ATR: 5.65 | Preis: 24549.6 | MT-Linie: 24541.82
2026-02-17T05:53:00.000+01:00,MT BEARISH | CCI: -5.1 | ATR: 5.9 | Preis: 24543.6 | MT-Linie: 24541.82
2026-02-17T05:54:00.000+01:00,MT BULLISH | CCI: 17.1 | ATR: 5.66 | Preis: 24545.4 | MT-Linie: 24541.82
2026-02-17T06:05:00.000+01:00,MT BEARISH | CCI: -31.8 | ATR: 5.67 | Preis: 24540.6 | MT-Linie: 24546.46
2026-02-17T06:09:00.000+01:00,MT BULLISH | CCI: 4.9 | ATR: 6.21 | Preis: 24544 | MT-Linie: 24546.46
2026-02-17T06:13:00.000+01:00,MT BEARISH | CCI: -44.9 | ATR: 5.93 | Preis: 24541.9 | MT-Linie: 24546.46
2026-02-17T06:41:00.000+01:00,MT BULLISH | CCI: 26.5 | ATR: 11.86 | Preis: 24529.3 | MT-Linie: 24518.7
2026-02-17T06:42:00.000+01:00,MT BEARISH | CCI: -0.2 | ATR: 11.21 | Preis: 24525 | MT-Linie: 24518.7
2026-02-17T06:43:00.000+01:00,MT BULLISH | CCI: 33.4 | ATR: 10.76 | Preis: 24529.3 | MT-Linie: 24518.7
2026-02-17T06:53:00.000+01:00,MT BEARISH | CCI: -19.7 | ATR: 10.61 | Preis: 24520.8 | MT-Linie: 24526.5
2026-02-17T07:00:00.000+01:00,MT BULLISH | CCI: 18.3 | ATR: 10.4 | Preis: 24524.3 | MT-Linie: 24524.19
2026-02-17T07:01:00.000+01:00,MT BEARISH | CCI: -5.1 | ATR: 10.49 | Preis: 24521.3 | MT-Linie: 24524.19
2026-02-17T07:02:00.000+01:00,MT BULLISH | CCI: 73.9 | ATR: 10.63 | Preis: 24531.6 | MT-Linie: 24524.19
2026-02-17T07:30:00.000+01:00,MT BEARISH | CCI: 0 | ATR: 6.45 | Preis: 24539.7 | MT-Linie: 24541.86
2026-02-17T07:33:00.000+01:00,MT BULLISH | CCI: 4.6 | ATR: 6.66 | Preis: 24542.2 | MT-Linie: 24541.86
2026-02-17T07:34:00.000+01:00,MT BEARISH | CCI: -54.3 | ATR: 6.98 | Preis: 24535.9 | MT-Linie: 24541.86
2026-02-17T07:36:00.000+01:00,MT BULLISH | CCI: 8.2 | ATR: 7.2 | Preis: 24544.2 | MT-Linie: 24541.86
2026-02-17T07:37:00.000+01:00,MT BEARISH | CCI: -3.1 | ATR: 6.87 | Preis: 24543.4 | MT-Linie: 24541.86
2026-02-17T07:39:00.000+01:00,MT BULLISH | CCI: 21.3 | ATR: 6.22 | Preis: 24546.5 | MT-Linie: 24541.86
2026-02-17T08:00:00.000+01:00,MT BEARISH | CCI: -15.5 | ATR: 7.95 | Preis: 24550.4 | MT-Linie: 24552.29
2026-02-17T08:37:00.000+01:00,MT BULLISH | CCI: 160.8 | ATR: 10.83 | Preis: 24547.4 | MT-Linie: 24536.23
2026-02-17T09:20:00.000+01:00,MT BEARISH | CCI: -4.5 | ATR: 12.18 | Preis: 24607.4 | MT-Linie: 24629.58
2026-02-17T09:21:00.000+01:00,MT BULLISH | CCI: 26.7 | ATR: 12.44 | Preis: 24620.3 | MT-Linie: 24629.58
2026-02-17T09:24:00.000+01:00,MT BEARISH | CCI: -2.6 | ATR: 12.39 | Preis: 24615.3 | MT-Linie: 24629.58
2026-02-17T09:25:00.000+01:00,MT BULLISH | CCI: 3.5 | ATR: 12.54 | Preis: 24618.1 | MT-Linie: 24629.58
2026-02-17T09:26:00.000+01:00,MT BEARISH | CCI: -32.2 | ATR: 12.41 | Preis: 24610.6 | MT-Linie: 24629.58
2026-02-17T10:00:00.000+01:00,MT BULLISH | CCI: 62.5 | ATR: 14.52 | Preis: 24600.1 | MT-Linie: 24580.16
2026-02-17T10:11:00.000+01:00,MT BEARISH | CCI: -76.3 | ATR: 14.32 | Preis: 24569.5 | MT-Linie: 24585.93
2026-02-17T10:13:00.000+01:00,MT BULLISH | CCI: 15.9 | ATR: 14.39 | Preis: 24584.3 | MT-Linie: 24585.93
2026-02-17T10:14:00.000+01:00,MT BEARISH | CCI: -40.4 | ATR: 14.59 | Preis: 24574.9 | MT-Linie: 24585.93
2026-02-17T10:18:00.000+01:00,MT BULLISH | CCI: 4.4 | ATR: 13.04 | Preis: 24582.2 | MT-Linie: 24585.93
2026-02-17T10:23:00.000+01:00,MT BEARISH | CCI: -27.4 | ATR: 12.44 | Preis: 24578.8 | MT-Linie: 24585.93
2026-02-17T10:24:00.000+01:00,MT BULLISH | CCI: 71.2 | ATR: 13.11 | Preis: 24595.7 | MT-Linie: 24585.93
2026-02-17T11:05:00.000+01:00,MT BEARISH | CCI: -8.9 | ATR: 7.35 | Preis: 24614.7 | MT-Linie: 24612.33
2026-02-17T12:26:00.000+01:00,MT BULLISH | CCI: 31 | ATR: 12.54 | Preis: 24534.8 | MT-Linie: 24527.1
2026-02-17T12:36:00.000+01:00,MT BEARISH | CCI: -2.7 | ATR: 9.85 | Preis: 24532.3 | MT-Linie: 24537.93
2026-02-17T12:37:00.000+01:00,MT BULLISH | CCI: 81.3 | ATR: 10.63 | Preis: 24545.1 | MT-Linie: 24537.93
2026-02-17T13:00:00.000+01:00,MT BEARISH | CCI: -42.8 | ATR: 10.74 | Preis: 24544.6 | MT-Linie: 24549.58
2026-02-17T13:01:00.000+01:00,MT BULLISH | CCI: 133.6 | ATR: 12.35 | Preis: 24561.1 | MT-Linie: 24549.58
2026-02-17T13:20:00.000+01:00,MT BEARISH | CCI: -15.6 | ATR: 11.05 | Preis: 24561.6 | MT-Linie: 24577.47
2026-02-17T13:28:00.000+01:00,MT BULLISH | CCI: 11.1 | ATR: 10.93 | Preis: 24570.2 | MT-Linie: 24567.15
2026-02-17T13:29:00.000+01:00,MT BEARISH | CCI: -98.2 | ATR: 13.24 | Preis: 24550.1 | MT-Linie: 24567.15
2026-02-17T14:21:00.000+01:00,MT BULLISH | CCI: 66.8 | ATR: 19.13 | Preis: 24519.6 | MT-Linie: 24476.86
2026-02-17T14:47:00.000+01:00,MT BEARISH | CCI: -10.2 | ATR: 12.44 | Preis: 24514.6 | MT-Linie: 24519.99
2026-02-17T14:50:00.000+01:00,MT BULLISH | CCI: 160.9 | ATR: 19.57 | Preis: 24554.6 | MT-Linie: 24519.99
2026-02-17T15:23:00.000+01:00,MT BEARISH | CCI: -4.1 | ATR: 13.11 | Preis: 24576.2 | MT-Linie: 24583.86
2026-02-17T15:28:00.000+01:00,MT BULLISH | CCI: 43.3 | ATR: 12.68 | Preis: 24583.6 | MT-Linie: 24583.86
2026-02-17T15:30:00.000+01:00,=== SITZUNG GESTARTET === US100 | Fenster: 15:30-17:55 | Modus: Mean Reversion | Max: 5
2026-02-17T15:30:00.000+01:00,MT BEARISH | CCI: -120.5 | ATR: 18.85 | Preis: 24556.5 | MT-Linie: 24583.86
2026-02-17T15:30:00.000+01:00,SHORT SIGNAL GEFILTERT | Preis: 24556.5 | Grund: Short deaktiviert | BB: [24561.98 / 24578.58 / 24595.18]
2026-02-17T15:31:00.000+01:00,MT BULLISH | CCI: 307.4 | ATR: 31.12 | Preis: 24632.1 | MT-Linie: 24583.86
2026-02-17T15:31:00.000+01:00,BB SQUEEZE ENDE | Breite: 0.231 (Avg: 0.175) | BB: [24553.57 / 24581.91 / 24610.25]
2026-02-17T15:31:00.000+01:00,>>> LONG ENTRY #1 | Breakout @ 24632.1 | SL: 24563.64 (68.5 Pkt) | TP: 24704.1 (72 Pkt)
2026-02-17T15:31:00.000+01:00,    MT: BULL | CCI: 307.4 | BB: [24553.57 / 24581.91 / 24610.25] | ATR: 31.12
2026-02-17T15:32:00.000+01:00,SHORT SIGNAL GEFILTERT | Preis: 24598.8 | Grund: Short deaktiviert | BB: [24553.8 / 24583.1 / 24612.4]
2026-02-17T15:35:00.000+01:00,<<< POSITION GESCHLOSSEN | Vorher: 0.39 | Preis: 24701.6 | Netto PnL: -322.35 | Equity: 9677.65
2026-02-17T15:45:00.000+01:00,MT BEARISH | CCI: -33 | ATR: 41.09 | Preis: 24598.1 | MT-Linie: 24670.1
2026-02-17T15:46:00.000+01:00,>>> LONG ENTRY #2 | Mean Rev. @ 24607.2 | SL: 24514.12 (93.1 Pkt) | TP: 24679.2 (72 Pkt)
2026-02-17T15:46:00.000+01:00,    MT: BEAR | CCI: -21.4 | BB: [24602.43 / 24675.53 / 24748.63] | ATR: 42.31
2026-02-17T15:48:00.000+01:00,>>> LONG ENTRY #3 | Mean Rev. @ 24581.2 | SL: 24483.4 (97.8 Pkt) | TP: 24653.2 (72 Pkt)
2026-02-17T15:48:00.000+01:00,    MT: BEAR | CCI: -54.7 | BB: [24557.98 / 24645.53 / 24733.08] | ATR: 44.45
2026-02-17T15:50:00.000+01:00,<<< TEIL-EXIT | Pos: 0.78 -> 0.39 | Preis: 24514.5 | PnL offen: -25.74
2026-02-17T15:52:00.000+01:00,>>> LONG ENTRY #4 | Mean Rev. @ 24501.9 | SL: 24397.52 (104.4 Pkt) | TP: 24573.9 (72 Pkt)
2026-02-17T15:52:00.000+01:00,    MT: BEAR | CCI: -141.7 | BB: [24498.92 / 24572.78 / 24646.64] | ATR: 47.44
2026-02-17T15:54:00.000+01:00,>>> LONG ENTRY #5 | Mean Rev. @ 24460.8 | SL: 24362.26 (98.5 Pkt) | TP: 24532.8 (72 Pkt)
2026-02-17T15:54:00.000+01:00,    MT: BEAR | CCI: -167.6 | BB: [24456.55 / 24537.31 / 24618.07] | ATR: 44.79
2026-02-17T15:56:00.000+01:00,LONG SIGNAL BLOCKIERT | Preis: 24445.9 | Grund: Max Trades erreicht (5/5)
2026-02-17T16:00:00.000+01:00,BB SQUEEZE START | Breite: 0.336 (Avg: 0.358) | BB: [24412.99 / 24454.07 / 24495.15]
2026-02-17T16:00:00.000+01:00,LONG SIGNAL BLOCKIERT | Preis: 24433 | Grund: Max Trades erreicht (5/5)
2026-02-17T16:00:00.000+01:00,<<< TEIL-EXIT | Pos: 0.78 -> 0.39 | Preis: 24433 | PnL offen: -11.43
2026-02-17T16:02:00.000+01:00,SHORT SIGNAL GEFILTERT | Preis: 24444.6 | Grund: Short deaktiviert | BB: [24422.86 / 24444.15 / 24465.44]
2026-02-17T16:05:00.000+01:00,SHORT SIGNAL GEFILTERT | Preis: 24486.9 | Grund: Short deaktiviert | BB: [24417.62 / 24454.93 / 24492.24]
2026-02-17T16:06:00.000+01:00,SHORT SIGNAL GEFILTERT | Preis: 24464.9 | Grund: Short deaktiviert | BB: [24419.57 / 24456.83 / 24494.09]
2026-02-17T16:12:00.000+01:00,LONG SIGNAL BLOCKIERT | Preis: 24450.7 | Grund: Max Trades erreicht (5/5)
2026-02-17T16:16:00.000+01:00,MT BULLISH | CCI: 2 | ATR: 36.7 | Preis: 24494.8 | MT-Linie: 24469.23
2026-02-17T16:18:00.000+01:00,BB SQUEEZE ENDE | Breite: 0.478 (Avg: 0.43) | BB: [24402.29 / 24460.79 / 24519.29]
2026-02-17T16:18:00.000+01:00,<<< POSITION GESCHLOSSEN | Vorher: 0.39 | Preis: 24549.2 | Netto PnL: -425.48 | Equity: 9574.52
2026-02-17T16:20:00.000+01:00,SHORT SIGNAL GEFILTERT | Preis: 24532.5 | Grund: Short deaktiviert | BB: [24403.42 / 24481.06 / 24558.7]
2026-02-17T16:24:00.000+01:00,BB SQUEEZE START | Breite: 0.437 (Avg: 0.467) | BB: [24449.93 / 24503.42 / 24556.91]
2026-02-17T16:25:00.000+01:00,MT BEARISH | CCI: -28.1 | ATR: 37.95 | Preis: 24456.9 | MT-Linie: 24502.75
2026-02-17T16:26:00.000+01:00,MT BULLISH | CCI: 7.8 | ATR: 36.2 | Preis: 24471.2 | MT-Linie: 24502.75
2026-02-17T16:26:00.000+01:00,LONG SIGNAL BLOCKIERT | Preis: 24471.2 | Grund: Max Trades erreicht (5/5)
2026-02-17T16:28:00.000+01:00,MT BEARISH | CCI: -17.1 | ATR: 33.34 | Preis: 24460.4 | MT-Linie: 24502.75
2026-02-17T16:29:00.000+01:00,LONG SIGNAL BLOCKIERT | Preis: 24459.8 | Grund: Max Trades erreicht (5/5)
2026-02-17T16:35:00.000+01:00,LONG SIGNAL BLOCKIERT | Preis: 24410.4 | Grund: Max Trades erreicht (5/5)
2026-02-17T16:40:00.000+01:00,LONG SIGNAL BLOCKIERT | Preis: 24428.6 | Grund: Max Trades erreicht (5/5)
2026-02-17T16:41:00.000+01:00,SHORT SIGNAL GEFILTERT | Preis: 24399.8 | Grund: Short deaktiviert | BB: [24389.22 / 24407.5 / 24425.78]
2026-02-17T16:45:00.000+01:00,MT BULLISH | CCI: 20.5 | ATR: 30.49 | Preis: 24461.4 | MT-Linie: 24435.01
2026-02-17T16:47:00.000+01:00,BB SQUEEZE ENDE | Breite: 0.422 (Avg: 0.318) | BB: [24381.37 / 24432.89 / 24484.41]
2026-02-17T16:53:00.000+01:00,BB SQUEEZE START | Breite: 0.312 (Avg: 0.329) | BB: [24452.29 / 24490.52 / 24528.75]
2026-02-17T16:56:00.000+01:00,SHORT SIGNAL GEFILTERT | Preis: 24505.4 | Grund: Short deaktiviert | BB: [24490.65 / 24507.73 / 24524.81]
2026-02-17T17:02:00.000+01:00,BB SQUEEZE ENDE | Breite: 0.367 (Avg: 0.319) | BB: [24486.94 / 24531.92 / 24576.9]
2026-02-17T17:03:00.000+01:00,SHORT SIGNAL GEFILTERT | Preis: 24579.7 | Grund: Short deaktiviert | BB: [24489.58 / 24538.37 / 24587.16]
2026-02-17T17:06:00.000+01:00,SHORT SIGNAL GEFILTERT | Preis: 24625.6 | Grund: Short deaktiviert | BB: [24506.5 / 24568.42 / 24630.34]
2026-02-17T17:14:00.000+01:00,SHORT SIGNAL GEFILTERT | Preis: 24704.9 | Grund: Short deaktiviert | BB: [24621.14 / 24665.92 / 24710.7]
2026-02-17T17:16:00.000+01:00,BB SQUEEZE START | Breite: 0.298 (Avg: 0.318) | BB: [24643.65 / 24680.38 / 24717.11]
2026-02-17T17:22:00.000+01:00,LONG SIGNAL BLOCKIERT | Preis: 24713.2 | Grund: Max Trades erreicht (5/5)
2026-02-17T17:23:00.000+01:00,SHORT SIGNAL GEFILTERT | Preis: 24709.9 | Grund: Short deaktiviert | BB: [24692.62 / 24703.43 / 24714.24]
2026-02-17T17:30:00.000+01:00,MT BEARISH | CCI: -28.2 | ATR: 26.37 | Preis: 24625.2 | MT-Linie: 24685.37
2026-02-17T17:30:00.000+01:00,BB SQUEEZE ENDE | Breite: 0.344 (Avg: 0.282) | BB: [24650.01 / 24692.43 / 24734.85]
2026-02-17T17:31:00.000+01:00,LONG SIGNAL BLOCKIERT | Preis: 24639.7 | Grund: Max Trades erreicht (5/5)
2026-02-17T17:35:00.000+01:00,MT BULLISH | CCI: 4.4 | ATR: 25.53 | Preis: 24669.9 | MT-Linie: 24671.01
2026-02-17T17:36:00.000+01:00,BB SQUEEZE START | Breite: 0.293 (Avg: 0.3) | BB: [24624.49 / 24660.6 / 24696.71]
2026-02-17T17:37:00.000+01:00,BB SQUEEZE ENDE | Breite: 0.307 (Avg: 0.298) | BB: [24623.64 / 24661.52 / 24699.4]
2026-02-17T17:37:00.000+01:00,SHORT SIGNAL GEFILTERT | Preis: 24697.3 | Grund: Short deaktiviert | BB: [24623.64 / 24661.52 / 24699.4]
2026-02-17T17:39:00.000+01:00,SHORT SIGNAL GEFILTERT | Preis: 24691.7 | Grund: Short deaktiviert | BB: [24623.67 / 24666.81 / 24709.95]
2026-02-17T17:40:00.000+01:00,MT BEARISH | CCI: -9.8 | ATR: 25.42 | Preis: 24678.7 | MT-Linie: 24671.01
2026-02-17T17:41:00.000+01:00,MT BULLISH | CCI: 1.3 | ATR: 24.06 | Preis: 24684.3 | MT-Linie: 24671.01
2026-02-17T17:41:00.000+01:00,BB SQUEEZE START | Breite: 0.28 (Avg: 0.287) | BB: [24642.12 / 24676.62 / 24711.12]
2026-02-17T17:43:00.000+01:00,MT BEARISH | CCI: -39.3 | ATR: 23.65 | Preis: 24674.6 | MT-Linie: 24671.01
2026-02-17T17:51:00.000+01:00,MT BULLISH | CCI: 1.4 | ATR: 22.39 | Preis: 24682 | MT-Linie: 24671.01
2026-02-17T17:52:00.000+01:00,MT BEARISH | CCI: -4.9 | ATR: 22.66 | Preis: 24679.9 | MT-Linie: 24671.01
2026-02-17T17:52:00.000+01:00,SHORT SIGNAL GEFILTERT | Preis: 24679.9 | Grund: Short deaktiviert | BB: [24660.9 / 24671.31 / 24681.72]
2026-02-17T17:53:00.000+01:00,SHORT SIGNAL GEFILTERT | Preis: 24669.1 | Grund: Short deaktiviert | BB: [24660.44 / 24670.76 / 24681.08]
2026-02-17T17:54:00.000+01:00,MT BULLISH | CCI: 43.2 | ATR: 23.91 | Preis: 24692 | MT-Linie: 24671.01
2026-02-17T17:55:00.000+01:00,=== SITZUNG BEENDET === US100 | Trades: 5/5 | Offene Pos: 0 | Equity: 9574.52
2026-02-17T18:00:00.000+01:00,MT BEARISH | CCI: -49.3 | ATR: 25.35 | Preis: 24664.7 | MT-Linie: 24684.3
2026-02-17T18:07:00.000+01:00,MT BULLISH | CCI: 36.2 | ATR: 22.17 | Preis: 24686.1 | MT-Linie: 24684.3
2026-02-17T18:09:00.000+01:00,MT BEARISH | CCI: -108.4 | ATR: 21.39 | Preis: 24658.6 | MT-Linie: 24684.3
2026-02-17T18:29:00.000+01:00,MT BULLISH | CCI: 91.7 | ATR: 24.09 | Preis: 24686.7 | MT-Linie: 24640.93
2026-02-17T18:32:00.000+01:00,MT BEARISH | CCI: -107.5 | ATR: 26.71 | Preis: 24621 | MT-Linie: 24640.93
2026-02-17T18:34:00.000+01:00,MT BULLISH | CCI: 13.1 | ATR: 26.49 | Preis: 24651.6 | MT-Linie: 24640.93
2026-02-17T18:40:00.000+01:00,MT BEARISH | CCI: -80.5 | ATR: 22.81 | Preis: 24627.5 | MT-Linie: 24640.93
2026-02-17T18:59:00.000+01:00,MT BULLISH | CCI: 24.3 | ATR: 27.09 | Preis: 24629.3 | MT-Linie: 24582.21
2026-02-17T19:00:00.000+01:00,MT BEARISH | CCI: -11 | ATR: 27.79 | Preis: 24610.9 | MT-Linie: 24582.21
2026-02-17T19:03:00.000+01:00,MT BULLISH | CCI: 32.8 | ATR: 24.58 | Preis: 24628.1 | MT-Linie: 24582.21
2026-02-17T19:05:00.000+01:00,MT BEARISH | CCI: -23.7 | ATR: 25.29 | Preis: 24599.9 | MT-Linie: 24585.16
2026-02-17T19:11:00.000+01:00,MT BULLISH | CCI: 13.3 | ATR: 21.68 | Preis: 24604.5 | MT-Linie: 24585.16
2026-02-17T20:10:00.000+01:00,MT BEARISH | CCI: -2.1 | ATR: 15.78 | Preis: 24769.1 | MT-Linie: 24771.2
2026-02-17T20:11:00.000+01:00,MT BULLISH | CCI: 0.7 | ATR: 14.76 | Preis: 24770.8 | MT-Linie: 24771.2
2026-02-17T20:12:00.000+01:00,MT BEARISH | CCI: -37.6 | ATR: 14.86 | Preis: 24765.7 | MT-Linie: 24771.2
2026-02-17T20:14:00.000+01:00,MT BULLISH | CCI: 59.5 | ATR: 14.71 | Preis: 24781.6 | MT-Linie: 24771.2
2026-02-17T20:16:00.000+01:00,MT BEARISH | CCI: -23 | ATR: 14.2 | Preis: 24770.5 | MT-Linie: 24771.2
2026-02-17T20:17:00.000+01:00,MT BULLISH | CCI: 77 | ATR: 14.74 | Preis: 24784.5 | MT-Linie: 24771.2
2026-02-17T20:20:00.000+01:00,MT BEARISH | CCI: -14.9 | ATR: 14.28 | Preis: 24774.3 | MT-Linie: 24771.2
2026-02-17T20:23:00.000+01:00,MT BULLISH | CCI: 148.2 | ATR: 14.73 | Preis: 24793.2 | MT-Linie: 24771.2
2026-02-17T20:28:00.000+01:00,MT BEARISH | CCI: -92.5 | ATR: 14.05 | Preis: 24770.1 | MT-Linie: 24775.66
2026-02-17T20:31:00.000+01:00,MT BULLISH | CCI: 92.9 | ATR: 15.94 | Preis: 24787.5 | MT-Linie: 24775.66
2026-02-17T20:49:00.000+01:00,MT BEARISH | CCI: -5.5 | ATR: 12.79 | Preis: 24788.7 | MT-Linie: 24792.65
2026-02-17T21:42:00.000+01:00,MT BULLISH | CCI: 3.2 | ATR: 15.36 | Preis: 24713.6 | MT-Linie: 24690.23
2026-02-17T21:45:00.000+01:00,MT BEARISH | CCI: -10.2 | ATR: 15.01 | Preis: 24707.6 | MT-Linie: 24696.14
2026-02-17T21:59:00.000+01:00,MT BULLISH | CCI: 83.1 | ATR: 18.69 | Preis: 24708.6 | MT-Linie: 24696.14
2026-02-17T22:31:00.000+01:00,MT BEARISH | CCI: -45 | ATR: 8.63 | Preis: 24707.8 | MT-Linie: 24711.89
2026-02-17T22:58:00.000+01:00,MT BULLISH | CCI: 4 | ATR: 5.61 | Preis: 24702.7 | MT-Linie: 24698.6
2026-02-17T22:59:00.000+01:00,MT BEARISH | CCI: -18.6 | ATR: 5.76 | Preis: 24699.8 | MT-Linie: 24698.6
2026-02-17T23:05:00.000+01:00,MT BULLISH | CCI: 16.2 | ATR: 5.63 | Preis: 24702.7 | MT-Linie: 24698.6
2026-02-17T23:51:00.000+01:00,MT BEARISH | CCI: -45.8 | ATR: 1.97 | Preis: 24705.4 | MT-Linie: 24709.07
2026-02-18T00:20:00.000+01:00,MT BULLISH | CCI: 7.1 | ATR: 11.25 | Preis: 24691.9 | MT-Linie: 24675.37
2026-02-18T00:21:00.000+01:00,MT BEARISH | CCI: -0.9 | ATR: 10.92 | Preis: 24689.8 | MT-Linie: 24675.37
2026-02-18T00:26:00.000+01:00,MT BULLISH | CCI: 5 | ATR: 8.5 | Preis: 24687.7 | MT-Linie: 24675.37
2026-02-18T00:27:00.000+01:00,MT BEARISH | CCI: -44.5 | ATR: 9.29 | Preis: 24679.9 | MT-Linie: 24675.37
2026-02-18T00:31:00.000+01:00,MT BULLISH | CCI: 10.9 | ATR: 8.01 | Preis: 24684.9 | MT-Linie: 24675.37
2026-02-18T00:32:00.000+01:00,MT BEARISH | CCI: -95.9 | ATR: 9.4 | Preis: 24670.9 | MT-Linie: 24675.37
2026-02-18T01:01:00.000+01:00,MT BULLISH | CCI: 47.7 | ATR: 10.22 | Preis: 24665.1 | MT-Linie: 24658.09
2026-02-18T01:06:00.000+01:00,MT BEARISH | CCI: -10.6 | ATR: 9.26 | Preis: 24655.6 | MT-Linie: 24658.09
2026-02-18T01:07:00.000+01:00,MT BULLISH | CCI: 37.4 | ATR: 9.03 | Preis: 24659.2 | MT-Linie: 24658.09
2026-02-18T01:24:00.000+01:00,MT BEARISH | CCI: -42.8 | ATR: 8.74 | Preis: 24658.3 | MT-Linie: 24670.9
2026-02-18T01:29:00.000+01:00,MT BULLISH | CCI: 58.5 | ATR: 10.04 | Preis: 24672.1 | MT-Linie: 24660.96
2026-02-18T01:43:00.000+01:00,MT BEARISH | CCI: -0.4 | ATR: 7.15 | Preis: 24672.9 | MT-Linie: 24674.53
2026-02-18T02:15:00.000+01:00,MT BULLISH | CCI: 48 | ATR: 8.7 | Preis: 24661.8 | MT-Linie: 24661.28
2026-02-18T02:25:00.000+01:00,MT BEARISH | CCI: -4.9 | ATR: 6.87 | Preis: 24656.4 | MT-Linie: 24661.28
2026-02-18T02:26:00.000+01:00,MT BULLISH | CCI: 27 | ATR: 6.3 | Preis: 24658.7 | MT-Linie: 24661.28
2026-02-18T02:27:00.000+01:00,MT BEARISH | CCI: -93.1 | ATR: 7.07 | Preis: 24650.6 | MT-Linie: 24661.28
2026-02-18T02:39:00.000+01:00,MT BULLISH | CCI: 29.7 | ATR: 8.29 | Preis: 24657.3 | MT-Linie: 24657.34
2026-02-18T02:46:00.000+01:00,MT BEARISH | CCI: -7.5 | ATR: 6.48 | Preis: 24656.2 | MT-Linie: 24657.34
2026-02-18T02:49:00.000+01:00,MT BULLISH | CCI: 16.1 | ATR: 5.96 | Preis: 24658.2 | MT-Linie: 24657.34
2026-02-18T02:52:00.000+01:00,MT BEARISH | CCI: -61.8 | ATR: 6.2 | Preis: 24652.4 | MT-Linie: 24657.34
2026-02-18T02:55:00.000+01:00,MT BULLISH | CCI: 21.9 | ATR: 6.59 | Preis: 24657.4 | MT-Linie: 24657.34
2026-02-18T03:24:00.000+01:00,MT BEARISH | CCI: -27.3 | ATR: 5.43 | Preis: 24674.9 | MT-Linie: 24683.04
2026-02-18T03:29:00.000+01:00,MT BULLISH | CCI: 16.2 | ATR: 5.71 | Preis: 24683.1 | MT-Linie: 24679.14
2026-02-18T03:55:00.000+01:00,MT BEARISH | CCI: -12.5 | ATR: 4.61 | Preis: 24690.7 | MT-Linie: 24695.05
2026-02-18T04:02:00.000+01:00,MT BULLISH | CCI: 33.6 | ATR: 4.33 | Preis: 24697 | MT-Linie: 24695.05
2026-02-18T04:03:00.000+01:00,MT BEARISH | CCI: -0.8 | ATR: 4.34 | Preis: 24695.4 | MT-Linie: 24695.05
2026-02-18T04:04:00.000+01:00,MT BULLISH | CCI: 85.5 | ATR: 4.59 | Preis: 24700.2 | MT-Linie: 24695.05
2026-02-18T04:07:00.000+01:00,MT BEARISH | CCI: -1.7 | ATR: 4.48 | Preis: 24696.6 | MT-Linie: 24695.34
2026-02-18T04:31:00.000+01:00,MT BULLISH | CCI: 78.8 | ATR: 6.65 | Preis: 24694.2 | MT-Linie: 24680.02
2026-02-18T06:05:00.000+01:00,MT BEARISH | CCI: -44.4 | ATR: 4.89 | Preis: 24761.7 | MT-Linie: 24763.26
2026-02-18T06:14:00.000+01:00,MT BULLISH | CCI: 47.4 | ATR: 4.37 | Preis: 24767.3 | MT-Linie: 24763.26
2026-02-18T06:17:00.000+01:00,MT BEARISH | CCI: -10.5 | ATR: 4.43 | Preis: 24765 | MT-Linie: 24763.26
2026-02-18T06:19:00.000+01:00,MT BULLISH | CCI: 120.3 | ATR: 4.79 | Preis: 24769.6 | MT-Linie: 24763.26
2026-02-18T06:28:00.000+01:00,MT BEARISH | CCI: -31.2 | ATR: 3.33 | Preis: 24764.4 | MT-Linie: 24764.07
2026-02-18T06:30:00.000+01:00,MT BULLISH | CCI: 25.2 | ATR: 3.26 | Preis: 24766.7 | MT-Linie: 24764.07
2026-02-18T06:31:00.000+01:00,MT BEARISH | CCI: -37.2 | ATR: 3.68 | Preis: 24764.4 | MT-Linie: 24764.07
2026-02-18T06:36:00.000+01:00,MT BULLISH | CCI: 93.4 | ATR: 3.45 | Preis: 24768.5 | MT-Linie: 24764.07
2026-02-18T06:41:00.000+01:00,MT BEARISH | CCI: -37 | ATR: 5.15 | Preis: 24764.7 | MT-Linie: 24769.04
2026-02-18T07:15:00.000+01:00,MT BULLISH | CCI: 33.4 | ATR: 7.38 | Preis: 24760.6 | MT-Linie: 24753.63
2026-02-18T07:18:00.000+01:00,MT BEARISH | CCI: -44.3 | ATR: 6.32 | Preis: 24755.6 | MT-Linie: 24753.63
2026-02-18T07:20:00.000+01:00,MT BULLISH | CCI: 42.9 | ATR: 6.4 | Preis: 24760 | MT-Linie: 24753.63
2026-02-18T07:23:00.000+01:00,MT BEARISH | CCI: -5.1 | ATR: 5.96 | Preis: 24757.1 | MT-Linie: 24753.63
2026-02-18T07:27:00.000+01:00,MT BULLISH | CCI: 73.7 | ATR: 5.78 | Preis: 24760 | MT-Linie: 24753.63
2026-02-18T07:28:00.000+01:00,MT BEARISH | CCI: -88.2 | ATR: 6.38 | Preis: 24752.3 | MT-Linie: 24753.63
2026-02-18T07:29:00.000+01:00,MT BULLISH | CCI: 41.6 | ATR: 6.34 | Preis: 24758.4 | MT-Linie: 24753.63
2026-02-18T07:31:00.000+01:00,MT BEARISH | CCI: -88.7 | ATR: 6.54 | Preis: 24752 | MT-Linie: 24753.63
2026-02-18T07:36:00.000+01:00,MT BULLISH | CCI: 180.8 | ATR: 7.29 | Preis: 24765.9 | MT-Linie: 24753.63
2026-02-18T07:57:00.000+01:00,MT BEARISH | CCI: -3.8 | ATR: 5.86 | Preis: 24762.9 | MT-Linie: 24767.87
2026-02-18T08:29:00.000+01:00,MT BULLISH | CCI: 66.9 | ATR: 6.81 | Preis: 24756.5 | MT-Linie: 24750.17
2026-02-18T09:46:00.000+01:00,MT BEARISH | CCI: -0.3 | ATR: 10.24 | Preis: 24830.5 | MT-Linie: 24829.34
2026-02-18T09:56:00.000+01:00,MT BULLISH | CCI: 44.1 | ATR: 7.23 | Preis: 24836.8 | MT-Linie: 24829.34
2026-02-18T09:57:00.000+01:00,MT BEARISH | CCI: -23 | ATR: 7.21 | Preis: 24831.5 | MT-Linie: 24829.34
2026-02-18T09:58:00.000+01:00,MT BULLISH | CCI: 56.6 | ATR: 7.55 | Preis: 24837.8 | MT-Linie: 24829.34
2026-02-18T10:07:00.000+01:00,MT BEARISH | CCI: -16.1 | ATR: 7.15 | Preis: 24834.1 | MT-Linie: 24833.89
2026-02-18T10:08:00.000+01:00,MT BULLISH | CCI: 40.3 | ATR: 7.25 | Preis: 24838.5 | MT-Linie: 24833.89
2026-02-18T10:49:00.000+01:00,MT BEARISH | CCI: -10.5 | ATR: 5.92 | Preis: 24856.1 | MT-Linie: 24864.69
2026-02-18T10:50:00.000+01:00,MT BULLISH | CCI: 1.4 | ATR: 6.16 | Preis: 24857.9 | MT-Linie: 24864.69
2026-02-18T10:52:00.000+01:00,MT BEARISH | CCI: -0.6 | ATR: 6.44 | Preis: 24858.7 | MT-Linie: 24864.69
2026-02-18T11:04:00.000+01:00,MT BULLISH | CCI: 75.3 | ATR: 8.13 | Preis: 24868.3 | MT-Linie: 24852.47
2026-02-18T11:07:00.000+01:00,MT BEARISH | CCI: -27.2 | ATR: 8.16 | Preis: 24857.3 | MT-Linie: 24855.17
2026-02-18T11:09:00.000+01:00,MT BULLISH | CCI: 24.5 | ATR: 7.96 | Preis: 24862.8 | MT-Linie: 24855.17
2026-02-18T11:18:00.000+01:00,MT BEARISH | CCI: -7 | ATR: 7.4 | Preis: 24858.3 | MT-Linie: 24859.05
2026-02-18T11:19:00.000+01:00,MT BULLISH | CCI: 25.6 | ATR: 7 | Preis: 24861.1 | MT-Linie: 24859.05
2026-02-18T11:31:00.000+01:00,MT BEARISH | CCI: -11.3 | ATR: 5.81 | Preis: 24859.3 | MT-Linie: 24859.73
2026-02-18T11:33:00.000+01:00,MT BULLISH | CCI: 90.2 | ATR: 6.2 | Preis: 24867.3 | MT-Linie: 24859.73
2026-02-18T11:38:00.000+01:00,MT BEARISH | CCI: -40.7 | ATR: 6.19 | Preis: 24861.8 | MT-Linie: 24860.27
2026-02-18T11:39:00.000+01:00,MT BULLISH | CCI: 44 | ATR: 5.95 | Preis: 24865.7 | MT-Linie: 24860.27
2026-02-18T11:40:00.000+01:00,MT BEARISH | CCI: -146.7 | ATR: 6.52 | Preis: 24856.3 | MT-Linie: 24860.27
2026-02-18T12:00:00.000+01:00,MT BULLISH | CCI: 2.9 | ATR: 5.93 | Preis: 24860.3 | MT-Linie: 24860.2
2026-02-18T12:01:00.000+01:00,MT BEARISH | CCI: -24.3 | ATR: 5.76 | Preis: 24858.4 | MT-Linie: 24860.2
2026-02-18T12:21:00.000+01:00,MT BULLISH | CCI: 36.2 | ATR: 6.34 | Preis: 24852.8 | MT-Linie: 24841.97
2026-02-18T12:26:00.000+01:00,MT BEARISH | CCI: -2.1 | ATR: 6.66 | Preis: 24847.8 | MT-Linie: 24846.55
2026-02-18T13:01:00.000+01:00,MT BULLISH | CCI: 243.7 | ATR: 8 | Preis: 24850 | MT-Linie: 24832.02
2026-02-18T13:25:00.000+01:00,MT BEARISH | CCI: -24.7 | ATR: 11.7 | Preis: 24854.4 | MT-Linie: 24873.23
2026-02-18T13:58:00.000+01:00,MT BULLISH | CCI: 45.1 | ATR: 9.54 | Preis: 24826.2 | MT-Linie: 24809.16
2026-02-18T14:04:00.000+01:00,MT BEARISH | CCI: -52.7 | ATR: 10.09 | Preis: 24807.1 | MT-Linie: 24813.02
2026-02-18T14:07:00.000+01:00,MT BULLISH | CCI: 78.7 | ATR: 10.02 | Preis: 24821.5 | MT-Linie: 24813.02
2026-02-18T14:16:00.000+01:00,MT BEARISH | CCI: -40.2 | ATR: 8.84 | Preis: 24815.1 | MT-Linie: 24815.42
2026-02-18T14:17:00.000+01:00,MT BULLISH | CCI: 0.6 | ATR: 8.77 | Preis: 24818.6 | MT-Linie: 24815.42
2026-02-18T14:18:00.000+01:00,MT BEARISH | CCI: -106 | ATR: 8.99 | Preis: 24809.7 | MT-Linie: 24815.42
2026-02-18T14:25:00.000+01:00,MT BULLISH | CCI: 49.8 | ATR: 10.34 | Preis: 24822.4 | MT-Linie: 24815.42
2026-02-18T14:34:00.000+01:00,MT BEARISH | CCI: -7.1 | ATR: 11.97 | Preis: 24819.8 | MT-Linie: 24820.05
2026-02-18T14:35:00.000+01:00,MT BULLISH | CCI: 14.3 | ATR: 11.19 | Preis: 24821.8 | MT-Linie: 24820.05
2026-02-18T14:38:00.000+01:00,MT BEARISH | CCI: -15.7 | ATR: 9.79 | Preis: 24818.9 | MT-Linie: 24820.05
2026-02-18T15:17:00.000+01:00,MT BULLISH | CCI: 154.4 | ATR: 10.02 | Preis: 24779.9 | MT-Linie: 24772.49
2026-02-18T15:24:00.000+01:00,MT BEARISH | CCI: -8.3 | ATR: 8.75 | Preis: 24765.9 | MT-Linie: 24772.49
2026-02-18T15:30:00.000+01:00,=== SITZUNG GESTARTET === US100 | Fenster: 15:30-17:55 | Modus: Mean Reversion | Max: 5
2026-02-18T15:31:00.000+01:00,>>> LONG ENTRY #1 | Mean Rev. @ 24734.1 | SL: 24677.81 (56.3 Pkt) | TP: 24806.1 (72 Pkt)
2026-02-18T15:31:00.000+01:00,    MT: BEAR | CCI: -268.4 | BB: [24725.88 / 24754.03 / 24782.18] | ATR: 25.59
2026-02-18T15:33:00.000+01:00,>>> LONG ENTRY #2 | Mean Rev. @ 24737 | SL: 24668.1 (68.9 Pkt) | TP: 24809 (72 Pkt)
2026-02-18T15:33:00.000+01:00,    MT: BEAR | CCI: -162.1 | BB: [24715.95 / 24745.44 / 24774.93] | ATR: 31.32
2026-02-18T15:35:00.000+01:00,>>> LONG ENTRY #3 | Mean Rev. @ 24716.7 | SL: 24638.79 (77.9 Pkt) | TP: 24788.7 (72 Pkt)
2026-02-18T15:35:00.000+01:00,    MT: BEAR | CCI: -193.5 | BB: [24701.88 / 24734.32 / 24766.76] | ATR: 35.41
2026-02-18T15:38:00.000+01:00,MT BULLISH | CCI: 17.9 | ATR: 40.01 | Preis: 24759.9 | MT-Linie: 24757.02
2026-02-18T15:39:00.000+01:00,MT BEARISH | CCI: -54.4 | ATR: 41.3 | Preis: 24738 | MT-Linie: 24757.02
2026-02-18T15:39:00.000+01:00,SHORT SIGNAL GEFILTERT | Preis: 24738 | Grund: Short deaktiviert | BB: [24692.39 / 24721.25 / 24750.11]
2026-02-18T15:42:00.000+01:00,MT BULLISH | CCI: 77.4 | ATR: 39.3 | Preis: 24775.9 | MT-Linie: 24757.02
2026-02-18T15:43:00.000+01:00,<<< TEIL-EXIT | Pos: 1.14 -> 0.76 | Preis: 24799.1 | PnL offen: 54.87
2026-02-18T15:44:00.000+01:00,SHORT SIGNAL GEFILTERT | Preis: 24784.5 | Grund: Short deaktiviert | BB: [24697.39 / 24746.26 / 24795.13]
2026-02-18T15:45:00.000+01:00,<<< POSITION GESCHLOSSEN | Vorher: 0.76 | Preis: 24809.9 | Netto PnL: -355.66 | Equity: 9644.34
2026-02-18T15:46:00.000+01:00,SHORT SIGNAL GEFILTERT | Preis: 24789.2 | Grund: Short deaktiviert | BB: [24716.51 / 24764.46 / 24812.41]
2026-02-18T15:48:00.000+01:00,MT BEARISH | CCI: -1.4 | ATR: 40.66 | Preis: 24755.7 | MT-Linie: 24757.02
2026-02-18T15:50:00.000+01:00,>>> LONG ENTRY #4 | Mean Rev. @ 24742.8 | SL: 24661.18 (81.6 Pkt) | TP: 24814.8 (72 Pkt)
2026-02-18T15:50:00.000+01:00,    MT: BEAR | CCI: -34.7 | BB: [24737.18 / 24773.51 / 24809.84] | ATR: 37.1
2026-02-18T15:51:00.000+01:00,>>> LONG ENTRY #5 | Mean Rev. @ 24748.7 | SL: 24671.35 (77.3 Pkt) | TP: 24820.7 (72 Pkt)
2026-02-18T15:51:00.000+01:00,    MT: BEAR | CCI: -16.2 | BB: [24736.78 / 24773.35 / 24809.92] | ATR: 35.16
2026-02-18T15:52:00.000+01:00,MT BULLISH | CCI: 88.2 | ATR: 37.81 | Preis: 24784.8 | MT-Linie: 24757.02
2026-02-18T15:54:00.000+01:00,<<< POSITION GESCHLOSSEN | Vorher: 0.76 | Preis: 24820.7 | Netto PnL: -308.64 | Equity: 9691.36
2026-02-18T15:59:00.000+01:00,SHORT SIGNAL GEFILTERT | Preis: 24876 | Grund: Short deaktiviert | BB: [24746.17 / 24819.52 / 24892.87]
2026-02-18T16:08:00.000+01:00,SHORT SIGNAL GEFILTERT | Preis: 24949.7 | Grund: Short deaktiviert | BB: [24871.14 / 24922.95 / 24974.76]
2026-02-18T16:11:00.000+01:00,BB SQUEEZE START | Breite: 0.272 (Avg: 0.3) | BB: [24909.89 / 24943.83 / 24977.77]
2026-02-18T16:18:00.000+01:00,SHORT SIGNAL GEFILTERT | Preis: 24989.7 | Grund: Short deaktiviert | BB: [24945.89 / 24975.4 / 25004.91]
2026-02-18T16:25:00.000+01:00,LONG SIGNAL BLOCKIERT | Preis: 24988 | Grund: Max Trades erreicht (5/5)
2026-02-18T16:28:00.000+01:00,SHORT SIGNAL GEFILTERT | Preis: 24989.8 | Grund: Short deaktiviert | BB: [24984.32 / 24993.37 / 25002.42]
2026-02-18T16:33:00.000+01:00,MT BEARISH | CCI: -4 | ATR: 14.55 | Preis: 24963.6 | MT-Linie: 24977
2026-02-18T16:35:00.000+01:00,MT BULLISH | CCI: 18.2 | ATR: 15.8 | Preis: 24976.2 | MT-Linie: 24977
2026-02-18T16:41:00.000+01:00,SHORT SIGNAL GEFILTERT | Preis: 25005.5 | Grund: Short deaktiviert | BB: [24957.29 / 24981.45 / 25005.61]
2026-02-18T16:42:00.000+01:00,SHORT SIGNAL GEFILTERT | Preis: 24995 | Grund: Short deaktiviert | BB: [24960.85 / 24984.35 / 25007.85]
2026-02-18T16:47:00.000+01:00,SHORT SIGNAL GEFILTERT | Preis: 25009.4 | Grund: Short deaktiviert | BB: [24989.15 / 25000.71 / 25012.27]
2026-02-18T16:49:00.000+01:00,SHORT SIGNAL GEFILTERT | Preis: 25006.8 | Grund: Short deaktiviert | BB: [24995.06 / 25005.28 / 25015.5]
2026-02-18T16:53:00.000+01:00,LONG SIGNAL BLOCKIERT | Preis: 25010.9 | Grund: Max Trades erreicht (5/5)
2026-02-18T16:58:00.000+01:00,BB SQUEEZE ENDE | Breite: 0.153 (Avg: 0.149) | BB: [24995.89 / 25015.07 / 25034.25]
2026-02-18T17:00:00.000+01:00,BB SQUEEZE START | Breite: 0.14 (Avg: 0.14) | BB: [25001.41 / 25018.88 / 25036.35]
2026-02-18T17:07:00.000+01:00,BB SQUEEZE ENDE | Breite: 0.124 (Avg: 0.124) | BB: [25015.2 / 25030.68 / 25046.16]
2026-02-18T17:08:00.000+01:00,BB SQUEEZE START | Breite: 0.118 (Avg: 0.121) | BB: [25017.57 / 25032.29 / 25047.01]
2026-02-18T17:08:00.000+01:00,SHORT SIGNAL GEFILTERT | Preis: 25036.4 | Grund: Short deaktiviert | BB: [25017.57 / 25032.29 / 25047.01]
2026-02-18T17:17:00.000+01:00,SHORT SIGNAL GEFILTERT | Preis: 25029.5 | Grund: Short deaktiviert | BB: [25022.25 / 25031.72 / 25041.19]
2026-02-18T17:19:00.000+01:00,MT BEARISH | CCI: -8.8 | ATR: 10.31 | Preis: 25022.6 | MT-Linie: 25030.09
2026-02-18T17:22:00.000+01:00,LONG SIGNAL BLOCKIERT | Preis: 25019.9 | Grund: Max Trades erreicht (5/5)
2026-02-18T17:24:00.000+01:00,MT BULLISH | CCI: 47.3 | ATR: 10.25 | Preis: 25032.1 | MT-Linie: 25030.09
2026-02-18T17:26:00.000+01:00,MT BEARISH | CCI: -28.4 | ATR: 10.46 | Preis: 25024.5 | MT-Linie: 25030.09
2026-02-18T17:26:00.000+01:00,SHORT SIGNAL GEFILTERT | Preis: 25024.5 | Grund: Short deaktiviert | BB: [25017.89 / 25025.18 / 25032.47]
2026-02-18T17:27:00.000+01:00,SHORT SIGNAL GEFILTERT | Preis: 25022.5 | Grund: Short deaktiviert | BB: [25017.45 / 25024.48 / 25031.51]
2026-02-18T17:28:00.000+01:00,MT BULLISH | CCI: 26.2 | ATR: 10.77 | Preis: 25031.5 | MT-Linie: 25030.09
2026-02-18T17:29:00.000+01:00,MT BEARISH | CCI: -8.8 | ATR: 10.4 | Preis: 25028.4 | MT-Linie: 25030.09
2026-02-18T17:30:00.000+01:00,MT BULLISH | CCI: 12.2 | ATR: 10.93 | Preis: 25030.3 | MT-Linie: 25030.09
2026-02-18T17:32:00.000+01:00,BB SQUEEZE ENDE | Breite: 0.1 (Avg: 0.098) | BB: [25019.84 / 25032.35 / 25044.86]
2026-02-18T17:33:00.000+01:00,SHORT SIGNAL GEFILTERT | Preis: 25043.1 | Grund: Short deaktiviert | BB: [25021.37 / 25034.15 / 25046.93]
2026-02-18T17:36:00.000+01:00,BB SQUEEZE START | Breite: 0.096 (Avg: 0.096) | BB: [25024.92 / 25036.88 / 25048.84]
2026-02-18T17:40:00.000+01:00,SHORT SIGNAL GEFILTERT | Preis: 25035.6 | Grund: Short deaktiviert | BB: [25035.05 / 25041.14 / 25047.23]
2026-02-18T17:41:00.000+01:00,LONG SIGNAL BLOCKIERT | Preis: 25045.6 | Grund: Max Trades erreicht (5/5)
2026-02-18T17:43:00.000+01:00,SHORT SIGNAL GEFILTERT | Preis: 25041.8 | Grund: Short deaktiviert | BB: [25035.24 / 25040.82 / 25046.4]
2026-02-18T17:48:00.000+01:00,MT BEARISH | CCI: -1.1 | ATR: 9.9 | Preis: 25034.8 | MT-Linie: 25030.09
2026-02-18T17:50:00.000+01:00,BB SQUEEZE ENDE | Breite: 0.088 (Avg: 0.081) | BB: [25026.93 / 25037.88 / 25048.83]
2026-02-18T17:55:00.000+01:00,=== SITZUNG BEENDET === US100 | Trades: 5/5 | Offene Pos: 0 | Equity: 9691.36
2026-02-18T18:04:00.000+01:00,MT BULLISH | CCI: 13 | ATR: 12.67 | Preis: 25030.5 | MT-Linie: 25014.49
2026-02-18T18:12:00.000+01:00,MT BEARISH | CCI: -49.6 | ATR: 13.52 | Preis: 25016.9 | MT-Linie: 25040.77
2026-02-18T18:17:00.000+01:00,MT BULLISH | CCI: 19.8 | ATR: 11.68 | Preis: 25029.1 | MT-Linie: 25033.42
2026-02-18T18:28:00.000+01:00,MT BEARISH | CCI: -12.8 | ATR: 8.65 | Preis: 25024.8 | MT-Linie: 25033.42
2026-02-18T18:31:00.000+01:00,MT BULLISH | CCI: 22.5 | ATR: 8.85 | Preis: 25033.3 | MT-Linie: 25033.42
2026-02-18T18:32:00.000+01:00,MT BEARISH | CCI: -1.7 | ATR: 8.54 | Preis: 25029.7 | MT-Linie: 25033.42
2026-02-18T18:47:00.000+01:00,MT BULLISH | CCI: 2.6 | ATR: 9.03 | Preis: 25026.5 | MT-Linie: 25022.96
2026-02-18T18:48:00.000+01:00,MT BEARISH | CCI: -11.9 | ATR: 8.57 | Preis: 25024.9 | MT-Linie: 25022.96
2026-02-18T18:50:00.000+01:00,MT BULLISH | CCI: 11.8 | ATR: 8.58 | Preis: 25028.1 | MT-Linie: 25022.96
2026-02-18T19:09:00.000+01:00,MT BEARISH | CCI: -20.3 | ATR: 9.14 | Preis: 25028 | MT-Linie: 25043.94
2026-02-18T20:23:00.000+01:00,MT BULLISH | CCI: 26.3 | ATR: 13.04 | Preis: 24954.5 | MT-Linie: 24953.57
2026-02-18T20:24:00.000+01:00,MT BEARISH | CCI: -43.7 | ATR: 12.87 | Preis: 24945.1 | MT-Linie: 24953.57
2026-02-18T21:26:00.000+01:00,MT BULLISH | CCI: 9 | ATR: 14.27 | Preis: 24823.1 | MT-Linie: 24812.79
2026-02-18T21:27:00.000+01:00,MT BEARISH | CCI: -38.9 | ATR: 14.11 | Preis: 24812.7 | MT-Linie: 24812.79
2026-02-18T21:30:00.000+01:00,MT BULLISH | CCI: 105.3 | ATR: 16.11 | Preis: 24838.3 | MT-Linie: 24812.79
2026-02-18T22:04:00.000+01:00,MT BEARISH | CCI: -8.6 | ATR: 13.35 | Preis: 24877.7 | MT-Linie: 24897.35
2026-02-18T22:32:00.000+01:00,MT BULLISH | CCI: 5.8 | ATR: 5.69 | Preis: 24870.9 | MT-Linie: 24871.01
2026-02-18T22:50:00.000+01:00,MT BEARISH | CCI: -77.6 | ATR: 4.58 | Preis: 24864.4 | MT-Linie: 24871.01
2026-02-18T23:10:00.000+01:00,MT BULLISH | CCI: 19.4 | ATR: 4.02 | Preis: 24869.9 | MT-Linie: 24866.27
2026-02-18T23:12:00.000+01:00,MT BEARISH | CCI: -16.8 | ATR: 3.81 | Preis: 24867.3 | MT-Linie: 24866.27
2026-02-18T23:22:00.000+01:00,MT BULLISH | CCI: 44.4 | ATR: 2.8 | Preis: 24869.2 | MT-Linie: 24866.27
2026-02-19T00:24:00.000+01:00,MT BEARISH | CCI: -8.2 | ATR: 5.86 | Preis: 24901.8 | MT-Linie: 24912.06
2026-02-19T00:25:00.000+01:00,MT BULLISH | CCI: 19.5 | ATR: 6.37 | Preis: 24907.4 | MT-Linie: 24912.06
2026-02-19T00:34:00.000+01:00,MT BEARISH | CCI: -29.9 | ATR: 5.89 | Preis: 24907.9 | MT-Linie: 24912.06
2026-02-19T00:47:00.000+01:00,MT BULLISH | CCI: 42.9 | ATR: 5.68 | Preis: 24912.5 | MT-Linie: 24909.44
2026-02-19T00:49:00.000+01:00,MT BEARISH | CCI: -48.7 | ATR: 6.23 | Preis: 24905.8 | MT-Linie: 24909.44
2026-02-19T00:54:00.000+01:00,MT BULLISH | CCI: 19.9 | ATR: 5.57 | Preis: 24908.2 | MT-Linie: 24908.81
2026-02-19T00:55:00.000+01:00,MT BEARISH | CCI: -13.3 | ATR: 5.3 | Preis: 24906.4 | MT-Linie: 24908.81
2026-02-19T01:34:00.000+01:00,MT BULLISH | CCI: 11.6 | ATR: 9.69 | Preis: 24881.6 | MT-Linie: 24866.67
2026-02-19T01:35:00.000+01:00,MT BEARISH | CCI: -2.8 | ATR: 9.44 | Preis: 24878.5 | MT-Linie: 24866.67
2026-02-19T01:36:00.000+01:00,MT BULLISH | CCI: 12.4 | ATR: 9.06 | Preis: 24880.8 | MT-Linie: 24866.67
2026-02-19T01:37:00.000+01:00,MT BEARISH | CCI: -19.7 | ATR: 8.84 | Preis: 24874.8 | MT-Linie: 24866.67
2026-02-19T01:40:00.000+01:00,MT BULLISH | CCI: 9.5 | ATR: 8.03 | Preis: 24877.7 | MT-Linie: 24866.67
2026-02-19T01:42:00.000+01:00,MT BEARISH | CCI: -2.5 | ATR: 7.11 | Preis: 24874.7 | MT-Linie: 24868.54
2026-02-19T01:46:00.000+01:00,MT BULLISH | CCI: 6.3 | ATR: 8.18 | Preis: 24873.9 | MT-Linie: 24868.54
2026-02-19T01:48:00.000+01:00,MT BEARISH | CCI: -7.6 | ATR: 7.82 | Preis: 24871.2 | MT-Linie: 24868.54
2026-02-19T01:50:00.000+01:00,MT BULLISH | CCI: 18.9 | ATR: 7.37 | Preis: 24873.2 | MT-Linie: 24868.54
2026-02-19T02:24:00.000+01:00,MT BEARISH | CCI: -18.4 | ATR: 7.34 | Preis: 24896.3 | MT-Linie: 24912.14
2026-02-19T02:54:00.000+01:00,MT BULLISH | CCI: 17.4 | ATR: 7.76 | Preis: 24893.1 | MT-Linie: 24884.67
2026-02-19T03:51:00.000+01:00,MT BEARISH | CCI: -30.6 | ATR: 4.2 | Preis: 24908.6 | MT-Linie: 24912.36
2026-02-19T03:59:00.000+01:00,MT BULLISH | CCI: 25.4 | ATR: 4.46 | Preis: 24911.4 | MT-Linie: 24911.54
2026-02-19T04:17:00.000+01:00,MT BEARISH | CCI: -11.8 | ATR: 4.46 | Preis: 24912.8 | MT-Linie: 24913.31
2026-02-19T04:18:00.000+01:00,MT BULLISH | CCI: 36.7 | ATR: 4.51 | Preis: 24915.5 | MT-Linie: 24913.31
2026-02-19T04:36:00.000+01:00,MT BEARISH | CCI: -37.5 | ATR: 4.56 | Preis: 24916.9 | MT-Linie: 24920.99
2026-02-19T04:56:00.000+01:00,MT BULLISH | CCI: 20.9 | ATR: 5.42 | Preis: 24915.6 | MT-Linie: 24907.84
2026-02-19T05:24:00.000+01:00,MT BEARISH | CCI: -90.8 | ATR: 4.44 | Preis: 24909.1 | MT-Linie: 24917.72
2026-02-19T06:16:00.000+01:00,MT BULLISH | CCI: 19.1 | ATR: 5.19 | Preis: 24892.8 | MT-Linie: 24884.14
2026-02-19T06:22:00.000+01:00,MT BEARISH | CCI: -29.5 | ATR: 5.45 | Preis: 24887.5 | MT-Linie: 24888.74
2026-02-19T06:23:00.000+01:00,MT BULLISH | CCI: 47.4 | ATR: 5.57 | Preis: 24892.4 | MT-Linie: 24888.74
2026-02-19T07:08:00.000+01:00,MT BEARISH | CCI: -14.4 | ATR: 5.29 | Preis: 24922.3 | MT-Linie: 24924.74
2026-02-19T07:09:00.000+01:00,MT BULLISH | CCI: 35.6 | ATR: 5.67 | Preis: 24926.9 | MT-Linie: 24924.74
2026-02-19T07:10:00.000+01:00,MT BEARISH | CCI: -15.5 | ATR: 5.81 | Preis: 24922.9 | MT-Linie: 24924.74
2026-02-19T07:11:00.000+01:00,MT BULLISH | CCI: 23.5 | ATR: 5.76 | Preis: 24926.2 | MT-Linie: 24924.74
2026-02-19T07:17:00.000+01:00,MT BEARISH | CCI: -68.9 | ATR: 5.44 | Preis: 24923.8 | MT-Linie: 24924.74
2026-02-19T07:19:00.000+01:00,MT BULLISH | CCI: 23.2 | ATR: 5.12 | Preis: 24928.3 | MT-Linie: 24924.74
2026-02-19T07:20:00.000+01:00,MT BEARISH | CCI: -32.5 | ATR: 4.97 | Preis: 24926.6 | MT-Linie: 24924.74
2026-02-19T07:29:00.000+01:00,MT BULLISH | CCI: 71.5 | ATR: 3.52 | Preis: 24929.6 | MT-Linie: 24924.74
2026-02-19T07:45:00.000+01:00,MT BEARISH | CCI: -5.4 | ATR: 6.15 | Preis: 24931 | MT-Linie: 24931.86
2026-02-19T07:47:00.000+01:00,MT BULLISH | CCI: 11.1 | ATR: 5.64 | Preis: 24932.4 | MT-Linie: 24931.86
2026-02-19T08:40:00.000+01:00,MT BEARISH | CCI: -1.7 | ATR: 5.31 | Preis: 24961.8 | MT-Linie: 24968.78
2026-02-19T08:43:00.000+01:00,MT BULLISH | CCI: 17.6 | ATR: 6 | Preis: 24965.4 | MT-Linie: 24967.12
2026-02-19T08:44:00.000+01:00,MT BEARISH | CCI: -4.1 | ATR: 5.73 | Preis: 24963.6 | MT-Linie: 24967.12
2026-02-19T08:45:00.000+01:00,MT BULLISH | CCI: 28.3 | ATR: 5.84 | Preis: 24967.1 | MT-Linie: 24967.12
2026-02-19T08:47:00.000+01:00,MT BEARISH | CCI: -3.7 | ATR: 5.17 | Preis: 24964.9 | MT-Linie: 24967.12
2026-02-19T09:09:00.000+01:00,MT BULLISH | CCI: 77.8 | ATR: 8.28 | Preis: 24967.8 | MT-Linie: 24959.73
2026-02-19T09:12:00.000+01:00,MT BEARISH | CCI: -69.7 | ATR: 9.49 | Preis: 24954.2 | MT-Linie: 24959.73
2026-02-19T09:13:00.000+01:00,MT BULLISH | CCI: 53.6 | ATR: 10.19 | Preis: 24963.8 | MT-Linie: 24959.73
2026-02-19T09:33:00.000+01:00,MT BEARISH | CCI: -16 | ATR: 8.49 | Preis: 24963.5 | MT-Linie: 24968.83
2026-02-19T10:22:00.000+01:00,MT BULLISH | CCI: 33.6 | ATR: 10.45 | Preis: 24897.1 | MT-Linie: 24894.13
2026-02-19T10:25:00.000+01:00,MT BEARISH | CCI: -23.6 | ATR: 10.04 | Preis: 24888.7 | MT-Linie: 24894.13
2026-02-19T11:42:00.000+01:00,MT BULLISH | CCI: 19 | ATR: 10.74 | Preis: 24782.8 | MT-Linie: 24784.36
2026-02-19T11:51:00.000+01:00,MT BEARISH | CCI: -73.9 | ATR: 11.37 | Preis: 24771.7 | MT-Linie: 24784.36
2026-02-19T11:56:00.000+01:00,MT BULLISH | CCI: 24.7 | ATR: 9.97 | Preis: 24782.2 | MT-Linie: 24784.36
2026-02-19T12:00:00.000+01:00,MT BEARISH | CCI: -10.3 | ATR: 8.9 | Preis: 24779.2 | MT-Linie: 24784.36
2026-02-19T12:04:00.000+01:00,MT BULLISH | CCI: 8 | ATR: 8.78 | Preis: 24780.3 | MT-Linie: 24784.36
2026-02-19T12:05:00.000+01:00,MT BEARISH | CCI: -43.6 | ATR: 9.41 | Preis: 24774.8 | MT-Linie: 24784.36
2026-02-19T12:06:00.000+01:00,MT BULLISH | CCI: 43.1 | ATR: 9.67 | Preis: 24784.5 | MT-Linie: 24784.36
2026-02-19T12:36:00.000+01:00,MT BEARISH | CCI: -9.5 | ATR: 7.86 | Preis: 24797.9 | MT-Linie: 24803.68
2026-02-19T12:38:00.000+01:00,MT BULLISH | CCI: 3.8 | ATR: 7.52 | Preis: 24800.9 | MT-Linie: 24803.68
2026-02-19T12:39:00.000+01:00,MT BEARISH | CCI: -21.9 | ATR: 7.76 | Preis: 24798.8 | MT-Linie: 24803.68
2026-02-19T12:40:00.000+01:00,MT BULLISH | CCI: 0.1 | ATR: 7.46 | Preis: 24801.8 | MT-Linie: 24803.68
2026-02-19T12:43:00.000+01:00,MT BEARISH | CCI: -0.4 | ATR: 7.27 | Preis: 24803.3 | MT-Linie: 24803.68
2026-02-19T12:45:00.000+01:00,MT BULLISH | CCI: 42.5 | ATR: 7.3 | Preis: 24806.3 | MT-Linie: 24803.68
2026-02-19T12:46:00.000+01:00,MT BEARISH | CCI: -78.7 | ATR: 8.25 | Preis: 24797.7 | MT-Linie: 24803.68
2026-02-19T12:54:00.000+01:00,MT BULLISH | CCI: 0.3 | ATR: 10.4 | Preis: 24802.6 | MT-Linie: 24794.83
2026-02-19T12:55:00.000+01:00,MT BEARISH | CCI: -19.9 | ATR: 9.96 | Preis: 24801 | MT-Linie: 24794.83
2026-02-19T12:58:00.000+01:00,MT BULLISH | CCI: 21.8 | ATR: 9.64 | Preis: 24804.1 | MT-Linie: 24794.83
2026-02-19T13:00:00.000+01:00,MT BEARISH | CCI: -88.4 | ATR: 10.89 | Preis: 24794.3 | MT-Linie: 24794.83
2026-02-19T13:10:00.000+01:00,MT BULLISH | CCI: 22 | ATR: 12.85 | Preis: 24796.7 | MT-Linie: 24784.81
2026-02-19T13:11:00.000+01:00,MT BEARISH | CCI: -12.6 | ATR: 12.61 | Preis: 24791.3 | MT-Linie: 24784.81
2026-02-19T13:12:00.000+01:00,MT BULLISH | CCI: 19.3 | ATR: 12.27 | Preis: 24796 | MT-Linie: 24784.81
2026-02-19T13:13:00.000+01:00,MT BEARISH | CCI: -5.8 | ATR: 11.56 | Preis: 24792 | MT-Linie: 24784.81
2026-02-19T13:18:00.000+01:00,MT BULLISH | CCI: 39.5 | ATR: 10.48 | Preis: 24796.3 | MT-Linie: 24784.81
2026-02-19T13:53:00.000+01:00,MT BEARISH | CCI: -5.5 | ATR: 7.95 | Preis: 24811.3 | MT-Linie: 24812.85
2026-02-19T14:34:00.000+01:00,MT BULLISH | CCI: 7.4 | ATR: 14.13 | Preis: 24775.2 | MT-Linie: 24766.55
2026-02-19T14:45:00.000+01:00,MT BEARISH | CCI: -2.5 | ATR: 13.2 | Preis: 24773.9 | MT-Linie: 24784.34
2026-02-19T14:46:00.000+01:00,MT BULLISH | CCI: 36.1 | ATR: 12.7 | Preis: 24782.2 | MT-Linie: 24784.34
2026-02-19T15:02:00.000+01:00,MT BEARISH | CCI: -44.9 | ATR: 12.25 | Preis: 24777.3 | MT-Linie: 24788.07
2026-02-19T15:18:00.000+01:00,MT BULLISH | CCI: 4.4 | ATR: 8.47 | Preis: 24784.3 | MT-Linie: 24776.84
2026-02-19T15:26:00.000+01:00,MT BEARISH | CCI: -34 | ATR: 9.22 | Preis: 24780 | MT-Linie: 24790.71
2026-02-19T15:30:00.000+01:00,=== SITZUNG GESTARTET === US100 | Fenster: 15:30-17:55 | Modus: Mean Reversion | Max: 5
2026-02-19T15:30:00.000+01:00,MT BULLISH | CCI: 44.2 | ATR: 16.09 | Preis: 24788.8 | MT-Linie: 24780.64
2026-02-19T15:30:00.000+01:00,>>> LONG ENTRY #1 | Mean Rev. @ 24788.8 | SL: 24753.4 (35.4 Pkt) | TP: 24860.8 (72 Pkt)
2026-02-19T15:30:00.000+01:00,    MT: BULL | CCI: 44.2 | BB: [24764.58 / 24786.05 / 24807.52] | ATR: 16.09
2026-02-19T15:32:00.000+01:00,MT BEARISH | CCI: -27.2 | ATR: 22.26 | Preis: 24777.3 | MT-Linie: 24780.64
2026-02-19T15:32:00.000+01:00,SHORT SIGNAL GEFILTERT | Preis: 24777.3 | Grund: Short deaktiviert | BB: [24763.69 / 24782.69 / 24801.69]
2026-02-19T15:33:00.000+01:00,MT BULLISH | CCI: 10.8 | ATR: 23.88 | Preis: 24783 | MT-Linie: 24780.64
2026-02-19T15:34:00.000+01:00,MT BEARISH | CCI: -85.8 | ATR: 23.87 | Preis: 24767.6 | MT-Linie: 24780.64
2026-02-19T15:35:00.000+01:00,<<< POSITION GESCHLOSSEN | Vorher: 0.39 | Preis: 24738.1 | Netto PnL: -326.72 | Equity: 9673.28
2026-02-19T15:37:00.000+01:00,>>> LONG ENTRY #2 | Mean Rev. @ 24742.2 | SL: 24677.41 (64.8 Pkt) | TP: 24814.2 (72 Pkt)
2026-02-19T15:37:00.000+01:00,    MT: BEAR | CCI: -175.4 | BB: [24733.7 / 24764.97 / 24796.24] | ATR: 29.45
2026-02-19T15:42:00.000+01:00,>>> LONG ENTRY #3 | Mean Rev. @ 24752.4 | SL: 24679.48 (72.9 Pkt) | TP: 24824.4 (72 Pkt)
2026-02-19T15:42:00.000+01:00,    MT: BEAR | CCI: -70.5 | BB: [24715.99 / 24744.28 / 24772.57] | ATR: 33.14
2026-02-19T15:43:00.000+01:00,SHORT SIGNAL GEFILTERT | Preis: 24748.6 | Grund: Short deaktiviert | BB: [24719.85 / 24740.84 / 24761.83]
2026-02-19T15:44:00.000+01:00,MT BULLISH | CCI: 24.5 | ATR: 34.03 | Preis: 24778.3 | MT-Linie: 24768.52
2026-02-19T15:45:00.000+01:00,MT BEARISH | CCI: -191.8 | ATR: 39.62 | Preis: 24709.9 | MT-Linie: 24768.52
2026-02-19T15:45:00.000+01:00,SHORT SIGNAL GEFILTERT | Preis: 24709.9 | Grund: Short deaktiviert | BB: [24710.77 / 24739.09 / 24767.41]
2026-02-19T15:46:00.000+01:00,>>> LONG ENTRY #4 | Mean Rev. @ 24753.9 | SL: 24665.2 (88.7 Pkt) | TP: 24825.9 (72 Pkt)
2026-02-19T15:46:00.000+01:00,    MT: BEAR | CCI: -48.7 | BB: [24713.29 / 24741.7 / 24770.11] | ATR: 40.32
2026-02-19T15:48:00.000+01:00,MT BULLISH | CCI: 8.2 | ATR: 39.44 | Preis: 24771.1 | MT-Linie: 24768.52
2026-02-19T15:49:00.000+01:00,MT BEARISH | CCI: -33.6 | ATR: 38.45 | Preis: 24756.9 | MT-Linie: 24768.52
2026-02-19T15:50:00.000+01:00,MT BULLISH | CCI: 40 | ATR: 37.6 | Preis: 24780.6 | MT-Linie: 24768.52
2026-02-19T15:51:00.000+01:00,SHORT SIGNAL GEFILTERT | Preis: 24771.4 | Grund: Short deaktiviert | BB: [24728.02 / 24757.24 / 24786.46]
2026-02-19T15:53:00.000+01:00,<<< TEIL-EXIT | Pos: 1.17 -> 0.78 | Preis: 24818.2 | PnL offen: 51.17
2026-02-19T15:54:00.000+01:00,SHORT SIGNAL GEFILTERT | Preis: 24793.2 | Grund: Short deaktiviert | BB: [24726.96 / 24770.72 / 24814.48]
2026-02-19T15:55:00.000+01:00,<<< POSITION GESCHLOSSEN | Vorher: 0.78 | Preis: 24839.8 | Netto PnL: -254.59 | Equity: 9745.41
2026-02-19T15:57:00.000+01:00,SHORT SIGNAL GEFILTERT | Preis: 24840 | Grund: Short deaktiviert | BB: [24756.16 / 24801.54 / 24846.92]
2026-02-19T16:04:00.000+01:00,SHORT SIGNAL GEFILTERT | Preis: 24855.8 | Grund: Short deaktiviert | BB: [24807 / 24836.52 / 24866.04]
2026-02-19T16:10:00.000+01:00,BB SQUEEZE START | Breite: 0.162 (Avg: 0.223) | BB: [24822.79 / 24842.94 / 24863.09]
2026-02-19T16:13:00.000+01:00,>>> LONG ENTRY #5 | Mean Rev. @ 24821.5 | SL: 24763.03 (58.5 Pkt) | TP: 24893.5 (72 Pkt)
2026-02-19T16:13:00.000+01:00,    MT: BULL | CCI: 35.8 | BB: [24818.27 / 24835.41 / 24852.55] | ATR: 26.58
2026-02-19T16:15:00.000+01:00,LONG SIGNAL BLOCKIERT | Preis: 24849.3 | Grund: Max Trades erreicht (5/5)
2026-02-19T16:18:00.000+01:00,SHORT SIGNAL GEFILTERT | Preis: 24823.9 | Grund: Short deaktiviert | BB: [24810.64 / 24834 / 24857.36]
2026-02-19T16:21:00.000+01:00,MT BEARISH | CCI: -75.9 | ATR: 31.34 | Preis: 24795.9 | MT-Linie: 24825.41
2026-02-19T16:21:00.000+01:00,BB SQUEEZE ENDE | Breite: 0.242 (Avg: 0.232) | BB: [24802.47 / 24832.54 / 24862.61]
2026-02-19T16:22:00.000+01:00,MT BULLISH | CCI: 13.3 | ATR: 32.06 | Preis: 24829.1 | MT-Linie: 24825.41
2026-02-19T16:22:00.000+01:00,LONG SIGNAL BLOCKIERT | Preis: 24829.1 | Grund: Max Trades erreicht (5/5)
2026-02-19T16:23:00.000+01:00,MT BEARISH | CCI: -21.1 | ATR: 30.45 | Preis: 24820.2 | MT-Linie: 24825.41
2026-02-19T16:24:00.000+01:00,MT BULLISH | CCI: 83.8 | ATR: 31.23 | Preis: 24851.1 | MT-Linie: 24825.41
2026-02-19T16:24:00.000+01:00,BB SQUEEZE START | Breite: 0.231 (Avg: 0.238) | BB: [24808.53 / 24837.18 / 24865.83]
2026-02-19T16:26:00.000+01:00,MT BEARISH | CCI: -75.1 | ATR: 29.64 | Preis: 24814.9 | MT-Linie: 24825.41
2026-02-19T16:30:00.000+01:00,LONG SIGNAL BLOCKIERT | Preis: 24803 | Grund: Max Trades erreicht (5/5)
2026-02-19T16:31:00.000+01:00,MT BULLISH | CCI: 19.3 | ATR: 27.32 | Preis: 24834.9 | MT-Linie: 24825.41
2026-02-19T16:32:00.000+01:00,BB SQUEEZE ENDE | Breite: 0.239 (Avg: 0.234) | BB: [24792.86 / 24822.48 / 24852.1]
2026-02-19T16:35:00.000+01:00,SHORT SIGNAL GEFILTERT | Preis: 24860.7 | Grund: Short deaktiviert | BB: [24789.55 / 24832.21 / 24874.87]
2026-02-19T16:39:00.000+01:00,BB SQUEEZE START | Breite: 0.234 (Avg: 0.246) | BB: [24822.97 / 24852 / 24881.03]
2026-02-19T16:46:00.000+01:00,LONG SIGNAL BLOCKIERT | Preis: 24859 | Grund: Max Trades erreicht (5/5)
2026-02-19T16:49:00.000+01:00,LONG SIGNAL BLOCKIERT | Preis: 24852.6 | Grund: Max Trades erreicht (5/5)
2026-02-19T16:50:00.000+01:00,MT BEARISH | CCI: -118 | ATR: 21.57 | Preis: 24808.6 | MT-Linie: 24838.56
2026-02-19T16:51:00.000+01:00,BB SQUEEZE ENDE | Breite: 0.239 (Avg: 0.196) | BB: [24813.03 / 24842.67 / 24872.31]
2026-02-19T16:52:00.000+01:00,LONG SIGNAL BLOCKIERT | Preis: 24816.4 | Grund: Max Trades erreicht (5/5)
2026-02-19T16:56:00.000+01:00,MT BULLISH | CCI: 38 | ATR: 21.79 | Preis: 24849.6 | MT-Linie: 24834.35
2026-02-19T16:59:00.000+01:00,SHORT SIGNAL GEFILTERT | Preis: 24856.8 | Grund: Short deaktiviert | BB: [24795.17 / 24827.84 / 24860.51]
2026-02-19T17:02:00.000+01:00,MT BEARISH | CCI: -4.6 | ATR: 19.44 | Preis: 24841.2 | MT-Linie: 24834.35
2026-02-19T17:03:00.000+01:00,BB SQUEEZE START | Breite: 0.204 (Avg: 0.205) | BB: [24817.82 / 24843.16 / 24868.5]
2026-02-19T17:04:00.000+01:00,LONG SIGNAL BLOCKIERT | Preis: 24827 | Grund: Max Trades erreicht (5/5)
2026-02-19T17:06:00.000+01:00,BB SQUEEZE ENDE | Breite: 0.23 (Avg: 0.208) | BB: [24810.95 / 24839.51 / 24868.07]
2026-02-19T17:08:00.000+01:00,LONG SIGNAL BLOCKIERT | Preis: 24808.4 | Grund: Max Trades erreicht (5/5)
2026-02-19T17:10:00.000+01:00,BB SQUEEZE START | Breite: 0.209 (Avg: 0.213) | BB: [24798.86 / 24824.79 / 24850.72]
2026-02-19T17:14:00.000+01:00,MT BULLISH | CCI: 21.5 | ATR: 18.3 | Preis: 24841 | MT-Linie: 24820.6
2026-02-19T17:15:00.000+01:00,BB SQUEEZE ENDE | Breite: 0.219 (Avg: 0.206) | BB: [24797.99 / 24825.23 / 24852.47]
2026-02-19T17:17:00.000+01:00,SHORT SIGNAL GEFILTERT | Preis: 24866.7 | Grund: Short deaktiviert | BB: [24808.85 / 24838.65 / 24868.45]
2026-02-19T17:19:00.000+01:00,SHORT SIGNAL GEFILTERT | Preis: 24876.5 | Grund: Short deaktiviert | BB: [24817.8 / 24850.83 / 24883.86]
2026-02-19T17:22:00.000+01:00,BB SQUEEZE START | Breite: 0.209 (Avg: 0.211) | BB: [24842.43 / 24868.44 / 24894.45]
2026-02-19T17:27:00.000+01:00,MT BEARISH | CCI: -32.7 | ATR: 17.23 | Preis: 24834.7 | MT-Linie: 24867.23
2026-02-19T17:27:00.000+01:00,BB SQUEEZE ENDE | Breite: 0.196 (Avg: 0.192) | BB: [24848.13 / 24872.53 / 24896.93]
2026-02-19T17:30:00.000+01:00,LONG SIGNAL BLOCKIERT | Preis: 24825.7 | Grund: Max Trades erreicht (5/5)
2026-02-19T17:34:00.000+01:00,MT BULLISH | CCI: 18.4 | ATR: 19.11 | Preis: 24850.6 | MT-Linie: 24836.54
2026-02-19T17:34:00.000+01:00,BB SQUEEZE START | Breite: 0.198 (Avg: 0.214) | BB: [24811.3 / 24835.94 / 24860.58]
2026-02-19T17:35:00.000+01:00,MT BEARISH | CCI: -60.8 | ATR: 20.59 | Preis: 24823.3 | MT-Linie: 24836.54
2026-02-19T17:46:00.000+01:00,BB SQUEEZE ENDE | Breite: 0.247 (Avg: 0.211) | BB: [24775.63 / 24806.31 / 24836.99]
2026-02-19T17:47:00.000+01:00,LONG SIGNAL BLOCKIERT | Preis: 24776.9 | Grund: Max Trades erreicht (5/5)
2026-02-19T17:47:00.000+01:00,<<< POSITION GESCHLOSSEN | Vorher: 0.39 | Preis: 24776.9 | Netto PnL: -281.56 | Equity: 9718.44
2026-02-19T17:49:00.000+01:00,LONG SIGNAL BLOCKIERT | Preis: 24764.8 | Grund: Max Trades erreicht (5/5)
2026-02-19T17:52:00.000+01:00,LONG SIGNAL BLOCKIERT | Preis: 24743.9 | Grund: Max Trades erreicht (5/5)
2026-02-19T17:53:00.000+01:00,BB SQUEEZE START | Breite: 0.167 (Avg: 0.21) | BB: [24744.94 / 24765.6 / 24786.26]
2026-02-19T17:53:00.000+01:00,LONG SIGNAL BLOCKIERT | Preis: 24774.4 | Grund: Max Trades erreicht (5/5)
2026-02-19T17:54:00.000+01:00,BB SQUEEZE ENDE | Breite: 0.217 (Avg: 0.211) | BB: [24741.44 / 24768.29 / 24795.14]
2026-02-19T17:55:00.000+01:00,=== SITZUNG BEENDET === US100 | Trades: 5/5 | Offene Pos: 0 | Equity: 9718.44
2026-02-19T18:14:00.000+01:00,MT BULLISH | CCI: 15.8 | ATR: 16.28 | Preis: 24779.2 | MT-Linie: 24770.56
2026-02-19T18:15:00.000+01:00,MT BEARISH | CCI: -21.7 | ATR: 16.58 | Preis: 24770.1 | MT-Linie: 24770.56
2026-02-19T18:17:00.000+01:00,MT BULLISH | CCI: 151.7 | ATR: 18.08 | Preis: 24799.6 | MT-Linie: 24770.56
2026-02-19T18:36:00.000+01:00,MT BEARISH | CCI: -19.2 | ATR: 15.2 | Preis: 24782.5 | MT-Linie: 24803.35
2026-02-19T18:42:00.000+01:00,MT BULLISH | CCI: 24.1 | ATR: 16.01 | Preis: 24796.4 | MT-Linie: 24796.72
2026-02-19T18:43:00.000+01:00,MT BEARISH | CCI: -40.6 | ATR: 15.9 | Preis: 24783.2 | MT-Linie: 24796.72
2026-02-19T19:12:00.000+01:00,MT BULLISH | CCI: 14.7 | ATR: 15.21 | Preis: 24744.2 | MT-Linie: 24732.4
2026-02-19T19:17:00.000+01:00,MT BEARISH | CCI: -56.6 | ATR: 17.99 | Preis: 24721.4 | MT-Linie: 24741.61
2026-02-19T19:28:00.000+01:00,MT BULLISH | CCI: 24.3 | ATR: 18.4 | Preis: 24728.7 | MT-Linie: 24720.71
2026-02-19T19:29:00.000+01:00,MT BEARISH | CCI: -6.1 | ATR: 16.97 | Preis: 24722.5 | MT-Linie: 24720.71
2026-02-19T19:30:00.000+01:00,MT BULLISH | CCI: 43.6 | ATR: 16.8 | Preis: 24731.8 | MT-Linie: 24720.71
2026-02-19T19:33:00.000+01:00,MT BEARISH | CCI: -45.7 | ATR: 16.34 | Preis: 24715.3 | MT-Linie: 24720.71
2026-02-19T19:45:00.000+01:00,MT BULLISH | CCI: 71.7 | ATR: 14.35 | Preis: 24735 | MT-Linie: 24720.71
2026-02-19T20:26:00.000+01:00,MT BEARISH | CCI: -10.4 | ATR: 10.88 | Preis: 24762.8 | MT-Linie: 24764.52
2026-02-19T21:00:00.000+01:00,MT BULLISH | CCI: 35.6 | ATR: 13.37 | Preis: 24732 | MT-Linie: 24715.4
2026-02-19T21:17:00.000+01:00,MT BEARISH | CCI: -32.2 | ATR: 10.79 | Preis: 24715.5 | MT-Linie: 24729.28
2026-02-19T21:18:00.000+01:00,MT BULLISH | CCI: 12.4 | ATR: 10.96 | Preis: 24724.2 | MT-Linie: 24729.28
2026-02-19T21:23:00.000+01:00,MT BEARISH | CCI: -6.9 | ATR: 12.02 | Preis: 24725.3 | MT-Linie: 24729.28
2026-02-19T21:30:00.000+01:00,MT BULLISH | CCI: 56 | ATR: 10.85 | Preis: 24734.8 | MT-Linie: 24729.28
2026-02-19T21:41:00.000+01:00,MT BEARISH | CCI: -7.8 | ATR: 9.64 | Preis: 24729.9 | MT-Linie: 24729.28
2026-02-19T21:42:00.000+01:00,MT BULLISH | CCI: 25.8 | ATR: 9.16 | Preis: 24732.8 | MT-Linie: 24729.28
2026-02-19T22:20:00.000+01:00,MT BEARISH | CCI: -12.1 | ATR: 7.83 | Preis: 24781.7 | MT-Linie: 24786.8
2026-02-19T22:21:00.000+01:00,MT BULLISH | CCI: 27.5 | ATR: 8.25 | Preis: 24789.3 | MT-Linie: 24786.8
2026-02-19T22:24:00.000+01:00,MT BEARISH | CCI: -26.3 | ATR: 8.68 | Preis: 24783.2 | MT-Linie: 24786.8
2026-02-19T22:27:00.000+01:00,MT BULLISH | CCI: 12.1 | ATR: 7.76 | Preis: 24790.1 | MT-Linie: 24786.8
2026-02-19T22:28:00.000+01:00,MT BEARISH | CCI: -15.3 | ATR: 7.26 | Preis: 24788.1 | MT-Linie: 24786.8
2026-02-19T23:08:00.000+01:00,MT BULLISH | CCI: 17 | ATR: 3.55 | Preis: 24772.5 | MT-Linie: 24773.89
2026-02-19T23:48:00.000+01:00,MT BEARISH | CCI: -25.2 | ATR: 0.96 | Preis: 24776 | MT-Linie: 24776.96
2026-02-19T23:53:00.000+01:00,MT BULLISH | CCI: 29.9 | ATR: 1.48 | Preis: 24778.5 | MT-Linie: 24775.22
2026-02-19T23:56:00.000+01:00,MT BEARISH | CCI: -44.6 | ATR: 1.25 | Preis: 24776.5 | MT-Linie: 24776.95
2026-02-19T23:57:00.000+01:00,MT BULLISH | CCI: 17.4 | ATR: 1.34 | Preis: 24778.4 | MT-Linie: 24776.95
2026-02-19T23:58:00.000+01:00,MT BEARISH | CCI: -359.3 | ATR: 2.92 | Preis: 24766.1 | MT-Linie: 24776.95
2026-02-20T00:03:00.000+01:00,MT BULLISH | CCI: 1.7 | ATR: 7.12 | Preis: 24777.2 | MT-Linie: 24776.95
2026-02-20T00:11:00.000+01:00,MT BEARISH | CCI: -72.7 | ATR: 8.35 | Preis: 24774.1 | MT-Linie: 24776.95
2026-02-20T00:14:00.000+01:00,MT BULLISH | CCI: 97.5 | ATR: 8.33 | Preis: 24783.1 | MT-Linie: 24776.95
2026-02-20T00:53:00.000+01:00,MT BEARISH | CCI: -13 | ATR: 5.96 | Preis: 24807 | MT-Linie: 24813.24
2026-02-20T00:54:00.000+01:00,MT BULLISH | CCI: 5.3 | ATR: 5.68 | Preis: 24809.8 | MT-Linie: 24813.24
2026-02-20T01:00:00.000+01:00,MT BEARISH | CCI: -121.1 | ATR: 7.38 | Preis: 24801.7 | MT-Linie: 24813.24
2026-02-20T01:02:00.000+01:00,MT BULLISH | CCI: 141.9 | ATR: 9.76 | Preis: 24824.3 | MT-Linie: 24813.24
2026-02-20T01:09:00.000+01:00,MT BEARISH | CCI: -17.7 | ATR: 7.98 | Preis: 24815 | MT-Linie: 24813.24
2026-02-20T01:10:00.000+01:00,MT BULLISH | CCI: 101.8 | ATR: 8.34 | Preis: 24821.9 | MT-Linie: 24813.24
2026-02-20T01:18:00.000+01:00,MT BEARISH | CCI: -50.3 | ATR: 7.86 | Preis: 24814 | MT-Linie: 24820.21
2026-02-20T01:25:00.000+01:00,MT BULLISH | CCI: 38.6 | ATR: 10.01 | Preis: 24820.1 | MT-Linie: 24817.18
2026-02-20T02:26:00.000+01:00,MT BEARISH | CCI: -5 | ATR: 7 | Preis: 24850.3 | MT-Linie: 24857.22
2026-02-20T02:27:00.000+01:00,MT BULLISH | CCI: 29.8 | ATR: 6.93 | Preis: 24854.8 | MT-Linie: 24857.22
2026-02-20T02:36:00.000+01:00,MT BEARISH | CCI: -12.1 | ATR: 6.6 | Preis: 24854.7 | MT-Linie: 24857.22
2026-02-20T02:55:00.000+01:00,MT BULLISH | CCI: 4.7 | ATR: 6.37 | Preis: 24850.2 | MT-Linie: 24842.71
2026-02-20T02:58:00.000+01:00,MT BEARISH | CCI: -30.5 | ATR: 7.3 | Preis: 24845.2 | MT-Linie: 24844.54
2026-02-20T03:01:00.000+01:00,MT BULLISH | CCI: 27 | ATR: 6.98 | Preis: 24851.1 | MT-Linie: 24844.54
2026-02-20T03:10:00.000+01:00,MT BEARISH | CCI: -16.6 | ATR: 7.51 | Preis: 24846.8 | MT-Linie: 24857.93
2026-02-20T03:38:00.000+01:00,MT BULLISH | CCI: 30.2 | ATR: 6.24 | Preis: 24843.1 | MT-Linie: 24834.61
2026-02-20T03:43:00.000+01:00,MT BEARISH | CCI: -28.7 | ATR: 5.89 | Preis: 24832.6 | MT-Linie: 24834.61
2026-02-20T03:50:00.000+01:00,MT BULLISH | CCI: 54.2 | ATR: 6.34 | Preis: 24835.9 | MT-Linie: 24828.04
2026-02-20T04:07:00.000+01:00,MT BEARISH | CCI: -27.1 | ATR: 4.99 | Preis: 24834 | MT-Linie: 24837.17
2026-02-20T04:09:00.000+01:00,MT BULLISH | CCI: 16.7 | ATR: 4.72 | Preis: 24836.7 | MT-Linie: 24837.17
2026-02-20T04:29:00.000+01:00,MT BEARISH | CCI: -8.6 | ATR: 3.39 | Preis: 24841.1 | MT-Linie: 24844.13
2026-02-20T04:32:00.000+01:00,MT BULLISH | CCI: 27.3 | ATR: 3.69 | Preis: 24843.1 | MT-Linie: 24844.13
2026-02-20T04:33:00.000+01:00,MT BEARISH | CCI: -26.3 | ATR: 3.84 | Preis: 24841 | MT-Linie: 24844.13
2026-02-20T05:06:00.000+01:00,MT BULLISH | CCI: 97.1 | ATR: 5.43 | Preis: 24840.5 | MT-Linie: 24835.44
2026-02-20T05:19:00.000+01:00,MT BEARISH | CCI: -21.5 | ATR: 5.35 | Preis: 24836 | MT-Linie: 24843.44
2026-02-20T05:26:00.000+01:00,MT BULLISH | CCI: 25.2 | ATR: 4.27 | Preis: 24840.3 | MT-Linie: 24841.75
2026-02-20T05:30:00.000+01:00,MT BEARISH | CCI: -20.8 | ATR: 3.75 | Preis: 24836.8 | MT-Linie: 24841.75
2026-02-20T05:31:00.000+01:00,MT BULLISH | CCI: 13.1 | ATR: 3.83 | Preis: 24840 | MT-Linie: 24841.75
2026-02-20T05:34:00.000+01:00,MT BEARISH | CCI: -24.6 | ATR: 3.43 | Preis: 24837.9 | MT-Linie: 24841.75
2026-02-20T05:41:00.000+01:00,MT BULLISH | CCI: 2.8 | ATR: 3.51 | Preis: 24840.7 | MT-Linie: 24839.76
2026-02-20T05:42:00.000+01:00,MT BEARISH | CCI: -16.7 | ATR: 3.45 | Preis: 24839.4 | MT-Linie: 24839.76
2026-02-20T05:43:00.000+01:00,MT BULLISH | CCI: 15.6 | ATR: 3.96 | Preis: 24841.2 | MT-Linie: 24839.76
2026-02-20T05:46:00.000+01:00,MT BEARISH | CCI: -23.1 | ATR: 3.83 | Preis: 24838.6 | MT-Linie: 24839.76
2026-02-20T05:47:00.000+01:00,MT BULLISH | CCI: 55.8 | ATR: 4.21 | Preis: 24842.5 | MT-Linie: 24839.76
2026-02-20T05:49:00.000+01:00,MT BEARISH | CCI: -5.5 | ATR: 4.25 | Preis: 24838.9 | MT-Linie: 24839.76
2026-02-20T05:52:00.000+01:00,MT BULLISH | CCI: 9.5 | ATR: 3.85 | Preis: 24838.8 | MT-Linie: 24839.76
2026-02-20T05:54:00.000+01:00,MT BEARISH | CCI: -45.9 | ATR: 3.47 | Preis: 24836.8 | MT-Linie: 24839.76
2026-02-20T05:55:00.000+01:00,MT BULLISH | CCI: 9.9 | ATR: 3.5 | Preis: 24838.9 | MT-Linie: 24839.76
2026-02-20T05:57:00.000+01:00,MT BEARISH | CCI: -63.8 | ATR: 3.44 | Preis: 24836.8 | MT-Linie: 24839.76
2026-02-20T05:58:00.000+01:00,MT BULLISH | CCI: 24.8 | ATR: 3.4 | Preis: 24839.6 | MT-Linie: 24839.76
2026-02-20T07:23:00.000+01:00,MT BEARISH | CCI: -30.5 | ATR: 3.46 | Preis: 24882.9 | MT-Linie: 24885.97
2026-02-20T07:24:00.000+01:00,MT BULLISH | CCI: 35.8 | ATR: 3.52 | Preis: 24886.1 | MT-Linie: 24885.97
2026-02-20T07:26:00.000+01:00,MT BEARISH | CCI: -31.4 | ATR: 3.55 | Preis: 24883.6 | MT-Linie: 24885.97
2026-02-20T07:27:00.000+01:00,MT BULLISH | CCI: 24.6 | ATR: 3.42 | Preis: 24886 | MT-Linie: 24885.97
2026-02-20T07:29:00.000+01:00,MT BEARISH | CCI: -55.8 | ATR: 3.22 | Preis: 24883.2 | MT-Linie: 24885.97
2026-02-20T07:54:00.000+01:00,MT BULLISH | CCI: 19.9 | ATR: 4.43 | Preis: 24880 | MT-Linie: 24877.81
2026-02-20T08:26:00.000+01:00,MT BEARISH | CCI: -21.9 | ATR: 5.31 | Preis: 24882.3 | MT-Linie: 24881.93
2026-02-20T08:34:00.000+01:00,MT BULLISH | CCI: 2.1 | ATR: 5.94 | Preis: 24883.7 | MT-Linie: 24881.93
2026-02-20T08:35:00.000+01:00,MT BEARISH | CCI: -71.8 | ATR: 5.79 | Preis: 24880.2 | MT-Linie: 24881.93
2026-02-20T09:25:00.000+01:00,MT BULLISH | CCI: 0.3 | ATR: 8.24 | Preis: 24855.8 | MT-Linie: 24856.67
2026-02-20T09:33:00.000+01:00,MT BEARISH | CCI: -75.2 | ATR: 8.67 | Preis: 24849.6 | MT-Linie: 24856.67
2026-02-20T09:37:00.000+01:00,MT BULLISH | CCI: 25.9 | ATR: 9.3 | Preis: 24856.9 | MT-Linie: 24856.43
2026-02-20T10:35:00.000+01:00,MT BEARISH | CCI: -8 | ATR: 7.63 | Preis: 24902.9 | MT-Linie: 24910.87
2026-02-20T11:15:00.000+01:00,MT BULLISH | CCI: 29.8 | ATR: 5.86 | Preis: 24883.7 | MT-Linie: 24877.28
2026-02-20T11:17:00.000+01:00,MT BEARISH | CCI: -16.5 | ATR: 6.06 | Preis: 24878.8 | MT-Linie: 24877.28
2026-02-20T11:18:00.000+01:00,MT BULLISH | CCI: 38.4 | ATR: 5.8 | Preis: 24882.8 | MT-Linie: 24877.28
2026-02-20T11:20:00.000+01:00,MT BEARISH | CCI: -33.2 | ATR: 5.66 | Preis: 24876.6 | MT-Linie: 24877.28
2026-02-20T11:38:00.000+01:00,MT BULLISH | CCI: 2.8 | ATR: 5.51 | Preis: 24871.7 | MT-Linie: 24869.83
2026-02-20T11:39:00.000+01:00,MT BEARISH | CCI: -20.3 | ATR: 5.87 | Preis: 24869.5 | MT-Linie: 24869.83
2026-02-20T11:48:00.000+01:00,MT BULLISH | CCI: 28.7 | ATR: 6.43 | Preis: 24870.8 | MT-Linie: 24869.83
2026-02-20T11:53:00.000+01:00,MT BEARISH | CCI: -1.8 | ATR: 6.66 | Preis: 24866.7 | MT-Linie: 24869.83
2026-02-20T12:25:00.000+01:00,MT BULLISH | CCI: 7.7 | ATR: 9.96 | Preis: 24824.6 | MT-Linie: 24817.96
2026-02-20T12:26:00.000+01:00,MT BEARISH | CCI: -7.1 | ATR: 9.66 | Preis: 24819 | MT-Linie: 24817.96
2026-02-20T12:28:00.000+01:00,MT BULLISH | CCI: 15.1 | ATR: 8.69 | Preis: 24821.2 | MT-Linie: 24817.96
2026-02-20T12:30:00.000+01:00,MT BEARISH | CCI: -5.5 | ATR: 8.24 | Preis: 24814.5 | MT-Linie: 24817.96
2026-02-20T12:31:00.000+01:00,MT BULLISH | CCI: 30.5 | ATR: 8.22 | Preis: 24818.7 | MT-Linie: 24817.96
2026-02-20T12:37:00.000+01:00,MT BEARISH | CCI: -28.9 | ATR: 8.21 | Preis: 24808.8 | MT-Linie: 24817.96
2026-02-20T13:14:00.000+01:00,MT BULLISH | CCI: 10.5 | ATR: 7.77 | Preis: 24779.6 | MT-Linie: 24775.7
2026-02-20T13:18:00.000+01:00,MT BEARISH | CCI: -6 | ATR: 8.41 | Preis: 24774.4 | MT-Linie: 24775.7
2026-02-20T13:51:00.000+01:00,MT BULLISH | CCI: 17.6 | ATR: 8.18 | Preis: 24750.8 | MT-Linie: 24746.43
2026-02-20T14:30:00.000+01:00,MT BEARISH | CCI: -105.7 | ATR: 15.52 | Preis: 24757.7 | MT-Linie: 24779.63
2026-02-20T14:59:00.000+01:00,MT BULLISH | CCI: 1.4 | ATR: 12.98 | Preis: 24708.5 | MT-Linie: 24693.11
2026-02-20T15:00:00.000+01:00,MT BEARISH | CCI: -5.5 | ATR: 12.07 | Preis: 24704 | MT-Linie: 24693.11
2026-02-20T15:01:00.000+01:00,MT BULLISH | CCI: 13 | ATR: 12.16 | Preis: 24708.7 | MT-Linie: 24693.11
2026-02-20T15:10:00.000+01:00,MT BEARISH | CCI: -27.9 | ATR: 10.62 | Preis: 24688.6 | MT-Linie: 24697.15
2026-02-20T15:30:00.000+01:00,=== SITZUNG GESTARTET === US100 | Fenster: 15:30-17:55 | Modus: Mean Reversion | Max: 5
2026-02-20T15:30:00.000+01:00,>>> LONG ENTRY #1 | Mean Rev. @ 24667.9 | SL: 24624.18 (43.7 Pkt) | TP: 24739.9 (72 Pkt)
2026-02-20T15:30:00.000+01:00,    MT: BEAR | CCI: -36.6 | BB: [24648.28 / 24658.54 / 24668.8] | ATR: 19.87
2026-02-20T15:32:00.000+01:00,MT BULLISH | CCI: 124.3 | ATR: 25.31 | Preis: 24719.7 | MT-Linie: 24663.31
2026-02-20T15:32:00.000+01:00,BB SQUEEZE ENDE | Breite: 0.233 (Avg: 0.124) | BB: [24638.96 / 24667.64 / 24696.32]
2026-02-20T15:33:00.000+01:00,<<< POSITION GESCHLOSSEN | Vorher: 0.39 | Preis: 24746.3 | Netto PnL: -257.06 | Equity: 9742.94
2026-02-20T15:37:00.000+01:00,SHORT SIGNAL GEFILTERT | Preis: 24798.6 | Grund: Short deaktiviert | BB: [24639.58 / 24726.05 / 24812.52]
2026-02-20T15:43:00.000+01:00,SHORT SIGNAL GEFILTERT | Preis: 24847.4 | Grund: Short deaktiviert | BB: [24757.11 / 24806.64 / 24856.17]
2026-02-20T15:47:00.000+01:00,SHORT SIGNAL GEFILTERT | Preis: 24854.1 | Grund: Short deaktiviert | BB: [24789.2 / 24840.54 / 24891.88]
2026-02-20T15:53:00.000+01:00,>>> LONG ENTRY #2 | Mean Rev. @ 24819.3 | SL: 24749.98 (69.3 Pkt) | TP: 24891.3 (72 Pkt)
2026-02-20T15:53:00.000+01:00,    MT: BULL | CCI: 53.7 | BB: [24798.48 / 24841.15 / 24883.82] | ATR: 31.51
2026-02-20T15:56:00.000+01:00,BB SQUEEZE START | Breite: 0.21 (Avg: 0.267) | BB: [24796.94 / 24823.02 / 24849.1]
2026-02-20T15:57:00.000+01:00,>>> LONG ENTRY #3 | Mean Rev. @ 24814.6 | SL: 24754.24 (60.4 Pkt) | TP: 24886.6 (72 Pkt)
2026-02-20T15:57:00.000+01:00,    MT: BULL | CCI: 39.3 | BB: [24798.01 / 24819.07 / 24840.13] | ATR: 27.44
2026-02-20T16:01:00.000+01:00,BB SQUEEZE ENDE | Breite: 0.686 (Avg: 0.286) | BB: [24756.23 / 24841.44 / 24926.65]
2026-02-20T16:01:00.000+01:00,<<< POSITION GESCHLOSSEN | Vorher: 0.78 | Preis: 25003.5 | Netto PnL: -208.43 | Equity: 9791.57
2026-02-20T16:02:00.000+01:00,SHORT SIGNAL GEFILTERT | Preis: 24940.8 | Grund: Short deaktiviert | BB: [24762.17 / 24855.37 / 24948.57]
2026-02-20T16:06:00.000+01:00,MT BEARISH | CCI: -36.4 | ATR: 62.88 | Preis: 24810.9 | MT-Linie: 24861.05
2026-02-20T16:07:00.000+01:00,MT BULLISH | CCI: 12.9 | ATR: 61.2 | Preis: 24843.6 | MT-Linie: 24861.05
2026-02-20T16:15:00.000+01:00,MT BEARISH | CCI: -5.6 | ATR: 48.02 | Preis: 24861.6 | MT-Linie: 24861.05
2026-02-20T16:17:00.000+01:00,MT BULLISH | CCI: 62.5 | ATR: 57.17 | Preis: 24905.6 | MT-Linie: 24861.05
2026-02-20T16:17:00.000+01:00,>>> LONG ENTRY #4 | Mean Rev. @ 24905.6 | SL: 24779.83 (125.8 Pkt) | TP: 24977.6 (72 Pkt)
2026-02-20T16:17:00.000+01:00,    MT: BULL | CCI: 62.5 | BB: [24834.85 / 24899.69 / 24964.53] | ATR: 57.17
2026-02-20T16:20:00.000+01:00,BB SQUEEZE START | Breite: 0.46 (Avg: 0.472) | BB: [24836.73 / 24894.01 / 24951.29]
2026-02-20T16:21:00.000+01:00,BB SQUEEZE ENDE | Breite: 0.505 (Avg: 0.48) | BB: [24834.41 / 24897.23 / 24960.05]
2026-02-20T16:26:00.000+01:00,BB SQUEEZE START | Breite: 0.306 (Avg: 0.487) | BB: [24902.27 / 24940.37 / 24978.47]
2026-02-20T16:26:00.000+01:00,<<< POSITION GESCHLOSSEN | Vorher: 0.39 | Preis: 24974.1 | Netto PnL: -184.11 | Equity: 9815.89
2026-02-20T16:31:00.000+01:00,>>> LONG ENTRY #5 | Mean Rev. @ 24926.6 | SL: 24837.34 (89.3 Pkt) | TP: 24998.6 (72 Pkt)
2026-02-20T16:31:00.000+01:00,    MT: BULL | CCI: 33.6 | BB: [24907.05 / 24940.7 / 24974.35] | ATR: 40.57
2026-02-20T16:32:00.000+01:00,MT BEARISH | CCI: -54.1 | ATR: 42.71 | Preis: 24876.7 | MT-Linie: 24897.67
2026-02-20T16:34:00.000+01:00,LONG SIGNAL BLOCKIERT | Preis: 24879.3 | Grund: Max Trades erreicht (5/5)
2026-02-20T16:36:00.000+01:00,MT BULLISH | CCI: 29.7 | ATR: 42.74 | Preis: 24923.1 | MT-Linie: 24897.67
2026-02-20T16:40:00.000+01:00,MT BEARISH | CCI: -15.5 | ATR: 38.33 | Preis: 24903.6 | MT-Linie: 24897.67
2026-02-20T16:40:00.000+01:00,SHORT SIGNAL GEFILTERT | Preis: 24903.6 | Grund: Short deaktiviert | BB: [24863.41 / 24905 / 24946.59]
2026-02-20T16:41:00.000+01:00,MT BULLISH | CCI: 93.5 | ATR: 42.37 | Preis: 24957.4 | MT-Linie: 24897.67
2026-02-20T16:44:00.000+01:00,<<< POSITION GESCHLOSSEN | Vorher: 0.39 | Preis: 25003.1 | Netto PnL: -159.99 | Equity: 9840.01
2026-02-20T16:45:00.000+01:00,SHORT SIGNAL GEFILTERT | Preis: 24997.9 | Grund: Short deaktiviert | BB: [24905.22 / 24953.42 / 25001.62]
2026-02-20T16:49:00.000+01:00,SHORT SIGNAL GEFILTERT | Preis: 25016.5 | Grund: Short deaktiviert | BB: [24931.66 / 24983.57 / 25035.48]
2026-02-20T16:55:00.000+01:00,SHORT SIGNAL GEFILTERT | Preis: 25051.6 | Grund: Short deaktiviert | BB: [24990.77 / 25026.38 / 25061.99]
2026-02-20T16:56:00.000+01:00,SHORT SIGNAL GEFILTERT | Preis: 25049.4 | Grund: Short deaktiviert | BB: [25007.96 / 25033.82 / 25059.68]
2026-02-20T17:00:00.000+01:00,SHORT SIGNAL GEFILTERT | Preis: 25044 | Grund: Short deaktiviert | BB: [25033.79 / 25047.36 / 25060.93]
2026-02-20T17:03:00.000+01:00,SHORT SIGNAL GEFILTERT | Preis: 25060.4 | Grund: Short deaktiviert | BB: [25042.29 / 25054.47 / 25066.65]
2026-02-20T17:11:00.000+01:00,LONG SIGNAL BLOCKIERT | Preis: 25045.1 | Grund: Max Trades erreicht (5/5)
2026-02-20T17:14:00.000+01:00,MT BEARISH | CCI: -29.8 | ATR: 22.05 | Preis: 25016.6 | MT-Linie: 25038.32
2026-02-20T17:15:00.000+01:00,BB SQUEEZE ENDE | Breite: 0.265 (Avg: 0.253) | BB: [25005.66 / 25038.85 / 25072.04]
2026-02-20T17:18:00.000+01:00,LONG SIGNAL BLOCKIERT | Preis: 24974.8 | Grund: Max Trades erreicht (5/5)
2026-02-20T17:23:00.000+01:00,BB SQUEEZE START | Breite: 0.237 (Avg: 0.26) | BB: [24943.63 / 24973.28 / 25002.93]
2026-02-20T17:23:00.000+01:00,LONG SIGNAL BLOCKIERT | Preis: 24964.9 | Grund: Max Trades erreicht (5/5)
2026-02-20T17:26:00.000+01:00,LONG SIGNAL BLOCKIERT | Preis: 24946.1 | Grund: Max Trades erreicht (5/5)
2026-02-20T17:28:00.000+01:00,LONG SIGNAL BLOCKIERT | Preis: 24955.7 | Grund: Max Trades erreicht (5/5)
2026-02-20T17:30:00.000+01:00,LONG SIGNAL BLOCKIERT | Preis: 24926.6 | Grund: Max Trades erreicht (5/5)
2026-02-20T17:34:00.000+01:00,BB SQUEEZE ENDE | Breite: 0.258 (Avg: 0.222) | BB: [24914.29 / 24946.49 / 24978.69]
2026-02-20T17:35:00.000+01:00,SHORT SIGNAL GEFILTERT | Preis: 24972.7 | Grund: Short deaktiviert | BB: [24917.13 / 24950.49 / 24983.85]
2026-02-20T17:38:00.000+01:00,MT BULLISH | CCI: 16.3 | ATR: 24.6 | Preis: 24996.9 | MT-Linie: 24957.98
2026-02-20T17:44:00.000+01:00,SHORT SIGNAL GEFILTERT | Preis: 25032.7 | Grund: Short deaktiviert | BB: [24974.09 / 25007.85 / 25041.61]
2026-02-20T17:47:00.000+01:00,BB SQUEEZE START | Breite: 0.212 (Avg: 0.212) | BB: [25003.11 / 25029.64 / 25056.17]
2026-02-20T17:54:00.000+01:00,SHORT SIGNAL GEFILTERT | Preis: 25060.1 | Grund: Short deaktiviert | BB: [25045.37 / 25055.52 / 25065.67]
2026-02-20T17:55:00.000+01:00,=== SITZUNG BEENDET === US100 | Trades: 5/5 | Offene Pos: 0 | Equity: 9840.01
2026-02-20T18:03:00.000+01:00,MT BEARISH | CCI: -18 | ATR: 15.82 | Preis: 25010.9 | MT-Linie: 25040.22
2026-02-20T18:39:00.000+01:00,MT BULLISH | CCI: 8.6 | ATR: 27 | Preis: 24900.5 | MT-Linie: 24864.11
2026-02-20T19:13:00.000+01:00,MT BEARISH | CCI: -27.4 | ATR: 18.94 | Preis: 24933.8 | MT-Linie: 24943.65
2026-02-20T19:31:00.000+01:00,MT BULLISH | CCI: 55.6 | ATR: 32.38 | Preis: 24956.8 | MT-Linie: 24926.65
2026-02-20T19:35:00.000+01:00,MT BEARISH | CCI: -37.5 | ATR: 39.11 | Preis: 24922.7 | MT-Linie: 24926.65
2026-02-20T19:36:00.000+01:00,MT BULLISH | CCI: 132 | ATR: 43.89 | Preis: 24980.8 | MT-Linie: 24926.65
2026-02-20T20:09:00.000+01:00,MT BEARISH | CCI: -4.8 | ATR: 14.97 | Preis: 25018.5 | MT-Linie: 25029.39
2026-02-20T21:04:00.000+01:00,MT BULLISH | CCI: 0.4 | ATR: 11.88 | Preis: 24984.3 | MT-Linie: 24977.17
2026-02-20T21:18:00.000+01:00,MT BEARISH | CCI: -21.6 | ATR: 10.12 | Preis: 24982.9 | MT-Linie: 24990.22
2026-02-20T21:39:00.000+01:00,MT BULLISH | CCI: 1.4 | ATR: 10.19 | Preis: 24982.6 | MT-Linie: 24972.46
2026-02-20T22:22:00.000+01:00,MT BEARISH | CCI: -8.5 | ATR: 5.33 | Preis: 25005.8 | MT-Linie: 25010.61
2026-02-20T22:23:00.000+01:00,MT BULLISH | CCI: 16.6 | ATR: 5.22 | Preis: 25009.7 | MT-Linie: 25010.61
2026-02-20T22:24:00.000+01:00,MT BEARISH | CCI: -6.2 | ATR: 4.83 | Preis: 25007.3 | MT-Linie: 25010.61
2026-02-20T22:38:00.000+01:00,MT BULLISH | CCI: 32 | ATR: 3.05 | Preis: 25013.9 | MT-Linie: 25010.61
2026-02-20T22:56:00.000+01:00,MT BEARISH | CCI: -6.2 | ATR: 3.88 | Preis: 25011.2 | MT-Linie: 25011.5
2026-02-20T22:57:00.000+01:00,MT BULLISH | CCI: 37 | ATR: 3.66 | Preis: 25012.9 | MT-Linie: 25011.5
2026-02-23T00:00:00.000+01:00,MT BEARISH | CCI: -586 | ATR: 10.56 | Preis: 24983.2 | MT-Linie: 25007.26
2026-02-23T00:57:00.000+01:00,MT BULLISH | CCI: 32.4 | ATR: 11.65 | Preis: 24915.3 | MT-Linie: 24899.49
2026-02-23T01:01:00.000+01:00,MT BEARISH | CCI: -78 | ATR: 11.86 | Preis: 24894.5 | MT-Linie: 24899.49
2026-02-23T02:20:00.000+01:00,MT BULLISH | CCI: 37 | ATR: 10.11 | Preis: 24816.5 | MT-Linie: 24813.95
2026-02-23T02:24:00.000+01:00,MT BEARISH | CCI: -7.4 | ATR: 10.03 | Preis: 24809.2 | MT-Linie: 24813.95
2026-02-23T02:27:00.000+01:00,MT BULLISH | CCI: 13.6 | ATR: 10.23 | Preis: 24809.3 | MT-Linie: 24813.95
2026-02-23T02:29:00.000+01:00,MT BEARISH | CCI: -72.6 | ATR: 10.23 | Preis: 24801.3 | MT-Linie: 24813.95
2026-02-23T02:42:00.000+01:00,MT BULLISH | CCI: 42.6 | ATR: 9.07 | Preis: 24808.6 | MT-Linie: 24812.93
2026-02-23T02:46:00.000+01:00,MT BEARISH | CCI: -104.2 | ATR: 9.83 | Preis: 24797.5 | MT-Linie: 24812.93
2026-02-23T02:48:00.000+01:00,MT BULLISH | CCI: 14.8 | ATR: 10.34 | Preis: 24807 | MT-Linie: 24811.6
2026-02-23T02:49:00.000+01:00,MT BEARISH | CCI: -36.9 | ATR: 10.19 | Preis: 24803 | MT-Linie: 24811.6
2026-02-23T03:27:00.000+01:00,MT BULLISH | CCI: 12.1 | ATR: 7.72 | Preis: 24778.9 | MT-Linie: 24771.64
2026-02-23T03:29:00.000+01:00,MT BEARISH | CCI: -25.5 | ATR: 7.45 | Preis: 24772.5 | MT-Linie: 24771.64
2026-02-23T03:30:00.000+01:00,MT BULLISH | CCI: 14.9 | ATR: 7.63 | Preis: 24778.2 | MT-Linie: 24771.64
2026-02-23T03:40:00.000+01:00,MT BEARISH | CCI: -5.5 | ATR: 6.6 | Preis: 24772.6 | MT-Linie: 24771.64
2026-02-23T03:41:00.000+01:00,MT BULLISH | CCI: 64.1 | ATR: 6.87 | Preis: 24779.2 | MT-Linie: 24771.64
2026-02-23T03:55:00.000+01:00,MT BEARISH | CCI: -10.1 | ATR: 5 | Preis: 24776.5 | MT-Linie: 24772.66
2026-02-23T03:56:00.000+01:00,MT BULLISH | CCI: 36.6 | ATR: 4.76 | Preis: 24778.5 | MT-Linie: 24772.66
2026-02-23T03:58:00.000+01:00,MT BEARISH | CCI: -38.7 | ATR: 4.41 | Preis: 24776.4 | MT-Linie: 24773.34
2026-02-23T03:59:00.000+01:00,MT BULLISH | CCI: 92.1 | ATR: 4.74 | Preis: 24780.5 | MT-Linie: 24773.34
2026-02-23T04:16:00.000+01:00,MT BEARISH | CCI: -27.9 | ATR: 5.85 | Preis: 24781.9 | MT-Linie: 24791.1
2026-02-23T04:41:00.000+01:00,MT BULLISH | CCI: 1.6 | ATR: 8.17 | Preis: 24775.5 | MT-Linie: 24771.42
2026-02-23T05:04:00.000+01:00,MT BEARISH | CCI: -8.4 | ATR: 5.24 | Preis: 24772.6 | MT-Linie: 24776.85
2026-02-23T05:06:00.000+01:00,MT BULLISH | CCI: 63.6 | ATR: 5.63 | Preis: 24779.2 | MT-Linie: 24776.85
2026-02-23T05:15:00.000+01:00,MT BEARISH | CCI: -111.3 | ATR: 6.67 | Preis: 24772.4 | MT-Linie: 24783.55
2026-02-23T05:31:00.000+01:00,MT BULLISH | CCI: 7.4 | ATR: 5.27 | Preis: 24778.6 | MT-Linie: 24774.62
2026-02-23T05:32:00.000+01:00,MT BEARISH | CCI: -109.9 | ATR: 6.06 | Preis: 24768.6 | MT-Linie: 24774.62
2026-02-23T05:53:00.000+01:00,MT BULLISH | CCI: 32.2 | ATR: 4.89 | Preis: 24770.6 | MT-Linie: 24767.04
2026-02-23T05:54:00.000+01:00,MT BEARISH | CCI: -39.5 | ATR: 5.29 | Preis: 24766.2 | MT-Linie: 24767.04
2026-02-23T05:56:00.000+01:00,MT BULLISH | CCI: 67.1 | ATR: 4.99 | Preis: 24770.8 | MT-Linie: 24767.04
2026-02-23T06:09:00.000+01:00,MT BEARISH | CCI: -117.4 | ATR: 4.9 | Preis: 24762.7 | MT-Linie: 24769.15
2026-02-23T06:28:00.000+01:00,MT BULLISH | CCI: 19.7 | ATR: 4.88 | Preis: 24765.6 | MT-Linie: 24758.43
2026-02-23T07:30:00.000+01:00,MT BEARISH | CCI: -6.2 | ATR: 4.38 | Preis: 24785.6 | MT-Linie: 24785.91
2026-02-23T07:31:00.000+01:00,MT BULLISH | CCI: 14.2 | ATR: 4.14 | Preis: 24787.1 | MT-Linie: 24785.91
