Datetime,Close,High,Low,Open,Volume
2025-12-02 14:30:00+00:00,488.5799865722656,489.0586853027344,486.32000732421875,486.67999267578125,1293534
2025-12-02 14:45:00+00:00,488.9549865722656,489.1499938964844,487.2200012207031,488.67999267578125,485380
2025-12-02 15:00:00+00:00,490.260009765625,490.260009765625,488.8999938964844,488.9800109863281,496974
2025-12-02 15:15:00+00:00,490.5249938964844,491.510009765625,489.8299865722656,490.239990234375,438751
2025-12-02 15:30:00+00:00,491.57000732421875,491.7200012207031,489.69000244140625,490.54998779296875,391424
2025-12-02 15:45:00+00:00,491.739990234375,491.9599914550781,490.80999755859375,491.6000061035156,374166
2025-12-02 16:00:00+00:00,491.4100036621094,492.2799987792969,491.1400146484375,491.7200012207031,389743
2025-12-02 16:15:00+00:00,489.6000061035156,491.7349853515625,489.4512939453125,491.3999938964844,408140
2025-12-02 16:30:00+00:00,490.0799865722656,490.3800048828125,489.0400085449219,489.5799865722656,279157
2025-12-02 16:45:00+00:00,490.25,490.8099060058594,489.9800109863281,490.05999755859375,224319
2025-12-02 17:00:00+00:00,491.5299987792969,491.5299987792969,490.2099914550781,490.2449951171875,207185
2025-12-02 17:15:00+00:00,493.2099914550781,493.4999084472656,491.3999938964844,491.510009765625,300835
2025-12-02 17:30:00+00:00,492.375,493.45001220703125,492.3299865722656,493.2149963378906,259870
2025-12-02 17:45:00+00:00,490.5299987792969,492.7040100097656,490.5299987792969,492.3999938964844,274083
2025-12-02 18:00:00+00:00,490.2449951171875,491.2699890136719,490.1099853515625,490.510009765625,262911
2025-12-02 18:15:00+00:00,490.0899963378906,490.55999755859375,489.6700134277344,490.2300109863281,218540
2025-12-02 18:30:00+00:00,489.989990234375,490.3299865722656,489.7101135253906,490.07000732421875,201960
2025-12-02 18:45:00+00:00,490.1099853515625,490.3800048828125,489.739990234375,489.94500732421875,153650
2025-12-02 19:00:00+00:00,490.25,490.6799011230469,489.8800048828125,490.114990234375,191620
2025-12-02 19:15:00+00:00,489.8485107421875,490.3262939453125,489.1449890136719,490.25,249211
2025-12-02 19:30:00+00:00,489.760009765625,490.0981140136719,489.6499938964844,489.80999755859375,131973
2025-12-02 19:45:00+00:00,490.1600036621094,490.4800109863281,489.6000061035156,489.7799987792969,192518
2025-12-02 20:00:00+00:00,489.80999755859375,490.239990234375,489.69500732421875,490.17498779296875,225371
2025-12-02 20:15:00+00:00,490.2300109863281,490.3399963378906,489.5799865722656,489.80999755859375,230688
2025-12-02 20:30:00+00:00,489.95001220703125,490.4700012207031,489.6600036621094,490.2300109863281,259331
2025-12-02 20:45:00+00:00,490.05999755859375,490.82000732421875,488.5299987792969,489.94000244140625,834613
2025-12-03 14:30:00+00:00,476.4649963378906,479.95989990234375,475.4100036621094,476.2900085449219,3370631
2025-12-03 14:45:00+00:00,477.0050048828125,477.6499938964844,475.20001220703125,476.4620056152344,1462687
2025-12-03 15:00:00+00:00,476.760009765625,478.3900146484375,475.2300109863281,477.07000732421875,1245191
2025-12-03 15:15:00+00:00,478.32000732421875,478.8900146484375,476.7049865722656,476.7674865722656,928913
2025-12-03 15:30:00+00:00,482.55999755859375,484.239990234375,478.18109130859375,478.32000732421875,2839284
2025-12-03 15:45:00+00:00,481.44989013671875,482.6600036621094,480.3599853515625,482.55999755859375,771444
2025-12-03 16:00:00+00:00,479.2101135253906,481.94000244140625,479.010009765625,481.3699951171875,682412
2025-12-03 16:15:00+00:00,480.1300048828125,480.3599853515625,478.8999938964844,479.260009765625,530065
2025-12-03 16:30:00+00:00,480.2650146484375,481.3699951171875,480.027587890625,480.07000732421875,450293
2025-12-03 16:45:00+00:00,480.2200012207031,480.9100036621094,479.4700012207031,480.2699890136719,380738
2025-12-03 17:00:00+00:00,481.239990234375,481.460205078125,480.0,480.2300109863281,466652
2025-12-03 17:15:00+00:00,482.4200134277344,482.42999267578125,481.1300048828125,481.2300109863281,569710
2025-12-03 17:30:00+00:00,482.4079895019531,482.54998779296875,481.94000244140625,482.3999938964844,301000
2025-12-03 17:45:00+00:00,483.19000244140625,483.239990234375,481.9700927734375,482.4049987792969,317900
2025-12-03 18:00:00+00:00,482.6199951171875,483.82989501953125,482.32000732421875,483.18499755859375,390334
2025-12-03 18:15:00+00:00,481.70001220703125,482.6499938964844,481.45001220703125,482.6000061035156,303320
2025-12-03 18:30:00+00:00,481.1000061035156,481.9599914550781,480.6199951171875,481.7699890136719,321260
2025-12-03 18:45:00+00:00,480.6600036621094,481.44000244140625,480.239990234375,481.1199951171875,320017
2025-12-03 19:00:00+00:00,481.6600036621094,481.7998962402344,480.510009765625,480.6600036621094,271145
2025-12-03 19:15:00+00:00,481.7300109863281,481.8299865722656,481.44000244140625,481.6700134277344,228891
2025-12-03 19:30:00+00:00,482.3299865722656,482.3900146484375,481.635009765625,481.7300109863281,232371
2025-12-03 19:45:00+00:00,483.0299987792969,483.07000732421875,482.1000061035156,482.29998779296875,261930
2025-12-03 20:00:00+00:00,482.8349914550781,483.19000244140625,482.6499938964844,483.0299987792969,312094
2025-12-03 20:15:00+00:00,482.3299865722656,483.1000061035156,482.1099853515625,482.8500061035156,389041
2025-12-03 20:30:00+00:00,480.9200134277344,482.4849853515625,480.3999938964844,482.3349914550781,608933
2025-12-03 20:45:00+00:00,477.739990234375,481.20001220703125,477.55999755859375,480.9100036621094,2527016
2025-12-04 14:30:00+00:00,477.4800109863281,481.3219909667969,477.03131103515625,479.30999755859375,1536094
2025-12-04 14:45:00+00:00,477.9849853515625,478.6000061035156,476.6615905761719,477.3699951171875,789734
2025-12-04 15:00:00+00:00,478.8699951171875,479.3479919433594,477.79998779296875,478.0199890136719,644862
2025-12-04 15:15:00+00:00,478.0450134277344,478.9800109863281,476.7699890136719,478.864990234375,473801
2025-12-04 15:30:00+00:00,478.9150085449219,478.9800109863281,477.8800048828125,478.0450134277344,356460
2025-12-04 15:45:00+00:00,477.989990234375,478.9898986816406,477.70001220703125,478.92999267578125,296009
2025-12-04 16:00:00+00:00,476.9599914550781,478.1600036621094,476.489990234375,477.989990234375,337906
2025-12-04 16:15:00+00:00,478.17999267578125,478.20001220703125,476.70001220703125,476.9599914550781,304390
2025-12-04 16:30:00+00:00,477.5899963378906,478.20001220703125,477.54998779296875,478.125,287554
2025-12-04 16:45:00+00:00,478.6026916503906,478.9999084472656,477.5707092285156,477.5707092285156,318995
2025-12-04 17:00:00+00:00,478.92999267578125,478.95001220703125,478.0199890136719,478.635009765625,235643
2025-12-04 17:15:00+00:00,478.2799987792969,478.9693908691406,478.20001220703125,478.93499755859375,209578
2025-12-04 17:30:00+00:00,478.7099914550781,478.8994140625,477.9700012207031,478.2799987792969,214063
2025-12-04 17:45:00+00:00,478.8699035644531,478.9700012207031,478.5199890136719,478.7149963378906,195783
2025-12-04 18:00:00+00:00,477.8500061035156,478.94000244140625,477.3599853515625,478.8550109863281,270889
2025-12-04 18:15:00+00:00,478.9750061035156,480.1300048828125,477.55999755859375,477.95001220703125,568741
2025-12-04 18:30:00+00:00,478.43798828125,479.1400146484375,478.19000244140625,478.989990234375,362606
2025-12-04 18:45:00+00:00,478.510009765625,478.79998779296875,478.2300109863281,478.4200134277344,167361
2025-12-04 19:00:00+00:00,478.6099853515625,478.7300109863281,478.1239929199219,478.5299987792969,263491
2025-12-04 19:15:00+00:00,477.2101135253906,478.6300048828125,476.70001220703125,478.5950012207031,426734
2025-12-04 19:30:00+00:00,478.5799865722656,478.6195983886719,477.1300048828125,477.2799987792969,607329
2025-12-04 19:45:00+00:00,478.864990234375,479.29998779296875,478.5899963378906,478.5899963378906,297221
2025-12-04 20:00:00+00:00,479.8699951171875,479.9700012207031,478.4100036621094,478.8599853515625,270745
2025-12-04 20:15:00+00:00,479.50799560546875,479.8999938964844,479.1099853515625,479.8800048828125,372646
2025-12-04 20:30:00+00:00,479.3299865722656,479.7900085449219,479.2799987792969,479.5,299204
2025-12-04 20:45:00+00:00,480.82000732421875,480.9700012207031,479.3299865722656,479.3299865722656,912919
2025-12-05 14:30:00+00:00,480.6199951171875,483.2200012207031,480.3500061035156,482.5,1269953
2025-12-05 14:45:00+00:00,481.5799865722656,482.4049987792969,480.5600891113281,480.6000061035156,576455
2025-12-05 15:00:00+00:00,481.93499755859375,482.95880126953125,480.95001220703125,481.5899963378906,698433
2025-12-05 15:15:00+00:00,483.125,483.260009765625,481.8800048828125,481.95001220703125,450759
2025-12-05 15:30:00+00:00,481.80999755859375,483.3999938964844,481.6099853515625,483.1300048828125,454146
2025-12-05 15:45:00+00:00,481.7300109863281,482.54998779296875,481.3699951171875,481.7900085449219,394298
2025-12-05 16:00:00+00:00,480.3399963378906,482.0899963378906,480.3399963378906,481.7300109863281,365396
2025-12-05 16:15:00+00:00,479.2763977050781,480.54998779296875,478.95001220703125,480.29998779296875,558072
2025-12-05 16:30:00+00:00,479.2200012207031,479.760009765625,478.8800964355469,479.2799987792969,299329
2025-12-05 16:45:00+00:00,480.010009765625,480.5611877441406,479.1300048828125,479.239990234375,327744
2025-12-05 17:00:00+00:00,480.239990234375,480.385009765625,479.7109069824219,479.9599914550781,204230
2025-12-05 17:15:00+00:00,480.3299865722656,480.55999755859375,480.07000732421875,480.2200012207031,187631
2025-12-05 17:30:00+00:00,480.3500061035156,480.3999938964844,479.8599853515625,480.32501220703125,159287
2025-12-05 17:45:00+00:00,480.75421142578125,480.8699951171875,480.0799865722656,480.343994140625,167779
2025-12-05 18:00:00+00:00,480.68218994140625,481.20001220703125,480.31500244140625,480.7550048828125,213151
2025-12-05 18:15:00+00:00,481.3599853515625,481.4200134277344,480.3500061035156,480.69000244140625,209105
2025-12-05 18:30:00+00:00,481.5,481.8500061035156,481.10009765625,481.3900146484375,246023
2025-12-05 18:45:00+00:00,481.5249938964844,481.67999267578125,481.3299865722656,481.4800109863281,155934
2025-12-05 19:00:00+00:00,482.0400085449219,482.07000732421875,481.4454040527344,481.5299987792969,243354
2025-12-05 19:15:00+00:00,481.8299865722656,482.06988525390625,481.239990234375,482.0400085449219,252013
2025-12-05 19:30:00+00:00,481.614990234375,482.0299987792969,481.42999267578125,481.8299865722656,217539
2025-12-05 19:45:00+00:00,481.8949890136719,482.17498779296875,481.4200134277344,481.6099853515625,188879
2025-12-05 20:00:00+00:00,481.7300109863281,481.9800109863281,481.489990234375,481.8599853515625,218396
2025-12-05 20:15:00+00:00,481.94000244140625,482.1000061035156,481.6499938964844,481.739990234375,236515
2025-12-05 20:30:00+00:00,482.32000732421875,482.4800109863281,481.75,481.95001220703125,368871
2025-12-05 20:45:00+00:00,483.0299987792969,483.3399963378906,481.5199890136719,482.32000732421875,6055597
2025-12-08 14:30:00+00:00,489.4700012207031,489.7850036621094,484.3800048828125,484.885009765625,1735297
2025-12-08 14:45:00+00:00,489.1000061035156,489.69000244140625,487.6199951171875,489.4800109863281,635900
2025-12-08 15:00:00+00:00,488.9049987792969,490.5199890136719,488.60009765625,489.04998779296875,616895
2025-12-08 15:15:00+00:00,489.07720947265625,489.7699890136719,488.3800048828125,488.9049987792969,454503
2025-12-08 15:30:00+00:00,488.55999755859375,489.79998779296875,488.4018859863281,489.07501220703125,364942
2025-12-08 15:45:00+00:00,489.70001220703125,490.1199951171875,488.3900146484375,488.6000061035156,408276
2025-12-08 16:00:00+00:00,491.07720947265625,491.739990234375,489.5199890136719,489.7049865722656,456186
2025-12-08 16:15:00+00:00,491.489990234375,492.29998779296875,490.260009765625,491.0459899902344,402483
2025-12-08 16:30:00+00:00,491.1000061035156,491.639892578125,490.6199951171875,491.5299987792969,281204
2025-12-08 16:45:00+00:00,491.20440673828125,491.6400146484375,490.8900146484375,491.0950012207031,247943
2025-12-08 17:00:00+00:00,490.7200012207031,491.6199951171875,490.7099914550781,491.1700134277344,274358
2025-12-08 17:15:00+00:00,490.6400146484375,491.25,490.5199890136719,490.7699890136719,254117
2025-12-08 17:30:00+00:00,490.6351013183594,491.0,490.3200988769531,490.656005859375,245420
2025-12-08 17:45:00+00:00,491.19000244140625,492.05999755859375,490.55499267578125,490.6300048828125,286868
2025-12-08 18:00:00+00:00,490.7799987792969,491.2799987792969,490.1000061035156,491.1600036621094,318044
2025-12-08 18:15:00+00:00,490.8905029296875,491.6600036621094,490.7099914550781,490.7099914550781,281278
2025-12-08 18:30:00+00:00,490.385009765625,491.0474853515625,490.1199951171875,490.80999755859375,220889
2025-12-08 18:45:00+00:00,489.8699951171875,490.70001220703125,489.3800964355469,490.3348083496094,224021
2025-12-08 19:00:00+00:00,489.94000244140625,490.2900085449219,489.5899963378906,489.8500061035156,200936
2025-12-08 19:15:00+00:00,490.3900146484375,490.815185546875,489.94000244140625,489.94000244140625,211725
2025-12-08 19:30:00+00:00,489.5849914550781,490.3599853515625,489.4200134277344,490.3599853515625,300011
2025-12-08 19:45:00+00:00,489.7300109863281,490.29998779296875,489.54998779296875,489.625,204290
2025-12-08 20:00:00+00:00,489.80999755859375,489.8900146484375,489.31170654296875,489.7250061035156,302672
2025-12-08 20:15:00+00:00,489.8949890136719,489.9800109863281,489.3599853515625,489.80999755859375,271864
2025-12-08 20:30:00+00:00,490.2699890136719,490.29119873046875,489.75,489.8900146484375,304291
2025-12-08 20:45:00+00:00,491.1199951171875,491.20001220703125,488.9700012207031,490.239990234375,1217486
2025-12-09 14:30:00+00:00,489.17999267578125,491.0199890136719,488.5000915527344,491.0199890136719,1126634
2025-12-09 14:45:00+00:00,491.20001220703125,491.260009765625,489.17999267578125,489.17999267578125,392032
2025-12-09 15:00:00+00:00,490.5740051269531,491.94000244140625,490.25,491.20001220703125,319203
2025-12-09 15:15:00+00:00,490.4700012207031,490.7900085449219,490.07000732421875,490.57000732421875,368703
2025-12-09 15:30:00+00:00,490.7149963378906,490.8699951171875,489.95001220703125,490.4700012207031,267602
2025-12-09 15:45:00+00:00,491.0299987792969,491.1300048828125,489.92999267578125,490.7149963378906,177040
2025-12-09 16:00:00+00:00,490.260009765625,491.0899963378906,489.8399963378906,491.0299987792969,243873
2025-12-09 16:15:00+00:00,490.7200012207031,490.8999938964844,490.1199951171875,490.260009765625,169815
2025-12-09 16:30:00+00:00,490.82501220703125,491.489990234375,490.70001220703125,490.7200012207031,158591
2025-12-09 16:45:00+00:00,491.8349914550781,491.94000244140625,490.82501220703125,490.82501220703125,170116
2025-12-09 17:00:00+00:00,491.489990234375,492.1000061035156,491.42999267578125,491.8349914550781,159296
2025-12-09 17:15:00+00:00,489.95001220703125,491.54998779296875,489.95001220703125,491.489990234375,272847
2025-12-09 17:30:00+00:00,490.114990234375,490.3800048828125,489.6300048828125,489.9800109863281,195951
2025-12-09 17:45:00+00:00,489.7699890136719,490.1499938964844,489.5,490.114990234375,196347
2025-12-09 18:00:00+00:00,490.1250915527344,490.3999938964844,489.67999267578125,489.7699890136719,443853
2025-12-09 18:15:00+00:00,490.3800048828125,490.489990234375,490.010009765625,490.1250915527344,122112
2025-12-09 18:30:00+00:00,490.57000732421875,490.7699890136719,490.2200012207031,490.3800048828125,130694
2025-12-09 18:45:00+00:00,491.0216979980469,491.19000244140625,490.3699951171875,490.57000732421875,119007
2025-12-09 19:00:00+00:00,490.739990234375,491.0899963378906,490.5299987792969,491.0216979980469,152134
2025-12-09 19:15:00+00:00,490.8900146484375,490.9700012207031,490.5600891113281,490.739990234375,125787
2025-12-09 19:30:00+00:00,490.2300109863281,491.0400085449219,489.9800109863281,490.8900146484375,144204
2025-12-09 19:45:00+00:00,490.739990234375,490.8500061035156,490.1440124511719,490.2300109863281,131328
2025-12-09 20:00:00+00:00,490.864990234375,491.0299987792969,490.6300048828125,490.739990234375,176099
2025-12-09 20:15:00+00:00,490.9549865722656,491.3699951171875,490.7200012207031,490.864990234375,219761
2025-12-09 20:30:00+00:00,491.2300109863281,491.4324951171875,490.82000732421875,490.9549865722656,196242
2025-12-09 20:45:00+00:00,492.05999755859375,492.1000061035156,491.010009765625,491.2300109863281,3350530
2025-12-10 14:30:00+00:00,480.260009765625,484.25,478.6099853515625,484.0299987792969,2273801
2025-12-10 14:45:00+00:00,480.49200439453125,481.70001220703125,479.75,480.2449951171875,920546
2025-12-10 15:00:00+00:00,480.4549865722656,481.05999755859375,479.8800048828125,480.385009765625,716486
2025-12-10 15:15:00+00:00,480.3900146484375,481.1099853515625,480.0299987792969,480.447509765625,496753
2025-12-10 15:30:00+00:00,479.2699890136719,480.6000061035156,478.3699951171875,480.3999938964844,811468
2025-12-10 15:45:00+00:00,478.7099914550781,479.8599853515625,478.4100036621094,479.29998779296875,495812
2025-12-10 16:00:00+00:00,479.7900085449219,479.82000732421875,478.0899963378906,478.7300109863281,501610
2025-12-10 16:15:00+00:00,480.364990234375,480.4700012207031,479.2333984375,479.82000732421875,433322
2025-12-10 16:30:00+00:00,480.5400085449219,480.75,480.1099853515625,480.3999938964844,343917
2025-12-10 16:45:00+00:00,480.92498779296875,481.30999755859375,480.2200012207031,480.5400085449219,344199
2025-12-10 17:00:00+00:00,480.25,481.34991455078125,480.20001220703125,480.9200134277344,285323
2025-12-10 17:15:00+00:00,481.6000061035156,481.7699890136719,480.239990234375,480.2538146972656,232542
2025-12-10 17:30:00+00:00,481.79998779296875,482.412109375,481.2799987792969,481.6000061035156,257483
2025-12-10 17:45:00+00:00,480.7250061035156,482.010009765625,480.6000061035156,481.7799987792969,685172
2025-12-10 18:00:00+00:00,478.95001220703125,480.7799987792969,478.8450012207031,480.722412109375,511752
2025-12-10 18:15:00+00:00,477.2900085449219,479.0199890136719,476.8500061035156,478.9623107910156,803093
2025-12-10 18:30:00+00:00,476.739990234375,477.9700012207031,476.6700134277344,477.2799987792969,624265
2025-12-10 18:45:00+00:00,477.75,477.9100036621094,476.7300109863281,476.7449951171875,536542
2025-12-10 19:00:00+00:00,477.42498779296875,479.19000244140625,477.31500244140625,477.7275085449219,641393
2025-12-10 19:15:00+00:00,476.4700012207031,478.2349853515625,476.0400085449219,477.427490234375,586187
2025-12-10 19:30:00+00:00,476.2413024902344,478.1099853515625,475.0799865722656,476.4732971191406,949950
2025-12-10 19:45:00+00:00,478.3096923828125,478.6199951171875,476.1099853515625,476.19000244140625,631920
2025-12-10 20:00:00+00:00,478.4599914550781,479.1000061035156,477.1499938964844,478.3299865722656,793441
2025-12-10 20:15:00+00:00,478.05999755859375,479.6499938964844,477.79998779296875,478.489990234375,761888
2025-12-10 20:30:00+00:00,478.09271240234375,479.05999755859375,477.70001220703125,478.1099853515625,713482
2025-12-10 20:45:00+00:00,478.5215148925781,479.44000244140625,476.6499938964844,478.1000061035156,2442633
2025-12-11 14:30:00+00:00,480.1000061035156,481.1700134277344,475.8599853515625,476.55999755859375,1828714
2025-12-11 14:45:00+00:00,478.30999755859375,480.6199951171875,477.1600036621094,480.1099853515625,682309
2025-12-11 15:00:00+00:00,481.70050048828125,482.1400146484375,477.6700134277344,478.32000732421875,904654
2025-12-11 15:15:00+00:00,480.3500061035156,481.9399108886719,480.3500061035156,481.7099914550781,487257
2025-12-11 15:30:00+00:00,480.17999267578125,480.7200012207031,479.3399963378906,480.385009765625,434506
2025-12-11 15:45:00+00:00,480.7799987792969,480.80999755859375,479.7699890136719,480.1449890136719,312080
2025-12-11 16:00:00+00:00,479.739990234375,481.2200012207031,479.5,480.75,373717
2025-12-11 16:15:00+00:00,478.951904296875,480.2300109863281,478.92999267578125,479.69500732421875,267028
2025-12-11 16:30:00+00:00,481.2799987792969,481.3800048828125,478.9200134277344,478.95001220703125,347742
2025-12-11 16:45:00+00:00,479.3900146484375,481.5350036621094,479.0849914550781,481.331787109375,280529
2025-12-11 17:00:00+00:00,480.4800109863281,480.760009765625,479.2900085449219,479.3399963378906,210255
2025-12-11 17:15:00+00:00,480.66680908203125,481.3599853515625,480.3918151855469,480.4525146484375,236397
2025-12-11 17:30:00+00:00,480.7250061035156,480.9700012207031,480.4599914550781,480.70001220703125,224181
2025-12-11 17:45:00+00:00,480.3200988769531,481.0400085449219,479.79998779296875,480.7699890136719,257644
2025-12-11 18:00:00+00:00,480.6099853515625,481.3349914550781,480.16009521484375,480.32000732421875,296859
2025-12-11 18:15:00+00:00,482.010009765625,484.3299865722656,480.2200012207031,480.6400146484375,902299
2025-12-11 18:30:00+00:00,483.5849914550781,483.7506103515625,481.53009033203125,482.0350036621094,518585
2025-12-11 18:45:00+00:00,484.8800048828125,485.94989013671875,483.6000061035156,483.6000061035156,800065
2025-12-11 19:00:00+00:00,485.4331970214844,485.760009765625,484.1700134277344,484.8800048828125,388249
2025-12-11 19:15:00+00:00,485.45001220703125,486.0299987792969,485.1499938964844,485.4151916503906,260582
2025-12-11 19:30:00+00:00,485.3599853515625,485.7499084472656,485.0299987792969,485.4649963378906,260227
2025-12-11 19:45:00+00:00,484.4200134277344,485.6050109863281,484.4200134277344,485.3500061035156,262473
2025-12-11 20:00:00+00:00,484.79998779296875,484.94000244140625,484.29998779296875,484.4200134277344,259538
2025-12-11 20:15:00+00:00,484.3800048828125,485.1000061035156,484.3664855957031,484.80499267578125,307546
2025-12-11 20:30:00+00:00,483.4200134277344,484.3949890136719,482.6200866699219,484.3949890136719,430348
2025-12-11 20:45:00+00:00,483.69000244140625,484.17999267578125,482.3236083984375,483.3900146484375,1104603
2025-12-12 14:30:00+00:00,479.05499267578125,482.45001220703125,478.4200134277344,480.6199951171875,1580554
2025-12-12 14:45:00+00:00,480.9400939941406,481.0,478.4700012207031,479.010009765625,617640
2025-12-12 15:00:00+00:00,480.2799987792969,481.22210693359375,480.05999755859375,480.94000244140625,422056
2025-12-12 15:15:00+00:00,478.44500732421875,480.4700012207031,478.3299865722656,480.3599853515625,379597
2025-12-12 15:30:00+00:00,480.1875,480.6000061035156,478.20001220703125,478.44000244140625,382873
2025-12-12 15:45:00+00:00,477.7300109863281,480.55999755859375,476.3599853515625,480.20001220703125,552462
2025-12-12 16:00:00+00:00,477.3500061035156,478.3500061035156,476.5799865722656,477.70001220703125,613535
2025-12-12 16:15:00+00:00,477.76849365234375,478.2300109863281,476.3999938964844,477.2699890136719,509803
2025-12-12 16:30:00+00:00,478.4100036621094,478.5400085449219,477.0350036621094,477.69000244140625,358121
2025-12-12 16:45:00+00:00,477.1549987792969,478.4599914550781,476.8399963378906,478.3550109863281,244441
2025-12-12 17:00:00+00:00,477.82000732421875,478.2900085449219,476.8500061035156,477.0299987792969,433870
2025-12-12 17:15:00+00:00,477.7650146484375,478.7200012207031,477.6400146484375,477.82000732421875,253292
2025-12-12 17:30:00+00:00,478.32501220703125,478.93609619140625,477.1700134277344,477.760009765625,237232
2025-12-12 17:45:00+00:00,478.4599914550781,479.2349853515625,478.2099914550781,478.2900085449219,255539
2025-12-12 18:00:00+00:00,478.6549072265625,479.1899108886719,478.4100036621094,478.45001220703125,312277
2025-12-12 18:15:00+00:00,478.8299865722656,479.4200134277344,478.2900085449219,478.6650085449219,306733
2025-12-12 18:30:00+00:00,478.7099914550781,479.1300048828125,478.2300109863281,478.8500061035156,163938
2025-12-12 18:45:00+00:00,479.0799865722656,479.2799987792969,478.6499938964844,478.80999755859375,151632
2025-12-12 19:00:00+00:00,478.8349914550781,479.4150085449219,478.6050109863281,479.1000061035156,234473
2025-12-12 19:15:00+00:00,478.9501037597656,479.1000061035156,478.55499267578125,478.8299865722656,214363
2025-12-12 19:30:00+00:00,478.80999755859375,479.2900085449219,478.6199951171875,478.9800109863281,199658
2025-12-12 19:45:00+00:00,478.5400085449219,478.9100036621094,478.2449951171875,478.7850036621094,192318
2025-12-12 20:00:00+00:00,478.239990234375,478.739990234375,477.7699890136719,478.55499267578125,269119
2025-12-12 20:15:00+00:00,478.2550048828125,478.5400085449219,477.989990234375,478.2373962402344,350880
2025-12-12 20:30:00+00:00,478.010009765625,478.4700012207031,477.5,478.25,477643
2025-12-12 20:45:00+00:00,478.4700012207031,478.95001220703125,477.3500061035156,478.010009765625,1126347
2025-12-15 14:30:00+00:00,477.4849853515625,480.7204895019531,477.0400085449219,480.1000061035156,1314632
2025-12-15 14:45:00+00:00,475.5899963378906,477.5899963378906,475.4100036621094,477.4700012207031,819002
2025-12-15 15:00:00+00:00,475.156005859375,475.9200134277344,474.2099914550781,475.5899963378906,847171
2025-12-15 15:15:00+00:00,473.0,475.1700134277344,472.5199890136719,475.0799865722656,541754
2025-12-15 15:30:00+00:00,474.54998779296875,474.6400146484375,472.7950134277344,472.9949951171875,386327
2025-12-15 15:45:00+00:00,474.1199951171875,474.9695129394531,473.8500061035156,474.54998779296875,316674
2025-12-15 16:00:00+00:00,473.5849914550781,474.43499755859375,473.1400146484375,474.1400146484375,482692
2025-12-15 16:15:00+00:00,475.260009765625,475.54998779296875,473.5249938964844,473.55999755859375,337634
2025-12-15 16:30:00+00:00,473.5199890136719,475.5199890136719,473.5,475.29998779296875,338601
2025-12-15 16:45:00+00:00,474.0320129394531,474.69000244140625,473.5,473.54998779296875,294177
2025-12-15 17:00:00+00:00,474.4100036621094,475.0,473.8999938964844,474.010009765625,241626
2025-12-15 17:15:00+00:00,474.3999938964844,474.6700134277344,473.9649963378906,474.4049987792969,215603
2025-12-15 17:30:00+00:00,474.8900146484375,475.1600036621094,474.1300048828125,474.4150085449219,230801
2025-12-15 17:45:00+00:00,474.2099914550781,475.125,473.7099914550781,474.8800048828125,287043
2025-12-15 18:00:00+00:00,474.6499938964844,474.8500061035156,473.989990234375,474.2099914550781,178237
2025-12-15 18:15:00+00:00,473.6199951171875,474.80999755859375,473.20001220703125,474.6600036621094,223677
2025-12-15 18:30:00+00:00,473.68499755859375,473.9599914550781,473.25,473.6199951171875,210111
2025-12-15 18:45:00+00:00,474.0,474.36749267578125,473.5899963378906,473.68499755859375,267840
2025-12-15 19:00:00+00:00,474.510009765625,474.93231201171875,473.9599914550781,473.9849853515625,239776
2025-12-15 19:15:00+00:00,474.1000061035156,474.7200927734375,474.0,474.489990234375,281284
2025-12-15 19:30:00+00:00,473.760009765625,474.2200012207031,473.70001220703125,474.1000061035156,339250
2025-12-15 19:45:00+00:00,474.260009765625,474.3900146484375,473.5799865722656,473.760009765625,444065
2025-12-15 20:00:00+00:00,474.29998779296875,474.5199890136719,473.6499938964844,474.260009765625,267296
2025-12-15 20:15:00+00:00,474.61749267578125,474.69000244140625,474.0350036621094,474.2749938964844,770346
2025-12-15 20:30:00+00:00,475.2349853515625,475.42999267578125,474.4150085449219,474.6600036621094,350225
2025-12-15 20:45:00+00:00,474.82000732421875,476.4800109863281,474.6000061035156,475.25,5281452
2025-12-16 14:30:00+00:00,472.3900146484375,473.9100036621094,470.8800048828125,471.9049987792969,1566973
2025-12-16 14:45:00+00:00,474.8075866699219,475.19000244140625,471.80999755859375,472.4800109863281,607267
2025-12-16 15:00:00+00:00,474.3500061035156,475.1650085449219,473.6300048828125,474.8399963378906,429973
2025-12-16 15:15:00+00:00,474.010009765625,474.6050109863281,473.0400085449219,474.3800048828125,389710
2025-12-16 15:30:00+00:00,473.6000061035156,474.5899963378906,472.1099853515625,474.010009765625,433170
2025-12-16 15:45:00+00:00,474.67498779296875,475.1199951171875,473.54998779296875,473.5799865722656,332927
2025-12-16 16:00:00+00:00,473.6600036621094,475.0400085449219,473.5015869140625,474.7200012207031,298490
2025-12-16 16:15:00+00:00,473.55499267578125,474.07000732421875,473.19000244140625,473.6099853515625,316452
2025-12-16 16:30:00+00:00,473.94000244140625,474.0,472.9599914550781,473.5400085449219,238930
2025-12-16 16:45:00+00:00,475.05499267578125,475.1199951171875,473.5950012207031,473.9599914550781,242314
2025-12-16 17:00:00+00:00,474.80499267578125,475.3399963378906,474.1700134277344,475.0799865722656,269619
2025-12-16 17:15:00+00:00,474.32000732421875,475.1293029785156,474.1099853515625,474.80499267578125,225627
2025-12-16 17:30:00+00:00,473.1300048828125,474.8999938964844,472.79998779296875,474.32000732421875,358565
2025-12-16 17:45:00+00:00,472.614990234375,473.3399963378906,472.2799987792969,473.1300048828125,235336
2025-12-16 18:00:00+00:00,473.42999267578125,473.5400085449219,472.2699890136719,472.5799865722656,225089
2025-12-16 18:15:00+00:00,473.05999755859375,473.659912109375,473.0,473.4100036621094,190506
2025-12-16 18:30:00+00:00,475.0400085449219,475.1700134277344,473.0299987792969,473.0299987792969,341873
2025-12-16 18:45:00+00:00,475.8450012207031,476.0,475.0400085449219,475.05999755859375,239450
2025-12-16 19:00:00+00:00,474.4049987792969,475.9200134277344,474.3100891113281,475.8399963378906,198299
2025-12-16 19:15:00+00:00,475.2300109863281,475.25,473.9400939941406,474.3599853515625,219018
2025-12-16 19:30:00+00:00,476.1099853515625,476.2200012207031,475.0784912109375,475.2099914550781,363671
2025-12-16 19:45:00+00:00,476.19000244140625,476.6300048828125,475.8949890136719,476.1090087890625,317064
2025-12-16 20:00:00+00:00,476.32000732421875,477.30499267578125,476.1099853515625,476.2300109863281,318986
2025-12-16 20:15:00+00:00,476.54998779296875,477.0,476.28839111328125,476.30999755859375,277499
2025-12-16 20:30:00+00:00,476.42999267578125,477.2699890136719,476.1824951171875,476.54998779296875,302029
2025-12-16 20:45:00+00:00,476.239990234375,477.8900146484375,476.0574951171875,476.4100036621094,1140630
2025-12-17 14:30:00+00:00,477.239990234375,478.5299987792969,476.05999755859375,476.9049987792969,1056190
2025-12-17 14:45:00+00:00,476.79998779296875,477.5705871582031,475.3212890625,477.1600036621094,525719
2025-12-17 15:00:00+00:00,477.29998779296875,477.8599853515625,475.8999938964844,476.6600036621094,461630
2025-12-17 15:15:00+00:00,477.739990234375,478.260009765625,476.8039855957031,477.29998779296875,333072
2025-12-17 15:30:00+00:00,476.5249938964844,478.010009765625,476.2008972167969,477.6700134277344,463790
2025-12-17 15:45:00+00:00,476.4100036621094,476.760009765625,475.42999267578125,476.38079833984375,400250
2025-12-17 16:00:00+00:00,476.1300048828125,477.4200134277344,475.95001220703125,476.3900146484375,348849
2025-12-17 16:15:00+00:00,477.1000061035156,477.32000732421875,475.760009765625,476.1000061035156,326646
2025-12-17 16:30:00+00:00,476.310791015625,477.0799865722656,476.0799865722656,477.07000732421875,345203
2025-12-17 16:45:00+00:00,476.0400085449219,476.3999938964844,475.2200012207031,476.2749938964844,368526
2025-12-17 17:00:00+00:00,476.739990234375,477.7598876953125,475.7699890136719,476.0299987792969,395565
2025-12-17 17:15:00+00:00,477.2550048828125,477.7099914550781,476.6099853515625,476.739990234375,236477
2025-12-17 17:30:00+00:00,477.19000244140625,478.04998779296875,477.0,477.25,302216
2025-12-17 17:45:00+00:00,477.9598083496094,478.11968994140625,476.7099914550781,477.18499755859375,258880
2025-12-17 18:00:00+00:00,478.010009765625,478.7699890136719,477.864990234375,477.95001220703125,379180
2025-12-17 18:15:00+00:00,478.54998779296875,478.9549865722656,477.6000061035156,478.0000915527344,325610
2025-12-17 18:30:00+00:00,478.07000732421875,478.75,477.7099914550781,478.5315856933594,241764
2025-12-17 18:45:00+00:00,478.7799987792969,478.80999755859375,477.5799865722656,478.0400085449219,259239
2025-12-17 19:00:00+00:00,478.61468505859375,479.0,478.3699951171875,478.79998779296875,257656
2025-12-17 19:15:00+00:00,478.8349914550781,479.2099914550781,478.54998779296875,478.614501953125,253701
2025-12-17 19:30:00+00:00,479.4150085449219,479.7900085449219,478.5400085449219,478.82501220703125,302503
2025-12-17 19:45:00+00:00,479.1499938964844,479.8800048828125,479.05999755859375,479.3800048828125,350510
2025-12-17 20:00:00+00:00,478.635009765625,479.5,478.1199951171875,479.19000244140625,294155
2025-12-17 20:15:00+00:00,478.19000244140625,478.7799987792969,478.0400085449219,478.6199951171875,368886
2025-12-17 20:30:00+00:00,478.7349853515625,478.8399963378906,477.9100036621094,478.2200012207031,391882
2025-12-17 20:45:00+00:00,476.07501220703125,478.7449951171875,476.0,478.7449951171875,2036568
2025-12-18 14:30:00+00:00,480.2099914550781,480.95001220703125,477.8900146484375,478.19000244140625,1194620
2025-12-18 14:45:00+00:00,483.45001220703125,483.8299865722656,480.2099914550781,480.2099914550781,760283
2025-12-18 15:00:00+00:00,483.7200012207031,485.3949890136719,483.260009765625,483.44500732421875,925113
2025-12-18 15:15:00+00:00,484.739990234375,485.239990234375,482.94000244140625,483.7149963378906,776587
2025-12-18 15:30:00+00:00,486.7300109863281,486.9200134277344,484.29058837890625,484.739990234375,641195
2025-12-18 15:45:00+00:00,487.5799865722656,487.5799865722656,486.3999938964844,486.7699890136719,825401
2025-12-18 16:00:00+00:00,487.260009765625,488.0400085449219,487.05999755859375,487.55499267578125,358357
2025-12-18 16:15:00+00:00,487.6499938964844,488.07501220703125,487.1000061035156,487.25,427083
2025-12-18 16:30:00+00:00,488.81500244140625,489.6000061035156,487.6000061035156,487.6000061035156,574411
2025-12-18 16:45:00+00:00,487.19000244140625,488.95001220703125,487.1600036621094,488.79998779296875,325709
2025-12-18 17:00:00+00:00,485.17498779296875,487.3399963378906,484.54998779296875,487.1700134277344,364857
2025-12-18 17:15:00+00:00,484.927490234375,485.6099853515625,484.19000244140625,485.0799865722656,335911
2025-12-18 17:30:00+00:00,486.5220031738281,486.5799865722656,484.7723083496094,484.9599914550781,870745
2025-12-18 17:45:00+00:00,486.8299865722656,487.1499938964844,485.95001220703125,486.5799865722656,268559
2025-12-18 18:00:00+00:00,486.8599853515625,487.010009765625,485.9599914550781,486.8299865722656,249204
2025-12-18 18:15:00+00:00,486.4801025390625,487.1390075683594,486.3599853515625,486.8599853515625,177523
2025-12-18 18:30:00+00:00,486.8999938964844,487.43548583984375,486.57000732421875,486.57000732421875,249452
2025-12-18 18:45:00+00:00,486.4200134277344,487.0199890136719,486.239990234375,486.8900146484375,177476
2025-12-18 19:00:00+00:00,485.7799987792969,486.3800048828125,484.9700012207031,486.3500061035156,286596
2025-12-18 19:15:00+00:00,485.54998779296875,485.7799987792969,485.07501220703125,485.7799987792969,274445
2025-12-18 19:30:00+00:00,484.5450134277344,485.6600036621094,484.239990234375,485.5600891113281,196882
2025-12-18 19:45:00+00:00,484.0899963378906,485.30999755859375,483.8550109863281,484.55999755859375,246469
2025-12-18 20:00:00+00:00,484.2799987792969,484.7699890136719,483.8710021972656,484.0799865722656,246499
2025-12-18 20:15:00+00:00,484.5985107421875,484.7300109863281,483.3900146484375,484.2799987792969,350688
2025-12-18 20:30:00+00:00,485.4800109863281,485.6199951171875,484.2149963378906,484.6099853515625,391294
2025-12-18 20:45:00+00:00,483.8800048828125,486.0199890136719,483.8500061035156,485.4800109863281,1036447
2025-12-19 14:30:00+00:00,485.94500732421875,487.8500061035156,482.95001220703125,487.3599853515625,8761900
2025-12-19 14:45:00+00:00,486.47210693359375,487.80499267578125,485.8599853515625,486.0,559644
2025-12-19 15:00:00+00:00,486.0849914550781,487.46990966796875,485.8800048828125,486.57501220703125,350754
2025-12-19 15:15:00+00:00,485.5303039550781,486.760009765625,484.9700012207031,486.1099853515625,270917
2025-12-19 15:30:00+00:00,485.8349914550781,486.7825012207031,484.8500061035156,485.510009765625,338351
2025-12-19 15:45:00+00:00,484.4599914550781,485.8900146484375,484.1099853515625,485.8349914550781,367370
2025-12-19 16:00:00+00:00,484.95001220703125,485.56988525390625,484.2049865722656,484.489990234375,239121
2025-12-19 16:15:00+00:00,485.1684875488281,485.2998962402344,484.5199890136719,484.94500732421875,253048
2025-12-19 16:30:00+00:00,485.0,485.760009765625,484.94000244140625,485.1499938964844,218299
2025-12-19 16:45:00+00:00,484.4100036621094,485.1099853515625,484.239990234375,485.0,284600
2025-12-19 17:00:00+00:00,485.1050109863281,485.2799987792969,484.2699890136719,484.3800048828125,384713
2025-12-19 17:15:00+00:00,485.875,486.1299133300781,485.05499267578125,485.1050109863281,288227
2025-12-19 17:30:00+00:00,485.04998779296875,485.875,484.989990234375,485.875,191038
2025-12-19 17:45:00+00:00,485.00048828125,485.42999267578125,484.989990234375,485.05999755859375,181530
2025-12-19 18:00:00+00:00,485.2650146484375,485.29998779296875,484.6499938964844,485.0,189319
2025-12-19 18:15:00+00:00,485.25,485.3699951171875,485.10009765625,485.2900085449219,255003
2025-12-19 18:30:00+00:00,485.2250061035156,485.3299865722656,485.0,485.2449951171875,267592
2025-12-19 18:45:00+00:00,484.70001220703125,485.239990234375,484.5,485.2099914550781,170177
2025-12-19 19:00:00+00:00,484.7250061035156,484.8900146484375,484.3500061035156,484.6700134277344,223408
2025-12-19 19:15:00+00:00,484.2455139160156,484.7250061035156,484.0400085449219,484.7160949707031,262700
2025-12-19 19:30:00+00:00,484.3399963378906,484.55999755859375,484.1099853515625,484.2550048828125,204767
2025-12-19 19:45:00+00:00,483.92999267578125,484.5,483.9100036621094,484.3399963378906,263570
2025-12-19 20:00:00+00:00,483.6600036621094,484.0899963378906,483.45001220703125,483.9200134277344,300651
2025-12-19 20:15:00+00:00,482.92999267578125,483.875,482.6050109863281,483.6650085449219,435277
2025-12-19 20:30:00+00:00,482.8399963378906,483.510009765625,482.489990234375,482.9100036621094,459911
2025-12-19 20:45:00+00:00,486.05999755859375,487.1499938964844,482.5,482.8550109863281,2900783
2025-12-22 14:30:00+00:00,483.42498779296875,488.7300109863281,482.75,486.67999267578125,1548587
2025-12-22 14:45:00+00:00,484.94500732421875,485.30999755859375,482.69000244140625,483.42999267578125,714399
2025-12-22 15:00:00+00:00,484.010009765625,485.25,483.78009033203125,484.94500732421875,436187
2025-12-22 15:15:00+00:00,484.6050109863281,485.1000061035156,483.94000244140625,484.07000732421875,407313
2025-12-22 15:30:00+00:00,484.6099853515625,484.9200134277344,484.0474853515625,484.6199951171875,313427
2025-12-22 15:45:00+00:00,484.7900085449219,485.1700134277344,484.4800109863281,484.57000732421875,302413
2025-12-22 16:00:00+00:00,485.7200012207031,485.89801025390625,484.739990234375,484.79998779296875,328783
2025-12-22 16:15:00+00:00,485.6495056152344,486.0899963378906,485.5150146484375,485.68011474609375,305453
2025-12-22 16:30:00+00:00,485.0899963378906,486.0799865722656,484.93499755859375,485.6449890136719,274163
2025-12-22 16:45:00+00:00,486.3299865722656,486.3517150878906,484.92999267578125,485.0799865722656,290374
2025-12-22 17:00:00+00:00,486.0899963378906,486.5148010253906,485.739990234375,486.32000732421875,233831
2025-12-22 17:15:00+00:00,485.8500061035156,486.25,485.6400146484375,486.0799865722656,181361
2025-12-22 17:30:00+00:00,486.05230712890625,486.14990234375,485.739990234375,485.8399963378906,192934
2025-12-22 17:45:00+00:00,486.09100341796875,486.3299865722656,485.92999267578125,486.07000732421875,168506
2025-12-22 18:00:00+00:00,485.92999267578125,486.32000732421875,485.7799987792969,486.0799865722656,129170
2025-12-22 18:15:00+00:00,485.75,486.2149963378906,485.5824890136719,485.95001220703125,161095
2025-12-22 18:30:00+00:00,486.0950012207031,486.2900085449219,485.6199951171875,485.75,177617
2025-12-22 18:45:00+00:00,485.79998779296875,486.1499938964844,485.5799865722656,486.0799865722656,151521
2025-12-22 19:00:00+00:00,485.5400085449219,485.9849853515625,485.42498779296875,485.79998779296875,211441
2025-12-22 19:15:00+00:00,485.8800048828125,485.95001220703125,485.5199890136719,485.55999755859375,166532
2025-12-22 19:30:00+00:00,485.2650146484375,486.0,485.0400085449219,485.8699951171875,281586
2025-12-22 19:45:00+00:00,484.9200134277344,485.3699951171875,484.7699890136719,485.239990234375,259071
2025-12-22 20:00:00+00:00,484.989990234375,485.10870361328125,484.6600036621094,484.92498779296875,228582
2025-12-22 20:15:00+00:00,484.9700012207031,485.5450134277344,484.80120849609375,484.9800109863281,329269
2025-12-22 20:30:00+00:00,484.6400146484375,485.0799865722656,484.55999755859375,484.9700012207031,324939
2025-12-22 20:45:00+00:00,484.8500061035156,485.3800048828125,484.3699951171875,484.625,875142
2025-12-23 14:30:00+00:00,486.19000244140625,487.82989501953125,485.0199890136719,486.3599853515625,1084730
2025-12-23 14:45:00+00:00,485.8399963378906,486.8900146484375,485.4200134277344,486.2799987792969,375783
2025-12-23 15:00:00+00:00,486.1199951171875,486.4549865722656,485.5199890136719,485.79998779296875,477327
2025-12-23 15:15:00+00:00,485.8949890136719,486.45001220703125,485.75,486.125,266257
2025-12-23 15:30:00+00:00,486.3599853515625,486.3616027832031,485.7300109863281,485.8800048828125,286452
2025-12-23 15:45:00+00:00,485.81500244140625,486.3900146484375,485.7799987792969,486.3900146484375,258556
2025-12-23 16:00:00+00:00,486.0799865722656,486.3399963378906,485.80999755859375,485.8500061035156,249590
2025-12-23 16:15:00+00:00,486.80999755859375,487.1050109863281,486.0400085449219,486.04998779296875,296563
2025-12-23 16:30:00+00:00,486.80499267578125,487.2900085449219,486.7300109863281,486.80999755859375,269197
2025-12-23 16:45:00+00:00,486.4849853515625,486.8949890136719,486.260009765625,486.79998779296875,188694
2025-12-23 17:00:00+00:00,486.6300048828125,487.2799987792969,486.45001220703125,486.4849853515625,201094
2025-12-23 17:15:00+00:00,486.6700134277344,487.0,486.6099853515625,486.6600036621094,153278
2025-12-23 17:30:00+00:00,486.5849914550781,486.82000732421875,486.3999938964844,486.6600036621094,140109
2025-12-23 17:45:00+00:00,486.2349853515625,486.69000244140625,486.03009033203125,486.5849914550781,145029
2025-12-23 18:00:00+00:00,486.260009765625,486.5340881347656,486.1099853515625,486.25,160795
2025-12-23 18:15:00+00:00,486.4800109863281,486.5799865722656,486.1199951171875,486.260009765625,190269
2025-12-23 18:30:00+00:00,486.55999755859375,486.7300109863281,486.25,486.4800109863281,159505
2025-12-23 18:45:00+00:00,486.9100036621094,487.2099914550781,486.510009765625,486.54998779296875,182750
2025-12-23 19:00:00+00:00,487.19000244140625,487.27899169921875,486.8825988769531,486.92999267578125,182199
2025-12-23 19:15:00+00:00,487.0899963378906,487.239990234375,486.9200134277344,487.19000244140625,194777
2025-12-23 19:30:00+00:00,487.19000244140625,487.3699951171875,486.989990234375,487.0849914550781,252630
2025-12-23 19:45:00+00:00,487.30999755859375,487.4599914550781,487.04998779296875,487.2049865722656,176776
2025-12-23 20:00:00+00:00,487.1700134277344,487.4700012207031,487.1000061035156,487.2799987792969,231760
2025-12-23 20:15:00+00:00,487.2749938964844,487.4100036621094,487.1000061035156,487.19000244140625,210714
2025-12-23 20:30:00+00:00,487.0899963378906,487.45001220703125,487.010009765625,487.2650146484375,239705
2025-12-23 20:45:00+00:00,486.5,487.5,486.45001220703125,487.07000732421875,861521
2025-12-24 14:30:00+00:00,486.1099853515625,486.6400146484375,484.8299865722656,485.79998779296875,670358
2025-12-24 14:45:00+00:00,486.6300048828125,486.7300109863281,485.85009765625,486.19000244140625,239714
2025-12-24 15:00:00+00:00,487.0899963378906,487.5,486.45001220703125,486.6300048828125,221562
2025-12-24 15:15:00+00:00,487.7987976074219,487.9800109863281,487.06500244140625,487.0899963378906,176466
2025-12-24 15:30:00+00:00,488.0,488.0400085449219,487.2699890136719,487.80999755859375,258779
2025-12-24 15:45:00+00:00,487.9649963378906,488.0199890136719,487.6499938964844,487.9750061035156,159291
2025-12-24 16:00:00+00:00,488.4700012207031,488.5299987792969,487.82000732421875,487.9649963378906,181932
2025-12-24 16:15:00+00:00,488.44000244140625,488.5347900390625,487.90618896484375,488.4800109863281,153354
2025-12-24 16:30:00+00:00,488.739990234375,489.1625061035156,488.3399963378906,488.45001220703125,225527
2025-12-24 16:45:00+00:00,488.760009765625,489.1400146484375,488.6099853515625,488.7300109863281,364363
2025-12-24 17:00:00+00:00,488.7799987792969,488.9200134277344,488.4804992675781,488.80999755859375,156189
2025-12-24 17:15:00+00:00,488.6099853515625,488.7792053222656,488.25,488.760009765625,159812
2025-12-24 17:30:00+00:00,488.2099914550781,488.67999267578125,488.0718994140625,488.5899963378906,204397
2025-12-24 17:45:00+00:00,488.0199890136719,488.7799987792969,487.69500732421875,488.19500732421875,447616
2025-12-26 14:30:00+00:00,487.7699890136719,488.1199951171875,486.3800048828125,486.7049865722656,576284
2025-12-26 14:45:00+00:00,486.8999938964844,488.05999755859375,486.4949951171875,487.79998779296875,265707
2025-12-26 15:00:00+00:00,486.385009765625,487.07501220703125,486.22100830078125,486.8999938964844,212251
2025-12-26 15:15:00+00:00,486.6199951171875,486.7799987792969,485.9599914550781,486.3851013183594,246484
2025-12-26 15:30:00+00:00,486.410400390625,487.0,486.4020080566406,486.6199951171875,159240
2025-12-26 15:45:00+00:00,486.94000244140625,487.0299987792969,486.3500061035156,486.45001220703125,147500
2025-12-26 16:00:00+00:00,486.6400146484375,487.19000244140625,486.57000732421875,486.92529296875,200191
2025-12-26 16:15:00+00:00,487.34259033203125,487.3699951171875,486.5799865722656,486.67999267578125,151329
2025-12-26 16:30:00+00:00,487.4700012207031,487.81500244140625,487.32000732421875,487.3399963378906,144972
2025-12-26 16:45:00+00:00,487.302490234375,487.57000732421875,487.05999755859375,487.45001220703125,145254
2025-12-26 17:00:00+00:00,487.3450012207031,487.3699951171875,486.8999938964844,487.29998779296875,132893
2025-12-26 17:15:00+00:00,487.93499755859375,488.1000061035156,487.1549987792969,487.364990234375,148427
2025-12-26 17:30:00+00:00,487.43829345703125,487.92498779296875,487.3699951171875,487.8900146484375,102359
2025-12-26 17:45:00+00:00,487.20001220703125,487.67999267578125,486.7099914550781,487.45001220703125,193192
2025-12-26 18:00:00+00:00,486.57000732421875,487.19000244140625,486.489990234375,487.1700134277344,164804
2025-12-26 18:15:00+00:00,486.79998779296875,486.9200134277344,486.24749755859375,486.54998779296875,155285
2025-12-26 18:30:00+00:00,487.3550109863281,487.489990234375,486.79998779296875,486.79998779296875,104010
2025-12-26 18:45:00+00:00,487.5459899902344,487.6499938964844,487.2099914550781,487.3550109863281,86965
2025-12-26 19:00:00+00:00,487.5199890136719,487.8900146484375,487.4501037597656,487.5425109863281,127858
2025-12-26 19:15:00+00:00,487.45001220703125,487.625,487.3599853515625,487.5299987792969,101455
2025-12-26 19:30:00+00:00,487.3599853515625,487.4700012207031,487.2200012207031,487.45001220703125,97530
2025-12-26 19:45:00+00:00,487.4599914550781,487.6000061035156,487.17999267578125,487.3599853515625,122188
2025-12-26 20:00:00+00:00,487.2179870605469,487.55999755859375,487.1724853515625,487.45001220703125,121428
2025-12-26 20:15:00+00:00,487.2200012207031,487.2799987792969,486.8999938964844,487.2300109863281,152198
2025-12-26 20:30:00+00:00,487.3550109863281,487.45001220703125,487.1099853515625,487.2300109863281,165555
2025-12-26 20:45:00+00:00,487.7850036621094,487.8800048828125,487.25,487.3599853515625,547184
2025-12-29 14:30:00+00:00,487.6700134277344,487.79998779296875,484.17999267578125,484.8550109863281,753734
2025-12-29 14:45:00+00:00,487.4700012207031,488.3500061035156,487.04998779296875,487.69000244140625,343045
2025-12-29 15:00:00+00:00,486.8999938964844,487.69000244140625,486.5757141113281,487.5150146484375,265812
2025-12-29 15:15:00+00:00,487.3599853515625,487.58990478515625,486.7900085449219,486.7900085449219,213478
2025-12-29 15:30:00+00:00,487.81500244140625,488.0,486.94000244140625,487.385009765625,184002
2025-12-29 15:45:00+00:00,487.1000061035156,487.8900146484375,486.6499938964844,487.837890625,187256
2025-12-29 16:00:00+00:00,486.19500732421875,487.30999755859375,485.88848876953125,487.1300048828125,243061
2025-12-29 16:15:00+00:00,485.7449951171875,486.189208984375,485.3999938964844,486.17999267578125,223917
2025-12-29 16:30:00+00:00,485.15008544921875,485.8599853515625,485.0199890136719,485.70001220703125,145731
2025-12-29 16:45:00+00:00,485.6099853515625,485.8399963378906,485.11199951171875,485.1499938964844,159222
2025-12-29 17:00:00+00:00,485.5199890136719,485.8998107910156,485.29998779296875,485.6300048828125,139747
2025-12-29 17:15:00+00:00,484.94000244140625,485.5249938964844,484.7300109863281,485.5249938964844,140118
2025-12-29 17:30:00+00:00,485.2300109863281,485.2300109863281,484.739990234375,484.94000244140625,132923
2025-12-29 17:45:00+00:00,485.45001220703125,485.6099853515625,485.125,485.239990234375,134048
2025-12-29 18:00:00+00:00,485.17041015625,485.5400085449219,485.1499938964844,485.4200134277344,108765
2025-12-29 18:15:00+00:00,485.625,485.69500732421875,485.1199951171875,485.20001220703125,1419041
2025-12-29 18:30:00+00:00,485.6099853515625,486.0,485.54998779296875,485.6099853515625,99477
2025-12-29 18:45:00+00:00,485.6387023925781,485.94000244140625,485.5679931640625,485.6099853515625,184498
2025-12-29 19:00:00+00:00,485.57000732421875,485.7099914550781,485.1199951171875,485.67999267578125,138119
2025-12-29 19:15:00+00:00,486.3299865722656,486.3500061035156,485.4888000488281,485.5600891113281,138739
2025-12-29 19:30:00+00:00,486.6600036621094,486.9082946777344,486.2699890136719,486.3599853515625,135065
2025-12-29 19:45:00+00:00,487.393798828125,487.6099853515625,486.6700134277344,486.67999267578125,153294
2025-12-29 20:00:00+00:00,487.375,487.4800109863281,487.1400146484375,487.3900146484375,146941
2025-12-29 20:15:00+00:00,487.07000732421875,487.3900146484375,486.8999938964844,487.3599853515625,163793
2025-12-29 20:30:00+00:00,486.8999938964844,487.31500244140625,486.8399963378906,487.07000732421875,162925
2025-12-29 20:45:00+00:00,487.10101318359375,487.2200012207031,486.3999938964844,486.8699951171875,2550998
2025-12-30 14:30:00+00:00,487.2099914550781,487.9800109863281,486.0911865234375,486.125,683024
2025-12-30 14:45:00+00:00,488.2349853515625,489.1400146484375,486.75,487.2699890136719,963507
2025-12-30 15:00:00+00:00,487.6549987792969,488.5,487.44000244140625,488.2799987792969,345190
2025-12-30 15:15:00+00:00,487.3800048828125,488.0400085449219,487.1499938964844,487.6650085449219,296391
2025-12-30 15:30:00+00:00,487.4849853515625,487.5150146484375,487.0899963378906,487.3500061035156,1021350
2025-12-30 15:45:00+00:00,488.7998962402344,488.8599853515625,487.335693359375,487.4849853515625,162868
2025-12-30 16:00:00+00:00,489.30999755859375,489.6700134277344,488.6549987792969,488.739990234375,268081
2025-12-30 16:15:00+00:00,488.5799865722656,489.6700134277344,488.5400085449219,489.301513671875,231000
2025-12-30 16:30:00+00:00,488.3304138183594,488.8598937988281,488.2699890136719,488.57501220703125,206666
2025-12-30 16:45:00+00:00,488.1199951171875,488.4849853515625,488.0,488.3599853515625,167511
2025-12-30 17:00:00+00:00,488.0450134277344,488.2349853515625,487.8699951171875,488.1199951171875,129837
2025-12-30 17:15:00+00:00,488.0799865722656,488.1846923828125,487.82000732421875,488.05499267578125,140710
2025-12-30 17:30:00+00:00,488.1000061035156,488.3537902832031,488.0150146484375,488.0799865722656,138036
2025-12-30 17:45:00+00:00,488.4088134765625,488.57000732421875,487.989990234375,488.0799865722656,194707
2025-12-30 18:00:00+00:00,488.2799987792969,488.3900146484375,487.95001220703125,488.3800048828125,130873
2025-12-30 18:15:00+00:00,488.2099914550781,488.45001220703125,488.0150146484375,488.2900085449219,175516
2025-12-30 18:30:00+00:00,488.5400085449219,488.70001220703125,488.1700134277344,488.17999267578125,142245
2025-12-30 18:45:00+00:00,488.6943054199219,488.8599853515625,488.4494934082031,488.5199890136719,281486
2025-12-30 19:00:00+00:00,488.5150146484375,488.79998779296875,488.3699951171875,488.6405944824219,111483
2025-12-30 19:15:00+00:00,488.5498962402344,488.6300048828125,488.3949890136719,488.54998779296875,123392
2025-12-30 19:30:00+00:00,488.489990234375,488.6650085449219,488.1300048828125,488.55999755859375,186256
2025-12-30 19:45:00+00:00,487.72900390625,488.489990234375,487.6700134277344,488.48651123046875,144862
2025-12-30 20:00:00+00:00,487.6499938964844,487.7900085449219,487.3900146484375,487.760009765625,172846
2025-12-30 20:15:00+00:00,487.80499267578125,487.92999267578125,487.55999755859375,487.6199951171875,192014
2025-12-30 20:30:00+00:00,488.45001220703125,488.489990234375,487.7699890136719,487.80499267578125,239415
2025-12-30 20:45:00+00:00,487.54998779296875,488.6600036621094,487.42999267578125,488.45001220703125,973875
2025-12-31 14:30:00+00:00,485.92999267578125,488.1400146484375,485.6600036621094,487.25,566820
2025-12-31 14:45:00+00:00,486.0799865722656,486.9200134277344,485.2300109863281,485.864990234375,703456
2025-12-31 15:00:00+00:00,485.8999938964844,486.29998779296875,485.57501220703125,486.0,316949
2025-12-31 15:15:00+00:00,485.6549987792969,486.1400146484375,485.32000732421875,485.8800048828125,287565
2025-12-31 15:30:00+00:00,485.2300109863281,485.70001220703125,484.8599853515625,485.6300048828125,267066
2025-12-31 15:45:00+00:00,484.69000244140625,485.3999938964844,484.5199890136719,485.2699890136719,226903
2025-12-31 16:00:00+00:00,484.3599853515625,485.04998779296875,484.2900085449219,484.68499755859375,262875
2025-12-31 16:15:00+00:00,485.2699890136719,485.3900146484375,484.3349914550781,484.3349914550781,240588
2025-12-31 16:30:00+00:00,485.19000244140625,485.3349914550781,484.79998779296875,485.2799987792969,191295
2025-12-31 16:45:00+00:00,485.80499267578125,485.8999938964844,485.0199890136719,485.1549987792969,198910
2025-12-31 17:00:00+00:00,485.3900146484375,485.8900146484375,485.260009765625,485.79998779296875,139185
2025-12-31 17:15:00+00:00,485.09600830078125,485.3940124511719,484.9200134277344,485.3940124511719,143089
2025-12-31 17:30:00+00:00,485.7139892578125,485.739990234375,484.9800109863281,485.0763854980469,122087
2025-12-31 17:45:00+00:00,485.4800109863281,485.82000732421875,485.3500061035156,485.7149963378906,125202
2025-12-31 18:00:00+00:00,485.8599853515625,485.87200927734375,485.4097900390625,485.4827880859375,110951
2025-12-31 18:15:00+00:00,485.8785095214844,485.8900146484375,485.5,485.8599853515625,129355
2025-12-31 18:30:00+00:00,486.1300048828125,486.29998779296875,485.7799987792969,485.885009765625,173421
2025-12-31 18:45:00+00:00,486.3197021484375,486.55999755859375,486.0199890136719,486.1600036621094,198433
2025-12-31 19:00:00+00:00,486.3500061035156,486.69500732421875,486.30999755859375,486.30999755859375,144121
2025-12-31 19:15:00+00:00,485.7300109863281,486.36871337890625,485.7099914550781,486.3500061035156,127432
2025-12-31 19:30:00+00:00,485.42999267578125,485.80999755859375,485.0849914550781,485.760009765625,156801
2025-12-31 19:45:00+00:00,485.05999755859375,485.6199951171875,485.0199890136719,485.42999267578125,133711
2025-12-31 20:00:00+00:00,484.02960205078125,485.0799865722656,483.8900146484375,485.05999755859375,201613
2025-12-31 20:15:00+00:00,483.5,484.31500244140625,483.30010986328125,483.989990234375,260995
2025-12-31 20:30:00+00:00,483.9200134277344,484.2650146484375,483.29998779296875,483.4800109863281,229609
2025-12-31 20:45:00+00:00,483.6499938964844,484.44000244140625,483.3299865722656,483.94000244140625,1021856
2026-01-02 14:30:00+00:00,480.1499938964844,484.6600036621094,479.4700012207031,483.0,1275224
2026-01-02 14:45:00+00:00,480.385009765625,481.3320007324219,479.75,480.11309814453125,837981
2026-01-02 15:00:00+00:00,476.364990234375,481.0150146484375,476.1199951171875,480.4150085449219,959468
2026-01-02 15:15:00+00:00,475.364990234375,476.4800109863281,474.8800048828125,476.30999755859375,701147
2026-01-02 15:30:00+00:00,476.364990234375,476.79998779296875,474.75,475.32000732421875,675002
2026-01-02 15:45:00+00:00,474.05999755859375,476.6965026855469,473.54998779296875,476.3599853515625,643432
2026-01-02 16:00:00+00:00,473.32501220703125,474.1400146484375,472.5209045410156,474.0,654999
2026-01-02 16:15:00+00:00,473.15301513671875,473.67999267578125,472.4200134277344,473.29998779296875,429288
2026-01-02 16:30:00+00:00,473.42498779296875,473.9100036621094,472.95001220703125,473.1199951171875,585595
2026-01-02 16:45:00+00:00,473.25,473.7699890136719,472.7300109863281,473.3949890136719,345829
2026-01-02 17:00:00+00:00,473.510009765625,473.7900085449219,472.7099914550781,473.20001220703125,378195
2026-01-02 17:15:00+00:00,473.885009765625,473.9200134277344,472.9200134277344,473.519287109375,440111
2026-01-02 17:30:00+00:00,472.8800048828125,474.07000732421875,472.8301086425781,473.9049987792969,335610
2026-01-02 17:45:00+00:00,472.30999755859375,473.1499938964844,472.0799865722656,472.8901062011719,357807
2026-01-02 18:00:00+00:00,471.9100036621094,472.69000244140625,471.7900085449219,472.32501220703125,302132
2026-01-02 18:15:00+00:00,471.8599853515625,472.5899963378906,471.7799987792969,471.8999938964844,270444
2026-01-02 18:30:00+00:00,471.19500732421875,471.9200134277344,470.9100036621094,471.8500061035156,350617
2026-01-02 18:45:00+00:00,470.5400085449219,471.45989990234375,470.1600036621094,471.2200012207031,403664
2026-01-02 19:00:00+00:00,471.67498779296875,472.1199951171875,470.4100036621094,470.5400085449219,433395
2026-01-02 19:15:00+00:00,472.5899963378906,472.79998779296875,471.6690979003906,471.6946105957031,367763
2026-01-02 19:30:00+00:00,472.4563903808594,473.3399963378906,472.4563903808594,472.5799865722656,394936
2026-01-02 19:45:00+00:00,471.9800109863281,472.6600036621094,471.760009765625,472.4700012207031,285643
2026-01-02 20:00:00+00:00,472.1050109863281,472.6000061035156,471.80999755859375,471.94000244140625,302439
2026-01-02 20:15:00+00:00,472.5249938964844,472.6000061035156,471.9599914550781,472.1199951171875,434064
2026-01-02 20:30:00+00:00,471.5028076171875,472.8800048828125,471.45001220703125,472.510009765625,464329
2026-01-02 20:45:00+00:00,472.92999267578125,473.0,471.2300109863281,471.5299987792969,1590336
2026-01-05 14:30:00+00:00,472.82330322265625,473.55999755859375,469.510009765625,473.260009765625,2095056
2026-01-05 14:45:00+00:00,472.55999755859375,473.1300048828125,471.2699890136719,472.7699890136719,672378
2026-01-05 15:00:00+00:00,472.9599914550781,473.44500732421875,472.0,472.5400085449219,706429
2026-01-05 15:15:00+00:00,473.06988525390625,473.3399963378906,472.41009521484375,472.9800109863281,652667
2026-01-05 15:30:00+00:00,472.04998779296875,473.30999755859375,471.92999267578125,473.07000732421875,555385
2026-01-05 15:45:00+00:00,472.3999938964844,472.5085144042969,471.80999755859375,472.010009765625,491597
2026-01-05 16:00:00+00:00,473.8599853515625,474.29998779296875,472.260009765625,472.3999938964844,590630
2026-01-05 16:15:00+00:00,474.17999267578125,474.2900085449219,473.4200134277344,473.8599853515625,400915
2026-01-05 16:30:00+00:00,475.05499267578125,475.5096130371094,474.12689208984375,474.1600036621094,515654
2026-01-05 16:45:00+00:00,475.0799865722656,475.29998779296875,474.57000732421875,475.052490234375,297232
2026-01-05 17:00:00+00:00,475.9100036621094,476.0528869628906,474.9750061035156,475.0799865722656,432044
2026-01-05 17:15:00+00:00,475.3999938964844,475.94000244140625,474.9599914550781,475.9100036621094,336328
2026-01-05 17:30:00+00:00,475.7099914550781,475.8424987792969,475.19500732421875,475.4049987792969,298766
2026-01-05 17:45:00+00:00,474.739990234375,475.9599914550781,474.7099914550781,475.7200012207031,366186
2026-01-05 18:00:00+00:00,474.2850036621094,474.8500061035156,473.739990234375,474.739990234375,446524
2026-01-05 18:15:00+00:00,474.82501220703125,474.8450012207031,473.9100036621094,474.2626037597656,283211
2026-01-05 18:30:00+00:00,475.0450134277344,475.2900085449219,474.739990234375,474.8299865722656,268191
2026-01-05 18:45:00+00:00,475.0299987792969,475.3999938964844,474.739990234375,475.05999755859375,300252
2026-01-05 19:00:00+00:00,475.7449951171875,475.9200134277344,474.8800048828125,475.04998779296875,319271
2026-01-05 19:15:00+00:00,474.7200012207031,475.7699890136719,474.57000732421875,475.7442932128906,354358
2026-01-05 19:30:00+00:00,474.05499267578125,474.8500061035156,473.5350036621094,474.69000244140625,351203
2026-01-05 19:45:00+00:00,473.9700012207031,474.2799987792969,473.4750061035156,474.05499267578125,324508
2026-01-05 20:00:00+00:00,473.82000732421875,474.1700134277344,473.6449890136719,473.95001220703125,478887
2026-01-05 20:15:00+00:00,473.7049865722656,473.94989013671875,473.3999938964844,473.8349914550781,360982
2026-01-05 20:30:00+00:00,473.3800048828125,474.5,473.340087890625,473.7124938964844,608191
2026-01-05 20:45:00+00:00,472.9200134277344,473.55999755859375,472.0400085449219,473.3800048828125,1291204
2026-01-06 14:30:00+00:00,470.92999267578125,473.95001220703125,470.8699951171875,473.75,1018221
2026-01-06 14:45:00+00:00,471.6050109863281,473.42999267578125,471.3999938964844,471.7674865722656,651927
2026-01-06 15:00:00+00:00,470.3599853515625,471.6499938964844,469.75,471.57000732421875,899725
2026-01-06 15:15:00+00:00,471.69500732421875,472.0697021484375,470.239990234375,470.32000732421875,475314
2026-01-06 15:30:00+00:00,471.7255859375,472.6449890136719,471.5799865722656,471.6700134277344,487268
2026-01-06 15:45:00+00:00,472.18499755859375,472.5769958496094,471.6000061035156,471.6099853515625,366153
2026-01-06 16:00:00+00:00,472.0950012207031,472.3598937988281,471.5199890136719,472.1700134277344,322612
2026-01-06 16:15:00+00:00,472.2149963378906,472.4798889160156,471.8699951171875,472.1050109863281,300698
2026-01-06 16:30:00+00:00,471.84698486328125,472.2409973144531,471.6499938964844,472.2149963378906,173372
2026-01-06 16:45:00+00:00,471.1896057128906,471.8999938964844,471.1199951171875,471.8800048828125,271049
2026-01-06 17:00:00+00:00,472.0400085449219,472.0899963378906,471.1199951171875,471.2250061035156,257899
2026-01-06 17:15:00+00:00,472.7200012207031,473.1199951171875,471.989990234375,472.0400085449219,292005
2026-01-06 17:30:00+00:00,475.239990234375,475.57000732421875,472.7300109863281,472.75,515086
2026-01-06 17:45:00+00:00,475.60089111328125,475.739990234375,475.010009765625,475.239990234375,391323
2026-01-06 18:00:00+00:00,474.5899963378906,475.625,474.489990234375,475.6199951171875,268927
2026-01-06 18:15:00+00:00,474.17498779296875,475.0899963378906,474.1300048828125,474.625,216597
2026-01-06 18:30:00+00:00,475.19000244140625,475.2300109863281,474.0105895996094,474.04998779296875,279661
2026-01-06 18:45:00+00:00,476.20001220703125,476.3599853515625,475.20001220703125,475.2300109863281,295757
2026-01-06 19:00:00+00:00,476.38580322265625,476.4700012207031,475.5400085449219,476.260009765625,256090
2026-01-06 19:15:00+00:00,476.8500061035156,476.9812927246094,476.4100036621094,476.635009765625,260874
2026-01-06 19:30:00+00:00,476.4549865722656,476.6650085449219,476.17999267578125,476.42999267578125,245873
2026-01-06 19:45:00+00:00,476.8299865722656,476.95001220703125,476.44000244140625,476.4599914550781,283032
2026-01-06 20:00:00+00:00,476.7149963378906,476.8399963378906,476.2799987792969,476.8399963378906,215929
2026-01-06 20:15:00+00:00,477.20001220703125,477.8385009765625,476.989990234375,476.9912109375,457182
2026-01-06 20:30:00+00:00,477.7449951171875,477.81500244140625,476.8699951171875,477.1570129394531,334461
2026-01-06 20:45:00+00:00,478.07000732421875,478.4800109863281,477.3599853515625,477.69000244140625,556967
2026-01-07 14:30:00+00:00,483.95599365234375,485.1199951171875,477.95001220703125,479.55999755859375,1937067
2026-01-07 14:45:00+00:00,483.6600036621094,484.760009765625,483.20001220703125,483.9549865722656,636151
2026-01-07 15:00:00+00:00,483.7550048828125,484.1000061035156,482.42010498046875,483.67999267578125,572927
2026-01-07 15:15:00+00:00,483.4100036621094,484.1600036621094,482.760009765625,483.80499267578125,510082
2026-01-07 15:30:00+00:00,486.385009765625,486.8999938964844,483.3599853515625,483.3800048828125,879677
2026-01-07 15:45:00+00:00,487.7149963378906,487.7300109863281,486.2799987792969,486.3599853515625,507836
2026-01-07 16:00:00+00:00,488.6400146484375,489.6994934082031,487.7377014160156,487.739990234375,4289828
2026-01-07 16:15:00+00:00,487.7300109863281,489.010009765625,487.5799865722656,488.6400146484375,510098
2026-01-07 16:30:00+00:00,487.4700012207031,487.80999755859375,486.79998779296875,487.7300109863281,436555
2026-01-07 16:45:00+00:00,487.8800048828125,488.389892578125,487.30999755859375,487.45001220703125,329769
2026-01-07 17:00:00+00:00,488.46319580078125,488.75,487.6199951171875,487.8500061035156,374607
2026-01-07 17:15:00+00:00,488.2300109863281,488.80999755859375,487.57000732421875,488.4457092285156,397023
2026-01-07 17:30:00+00:00,488.8749084472656,488.93499755859375,487.6600036621094,488.19000244140625,325282
2026-01-07 17:45:00+00:00,488.8699951171875,489.1650085449219,488.19000244140625,488.9800109863281,351277
2026-01-07 18:00:00+00:00,488.3500061035156,488.94000244140625,488.0,488.8699951171875,269023
2026-01-07 18:15:00+00:00,488.3200988769531,488.7099914550781,487.95001220703125,488.3550109863281,250089
2026-01-07 18:30:00+00:00,488.4100036621094,488.5799865722656,488.2099914550781,488.3599853515625,257480
2026-01-07 18:45:00+00:00,487.5799865722656,488.8500061035156,487.5400085449219,488.4200134277344,294968
2026-01-07 19:00:00+00:00,485.92999267578125,487.606689453125,485.7900085449219,487.606689453125,326024
2026-01-07 19:15:00+00:00,485.489990234375,485.9700012207031,485.2001037597656,485.94500732421875,277887
2026-01-07 19:30:00+00:00,485.1700134277344,485.5,484.9100036621094,485.4800109863281,236115
2026-01-07 19:45:00+00:00,484.9849853515625,485.4800109863281,484.9599914550781,485.1899108886719,212138
2026-01-07 20:00:00+00:00,484.3500061035156,485.215087890625,484.1400146484375,485.0,235539
2026-01-07 20:15:00+00:00,484.55999755859375,484.909912109375,484.19500732421875,484.3500061035156,346441
2026-01-07 20:30:00+00:00,483.94500732421875,484.55999755859375,483.5199890136719,484.5199890136719,428051
2026-01-07 20:45:00+00:00,483.4700012207031,484.0799865722656,483.0199890136719,483.9599914550781,1077029
2026-01-08 14:30:00+00:00,476.55999755859375,482.6600036621094,476.1099853515625,482.25,1153778
2026-01-08 14:45:00+00:00,477.9599914550781,479.0899963378906,475.8599853515625,476.0,668089
2026-01-08 15:00:00+00:00,478.4100036621094,479.489990234375,477.44000244140625,477.8900146484375,504969
2026-01-08 15:15:00+00:00,478.6000061035156,479.07989501953125,478.2300109863281,478.3999938964844,307937
2026-01-08 15:30:00+00:00,478.30999755859375,478.7300109863281,477.3399963378906,478.5400085449219,361459
2026-01-08 15:45:00+00:00,478.0199890136719,478.4200134277344,477.3299865722656,478.2900085449219,378788
2026-01-08 16:00:00+00:00,477.44500732421875,478.5299987792969,477.3800048828125,478.0249938964844,285874
2026-01-08 16:15:00+00:00,477.5899963378906,478.30999755859375,477.0264892578125,477.45001220703125,276922
2026-01-08 16:30:00+00:00,477.54998779296875,477.7699890136719,476.4750061035156,477.5899963378906,299826
2026-01-08 16:45:00+00:00,478.68499755859375,478.7124938964844,477.5,477.57000732421875,291507
2026-01-08 17:00:00+00:00,478.3599853515625,478.79998779296875,477.92999267578125,478.7099914550781,171043
2026-01-08 17:15:00+00:00,477.6050109863281,478.95001220703125,477.55999755859375,478.3299865722656,202989
2026-01-08 17:30:00+00:00,477.6499938964844,478.260009765625,477.5400085449219,477.5899963378906,192918
2026-01-08 17:45:00+00:00,478.19000244140625,478.82000732421875,477.5899963378906,477.6700134277344,214094
2026-01-08 18:00:00+00:00,477.17498779296875,478.3399963378906,477.1000061035156,478.20001220703125,216343
2026-01-08 18:15:00+00:00,477.5849914550781,477.7799987792969,477.05999755859375,477.17498779296875,187014
2026-01-08 18:30:00+00:00,477.57000732421875,477.9800109863281,477.4350891113281,477.55999755859375,146710
2026-01-08 18:45:00+00:00,477.135986328125,477.95001220703125,477.1300048828125,477.5899963378906,179896
2026-01-08 19:00:00+00:00,476.489990234375,477.3699951171875,476.3699951171875,477.1199951171875,184243
2026-01-08 19:15:00+00:00,476.7950134277344,477.2749938964844,476.1099853515625,476.489990234375,249730
2026-01-08 19:30:00+00:00,476.30499267578125,476.8900146484375,476.1600036621094,476.79180908203125,233930
2026-01-08 19:45:00+00:00,476.55499267578125,476.6098937988281,476.0799865722656,476.2699890136719,223600
2026-01-08 20:00:00+00:00,477.6549987792969,477.7200012207031,476.4599914550781,476.5400085449219,308885
2026-01-08 20:15:00+00:00,478.260009765625,478.3399963378906,477.3699951171875,477.6600036621094,298533
2026-01-08 20:30:00+00:00,477.8900146484375,478.8599853515625,477.5,478.239990234375,309687
2026-01-08 20:45:00+00:00,478.0400085449219,478.8299865722656,477.69000244140625,477.8999938964844,962209
2026-01-09 14:30:00+00:00,475.4602966308594,476.3399963378906,474.0,476.0,1434902
2026-01-09 14:45:00+00:00,472.8949890136719,475.67999267578125,472.2001037597656,475.4049987792969,855142
2026-01-09 15:00:00+00:00,474.4599914550781,474.5199890136719,472.2200012207031,472.8399963378906,611823
2026-01-09 15:15:00+00:00,475.7799987792969,476.1700134277344,474.1199951171875,474.48089599609375,485482
2026-01-09 15:30:00+00:00,474.6499938964844,476.6485900878906,474.5299987792969,475.7799987792969,690712
2026-01-09 15:45:00+00:00,473.95001220703125,475.135009765625,473.6300964355469,474.57000732421875,366505
2026-01-09 16:00:00+00:00,476.0,476.2398986816406,473.92999267578125,473.9800109863281,394668
2026-01-09 16:15:00+00:00,476.4700012207031,476.75,475.8599853515625,476.0400085449219,267172
2026-01-09 16:30:00+00:00,476.8999938964844,477.18499755859375,476.1199951171875,476.4800109863281,296982
2026-01-09 16:45:00+00:00,477.8599853515625,478.0199890136719,476.8699951171875,476.9200134277344,266283
2026-01-09 17:00:00+00:00,477.739990234375,478.1000061035156,477.3299865722656,477.864990234375,257953
2026-01-09 17:15:00+00:00,477.54998779296875,477.7475891113281,477.0,477.7475891113281,207916
2026-01-09 17:30:00+00:00,476.9599914550781,477.82000732421875,476.82000732421875,477.5400085449219,231461
2026-01-09 17:45:00+00:00,476.95001220703125,477.5224914550781,476.9200134277344,476.95001220703125,197720
2026-01-09 18:00:00+00:00,476.1099853515625,477.125,476.0400085449219,476.9599914550781,283230
2026-01-09 18:15:00+00:00,476.8500061035156,476.8900146484375,475.875,476.1199951171875,192951
2026-01-09 18:30:00+00:00,477.69000244140625,478.0799865722656,476.7850036621094,476.80999755859375,234003
2026-01-09 18:45:00+00:00,478.989990234375,479.260009765625,477.5400085449219,477.69000244140625,340767
2026-01-09 19:00:00+00:00,478.3999938964844,479.0400085449219,478.3999938964844,478.9700012207031,201274
2026-01-09 19:15:00+00:00,478.44500732421875,478.6650085449219,478.3500061035156,478.3999938964844,169629
2026-01-09 19:30:00+00:00,478.6700134277344,478.95001220703125,478.260009765625,478.4800109863281,200768
2026-01-09 19:45:00+00:00,478.7950134277344,479.2550048828125,478.57000732421875,478.67999267578125,273270
2026-01-09 20:00:00+00:00,479.07000732421875,479.1499938964844,478.5299987792969,478.7799987792969,190059
2026-01-09 20:15:00+00:00,479.5799865722656,479.69000244140625,479.0299987792969,479.051513671875,264236
2026-01-09 20:30:00+00:00,479.6400146484375,479.82000732421875,479.3500061035156,479.55999755859375,363317
2026-01-09 20:45:00+00:00,479.20001220703125,479.7900085449219,478.8900146484375,479.6400146484375,714553
2026-01-12 14:30:00+00:00,479.3699951171875,480.8800048828125,475.6802978515625,476.6700134277344,2071669
2026-01-12 14:45:00+00:00,479.9800109863281,480.9599914550781,478.93499755859375,479.3900146484375,393788
2026-01-12 15:00:00+00:00,479.8399963378906,480.07000732421875,478.7799987792969,479.9200134277344,325028
2026-01-12 15:15:00+00:00,478.5740966796875,479.8500061035156,478.260009765625,479.79998779296875,371295
2026-01-12 15:30:00+00:00,478.5775146484375,479.47918701171875,478.44000244140625,478.5813903808594,298726
2026-01-12 15:45:00+00:00,479.1400146484375,479.17999267578125,478.05999755859375,478.55999755859375,260043
2026-01-12 16:00:00+00:00,479.4599914550781,479.4800109863281,478.8175048828125,479.1300048828125,306218
2026-01-12 16:15:00+00:00,478.7856140136719,479.7200012207031,478.67999267578125,479.42999267578125,275622
2026-01-12 16:30:00+00:00,478.760009765625,479.1697082519531,478.70001220703125,478.7799987792969,188738
2026-01-12 16:45:00+00:00,478.864990234375,479.20001220703125,478.4200134277344,478.7650146484375,336383
2026-01-12 17:00:00+00:00,479.5050048828125,479.8500061035156,478.70001220703125,478.87249755859375,284896
2026-01-12 17:15:00+00:00,478.4599914550781,479.6000061035156,478.1199951171875,479.42999267578125,249558
2026-01-12 17:30:00+00:00,478.5,478.56201171875,477.9700012207031,478.4599914550781,213355
2026-01-12 17:45:00+00:00,478.2099914550781,478.6499938964844,478.1199951171875,478.5299987792969,201955
2026-01-12 18:00:00+00:00,478.489990234375,478.55999755859375,478.0799865722656,478.2099914550781,188127
2026-01-12 18:15:00+00:00,478.5299987792969,478.88751220703125,478.4468078613281,478.4800109863281,166371
2026-01-12 18:30:00+00:00,478.0199890136719,478.56500244140625,477.9599914550781,478.510009765625,190074
2026-01-12 18:45:00+00:00,478.1000061035156,478.3900146484375,477.8699951171875,478.0425109863281,234686
2026-01-12 19:00:00+00:00,478.55999755859375,478.6662902832031,477.8800048828125,478.1099853515625,240272
2026-01-12 19:15:00+00:00,479.1400146484375,479.2900085449219,478.54998779296875,478.57159423828125,238500
2026-01-12 19:30:00+00:00,479.4201965332031,479.67999267578125,479.04998779296875,479.1499938964844,215336
2026-01-12 19:45:00+00:00,479.79998779296875,479.8699951171875,479.38018798828125,479.42999267578125,224593
2026-01-12 20:00:00+00:00,480.2300109863281,480.6600036621094,479.4849853515625,479.7900085449219,394083
2026-01-12 20:15:00+00:00,479.239990234375,480.318603515625,479.20001220703125,480.239990234375,358684
2026-01-12 20:30:00+00:00,478.3999938964844,479.2300109863281,478.3599853515625,479.2300109863281,444595
2026-01-12 20:45:00+00:00,477.19000244140625,478.6698913574219,476.70001220703125,478.4100036621094,1266494
2026-01-13 14:30:00+00:00,473.5950012207031,475.760009765625,473.05999755859375,474.67498779296875,1495977
2026-01-13 14:45:00+00:00,472.9649963378906,473.94989013671875,472.0,473.5950012207031,786730
2026-01-13 15:00:00+00:00,472.0350036621094,473.65240478515625,471.92999267578125,472.94000244140625,728103
2026-01-13 15:15:00+00:00,468.239990234375,472.05999755859375,467.6099853515625,472.04998779296875,1228497
2026-01-13 15:30:00+00:00,466.42999267578125,468.2699890136719,465.95001220703125,468.239990234375,1246959
2026-01-13 15:45:00+00:00,468.3699951171875,468.7650146484375,466.32000732421875,466.4100036621094,823943
2026-01-13 16:00:00+00:00,468.5400085449219,468.70001220703125,467.9400939941406,468.3900146484375,484133
2026-01-13 16:15:00+00:00,468.739990234375,468.9700012207031,468.04998779296875,468.55499267578125,563074
2026-01-13 16:30:00+00:00,469.8999938964844,469.92999267578125,468.3900146484375,468.739990234375,415164
2026-01-13 16:45:00+00:00,470.54998779296875,470.885009765625,469.510009765625,469.9200134277344,432240
2026-01-13 17:00:00+00:00,469.8500061035156,471.2200012207031,469.82000732421875,470.55999755859375,414705
2026-01-13 17:15:00+00:00,469.7099914550781,469.93499755859375,468.6499938964844,469.8324890136719,337288
2026-01-13 17:30:00+00:00,468.69000244140625,470.08990478515625,468.5799865722656,469.739990234375,309174
2026-01-13 17:45:00+00:00,467.69000244140625,469.1600036621094,467.6199951171875,468.67999267578125,398852
2026-01-13 18:00:00+00:00,468.70001220703125,468.70001220703125,467.29998779296875,467.70361328125,385115
2026-01-13 18:15:00+00:00,468.7099914550781,468.7900085449219,467.8900146484375,468.7200012207031,361133
2026-01-13 18:30:00+00:00,467.7799072265625,468.9800109863281,467.7200012207031,468.69000244140625,281029
2026-01-13 18:45:00+00:00,467.3500061035156,467.9200134277344,467.20001220703125,467.75,270067
2026-01-13 19:00:00+00:00,466.2250061035156,467.55999755859375,465.989990234375,467.3500061035156,626407
2026-01-13 19:15:00+00:00,466.8399963378906,466.989990234375,466.19000244140625,466.25,434570
2026-01-13 19:30:00+00:00,466.95001220703125,467.45001220703125,466.75,466.79998779296875,455844
2026-01-13 19:45:00+00:00,467.1781005859375,467.4200134277344,466.3999938964844,466.9599914550781,329299
2026-01-13 20:00:00+00:00,467.5849914550781,468.2825012207031,467.1300048828125,467.19000244140625,609480
2026-01-13 20:15:00+00:00,468.239990234375,468.3999938964844,467.55999755859375,467.55999755859375,499062
2026-01-13 20:30:00+00:00,468.2799987792969,468.32000732421875,467.42498779296875,468.239990234375,368644
2026-01-13 20:45:00+00:00,470.7200012207031,471.0,468.04998779296875,468.2900085449219,1835044
2026-01-14 14:30:00+00:00,464.2349853515625,468.1700134277344,463.92999267578125,467.3349914550781,1758677
2026-01-14 14:45:00+00:00,464.42999267578125,465.45001220703125,464.04998779296875,464.25,721581
2026-01-14 15:00:00+00:00,465.1629943847656,465.2900085449219,463.20001220703125,464.44500732421875,797938
2026-01-14 15:15:00+00:00,464.6925048828125,466.1596984863281,464.6499938964844,465.1000061035156,427110
2026-01-14 15:30:00+00:00,463.2349853515625,465.1099853515625,463.0299987792969,464.67999267578125,529166
2026-01-14 15:45:00+00:00,461.7900085449219,463.489990234375,461.19000244140625,463.1700134277344,655300
2026-01-14 16:00:00+00:00,462.07501220703125,462.70001220703125,461.70001220703125,461.79998779296875,445812
2026-01-14 16:15:00+00:00,463.9049987792969,464.2099914550781,462.0,462.1098937988281,493213
2026-01-14 16:30:00+00:00,462.80499267578125,464.29168701171875,462.41009521484375,463.92999267578125,402434
2026-01-14 16:45:00+00:00,461.6400146484375,462.80999755859375,461.25,462.80999755859375,444856
2026-01-14 17:00:00+00:00,461.9949951171875,462.1000061035156,461.260009765625,461.625,365886
2026-01-14 17:15:00+00:00,461.6199951171875,462.0199890136719,460.7300109863281,461.9949951171875,486617
2026-01-14 17:30:00+00:00,461.6684875488281,461.760009765625,460.8200988769531,461.5899963378906,374130
2026-01-14 17:45:00+00:00,460.79998779296875,462.5150146484375,460.760009765625,461.67999267578125,449644
2026-01-14 18:00:00+00:00,460.67999267578125,461.3900146484375,460.67999267578125,460.7799987792969,377527
2026-01-14 18:15:00+00:00,460.5799865722656,461.1400146484375,460.25,460.7099914550781,430072
2026-01-14 18:30:00+00:00,459.3500061035156,460.7398986816406,458.1000061035156,460.5907897949219,746125
2026-01-14 18:45:00+00:00,459.7900085449219,459.92999267578125,458.75,459.38800048828125,384433
2026-01-14 19:00:00+00:00,459.4649963378906,460.0299987792969,459.25,459.7699890136719,467595
2026-01-14 19:15:00+00:00,458.8299865722656,459.6400146484375,458.6000061035156,459.4649963378906,383147
2026-01-14 19:30:00+00:00,458.4798889160156,459.0199890136719,458.2300109863281,458.8699951171875,462506
2026-01-14 19:45:00+00:00,457.7699890136719,458.5899963378906,457.6400146484375,458.44000244140625,539943
2026-01-14 20:00:00+00:00,457.7098083496094,458.9700012207031,457.17010498046875,457.760009765625,790543
2026-01-14 20:15:00+00:00,458.30499267578125,458.44500732421875,457.42999267578125,457.7149963378906,542758
2026-01-14 20:30:00+00:00,458.3399963378906,459.4898986816406,458.1600036621094,458.2900085449219,900265
2026-01-14 20:45:00+00:00,459.3800048828125,459.8599853515625,457.75,458.3599853515625,2250723
2026-01-15 14:30:00+00:00,459.9200134277344,462.8424987792969,459.0799865722656,462.6449890136719,2210874
2026-01-15 14:45:00+00:00,458.9100036621094,460.44000244140625,457.8999938964844,459.8900146484375,1145136
2026-01-15 15:00:00+00:00,458.9501037597656,459.4775085449219,458.04998779296875,458.92999267578125,604141
2026-01-15 15:15:00+00:00,458.8399963378906,459.75,458.5199890136719,458.9200134277344,572330
2026-01-15 15:30:00+00:00,458.79998779296875,460.5199890136719,458.739990234375,458.8349914550781,517737
2026-01-15 15:45:00+00:00,459.4599914550781,459.489990234375,457.5299987792969,458.79998779296875,725659
2026-01-15 16:00:00+00:00,460.44000244140625,460.57000732421875,459.1600036621094,459.44000244140625,451499
2026-01-15 16:15:00+00:00,460.04998779296875,460.92999267578125,459.95001220703125,460.45001220703125,434173
2026-01-15 16:30:00+00:00,460.6000061035156,460.6300048828125,459.6600036621094,460.0199890136719,307058
2026-01-15 16:45:00+00:00,460.625,460.9549865722656,460.2900085449219,460.54998779296875,291567
2026-01-15 17:00:00+00:00,461.1199951171875,461.3800048828125,460.4700012207031,460.6499938964844,253355
2026-01-15 17:15:00+00:00,459.9800109863281,461.17999267578125,459.80999755859375,461.17999267578125,226371
2026-01-15 17:30:00+00:00,459.5899963378906,460.0400085449219,459.510009765625,459.9543151855469,344364
2026-01-15 17:45:00+00:00,459.1748962402344,460.159912109375,459.1499938964844,459.5400085449219,302063
2026-01-15 18:00:00+00:00,459.5350036621094,460.20001220703125,459.07000732421875,459.1499938964844,226199
2026-01-15 18:15:00+00:00,459.4700012207031,459.80999755859375,459.2099914550781,459.5400085449219,237083
2026-01-15 18:30:00+00:00,458.7749938964844,459.54998779296875,458.57000732421875,459.45001220703125,295910
2026-01-15 18:45:00+00:00,458.010009765625,458.7799987792969,457.80999755859375,458.7749938964844,366042
2026-01-15 19:00:00+00:00,457.2200012207031,458.2699890136719,457.1499938964844,458.0,459141
2026-01-15 19:15:00+00:00,456.80999755859375,457.239990234375,456.70001220703125,457.2300109863281,390837
2026-01-15 19:30:00+00:00,457.7099914550781,457.760009765625,456.1000061035156,456.7900085449219,520445
2026-01-15 19:45:00+00:00,456.9100036621094,457.92999267578125,456.8100891113281,457.7099914550781,341102
2026-01-15 20:00:00+00:00,456.5249938964844,457.1499938964844,456.45001220703125,456.8900146484375,378233
2026-01-15 20:15:00+00:00,456.6361083984375,456.6499938964844,455.9100036621094,456.5350036621094,595806
2026-01-15 20:30:00+00:00,456.4783935546875,456.6600036621094,456.0299987792969,456.6600036621094,449601
2026-01-15 20:45:00+00:00,456.9100036621094,456.95001220703125,456.1700134277344,456.4649963378906,1160143
2026-01-16 14:30:00+00:00,458.2449951171875,460.3599853515625,456.4800109863281,457.20001220703125,4483012
2026-01-16 14:45:00+00:00,459.04998779296875,459.789794921875,458.0,458.2449951171875,819317
2026-01-16 15:00:00+00:00,458.8059997558594,459.5799865722656,458.489990234375,459.04998779296875,536428
2026-01-16 15:15:00+00:00,459.760009765625,460.239990234375,458.7950134277344,458.8699035644531,579094
2026-01-16 15:30:00+00:00,458.2900085449219,459.7699890136719,458.0299987792969,459.7560119628906,377260
2026-01-16 15:45:00+00:00,459.4700012207031,459.51300048828125,457.9800109863281,458.260009765625,353155
2026-01-16 16:00:00+00:00,459.489990234375,460.0299987792969,459.0799865722656,459.4200134277344,376517
2026-01-16 16:15:00+00:00,459.82000732421875,459.8800048828125,459.32000732421875,459.5299987792969,310291
2026-01-16 16:30:00+00:00,461.0548095703125,461.32000732421875,459.7149963378906,459.8500061035156,536488
2026-01-16 16:45:00+00:00,461.1419982910156,462.29998779296875,460.9100036621094,461.0799865722656,507566
2026-01-16 17:00:00+00:00,461.19000244140625,461.70001220703125,460.93011474609375,461.1400146484375,290908
2026-01-16 17:15:00+00:00,460.6099853515625,461.2300109863281,460.0799865722656,461.19500732421875,313702
2026-01-16 17:30:00+00:00,461.125,461.239990234375,460.1199951171875,460.6099853515625,243902
2026-01-16 17:45:00+00:00,461.1499938964844,461.260009765625,460.7699890136719,461.125,281363
2026-01-16 18:00:00+00:00,461.6449890136719,462.04998779296875,461.03009033203125,461.1600036621094,315391
2026-01-16 18:15:00+00:00,462.5199890136719,462.9200134277344,461.57000732421875,461.6199951171875,378432
2026-01-16 18:30:00+00:00,462.3800048828125,463.19000244140625,462.0950012207031,462.489990234375,329307
2026-01-16 18:45:00+00:00,462.4407958984375,462.6166076660156,462.1099853515625,462.3970947265625,212969
2026-01-16 19:00:00+00:00,462.1650085449219,462.95001220703125,461.9599914550781,462.42999267578125,311959
2026-01-16 19:15:00+00:00,461.9599914550781,462.20001220703125,461.3800048828125,462.1449890136719,256690
2026-01-16 19:30:00+00:00,462.19000244140625,462.6000061035156,461.94000244140625,461.94000244140625,1689024
2026-01-16 19:45:00+00:00,462.18499755859375,462.7300109863281,461.9800109863281,462.2200012207031,344477
2026-01-16 20:00:00+00:00,461.7200012207031,462.3999938964844,461.4800109863281,462.18499755859375,365971
2026-01-16 20:15:00+00:00,461.2101135253906,461.7442932128906,461.07501220703125,461.69000244140625,298742
2026-01-16 20:30:00+00:00,460.9100036621094,461.5599060058594,460.8599853515625,461.19000244140625,376395
2026-01-16 20:45:00+00:00,459.8699951171875,461.05999755859375,459.4200134277344,460.8900146484375,6233422
2026-01-20 14:30:00+00:00,454.4949951171875,454.6000061035156,449.2799987792969,451.42999267578125,2686096
2026-01-20 14:45:00+00:00,453.5299987792969,454.6000061035156,452.55999755859375,454.489990234375,884515
2026-01-20 15:00:00+00:00,452.7900085449219,453.7699890136719,451.98431396484375,453.5199890136719,729381
2026-01-20 15:15:00+00:00,453.25,454.0,452.1000061035156,452.7349853515625,642856
2026-01-20 15:30:00+00:00,454.6628112792969,454.7799987792969,453.04998779296875,453.2300109863281,637205
2026-01-20 15:45:00+00:00,454.19000244140625,454.7099914550781,453.6000061035156,454.6549987792969,758476
2026-01-20 16:00:00+00:00,455.010009765625,455.5,453.8900146484375,454.19000244140625,425398
2026-01-20 16:15:00+00:00,455.4750061035156,455.54998779296875,454.1099853515625,455.0,427821
2026-01-20 16:30:00+00:00,455.3399963378906,456.79998779296875,455.17999267578125,455.5,370226
2026-01-20 16:45:00+00:00,455.3500061035156,456.1499938964844,454.03009033203125,455.30999755859375,624832
2026-01-20 17:00:00+00:00,454.2301025390625,455.55999755859375,454.2300109863281,455.3299865722656,325550
2026-01-20 17:15:00+00:00,454.4700012207031,454.5199890136719,453.9700012207031,454.2799987792969,251473
2026-01-20 17:30:00+00:00,453.5199890136719,454.44000244140625,453.3399963378906,454.44000244140625,314553
2026-01-20 17:45:00+00:00,453.70001220703125,453.8299865722656,453.04998779296875,453.4800109863281,305955
2026-01-20 18:00:00+00:00,453.92498779296875,454.25,453.4599914550781,453.6300048828125,223684
2026-01-20 18:15:00+00:00,453.5799865722656,454.239990234375,453.3299865722656,453.93499755859375,300130
2026-01-20 18:30:00+00:00,452.9750061035156,453.69000244140625,452.7099914550781,453.5299987792969,353340
2026-01-20 18:45:00+00:00,452.8349914550781,453.5799865722656,452.489990234375,452.9750061035156,291970
2026-01-20 19:00:00+00:00,452.9200134277344,453.31988525390625,452.6499938964844,452.8900146484375,319299
2026-01-20 19:15:00+00:00,453.1000061035156,453.5,452.75970458984375,452.9100036621094,331300
2026-01-20 19:30:00+00:00,454.0450134277344,454.2300109863281,452.67999267578125,453.05999755859375,333131
2026-01-20 19:45:00+00:00,454.4721984863281,454.7200012207031,453.67999267578125,454.0450134277344,369874
2026-01-20 20:00:00+00:00,453.9110107421875,454.4949951171875,453.8716125488281,454.4949951171875,396651
2026-01-20 20:15:00+00:00,454.7799987792969,455.1199951171875,453.75,453.95001220703125,437616
2026-01-20 20:30:00+00:00,455.010009765625,455.07000732421875,454.3800048828125,454.7799987792969,398208
2026-01-20 20:45:00+00:00,454.6600036621094,455.32000732421875,453.6099853515625,455.0,1199545
2026-01-21 14:30:00+00:00,449.3500061035156,452.6896057128906,448.04998779296875,452.3500061035156,2078094
2026-01-21 14:45:00+00:00,451.50250244140625,452.0,448.82000732421875,449.3800048828125,964928
2026-01-21 15:00:00+00:00,450.75,451.9200134277344,449.7300109863281,451.3999938964844,797423
2026-01-21 15:15:00+00:00,450.20001220703125,451.5899963378906,449.6400146484375,450.7149963378906,584196
2026-01-21 15:30:00+00:00,450.3299865722656,451.19000244140625,449.8500061035156,450.20001220703125,575742
2026-01-21 15:45:00+00:00,451.0299987792969,451.8699951171875,450.3299865722656,450.3299865722656,509517
2026-01-21 16:00:00+00:00,449.42919921875,451.1199951171875,449.29998779296875,451.0400085449219,601472
2026-01-21 16:15:00+00:00,448.510009765625,449.5150146484375,448.510009765625,449.42498779296875,595707
2026-01-21 16:30:00+00:00,445.6400146484375,448.7998962402344,445.5799865722656,448.510009765625,899342
2026-01-21 16:45:00+00:00,443.95001220703125,445.69000244140625,443.7799987792969,445.6300048828125,941637
2026-01-21 17:00:00+00:00,443.6199951171875,444.739990234375,443.5299987792969,443.92999267578125,626381
2026-01-21 17:15:00+00:00,444.3349914550781,444.45001220703125,443.5,443.6700134277344,499641
2026-01-21 17:30:00+00:00,443.2850036621094,444.3399963378906,443.0,444.29998779296875,487993
2026-01-21 17:45:00+00:00,442.4100036621094,443.4200134277344,441.7900085449219,443.239990234375,950528
2026-01-21 18:00:00+00:00,441.07000732421875,442.4800109863281,439.2290954589844,442.4100036621094,1169632
2026-01-21 18:15:00+00:00,440.7650146484375,441.4800109863281,440.0,441.0799865722656,593919
2026-01-21 18:30:00+00:00,439.864990234375,440.8799133300781,439.510009765625,440.7300109863281,359904
2026-01-21 18:45:00+00:00,441.0899963378906,441.2300109863281,439.8299865722656,439.87750244140625,793956
2026-01-21 19:00:00+00:00,439.05499267578125,441.30999755859375,438.7200012207031,441.1499938964844,778448
2026-01-21 19:15:00+00:00,441.5899963378906,442.1000061035156,438.68499755859375,439.05499267578125,861290
2026-01-21 19:30:00+00:00,445.07989501953125,445.1099853515625,441.5899963378906,441.6025085449219,1023708
2026-01-21 19:45:00+00:00,446.7900085449219,447.2099914550781,445.0400085449219,445.0400085449219,1055181
2026-01-21 20:00:00+00:00,445.1499938964844,447.0799865722656,444.75,446.80999755859375,735976
2026-01-21 20:15:00+00:00,443.6199951171875,445.3999938964844,443.5400085449219,445.1700134277344,623382
2026-01-21 20:30:00+00:00,442.61248779296875,444.3599853515625,442.5400085449219,443.6037902832031,748481
2026-01-21 20:45:00+00:00,444.1499938964844,444.3599853515625,442.260009765625,442.57000732421875,1682016
2026-01-22 14:30:00+00:00,449.2749938964844,449.5299072265625,446.8699951171875,447.0,2005055
2026-01-22 14:45:00+00:00,446.0299987792969,449.94000244140625,445.0299987792969,449.2900085449219,1230996
2026-01-22 15:00:00+00:00,444.9700012207031,446.70001220703125,444.9700012207031,446.0899963378906,703762
2026-01-22 15:15:00+00:00,446.7900085449219,446.9396057128906,444.7349853515625,444.989990234375,699868
2026-01-22 15:30:00+00:00,446.9549865722656,447.55999755859375,446.19268798828125,446.7900085449219,629080
2026-01-22 15:45:00+00:00,446.57000732421875,447.5,446.4801025390625,446.94500732421875,478864
2026-01-22 16:00:00+00:00,447.1310119628906,447.19000244140625,446.4750061035156,446.57000732421875,525376
2026-01-22 16:15:00+00:00,449.1600036621094,449.19000244140625,447.010009765625,447.125,565441
2026-01-22 16:30:00+00:00,449.1351013183594,449.489990234375,448.5199890136719,449.1650085449219,475826
2026-01-22 16:45:00+00:00,449.4949951171875,449.8699951171875,449.0,449.2049865722656,354096
2026-01-22 17:00:00+00:00,449.7900085449219,450.218505859375,449.2950134277344,449.4949951171875,416809
2026-01-22 17:15:00+00:00,449.9150085449219,450.19000244140625,449.510009765625,449.7900085449219,294636
2026-01-22 17:30:00+00:00,450.94000244140625,451.1300048828125,449.8900146484375,449.9100036621094,366976
2026-01-22 17:45:00+00:00,451.54998779296875,451.75,450.8945007324219,450.8999938964844,300067
2026-01-22 18:00:00+00:00,451.3275146484375,452.8399963378906,451.2699890136719,451.5350036621094,476275
2026-01-22 18:15:00+00:00,451.8900146484375,452.05999755859375,451.1824035644531,451.3299865722656,320582
2026-01-22 18:30:00+00:00,451.3100891113281,452.32000732421875,451.2950134277344,451.8599853515625,362486
2026-01-22 18:45:00+00:00,450.94000244140625,451.814697265625,450.92999267578125,451.3500061035156,357283
2026-01-22 19:00:00+00:00,451.54998779296875,451.8399963378906,450.8399963378906,450.94000244140625,324599
2026-01-22 19:15:00+00:00,451.7300109863281,451.95001220703125,451.3304138183594,451.5450134277344,247379
2026-01-22 19:30:00+00:00,451.0299987792969,451.7900085449219,451.0299987792969,451.70001220703125,301808
2026-01-22 19:45:00+00:00,449.9949951171875,451.07501220703125,449.9800109863281,451.0,339290
2026-01-22 20:00:00+00:00,450.9801025390625,451.0199890136719,449.95001220703125,450.0199890136719,451038
2026-01-22 20:15:00+00:00,450.3949890136719,451.1300048828125,450.3399963378906,451.010009765625,389671
2026-01-22 20:30:00+00:00,450.0849914550781,450.69000244140625,449.6600036621094,450.3900146484375,496570
2026-01-22 20:45:00+00:00,451.2099914550781,451.489990234375,450.1199951171875,450.1199951171875,1069325
2026-01-23 14:30:00+00:00,454.6300048828125,455.20001220703125,450.6000061035156,451.8599853515625,1986837
2026-01-23 14:45:00+00:00,457.2799987792969,457.6700134277344,453.6400146484375,454.70001220703125,1229548
2026-01-23 15:00:00+00:00,461.3399963378906,462.489990234375,457.2799987792969,457.2799987792969,1625910
2026-01-23 15:15:00+00:00,463.12249755859375,463.7099914550781,461.3299865722656,461.3900146484375,1059109
2026-01-23 15:30:00+00:00,464.83990478515625,465.82000732421875,463.1300048828125,463.1300048828125,1089587
2026-01-23 15:45:00+00:00,467.7300109863281,467.7900085449219,464.4800109863281,464.7900085449219,1099947
2026-01-23 16:00:00+00:00,468.94000244140625,469.2799987792969,467.3139953613281,467.75,1046891
2026-01-23 16:15:00+00:00,466.6932067871094,469.25,466.598388671875,468.94000244140625,1807027
2026-01-23 16:30:00+00:00,468.510009765625,468.6698913574219,465.6000061035156,466.6499938964844,962157
2026-01-23 16:45:00+00:00,467.6600036621094,469.54998779296875,467.5199890136719,468.5249938964844,822495
2026-01-23 17:00:00+00:00,469.3004150390625,469.3004150390625,466.9100036621094,467.67498779296875,527744
2026-01-23 17:15:00+00:00,469.8299865722656,470.16900634765625,468.3494873046875,469.29998779296875,648291
2026-01-23 17:30:00+00:00,468.6499938964844,470.25,468.3299865722656,469.8299865722656,627271
2026-01-23 17:45:00+00:00,468.3399963378906,469.1300048828125,467.70001220703125,468.5899963378906,453399
2026-01-23 18:00:00+00:00,469.92498779296875,470.239990234375,468.16009521484375,468.3599853515625,491156
2026-01-23 18:15:00+00:00,470.7049865722656,470.8900146484375,469.7585144042969,469.9100036621094,655554
2026-01-23 18:30:00+00:00,469.010009765625,471.1000061035156,468.8800048828125,470.7300109863281,575952
2026-01-23 18:45:00+00:00,468.1199035644531,469.20001220703125,468.07000732421875,469.010009765625,866768
2026-01-23 19:00:00+00:00,469.30499267578125,469.510009765625,467.9200134277344,468.1000061035156,363373
2026-01-23 19:15:00+00:00,469.5199890136719,469.95001220703125,469.1099853515625,469.29998779296875,407216
2026-01-23 19:30:00+00:00,469.1781921386719,469.8599853515625,468.69000244140625,469.5350036621094,395091
2026-01-23 19:45:00+00:00,468.5799865722656,469.489990234375,468.4497985839844,469.20001220703125,312737
2026-01-23 20:00:00+00:00,467.5880126953125,468.6600036621094,467.1300048828125,468.5799865722656,461654
2026-01-23 20:15:00+00:00,467.70001220703125,467.82000732421875,467.0400085449219,467.54998779296875,454976
2026-01-23 20:30:00+00:00,468.5799865722656,468.6799011230469,467.17999267578125,467.69000244140625,603379
2026-01-23 20:45:00+00:00,465.8500061035156,468.6000061035156,465.6499938964844,468.5530090332031,2438055
2026-01-26 14:30:00+00:00,466.9800109863281,467.6700134277344,462.0,465.30499267578125,2193909
2026-01-26 14:45:00+00:00,468.8800048828125,470.3475036621094,466.1199951171875,466.9800109863281,1050364
2026-01-26 15:00:00+00:00,469.05999755859375,469.95001220703125,468.0400085449219,468.92999267578125,758173
2026-01-26 15:15:00+00:00,470.09320068359375,470.69000244140625,468.8200988769531,469.0849914550781,730459
2026-01-26 15:30:00+00:00,470.0199890136719,470.80999755859375,469.6400146484375,470.0849914550781,485051
2026-01-26 15:45:00+00:00,469.885009765625,470.739990234375,469.4800109863281,470.0299072265625,412409
2026-01-26 16:00:00+00:00,472.20001220703125,472.44000244140625,469.8200988769531,469.8800048828125,884427
2026-01-26 16:15:00+00:00,472.2300109863281,472.70001220703125,471.32000732421875,472.2300109863281,594986
2026-01-26 16:30:00+00:00,473.3999938964844,473.57000732421875,471.80999755859375,472.20001220703125,571093
2026-01-26 16:45:00+00:00,472.94000244140625,473.5400085449219,472.5700988769531,473.3999938964844,659079
2026-01-26 17:00:00+00:00,472.885009765625,473.9049987792969,472.7200012207031,472.8900146484375,510897
2026-01-26 17:15:00+00:00,473.5299987792969,474.0899963378906,472.75,472.8900146484375,345304
2026-01-26 17:30:00+00:00,473.57000732421875,473.67999267578125,472.489990234375,473.5,384046
2026-01-26 17:45:00+00:00,473.31500244140625,473.56500244140625,472.5,473.56500244140625,347707
2026-01-26 18:00:00+00:00,473.25,473.67999267578125,472.9949951171875,473.30499267578125,286328
2026-01-26 18:15:00+00:00,473.8900146484375,473.9700012207031,472.95001220703125,473.2099914550781,271145
2026-01-26 18:30:00+00:00,472.760009765625,474.25,472.6499938964844,473.8599853515625,338489
2026-01-26 18:45:00+00:00,472.73199462890625,472.9700012207031,472.1400146484375,472.760009765625,284929
2026-01-26 19:00:00+00:00,472.5950012207031,473.04998779296875,472.385009765625,472.7300109863281,267567
2026-01-26 19:15:00+00:00,472.6600036621094,472.8800048828125,472.29998779296875,472.5950012207031,223767
2026-01-26 19:30:00+00:00,472.9700012207031,473.2799987792969,472.3800048828125,472.67999267578125,372635
2026-01-26 19:45:00+00:00,472.45001220703125,473.10699462890625,472.4100036621094,472.9700012207031,319526
2026-01-26 20:00:00+00:00,472.43011474609375,472.75,472.16009521484375,472.42999267578125,244988
2026-01-26 20:15:00+00:00,471.8999938964844,472.44500732421875,471.6700134277344,472.42999267578125,317336
2026-01-26 20:30:00+00:00,472.4700012207031,472.6000061035156,471.8299865722656,471.8974914550781,5604888
2026-01-26 20:45:00+00:00,470.3599853515625,472.92999267578125,469.95001220703125,472.4700012207031,1542295
2026-01-27 14:30:00+00:00,477.6299133300781,477.989990234375,473.1600036621094,473.6449890136719,2369664
2026-01-27 14:45:00+00:00,477.69000244140625,478.1799011230469,475.69000244140625,477.55999755859375,1182466
2026-01-27 15:00:00+00:00,477.0299987792969,478.7200012207031,476.6700134277344,477.70001220703125,849690
2026-01-27 15:15:00+00:00,476.1099853515625,477.8500061035156,475.9800109863281,477.0050048828125,654302
2026-01-27 15:30:00+00:00,477.82989501953125,478.4100036621094,475.8500061035156,476.0899963378906,554088
2026-01-27 15:45:00+00:00,478.010009765625,478.8500061035156,477.54998779296875,477.75,582059
2026-01-27 16:00:00+00:00,479.1199951171875,479.5098876953125,477.9700012207031,478.0299987792969,659179
2026-01-27 16:15:00+00:00,479.19000244140625,479.79998779296875,478.8699951171875,479.1600036621094,544081
2026-01-27 16:30:00+00:00,479.6099853515625,479.80999755859375,479.0199890136719,479.1700134277344,353699
2026-01-27 16:45:00+00:00,480.5400085449219,480.8900146484375,479.5400085449219,479.6300048828125,568415
2026-01-27 17:00:00+00:00,479.2799987792969,480.79998779296875,478.92498779296875,480.55999755859375,471917
2026-01-27 17:15:00+00:00,479.79998779296875,479.9399108886719,478.3599853515625,479.2900085449219,396327
2026-01-27 17:30:00+00:00,480.7149963378906,481.05999755859375,479.739990234375,479.79998779296875,4385444
2026-01-27 17:45:00+00:00,480.7049865722656,481.1700134277344,480.4200134277344,480.70001220703125,399529
2026-01-27 18:00:00+00:00,481.17999267578125,481.3399963378906,480.07501220703125,480.7049865722656,369689
2026-01-27 18:15:00+00:00,481.2149963378906,481.4490051269531,480.75,481.1400146484375,429024
2026-01-27 18:30:00+00:00,481.0899963378906,481.32000732421875,480.75,481.2099914550781,320810
2026-01-27 18:45:00+00:00,482.70001220703125,482.8699951171875,481.07000732421875,481.1199035644531,455399
2026-01-27 19:00:00+00:00,481.82000732421875,482.7300109863281,481.2300109863281,482.7300109863281,434780
2026-01-27 19:15:00+00:00,482.0799865722656,482.1000061035156,481.5899963378906,481.81500244140625,339819
2026-01-27 19:30:00+00:00,481.5,482.2300109863281,481.0799865722656,482.0898132324219,383433
2026-01-27 19:45:00+00:00,481.80999755859375,482.1099853515625,480.79998779296875,481.5199890136719,475931
2026-01-27 20:00:00+00:00,481.3900146484375,482.0,481.1199951171875,481.839599609375,448111
2026-01-27 20:15:00+00:00,480.6000061035156,481.54998779296875,480.5199890136719,481.3900146484375,561132
2026-01-27 20:30:00+00:00,480.9100036621094,481.2449951171875,480.20001220703125,480.5799865722656,521267
2026-01-27 20:45:00+00:00,480.5799865722656,481.3800048828125,480.42999267578125,480.9100036621094,1389034
2026-01-28 14:30:00+00:00,480.05999755859375,483.739990234375,479.2900085449219,483.1300048828125,1672397
2026-01-28 14:45:00+00:00,480.8500061035156,481.8999938964844,479.7900085449219,480.1099853515625,718089
2026-01-28 15:00:00+00:00,480.57000732421875,481.1099853515625,480.1000061035156,480.8299865722656,633292
2026-01-28 15:15:00+00:00,481.0199890136719,481.3900146484375,480.0199890136719,480.5400085449219,540147
2026-01-28 15:30:00+00:00,479.3700866699219,481.1300048828125,479.3299865722656,481.0,625188
2026-01-28 15:45:00+00:00,479.1499938964844,479.7900085449219,478.8905029296875,479.3699951171875,424897
2026-01-28 16:00:00+00:00,480.04998779296875,480.30999755859375,478.8500061035156,479.1000061035156,473018
2026-01-28 16:15:00+00:00,479.4432067871094,480.0899963378906,479.05999755859375,480.0299987792969,438001
2026-01-28 16:30:00+00:00,478.510009765625,479.42999267578125,478.1199951171875,479.42999267578125,499578
2026-01-28 16:45:00+00:00,478.989990234375,479.25,478.0,478.44000244140625,480668
2026-01-28 17:00:00+00:00,479.6470947265625,479.95001220703125,478.7699890136719,479.0198974609375,411474
2026-01-28 17:15:00+00:00,478.67999267578125,480.1650085449219,478.6600036621094,479.6499938964844,392898
2026-01-28 17:30:00+00:00,478.6400146484375,478.96990966796875,478.04998779296875,478.6549987792969,307678
2026-01-28 17:45:00+00:00,479.1700134277344,479.2900085449219,478.3999938964844,478.5899963378906,293510
2026-01-28 18:00:00+00:00,479.0799865722656,479.17999267578125,478.3500061035156,479.1600036621094,279460
2026-01-28 18:15:00+00:00,478.8349914550781,479.44000244140625,478.69000244140625,479.0199890136719,237236
2026-01-28 18:30:00+00:00,479.75,480.0599060058594,478.82000732421875,478.8599853515625,451514
2026-01-28 18:45:00+00:00,480.7099914550781,481.0498962402344,479.7099914550781,479.7825012207031,490902
2026-01-28 19:00:00+00:00,480.989990234375,481.45001220703125,479.6099853515625,480.7398986816406,623376
2026-01-28 19:15:00+00:00,480.6099853515625,481.6700134277344,480.5799865722656,480.9599914550781,488099
2026-01-28 19:30:00+00:00,480.98748779296875,481.3699951171875,479.8999938964844,480.6549987792969,548488
2026-01-28 19:45:00+00:00,480.57501220703125,481.4700012207031,480.5199890136719,480.9599914550781,494089
2026-01-28 20:00:00+00:00,479.75,481.05999755859375,479.70001220703125,480.5400085449219,483774
2026-01-28 20:15:00+00:00,479.7900085449219,480.4599914550781,479.5,479.7200012207031,514904
2026-01-28 20:30:00+00:00,479.7799987792969,480.4200134277344,479.2099914550781,479.7799987792969,762786
2026-01-28 20:45:00+00:00,481.7200012207031,483.3299865722656,479.510009765625,479.760009765625,2369490
2026-01-29 14:30:00+00:00,433.80999755859375,442.29998779296875,429.239990234375,439.864990234375,15935733
2026-01-29 14:45:00+00:00,428.5199890136719,433.8341064453125,428.010009765625,433.8341064453125,6311896
2026-01-29 15:00:00+00:00,426.6000061035156,429.42999267578125,423.92999267578125,428.54998779296875,5986700
2026-01-29 15:15:00+00:00,426.3299865722656,429.4999084472656,426.0199890136719,426.6000061035156,3997896
2026-01-29 15:30:00+00:00,424.8334045410156,426.7200012207031,424.0299987792969,426.3699951171875,3552428
2026-01-29 15:45:00+00:00,423.4100036621094,426.0199890136719,423.3800048828125,424.8399963378906,3013272
2026-01-29 16:00:00+00:00,422.79998779296875,424.3900146484375,421.0199890136719,423.4100036621094,3322068
2026-01-29 16:15:00+00:00,422.6499938964844,423.5299987792969,421.8299865722656,422.80499267578125,2793720
2026-01-29 16:30:00+00:00,424.239990234375,425.25,422.54998779296875,422.6600036621094,2639255
2026-01-29 16:45:00+00:00,423.8500061035156,424.4898986816406,422.6700134277344,424.239990234375,2003143
2026-01-29 17:00:00+00:00,424.80999755859375,425.25,423.6200866699219,423.8399963378906,2069721
2026-01-29 17:15:00+00:00,424.78118896484375,425.3999938964844,423.6000061035156,424.80999755859375,1983737
2026-01-29 17:30:00+00:00,424.3349914550781,425.3800048828125,423.6099853515625,424.7699890136719,1737767
2026-01-29 17:45:00+00:00,424.4750061035156,424.7900085449219,423.010009765625,424.2799987792969,1735501
2026-01-29 18:00:00+00:00,425.1650085449219,425.6700134277344,424.32000732421875,424.50250244140625,1639929
2026-01-29 18:15:00+00:00,423.94970703125,425.1499938964844,423.3800048828125,425.1400146484375,1549452
2026-01-29 18:30:00+00:00,423.8599853515625,424.25,423.0299987792969,423.9495849609375,1179135
2026-01-29 18:45:00+00:00,423.409912109375,424.8299865722656,423.25,423.87921142578125,1375724
2026-01-29 19:00:00+00:00,423.75,424.04998779296875,423.010009765625,423.3800048828125,1274570
2026-01-29 19:15:00+00:00,423.82000732421875,424.3500061035156,423.57000732421875,423.760009765625,1366903
2026-01-29 19:30:00+00:00,423.40399169921875,424.32000732421875,423.1200866699219,423.79998779296875,1305818
2026-01-29 19:45:00+00:00,423.75250244140625,423.9800109863281,423.2040100097656,423.3949890136719,1149068
2026-01-29 20:00:00+00:00,424.3349914550781,424.760009765625,423.3900146484375,423.760009765625,1386455
2026-01-29 20:15:00+00:00,427.31671142578125,427.5299987792969,424.3299865722656,424.3299865722656,2556031
2026-01-29 20:30:00+00:00,431.45989990234375,431.7799987792969,427.20001220703125,427.3450012207031,3534388
2026-01-29 20:45:00+00:00,433.4800109863281,433.489990234375,428.260009765625,431.45001220703125,6296528
2026-01-30 14:30:00+00:00,433.29998779296875,439.4700012207031,432.8299865722656,439.1700134277344,4781147
2026-01-30 14:45:00+00:00,435.55999755859375,436.3999938964844,432.4100036621094,433.29998779296875,2184372
2026-01-30 15:00:00+00:00,436.4599914550781,437.2998962402344,435.3599853515625,435.5249938964844,1448645
2026-01-30 15:15:00+00:00,432.875,437.07000732421875,432.7001037597656,436.4549865722656,1845145
2026-01-30 15:30:00+00:00,433.2349853515625,433.5198974609375,432.6199951171875,432.8500061035156,385549
2026-02-02 19:00:00+00:00,423.9649963378906,424.5,423.7799987792969,424.18499755859375,6092114
2026-02-02 19:15:00+00:00,423.95001220703125,424.510009765625,423.79998779296875,423.95001220703125,594039
2026-02-02 19:30:00+00:00,423.7799987792969,424.25,423.5299987792969,423.92999267578125,562367
2026-02-02 19:45:00+00:00,423.05999755859375,423.7749938964844,422.25,423.7650146484375,1027650
2026-02-02 20:00:00+00:00,424.32501220703125,424.327392578125,422.7200012207031,423.0400085449219,609718
2026-02-02 20:15:00+00:00,424.2200012207031,424.9200134277344,423.8599853515625,424.29998779296875,867029
2026-02-02 20:30:00+00:00,424.2349853515625,424.79998779296875,424.04998779296875,424.2149963378906,760415
2026-02-02 20:45:00+00:00,423.30999755859375,424.5899963378906,423.1400146484375,424.2349853515625,2048287
2026-02-03 14:30:00+00:00,416.1846008300781,422.010009765625,415.6000061035156,422.010009765625,4197963
2026-02-03 14:45:00+00:00,415.3800048828125,417.20001220703125,414.70001220703125,416.1813049316406,1971084
2026-02-03 15:00:00+00:00,414.5899963378906,415.9700012207031,413.70001220703125,415.3800048828125,1966209
2026-02-03 15:15:00+00:00,412.30999755859375,415.0899963378906,412.110107421875,414.5849914550781,1528843
2026-02-03 15:30:00+00:00,413.0198974609375,413.0299987792969,411.32000732421875,412.2283935546875,1366112
2026-02-03 15:45:00+00:00,413.4150085449219,413.9800109863281,412.45001220703125,412.9800109863281,1315006
2026-02-03 16:00:00+00:00,413.69500732421875,413.9800109863281,412.82000732421875,413.4150085449219,1223965
2026-02-03 16:15:00+00:00,413.2200012207031,414.67999267578125,413.010009765625,413.7200012207031,1060068
2026-02-03 16:30:00+00:00,412.20001220703125,413.55999755859375,412.1199951171875,413.25,997560
2026-02-03 16:45:00+00:00,412.6050109863281,413.1000061035156,411.239990234375,412.17999267578125,948307
2026-02-03 17:00:00+00:00,411.3299865722656,412.8699951171875,411.231201171875,412.5799865722656,770137
2026-02-03 17:15:00+00:00,411.13751220703125,411.9599914550781,411.05999755859375,411.3550109863281,838416
2026-02-03 17:30:00+00:00,409.5199890136719,411.1400146484375,409.3700866699219,411.1199951171875,1427988
2026-02-03 17:45:00+00:00,411.1700134277344,411.70599365234375,409.3699951171875,409.5,1184484
2026-02-03 18:00:00+00:00,411.7799987792969,412.80999755859375,411.1600036621094,411.1700134277344,762612
2026-02-03 18:15:00+00:00,412.3500061035156,412.489990234375,411.17999267578125,411.79998779296875,784816
2026-02-03 18:30:00+00:00,410.3699951171875,412.3599853515625,410.1199951171875,412.29998779296875,812427
2026-02-03 18:45:00+00:00,409.82000732421875,410.7300109863281,409.57000732421875,410.3900146484375,815289
2026-02-03 19:00:00+00:00,411.3810119628906,411.46990966796875,409.4280090332031,409.8399963378906,967437
2026-02-03 19:15:00+00:00,410.92498779296875,411.5,410.2799987792969,411.32000732421875,936447
2026-02-03 19:30:00+00:00,409.2699890136719,411.07989501953125,409.2099914550781,410.9599914550781,1034011
2026-02-03 19:45:00+00:00,410.1300048828125,410.2200012207031,408.57000732421875,409.2699890136719,1266083
2026-02-03 20:00:00+00:00,410.7300109863281,410.7699890136719,409.2099914550781,410.1099853515625,873380
2026-02-03 20:15:00+00:00,409.7099914550781,410.80999755859375,409.1000061035156,410.7300109863281,1104825
2026-02-03 20:30:00+00:00,409.67999267578125,410.8399963378906,409.5400085449219,409.6700134277344,1170174
2026-02-03 20:45:00+00:00,411.2900085449219,411.3500061035156,409.0140075683594,409.6700134277344,2548841
2026-02-04 14:30:00+00:00,413.1724853515625,415.3299865722656,410.1000061035156,411.05999755859375,2953197
2026-02-04 14:45:00+00:00,410.260009765625,413.4744873046875,409.5400085449219,413.1499938964844,1461978
2026-02-04 15:00:00+00:00,414.489990234375,416.6000061035156,409.260009765625,410.0299987792969,2338177
2026-02-04 15:15:00+00:00,417.9750061035156,418.0899963378906,412.82000732421875,414.5,1622108
2026-02-04 15:30:00+00:00,416.2900085449219,418.0899963378906,415.45001220703125,418.010009765625,1361277
2026-02-04 15:45:00+00:00,415.44000244140625,416.7449951171875,414.44000244140625,416.3135070800781,938753
2026-02-04 16:00:00+00:00,416.2179870605469,416.8550109863281,414.0299987792969,415.4200134277344,805373
2026-02-04 16:15:00+00:00,416.5101013183594,416.7200012207031,415.3500061035156,416.1600036621094,729438
2026-02-04 16:30:00+00:00,414.19488525390625,416.5398864746094,414.02349853515625,416.489990234375,733695
2026-02-04 16:45:00+00:00,415.42999267578125,416.37799072265625,413.70001220703125,414.18499755859375,659096
2026-02-04 17:00:00+00:00,413.92999267578125,415.7550048828125,413.8949890136719,415.42999267578125,495808
2026-02-04 17:15:00+00:00,413.29998779296875,414.5,413.1400146484375,413.989990234375,537479
2026-02-04 17:30:00+00:00,414.22760009765625,414.33990478515625,412.4501037597656,413.2900085449219,739090
2026-02-04 17:45:00+00:00,414.3550109863281,414.79998779296875,413.414794921875,414.20001220703125,590294
2026-02-04 18:00:00+00:00,414.3349914550781,414.5299987792969,413.44000244140625,414.3699951171875,496434
2026-02-04 18:15:00+00:00,415.42999267578125,415.75,414.1400146484375,414.3655090332031,410478
2026-02-04 18:30:00+00:00,416.2900085449219,416.7099914550781,414.8800048828125,415.4200134277344,464637
2026-02-04 18:45:00+00:00,417.5199890136719,418.32000732421875,416.17999267578125,416.2699890136719,723905
2026-02-04 19:00:00+00:00,416.7528991699219,417.6400146484375,416.010009765625,417.5299987792969,562544
2026-02-04 19:15:00+00:00,417.4100036621094,417.489990234375,416.3800048828125,416.7950134277344,515700
2026-02-04 19:30:00+00:00,417.93951416015625,418.17999267578125,417.17999267578125,417.42999267578125,639716
2026-02-04 19:45:00+00:00,417.7349853515625,418.6700134277344,417.42999267578125,417.94500732421875,843812
2026-02-04 20:00:00+00:00,415.8800048828125,417.82000732421875,415.70001220703125,417.7099914550781,591685
2026-02-04 20:15:00+00:00,415.1600036621094,416.04998779296875,415.1400146484375,415.9298095703125,657480
2026-02-04 20:30:00+00:00,415.69000244140625,415.8800048828125,414.875,415.1400146484375,876727
2026-02-04 20:45:00+00:00,414.2200012207031,415.79998779296875,412.67999267578125,415.6499938964844,2323868
2026-02-05 14:30:00+00:00,403.79998779296875,408.29998779296875,401.5799865722656,407.7699890136719,5350945
2026-02-05 14:45:00+00:00,400.739990234375,405.1000061035156,400.17999267578125,403.7900085449219,2226221
2026-02-05 15:00:00+00:00,398.15008544921875,401.239990234375,398.1099853515625,400.7449951171875,3258022
2026-02-05 15:15:00+00:00,401.71051025390625,401.7699890136719,397.70001220703125,398.1575012207031,2130054
2026-02-05 15:30:00+00:00,402.19000244140625,403.2900085449219,399.8299865722656,401.67999267578125,1394772
2026-02-05 15:45:00+00:00,400.2900085449219,402.19500732421875,399.1499938964844,402.1700134277344,1294772
2026-02-05 16:00:00+00:00,400.32000732421875,400.9100036621094,399.5,400.3299865722656,1055688
2026-02-05 16:15:00+00:00,404.3299865722656,404.70001220703125,400.2500915527344,400.32000732421875,1544252
2026-02-05 16:30:00+00:00,403.9849853515625,404.9800109863281,403.6401062011719,404.3800048828125,1045463
2026-02-05 16:45:00+00:00,405.69500732421875,405.94500732421875,403.4599914550781,404.0199890136719,896768
2026-02-05 17:00:00+00:00,404.9700012207031,405.6499938964844,404.1099853515625,405.6300048828125,548945
2026-02-05 17:15:00+00:00,405.69000244140625,406.1698913574219,404.510009765625,404.989990234375,714540
2026-02-05 17:30:00+00:00,405.590087890625,406.30999755859375,404.9800109863281,405.760009765625,603452
2026-02-05 17:45:00+00:00,402.7099914550781,405.9198913574219,402.67999267578125,405.6400146484375,765686
2026-02-05 18:00:00+00:00,401.8699951171875,403.6400146484375,401.67999267578125,402.7101135253906,746327
2026-02-05 18:15:00+00:00,401.30999755859375,401.8900146484375,400.7300109863281,401.82000732421875,832176
2026-02-05 18:30:00+00:00,401.1400146484375,402.2300109863281,400.69000244140625,401.32000732421875,668509
2026-02-05 18:45:00+00:00,400.20001220703125,401.3900146484375,400.04998779296875,401.1300048828125,698923
2026-02-05 19:00:00+00:00,399.94000244140625,400.739990234375,399.6000061035156,400.2349853515625,1218905
2026-02-05 19:15:00+00:00,397.8599853515625,400.0899963378906,397.80999755859375,399.93341064453125,1134109
2026-02-05 19:30:00+00:00,398.0899963378906,398.20001220703125,397.1199951171875,397.8299865722656,1221962
2026-02-05 19:45:00+00:00,396.0799865722656,398.3999938964844,395.739990234375,398.0899963378906,1593881
2026-02-05 20:00:00+00:00,394.7099914550781,396.95001220703125,394.69000244140625,396.04998779296875,1938772
2026-02-05 20:15:00+00:00,393.42498779296875,395.04998779296875,392.9100036621094,394.6820068359375,1828821
2026-02-05 20:30:00+00:00,393.0950012207031,394.5,393.0799865722656,393.4200134277344,1951388
2026-02-05 20:45:00+00:00,393.6000061035156,394.0,392.3299865722656,393.0950012207031,3208417
2026-02-06 14:30:00+00:00,399.04998779296875,400.1000061035156,393.75,399.1650085449219,4643173
2026-02-06 14:45:00+00:00,395.6075134277344,399.989990234375,395.5799865722656,399.29998779296875,2318907
2026-02-06 15:00:00+00:00,395.04998779296875,397.1000061035156,394.55999755859375,395.7650146484375,1735467
2026-02-06 15:15:00+00:00,395.614990234375,396.8399963378906,394.0400085449219,395.05499267578125,1741722
2026-02-06 15:30:00+00:00,394.8949890136719,396.4700012207031,394.60009765625,395.5799865722656,1213309
2026-02-06 15:45:00+00:00,394.0450134277344,394.3299865722656,393.5400085449219,393.6400146484375,1446409
2026-02-06 16:00:00+00:00,396.114990234375,396.8399963378906,394.05999755859375,394.05999755859375,1144488
2026-02-06 16:15:00+00:00,397.43499755859375,398.239990234375,396.9100036621094,397.17999267578125,1058218
2026-02-06 16:30:00+00:00,396.95001220703125,398.3800048828125,396.69000244140625,397.3999938964844,1468867
2026-02-06 16:45:00+00:00,396.4700012207031,397.29998779296875,395.5299987792969,396.9880065917969,672847
2026-02-06 17:00:00+00:00,396.760009765625,397.7300109863281,396.06500244140625,396.4649963378906,611053
2026-02-06 17:15:00+00:00,397.95001220703125,397.9700012207031,396.67840576171875,396.7449951171875,1422564
2026-02-06 17:30:00+00:00,397.4750061035156,398.9399108886719,397.0899963378906,397.95001220703125,763857
2026-02-06 17:45:00+00:00,398.8999938964844,399.2099914550781,397.4599914550781,397.5,936277
2026-02-06 18:00:00+00:00,399.92999267578125,401.30999755859375,398.8999938964844,398.9100036621094,993424
2026-02-06 18:15:00+00:00,399.4750061035156,399.9200134277344,398.9800109863281,399.12799072265625,887603
2026-02-06 18:30:00+00:00,399.4750061035156,400.0899963378906,399.1549987792969,399.52630615234375,633968
2026-02-06 18:45:00+00:00,397.73748779296875,399.6000061035156,397.06500244140625,399.49609375,793070
2026-02-06 19:00:00+00:00,398.1400146484375,398.54998779296875,397.5,397.7699890136719,611684
2026-02-06 19:15:00+00:00,399.1400146484375,399.45001220703125,397.989990234375,398.1600036621094,823443
2026-02-06 19:30:00+00:00,399.29998779296875,399.8599853515625,398.9649963378906,399.1600036621094,637041
2026-02-06 19:45:00+00:00,399.4866027832031,399.8299865722656,399.1700134277344,399.2983093261719,594229
2026-02-06 20:00:00+00:00,399.82501220703125,400.0299987792969,399.25,399.4700012207031,662388
2026-02-06 20:15:00+00:00,399.6600036621094,400.0899963378906,399.4200134277344,399.8399963378906,715913
2026-02-06 20:30:00+00:00,400.3349914550781,400.6300048828125,399.2799987792969,399.6300048828125,787855
2026-02-06 20:45:00+00:00,400.80999755859375,401.7900085449219,400.32000732421875,400.3349914550781,2320794
2026-02-09 14:30:00+00:00,409.0849914550781,409.8900146484375,400.8699951171875,404.79998779296875,3932828
2026-02-09 14:45:00+00:00,407.57000732421875,409.4800109863281,405.8900146484375,408.42498779296875,1513481
2026-02-09 15:00:00+00:00,410.32049560546875,410.5,407.072509765625,407.5799865722656,1430503
2026-02-09 15:15:00+00:00,409.9200134277344,410.8800048828125,409.3800048828125,410.3009948730469,1628098
2026-02-09 15:30:00+00:00,410.1950988769531,410.80999755859375,409.6099853515625,409.92498779296875,908343
2026-02-09 15:45:00+00:00,411.7799987792969,411.8800048828125,410.0,410.19500732421875,908145
2026-02-09 16:00:00+00:00,411.7200012207031,412.0899963378906,411.3399963378906,411.7900085449219,748754
2026-02-09 16:15:00+00:00,412.0150146484375,412.1600036621094,410.6300048828125,411.70001220703125,749467
2026-02-09 16:30:00+00:00,411.8800048828125,412.1700134277344,411.45001220703125,412.0,523323
2026-02-09 16:45:00+00:00,412.1199951171875,412.7799987792969,411.6191101074219,411.8800048828125,574668
2026-02-09 17:00:00+00:00,412.0899963378906,412.70001220703125,411.8399963378906,412.1000061035156,552592
2026-02-09 17:15:00+00:00,412.2699890136719,412.8999938964844,411.8900146484375,412.07000732421875,571324
2026-02-09 17:30:00+00:00,412.55499267578125,412.9200134277344,411.9800109863281,412.3299865722656,417940
2026-02-09 17:45:00+00:00,411.95001220703125,412.760009765625,411.8299865722656,412.55499267578125,487484
2026-02-09 18:00:00+00:00,412.7018127441406,412.7300109863281,411.75,411.9599914550781,515880
2026-02-09 18:15:00+00:00,411.9849853515625,412.739990234375,411.9100036621094,412.67999267578125,444829
2026-02-09 18:30:00+00:00,413.0,413.1654052734375,411.8800048828125,411.9800109863281,444194
2026-02-09 18:45:00+00:00,413.0849914550781,413.3399963378906,412.6600036621094,413.0,450927
2026-02-09 19:00:00+00:00,414.2900085449219,414.2900085449219,412.7699890136719,413.1099853515625,715812
2026-02-09 19:15:00+00:00,414.4949951171875,414.55999755859375,413.70001220703125,414.2900085449219,571871
2026-02-09 19:30:00+00:00,414.7699890136719,414.8900146484375,414.20001220703125,414.4949951171875,594367
2026-02-09 19:45:00+00:00,413.8500061035156,414.864990234375,413.760009765625,414.7601013183594,524577
2026-02-09 20:00:00+00:00,414.1400146484375,414.30999755859375,413.67999267578125,413.8500061035156,497062
2026-02-09 20:15:00+00:00,412.9800109863281,414.1600036621094,412.6499938964844,414.1400146484375,727169
2026-02-09 20:30:00+00:00,413.7799987792969,413.80999755859375,412.45001220703125,412.9750061035156,706091
2026-02-09 20:45:00+00:00,413.5,414.489990234375,413.19000244140625,413.7799987792969,11967260
2026-02-10 14:30:00+00:00,417.45819091796875,419.79998779296875,414.739990234375,419.6199951171875,3042300
2026-02-10 14:45:00+00:00,421.31500244140625,421.3299865722656,417.3900146484375,417.5459899902344,1618276
2026-02-10 15:00:00+00:00,421.1400146484375,423.67999267578125,420.7900085449219,421.2799987792969,1849921
2026-02-10 15:15:00+00:00,420.82501220703125,421.20989990234375,419.8800048828125,421.1499938964844,1099370
2026-02-10 15:30:00+00:00,422.05499267578125,422.1199951171875,420.5299987792969,420.7699890136719,792705
2026-02-10 15:45:00+00:00,421.760009765625,422.3399963378906,420.9800109863281,422.05499267578125,828540
2026-02-10 16:00:00+00:00,422.0400085449219,422.6700134277344,421.25,421.7950134277344,613538
2026-02-10 16:15:00+00:00,420.2749938964844,422.0849914550781,419.44000244140625,422.0849914550781,814068
2026-02-10 16:30:00+00:00,420.260009765625,420.7799987792969,419.82000732421875,420.2799987792969,568584
2026-02-10 16:45:00+00:00,420.3699951171875,420.6300048828125,419.79998779296875,420.2699890136719,392774
2026-02-10 17:00:00+00:00,420.1499938964844,420.4898986816406,419.7099914550781,420.364990234375,434091
2026-02-10 17:15:00+00:00,420.21990966796875,420.6449890136719,419.8599853515625,420.1400146484375,384117
2026-02-10 17:30:00+00:00,419.3212890625,420.44000244140625,419.2200012207031,420.20001220703125,452839
2026-02-10 17:45:00+00:00,418.489990234375,419.5282897949219,418.260009765625,419.3299865722656,489584
2026-02-10 18:00:00+00:00,417.6199951171875,418.80499267578125,417.3900146484375,418.5199890136719,444043
2026-02-10 18:15:00+00:00,416.1000061035156,417.6700134277344,416.05999755859375,417.5924072265625,494218
2026-02-10 18:30:00+00:00,416.7499084472656,417.2900085449219,415.9580078125,416.07000732421875,453318
2026-02-10 18:45:00+00:00,417.2900085449219,417.43939208984375,416.110107421875,416.7250061035156,405747
2026-02-10 19:00:00+00:00,416.5899963378906,417.6200866699219,416.3544921875,417.32000732421875,537186
2026-02-10 19:15:00+00:00,416.68499755859375,416.82000732421875,416.2200012207031,416.57000732421875,267301
2026-02-10 19:30:00+00:00,415.1499938964844,417.05999755859375,415.0,416.7300109863281,535146
2026-02-10 19:45:00+00:00,415.4800109863281,416.04998779296875,415.0799865722656,415.20001220703125,407369
2026-02-10 20:00:00+00:00,413.5249938964844,415.510009765625,413.3800048828125,415.489990234375,864159
2026-02-10 20:15:00+00:00,414.51361083984375,414.5899963378906,413.5,413.5299987792969,704147
2026-02-10 20:30:00+00:00,413.8500061035156,414.968994140625,413.5,414.4700012207031,713028
2026-02-10 20:45:00+00:00,413.3399963378906,414.1700134277344,412.70001220703125,413.8500061035156,1349295
2026-02-11 14:30:00+00:00,408.79998779296875,416.4599914550781,408.010009765625,416.093994140625,3588153
2026-02-11 14:45:00+00:00,405.8909912109375,410.1099853515625,405.6600036621094,408.7799987792969,1551302
2026-02-11 15:00:00+00:00,405.2565002441406,407.6300048828125,404.50860595703125,405.95001220703125,1303143
2026-02-11 15:15:00+00:00,403.79998779296875,405.3399963378906,402.82000732421875,405.2200012207031,1515378
2026-02-11 15:30:00+00:00,404.79998779296875,405.6700134277344,403.6300048828125,403.82159423828125,996894
2026-02-11 15:45:00+00:00,404.43499755859375,405.3999938964844,403.760009765625,404.8500061035156,894427
2026-02-11 16:00:00+00:00,403.8900146484375,404.6650085449219,402.6199951171875,404.4649963378906,1008073
2026-02-11 16:15:00+00:00,402.39691162109375,404.70001220703125,402.3800048828125,403.885009765625,820114
2026-02-11 16:30:00+00:00,403.43499755859375,403.7900085449219,401.7900085449219,402.360107421875,966851
2026-02-11 16:45:00+00:00,401.81500244140625,403.4700012207031,401.6199951171875,403.44000244140625,755686
2026-02-11 17:00:00+00:00,403.090087890625,403.1700134277344,401.010009765625,401.7900085449219,726590
2026-02-11 17:15:00+00:00,403.5799865722656,404.1000061035156,402.3832092285156,403.0899963378906,622131
2026-02-11 17:30:00+00:00,404.1400146484375,404.29998779296875,403.04998779296875,403.57000732421875,1113927
2026-02-11 17:45:00+00:00,403.32000732421875,404.489990234375,403.1600036621094,404.1300048828125,489814
2026-02-11 18:00:00+00:00,402.6549987792969,403.3598937988281,402.510009765625,403.3299865722656,484501
2026-02-11 18:15:00+00:00,404.06500244140625,404.25,402.32000732421875,402.6199951171875,483930
2026-02-11 18:30:00+00:00,404.4150085449219,404.82000732421875,403.739990234375,404.06500244140625,575108
2026-02-11 18:45:00+00:00,405.19500732421875,405.2250061035156,404.20001220703125,404.4150085449219,527619
2026-02-11 19:00:00+00:00,405.4800109863281,405.6099853515625,404.4649963378906,405.17999267578125,489927
2026-02-11 19:15:00+00:00,405.2699890136719,405.6199951171875,404.95001220703125,405.489990234375,581355
2026-02-11 19:30:00+00:00,405.0,405.32000732421875,404.6000061035156,405.2900085449219,486524
2026-02-11 19:45:00+00:00,404.5899963378906,404.989990234375,404.1700134277344,404.9880065917969,522648
2026-02-11 20:00:00+00:00,404.510009765625,404.7506103515625,403.6400146484375,404.57000732421875,585692
2026-02-11 20:15:00+00:00,403.9794921875,404.69000244140625,403.80999755859375,404.54998779296875,538263
2026-02-11 20:30:00+00:00,403.7349853515625,404.25,403.4599914550781,403.9599914550781,738555
2026-02-11 20:45:00+00:00,404.20001220703125,405.19000244140625,403.02801513671875,403.7349853515625,12229439
2026-02-12 14:30:00+00:00,401.3785095214844,405.3399963378906,401.1600036621094,405.0,2419492
2026-02-12 14:45:00+00:00,401.5,403.4800109863281,400.2300109863281,401.32000732421875,1364294
2026-02-12 15:00:00+00:00,402.1400146484375,402.1885986328125,400.55999755859375,401.489990234375,1173609
2026-02-12 15:15:00+00:00,402.43499755859375,403.9700012207031,401.4800109863281,402.1400146484375,731336
2026-02-12 15:30:00+00:00,401.07000732421875,402.8500061035156,400.95001220703125,402.44000244140625,659859
2026-02-12 15:45:00+00:00,399.93499755859375,402.25,399.69000244140625,401.05999755859375,957352
2026-02-12 16:00:00+00:00,398.8949890136719,400.0498962402344,398.510009765625,399.92999267578125,1067007
2026-02-12 16:15:00+00:00,399.5400085449219,399.75,398.010009765625,398.8900146484375,1000815
2026-02-12 16:30:00+00:00,398.95001220703125,400.69000244140625,398.8500061035156,399.55999755859375,4082117
2026-02-12 16:45:00+00:00,400.3550109863281,400.4800109863281,398.4700012207031,398.92999267578125,4628942
2026-02-12 17:00:00+00:00,401.1213073730469,401.5199890136719,400.1499938964844,400.32000732421875,338853
2026-02-12 17:15:00+00:00,402.42999267578125,402.93499755859375,400.67999267578125,401.125,650658
2026-02-12 17:30:00+00:00,403.67999267578125,403.94000244140625,402.3500061035156,402.4150085449219,600768
2026-02-12 17:45:00+00:00,403.2200012207031,403.7699890136719,402.6000061035156,403.6400146484375,618927
2026-02-12 18:00:00+00:00,404.2799987792969,404.3290100097656,402.3299865722656,403.260009765625,832595
2026-02-12 18:15:00+00:00,404.2699890136719,404.6000061035156,403.2099914550781,404.2749938964844,889362
2026-02-12 18:30:00+00:00,405.0899963378906,405.1199951171875,403.6199951171875,404.2950134277344,796695
2026-02-12 18:45:00+00:00,405.6400146484375,406.20001220703125,404.489990234375,405.04998779296875,1058630
2026-02-12 19:00:00+00:00,404.54998779296875,405.92999267578125,404.1099853515625,405.6400146484375,591133
2026-02-12 19:15:00+00:00,405.2650146484375,405.89990234375,404.3999938964844,404.57000732421875,484433
2026-02-12 19:30:00+00:00,405.04949951171875,405.95001220703125,405.0201110839844,405.2650146484375,486717
2026-02-12 19:45:00+00:00,405.44000244140625,406.1499938964844,404.94000244140625,405.0400085449219,592327
2026-02-12 20:00:00+00:00,405.25,405.760009765625,404.4599914550781,405.4670104980469,647324
2026-02-12 20:15:00+00:00,403.4700012207031,405.29998779296875,403.3299865722656,405.25,553403
2026-02-12 20:30:00+00:00,402.9100036621094,404.1499938964844,402.69000244140625,403.5150146484375,633693
2026-02-12 20:45:00+00:00,401.8800048828125,403.0,400.69000244140625,402.9100036621094,1728203
2026-02-13 14:30:00+00:00,403.1700134277344,404.5799865722656,400.3299865722656,404.1700134277344,2426677
2026-02-13 14:45:00+00:00,402.69500732421875,405.5400085449219,402.1000061035156,403.2449951171875,1288123
2026-02-13 15:00:00+00:00,402.0791931152344,403.69000244140625,402.0202941894531,402.5899963378906,764834
2026-02-13 15:15:00+00:00,403.8949890136719,404.6499938964844,400.70001220703125,402.1400146484375,1348236
2026-02-13 15:30:00+00:00,400.0299987792969,404.94000244140625,399.8999938964844,403.8500061035156,1244993
2026-02-13 15:45:00+00:00,400.1499938964844,401.1700134277344,398.6000061035156,400.0899963378906,1084189
2026-02-13 16:00:00+00:00,400.239990234375,400.989990234375,399.57501220703125,400.19000244140625,786915
2026-02-13 16:15:00+00:00,399.6600036621094,400.3299865722656,398.05999755859375,400.2650146484375,796651
2026-02-13 16:30:00+00:00,401.0400085449219,401.04998779296875,399.25,399.6499938964844,671202
2026-02-13 16:45:00+00:00,402.2250061035156,402.9800109863281,401.0299987792969,401.0299987792969,606367
2026-02-13 17:00:00+00:00,403.75,404.0350036621094,402.17999267578125,402.2149963378906,702889
2026-02-13 17:15:00+00:00,403.8500061035156,403.95001220703125,402.6700134277344,403.7550964355469,499943
2026-02-13 17:30:00+00:00,403.3800048828125,404.3900146484375,403.2300109863281,403.8550109863281,480938
2026-02-13 17:45:00+00:00,403.2416076660156,403.42999267578125,402.8599853515625,403.3699951171875,390957
2026-02-13 18:00:00+00:00,403.0400085449219,403.8599853515625,402.8900146484375,403.25,359452
2026-02-13 18:15:00+00:00,404.55499267578125,404.8999938964844,402.8800048828125,403.0450134277344,372771
2026-02-13 18:30:00+00:00,403.1650085449219,404.875,403.1600036621094,404.5400085449219,358606
2026-02-13 18:45:00+00:00,403.4700012207031,404.0,403.1199951171875,403.1650085449219,308893
2026-02-13 19:00:00+00:00,403.7200012207031,404.1499938964844,403.20001220703125,403.5,269236
2026-02-13 19:15:00+00:00,403.0299987792969,404.0299987792969,402.9100036621094,403.760009765625,303975
2026-02-13 19:30:00+00:00,402.96820068359375,403.6600036621094,402.7300109863281,402.9949951171875,318322
2026-02-13 19:45:00+00:00,401.6199951171875,403.04998779296875,401.5299987792969,402.94000244140625,415037
2026-02-13 20:00:00+00:00,401.5057067871094,402.25,401.4700012207031,401.6199951171875,448119
2026-02-13 20:15:00+00:00,400.7304992675781,402.19989013671875,400.5400085449219,401.489990234375,467624
2026-02-13 20:30:00+00:00,400.25,401.44000244140625,400.0799865722656,400.7200012207031,620476
2026-02-13 20:45:00+00:00,401.1600036621094,401.79998779296875,400.20001220703125,400.260009765625,1356734
2026-02-17 14:30:00+00:00,397.625,400.05999755859375,396.25,399.2550048828125,2283372
2026-02-17 14:45:00+00:00,395.19000244140625,397.89990234375,394.5249938964844,397.6000061035156,1344362
2026-02-17 15:00:00+00:00,396.5050048828125,397.67999267578125,394.7300109863281,395.19000244140625,952997
2026-02-17 15:15:00+00:00,396.8999938964844,398.29998779296875,396.3999938964844,396.5,693593
2026-02-17 15:30:00+00:00,396.760009765625,397.1199951171875,395.510009765625,396.9599914550781,784445
2026-02-17 15:45:00+00:00,397.739990234375,398.3599853515625,396.68499755859375,396.7699890136719,530110
2026-02-17 16:00:00+00:00,399.8399963378906,400.29998779296875,397.7200012207031,397.7900085449219,691197
2026-02-17 16:15:00+00:00,398.8900146484375,400.5199890136719,398.739990234375,399.8399963378906,599999
2026-02-17 16:30:00+00:00,398.6050109863281,399.4800109863281,398.3999938964844,398.8599853515625,526450
2026-02-17 16:45:00+00:00,398.6400146484375,399.0249938964844,398.0799865722656,398.6050109863281,369595
2026-02-17 17:00:00+00:00,397.2650146484375,398.7300109863281,396.94000244140625,398.6400146484375,429869
2026-02-17 17:15:00+00:00,397.6000061035156,397.6000061035156,396.1600036621094,397.260009765625,469853
2026-02-17 17:30:00+00:00,395.95001220703125,397.69000244140625,395.7099914550781,397.5799865722656,405128
2026-02-17 17:45:00+00:00,395.8500061035156,396.0299987792969,394.70098876953125,395.92999267578125,752949
2026-02-17 18:00:00+00:00,395.79998779296875,396.0199890136719,395.28009033203125,395.8100891113281,430965
2026-02-17 18:15:00+00:00,396.9200134277344,397.1099853515625,395.4700012207031,395.7900085449219,607619
2026-02-17 18:30:00+00:00,397.6400146484375,398.1400146484375,396.8299865722656,396.8800048828125,386555
2026-02-17 18:45:00+00:00,397.239990234375,397.8699035644531,396.9599914550781,397.6600036621094,364046
2026-02-17 19:00:00+00:00,397.2926940917969,397.3900146484375,396.5899963378906,397.239990234375,921891
2026-02-17 19:15:00+00:00,396.50189208984375,397.30999755859375,396.3399963378906,397.2900085449219,362789
2026-02-17 19:30:00+00:00,397.3299865722656,397.7900085449219,396.4800109863281,396.5199890136719,412121
2026-02-17 19:45:00+00:00,396.7950134277344,397.4750061035156,396.6099853515625,397.32000732421875,444805
2026-02-17 20:00:00+00:00,397.1700134277344,397.33990478515625,396.7300109863281,396.7799987792969,427663
2026-02-17 20:15:00+00:00,396.3949890136719,397.1700134277344,396.3699951171875,397.1700134277344,393832
2026-02-17 20:30:00+00:00,396.7200012207031,397.0199890136719,396.0,396.3900146484375,563646
2026-02-17 20:45:00+00:00,396.7900085449219,397.8699951171875,396.1099853515625,396.6700134277344,1606065
2026-02-18 14:30:00+00:00,399.05999755859375,399.44000244140625,396.32000732421875,398.20001220703125,1678239
2026-02-18 14:45:00+00:00,398.8599853515625,399.3799133300781,397.1199951171875,399.05999755859375,683400
2026-02-18 15:00:00+00:00,400.57501220703125,400.8500061035156,398.760009765625,398.8550109863281,866203
2026-02-18 15:15:00+00:00,399.82000732421875,400.92999267578125,399.6499938964844,400.6000061035156,602265
2026-02-18 15:30:00+00:00,401.30999755859375,401.32000732421875,399.3999938964844,399.8900146484375,627934
2026-02-18 15:45:00+00:00,401.8999938964844,401.94000244140625,400.9700012207031,401.2799987792969,563058
2026-02-18 16:00:00+00:00,401.7538146972656,402.55999755859375,401.451904296875,401.8800048828125,658321
2026-02-18 16:15:00+00:00,401.3800048828125,401.8399963378906,400.6700134277344,401.760009765625,441805
2026-02-18 16:30:00+00:00,401.4798889160156,402.07000732421875,401.0,401.3599853515625,398282
2026-02-18 16:45:00+00:00,400.9800109863281,401.75,400.9599914550781,401.4599914550781,378614
2026-02-18 17:00:00+00:00,401.4100036621094,402.1499938964844,400.95001220703125,400.9800109863281,349274
2026-02-18 17:15:00+00:00,401.1199951171875,401.7200012207031,400.7749938964844,401.43499755859375,284995
2026-02-18 17:30:00+00:00,401.1700134277344,401.3299865722656,400.849609375,401.1000061035156,241859
2026-02-18 17:45:00+00:00,401.1099853515625,401.6700134277344,401.0199890136719,401.17498779296875,282258
2026-02-18 18:00:00+00:00,401.3399963378906,401.9100036621094,401.04998779296875,401.0899963378906,259795
2026-02-18 18:15:00+00:00,401.2200012207031,401.3999938964844,400.9599914550781,401.3309020996094,238503
2026-02-18 18:30:00+00:00,400.4996032714844,401.42999267578125,400.1600036621094,401.2099914550781,323603
2026-02-18 18:45:00+00:00,400.45001220703125,400.5400085449219,399.7300109863281,400.510009765625,355702
2026-02-18 19:00:00+00:00,400.3035888671875,400.6000061035156,399.95001220703125,400.44500732421875,287106
2026-02-18 19:15:00+00:00,400.5799865722656,401.1000061035156,400.1300048828125,400.2799987792969,316437
2026-02-18 19:30:00+00:00,399.739990234375,400.79998779296875,399.4599914550781,400.57000732421875,423155
2026-02-18 19:45:00+00:00,399.010009765625,400.2099914550781,398.8699951171875,399.7699890136719,424589
2026-02-18 20:00:00+00:00,399.7300109863281,400.1300048828125,398.9800109863281,398.989990234375,333480
2026-02-18 20:15:00+00:00,399.3699951171875,399.7900085449219,399.239990234375,399.7300109863281,318030
2026-02-18 20:30:00+00:00,400.125,400.239990234375,399.3299865722656,399.3299865722656,442110
2026-02-18 20:45:00+00:00,399.5249938964844,400.5,399.3299865722656,400.1300048828125,1554852
2026-02-19 14:30:00+00:00,400.7900085449219,400.8900146484375,397.8800048828125,400.69000244140625,1686551
2026-02-19 14:45:00+00:00,402.0,402.97900390625,400.0199890136719,400.7950134277344,976375
2026-02-19 15:00:00+00:00,402.3299865722656,404.42999267578125,401.55999755859375,401.9599914550781,1110032
2026-02-19 15:15:00+00:00,400.6000061035156,402.79998779296875,400.55999755859375,402.3399963378906,650864
2026-02-19 15:30:00+00:00,401.1199951171875,401.6050109863281,400.0799865722656,400.6199951171875,667819
2026-02-19 15:45:00+00:00,400.7300109863281,401.5299987792969,399.79998779296875,401.1000061035156,630061
2026-02-19 16:00:00+00:00,400.864990234375,401.07000732421875,399.79998779296875,400.7349853515625,1370556
2026-02-19 16:15:00+00:00,400.0899963378906,401.0799865722656,399.92498779296875,400.875,545906
2026-02-19 16:30:00+00:00,398.55499267578125,400.239990234375,398.5199890136719,400.0799865722656,758513
2026-02-19 16:45:00+00:00,398.82000732421875,399.42999267578125,398.3500061035156,398.55499267578125,753906
2026-02-19 17:00:00+00:00,399.04998779296875,399.3699951171875,398.53009033203125,398.8349914550781,401654
2026-02-19 17:15:00+00:00,399.07000732421875,399.7880859375,398.79998779296875,399.0799865722656,438328
2026-02-19 17:30:00+00:00,398.739990234375,399.3299865722656,398.7099914550781,399.07501220703125,358275
2026-02-19 17:45:00+00:00,397.8699951171875,398.79998779296875,397.7099914550781,398.79998779296875,435648
2026-02-19 18:00:00+00:00,398.1153869628906,398.19000244140625,397.30999755859375,397.8550109863281,465796
2026-02-19 18:15:00+00:00,398.2023010253906,398.39990234375,397.1000061035156,398.0801086425781,506191
2026-02-19 18:30:00+00:00,397.38800048828125,398.2900085449219,397.30999755859375,398.18499755859375,427648
2026-02-19 18:45:00+00:00,398.1300048828125,398.2799987792969,397.3599853515625,397.3699951171875,361525
2026-02-19 19:00:00+00:00,397.81500244140625,398.3299865722656,397.5799865722656,398.1400146484375,358696
2026-02-19 19:15:00+00:00,397.67999267578125,398.489990234375,397.635009765625,397.79998779296875,344649
2026-02-19 19:30:00+00:00,397.04998779296875,397.82000732421875,396.7799987792969,397.67669677734375,520467
2026-02-19 19:45:00+00:00,396.94000244140625,397.1875915527344,396.6700134277344,397.04998779296875,459810
2026-02-19 20:00:00+00:00,397.010009765625,397.5,396.8599853515625,396.92999267578125,467287
2026-02-19 20:15:00+00:00,397.260009765625,397.4299011230469,396.7699890136719,397.0199890136719,548340
2026-02-19 20:30:00+00:00,397.3599853515625,397.5,396.8999938964844,397.239990234375,552399
2026-02-19 20:45:00+00:00,398.4100036621094,398.6499938964844,397.2300109863281,397.364990234375,1333768
2026-02-20 14:30:00+00:00,397.9700012207031,398.6000061035156,395.1600036621094,396.1499938964844,3128746
2026-02-20 14:45:00+00:00,396.45001220703125,397.98919677734375,396.20001220703125,397.92999267578125,937876
2026-02-20 15:00:00+00:00,397.43011474609375,399.2699890136719,395.9200134277344,396.54998779296875,1269596
2026-02-20 15:15:00+00:00,396.80999755859375,398.1000061035156,396.1300048828125,397.4849853515625,684602
2026-02-20 15:30:00+00:00,397.92498779296875,397.93499755859375,396.1600036621094,396.79998779296875,690497
2026-02-20 15:45:00+00:00,399.6600036621094,399.7049865722656,397.5899963378906,397.8699951171875,763125
2026-02-20 16:00:00+00:00,397.70001220703125,400.11590576171875,397.6600036621094,399.6199951171875,801659
2026-02-20 16:15:00+00:00,397.55999755859375,397.9700012207031,397.04998779296875,397.7250061035156,519919
2026-02-20 16:30:00+00:00,398.7449951171875,398.8999938964844,397.3309020996094,397.5205993652344,450814
2026-02-20 16:45:00+00:00,399.1199951171875,399.760009765625,398.7149963378906,398.74200439453125,459799
2026-02-20 17:00:00+00:00,397.4649963378906,399.57000732421875,397.3902893066406,399.0799865722656,500873
2026-02-20 17:15:00+00:00,396.864990234375,397.4649963378906,395.989990234375,397.4649963378906,680797
2026-02-20 17:30:00+00:00,396.6400146484375,397.2900085449219,396.2900085449219,396.8800048828125,410739
2026-02-20 17:45:00+00:00,397.56500244140625,397.82000732421875,396.3999938964844,396.6600036621094,431789
2026-02-20 18:00:00+00:00,396.9200134277344,397.8399963378906,396.7900085449219,397.5299987792969,369241
2026-02-20 18:15:00+00:00,396.9849853515625,397.4399108886719,396.2099914550781,396.95001220703125,534803
2026-02-20 18:30:00+00:00,398.2799987792969,398.4800109863281,396.5199890136719,396.95001220703125,440632
2026-02-20 18:45:00+00:00,398.65008544921875,399.010009765625,398.07000732421875,398.3799133300781,433329
2026-02-20 19:00:00+00:00,397.57501220703125,398.82000732421875,397.4949951171875,398.70001220703125,317216
2026-02-20 19:15:00+00:00,396.8900146484375,397.6700134277344,396.80999755859375,397.6000061035156,446590
2026-02-20 19:30:00+00:00,397.6499938964844,397.8699951171875,396.8399963378906,396.9100036621094,487002
2026-02-20 19:45:00+00:00,396.8800048828125,397.7300109863281,396.760009765625,397.6499938964844,443912
2026-02-20 20:00:00+00:00,397.6199951171875,397.8699951171875,396.8800048828125,396.8949890136719,472693
2026-02-20 20:15:00+00:00,396.82000732421875,397.7799072265625,396.75,397.6199951171875,602469
2026-02-20 20:30:00+00:00,397.6400146484375,397.69000244140625,396.5249938964844,396.80999755859375,657442
2026-02-20 20:45:00+00:00,397.25,397.8699951171875,396.6600036621094,397.6300048828125,1320967
2026-02-23 14:30:00+00:00,387.8800048828125,395.30999755859375,387.8800048828125,395.19000244140625,4023649
2026-02-23 14:45:00+00:00,388.75,389.5,387.2699890136719,387.8699951171875,1873537
2026-02-23 15:00:00+00:00,387.9800109863281,389.75,387.9100036621094,388.7250061035156,1253731
2026-02-23 15:15:00+00:00,388.42999267578125,389.75,387.0899963378906,387.9800109863281,1536959
2026-02-23 15:30:00+00:00,388.5450134277344,389.239990234375,388.04998779296875,388.3901062011719,5404488
2026-02-23 15:45:00+00:00,385.635009765625,388.7799987792969,385.52398681640625,388.55999755859375,1233756
2026-02-23 16:00:00+00:00,385.8399963378906,386.010009765625,385.1000061035156,385.6400146484375,993246
2026-02-23 16:15:00+00:00,386.5610046386719,386.8399963378906,385.6099853515625,385.8299865722656,6121783
2026-02-23 16:30:00+00:00,386.5899963378906,386.95001220703125,386.1199951171875,386.5400085449219,675913
2026-02-23 16:45:00+00:00,385.7650146484375,386.8800048828125,385.42999267578125,386.6099853515625,7317298
2026-02-23 17:00:00+00:00,385.6828918457031,386.1000061035156,385.20001220703125,385.739990234375,7350392
2026-02-23 17:15:00+00:00,386.44000244140625,386.57000732421875,385.67999267578125,385.6932067871094,303570
2026-02-23 17:30:00+00:00,387.08489990234375,387.29998779296875,385.9200134277344,386.42999267578125,581352
2026-02-23 17:45:00+00:00,387.4700012207031,387.9800109863281,386.8299865722656,387.0899963378906,461799
2026-02-23 18:00:00+00:00,387.1700134277344,387.760009765625,386.6700134277344,387.4599914550781,8011411
2026-02-23 18:15:00+00:00,386.7850036621094,387.1600036621094,386.55999755859375,387.1400146484375,561208
2026-02-23 18:30:00+00:00,386.9649963378906,387.4750061035156,386.41009521484375,386.7900085449219,386425
2026-02-23 18:45:00+00:00,386.35040283203125,387.5299987792969,386.260009765625,386.94000244140625,16563033
2026-02-23 19:00:00+00:00,386.5299987792969,386.7300109863281,386.04998779296875,386.3599853515625,8815254
2026-02-23 19:15:00+00:00,386.1700134277344,386.6199951171875,386.110107421875,386.5199890136719,8901621
2026-02-23 19:30:00+00:00,384.4700012207031,386.4700012207031,384.44000244140625,386.1809997558594,9059293
2026-02-23 19:45:00+00:00,384.0450134277344,384.69000244140625,383.6000061035156,384.468505859375,1123654
2026-02-23 20:00:00+00:00,383.4949951171875,384.2799987792969,383.29998779296875,384.0351867675781,818799
2026-02-23 20:15:00+00:00,383.2731018066406,383.9200134277344,383.2099914550781,383.5198974609375,700507
2026-02-23 20:30:00+00:00,383.4700012207031,383.9700012207031,383.1000061035156,383.260009765625,11628404
2026-02-23 20:45:00+00:00,384.5199890136719,384.6400146484375,383.2799987792969,383.4700012207031,1878962
2026-02-24 14:30:00+00:00,388.8349914550781,389.1000061035156,381.739990234375,384.1400146484375,3847156
2026-02-24 14:45:00+00:00,385.0,389.3599853515625,385.0,388.8599853515625,3003398
2026-02-24 15:00:00+00:00,386.3299865722656,387.0950012207031,383.9599914550781,385.0,1195060
2026-02-24 15:15:00+00:00,388.2250061035156,388.3800048828125,386.06500244140625,386.3599853515625,940258
2026-02-24 15:30:00+00:00,387.6318054199219,388.260009765625,385.8800048828125,388.21380615234375,729887
2026-02-24 15:45:00+00:00,386.864990234375,387.7298889160156,386.10009765625,387.70001220703125,555140
2026-02-24 16:00:00+00:00,386.7500915527344,387.57000732421875,386.5,386.8800048828125,567826
2026-02-24 16:15:00+00:00,386.68499755859375,386.83990478515625,385.95001220703125,386.7699890136719,4078272
2026-02-24 16:30:00+00:00,386.12200927734375,386.7099914550781,385.69000244140625,386.68499755859375,338301
2026-02-24 16:45:00+00:00,386.25,386.8900146484375,385.8699951171875,386.0799865722656,610211
2026-02-24 17:00:00+00:00,386.42999267578125,386.7900085449219,386.0321044921875,386.25,392048
2026-02-24 17:15:00+00:00,386.44500732421875,387.1300048828125,385.6000061035156,386.42999267578125,550674
2026-02-24 17:30:00+00:00,386.260009765625,386.7099914550781,385.989990234375,386.4200134277344,4923978
2026-02-24 17:45:00+00:00,386.94000244140625,387.1299133300781,386.0400085449219,386.2099914550781,314133
2026-02-24 18:00:00+00:00,386.6000061035156,387.70989990234375,386.5400085449219,386.95001220703125,508136
2026-02-24 18:15:00+00:00,386.3999938964844,386.7099914550781,386.1499938964844,386.6300048828125,366926
2026-02-24 18:30:00+00:00,387.340087890625,387.4574890136719,386.1700134277344,386.4100036621094,435147
2026-02-24 18:45:00+00:00,387.6418151855469,388.2650146484375,387.260009765625,387.3599853515625,5745752
2026-02-24 19:00:00+00:00,387.885009765625,388.6099853515625,387.30999755859375,387.6099853515625,512186
2026-02-24 19:15:00+00:00,387.5050048828125,387.9100036621094,387.1199951171875,387.8599853515625,381665
2026-02-24 19:30:00+00:00,387.6400146484375,387.8800048828125,387.1600036621094,387.4800109863281,5938195
2026-02-24 19:45:00+00:00,387.8714904785156,388.5,387.5299987792969,387.614990234375,467039
2026-02-24 20:00:00+00:00,388.010009765625,388.2300109863281,387.32501220703125,387.8900146484375,502424
2026-02-24 20:15:00+00:00,388.159912109375,388.30999755859375,387.864990234375,388.0450134277344,6601829
2026-02-24 20:30:00+00:00,388.42498779296875,388.44000244140625,387.9200134277344,388.1400146484375,514771
2026-02-24 20:45:00+00:00,389.0,389.2300109863281,388.29998779296875,388.42498779296875,1639837
2026-02-25 14:30:00+00:00,393.0350036621094,393.8900146484375,390.20001220703125,390.23748779296875,3699976
2026-02-25 14:45:00+00:00,398.0249938964844,398.1199951171875,392.8999938964844,393.0299987792969,1574765
2026-02-25 15:00:00+00:00,397.44000244140625,399.1099853515625,396.5400085449219,398.0249938964844,3928504
2026-02-25 15:15:00+00:00,398.94000244140625,399.3999938964844,396.9150085449219,397.4681091308594,4664257
2026-02-25 15:30:00+00:00,399.760009765625,400.0899963378906,397.8699951171875,398.93499755859375,730309
2026-02-25 15:45:00+00:00,398.79998779296875,400.25,397.79998779296875,399.7900085449219,818978
2026-02-25 16:00:00+00:00,396.8699951171875,398.760009765625,396.80999755859375,398.760009765625,674261
2026-02-25 16:15:00+00:00,397.489990234375,397.7200012207031,396.5899963378906,396.8800048828125,642517
2026-02-25 16:30:00+00:00,397.4800109863281,398.1199951171875,396.9750061035156,397.50799560546875,5715383
2026-02-25 16:45:00+00:00,396.70001220703125,398.0,396.6700134277344,397.4800109863281,6063034
2026-02-25 17:00:00+00:00,397.6200866699219,397.6600036621094,396.4599914550781,396.70001220703125,459495
2026-02-25 17:15:00+00:00,397.3299865722656,397.94000244140625,397.0199890136719,397.6600036621094,350439
2026-02-25 17:30:00+00:00,397.8301086425781,398.1499938964844,397.04998779296875,397.3599853515625,379342
2026-02-25 17:45:00+00:00,398.6000061035156,398.6600036621094,397.7699890136719,397.8399963378906,430162
2026-02-25 18:00:00+00:00,398.9999084472656,399.1000061035156,398.4200134277344,398.6116943359375,423969
2026-02-25 18:15:00+00:00,398.7349853515625,399.0400085449219,398.3900146484375,399.0,8089061
2026-02-25 18:30:00+00:00,399.1099853515625,399.1549987792969,398.3900146484375,398.760009765625,8326950
2026-02-25 18:45:00+00:00,399.2699890136719,399.2950134277344,398.44000244140625,399.1199951171875,207751
2026-02-25 19:00:00+00:00,398.9649963378906,399.94000244140625,398.94000244140625,399.2401123046875,411663
2026-02-25 19:15:00+00:00,398.70001220703125,399.6299133300781,398.6199951171875,398.9700012207031,556225
2026-02-25 19:30:00+00:00,398.1400146484375,399.0,398.11749267578125,398.7214050292969,703326
2026-02-25 19:45:00+00:00,398.4049987792969,398.5,397.94000244140625,398.135009765625,446154
2026-02-25 20:00:00+00:00,399.1109924316406,399.2099914550781,398.25,398.3999938964844,597060
2026-02-25 20:15:00+00:00,400.9599914550781,400.9800109863281,399.0400085449219,399.1099853515625,918086
2026-02-25 20:30:00+00:00,400.2650146484375,401.1199951171875,400.0199890136719,400.9599914550781,1169842
2026-02-25 20:45:00+00:00,400.489990234375,401.4700012207031,399.7200012207031,400.2650146484375,2099317
2026-02-26 14:30:00+00:00,404.6400146484375,405.95001220703125,401.17999267578125,404.635009765625,3581920
2026-02-26 14:45:00+00:00,405.7900085449219,407.489990234375,403.2900085449219,404.625,4362350
2026-02-26 15:00:00+00:00,404.55999755859375,406.32000732421875,404.3822021484375,405.7900085449219,710021
2026-02-26 15:15:00+00:00,401.6700134277344,404.5899963378906,400.3663024902344,404.55999755859375,3610407
2026-02-26 15:30:00+00:00,402.3901062011719,402.5614929199219,399.69000244140625,401.70001220703125,1070894
2026-02-26 15:45:00+00:00,402.0849914550781,403.0,401.32000732421875,402.3800048828125,4204033
2026-02-26 16:00:00+00:00,403.3500061035156,403.3999938964844,401.3900146484375,402.0849914550781,3844870
2026-02-26 16:15:00+00:00,400.9800109863281,404.1799011230469,400.8500061035156,403.3800048828125,728707
2026-02-26 16:30:00+00:00,400.03009033203125,401.0799865722656,399.8399963378906,400.94000244140625,663344
2026-02-26 16:45:00+00:00,399.1099853515625,400.2900085449219,398.739990234375,400.010009765625,612740
2026-02-26 17:00:00+00:00,400.1300048828125,400.4599914550781,399.04998779296875,399.1050109863281,879213
2026-02-26 17:15:00+00:00,400.8999938964844,401.0299987792969,399.989990234375,400.1400146484375,340995
2026-02-26 17:30:00+00:00,400.7300109863281,401.44989013671875,400.0,400.8900146484375,450861
2026-02-26 17:45:00+00:00,400.1579895019531,400.9856872558594,400.0,400.7650146484375,296147
2026-02-26 18:00:00+00:00,399.7300109863281,400.54998779296875,399.45001220703125,400.1600036621094,6119737
2026-02-26 18:15:00+00:00,400.1700134277344,400.82000732421875,399.0849914550781,399.7699890136719,6741733
2026-02-26 18:30:00+00:00,401.0950012207031,401.5400085449219,400.07000732421875,400.07000732421875,241421
2026-02-26 18:45:00+00:00,400.93499755859375,401.6700134277344,400.8999938964844,401.0950012207031,314262
2026-02-26 19:00:00+00:00,401.8999938964844,402.1400146484375,400.7120056152344,400.9100036621094,316736
2026-02-26 19:15:00+00:00,401.2799987792969,402.7398986816406,401.2200012207031,401.9100036621094,480333
2026-02-26 19:30:00+00:00,401.627685546875,402.1199951171875,400.94000244140625,401.2799987792969,312840
2026-02-26 19:45:00+00:00,402.2200012207031,402.8999938964844,401.5400085449219,401.6300048828125,460499
2026-02-26 20:00:00+00:00,401.875,402.45001220703125,401.62078857421875,402.2200012207031,405697
2026-02-26 20:15:00+00:00,401.30999755859375,402.0,401.0299987792969,401.8599853515625,7340103
2026-02-26 20:30:00+00:00,401.7300109863281,402.0,401.260009765625,401.2900085449219,442052
2026-02-26 20:45:00+00:00,401.80999755859375,401.9599914550781,401.05999755859375,401.75,1103014
2026-02-27 14:30:00+00:00,391.8699951171875,394.2900085449219,390.0,390.99249267578125,4155093
2026-02-27 14:45:00+00:00,394.3900146484375,394.7699890136719,391.1099853515625,391.8999938964844,1105589
2026-02-27 15:00:00+00:00,393.489990234375,395.2699890136719,393.42999267578125,394.32501220703125,5357221
2026-02-27 15:15:00+00:00,394.1499938964844,394.8900146484375,393.1600036621094,393.489990234375,501343
2026-02-27 15:30:00+00:00,395.48291015625,395.9800109863281,393.6600036621094,394.0799865722656,6973618
2026-02-27 15:45:00+00:00,395.92999267578125,395.9580078125,394.2799987792969,395.4599914550781,344674
2026-02-27 16:00:00+00:00,395.2699890136719,396.79998779296875,394.7699890136719,395.9100036621094,620503
2026-02-27 16:15:00+00:00,393.8399963378906,395.71240234375,393.6199951171875,395.2699890136719,4434678
2026-02-27 16:30:00+00:00,394.125,394.7200012207031,393.8699951171875,393.8900146484375,4895373
2026-02-27 16:45:00+00:00,394.95001220703125,395.4599914550781,393.9599914550781,394.1400146484375,373477
2026-02-27 17:00:00+00:00,394.2950134277344,395.80780029296875,394.2139892578125,394.95001220703125,474651
2026-02-27 17:15:00+00:00,394.8399963378906,395.25,393.7749938964844,394.30499267578125,437656
2026-02-27 17:30:00+00:00,394.2550048828125,395.42999267578125,394.20001220703125,394.8399963378906,340524
2026-02-27 17:45:00+00:00,394.739990234375,394.8399963378906,393.3700866699219,394.239990234375,429478
2026-02-27 18:00:00+00:00,393.6000061035156,395.0899963378906,393.57000732421875,394.7900085449219,439995
2026-02-27 18:15:00+00:00,394.1099853515625,394.20001220703125,393.4648132324219,393.5950012207031,422877
2026-02-27 18:30:00+00:00,393.510009765625,394.2439880371094,393.44000244140625,394.1000061035156,467331
2026-02-27 18:45:00+00:00,393.15008544921875,393.6700134277344,392.760009765625,393.4801940917969,444828
2026-02-27 19:00:00+00:00,392.94000244140625,393.42498779296875,392.7799987792969,393.1549987792969,7056242
2026-02-27 19:15:00+00:00,393.0299987792969,393.63861083984375,392.69000244140625,392.93499755859375,267371
2026-02-27 19:30:00+00:00,392.8399963378906,393.6300048828125,392.5799865722656,393.05999755859375,7350340
2026-02-27 19:45:00+00:00,393.239990234375,393.2799987792969,392.4200134277344,392.8599853515625,300622
2026-02-27 20:00:00+00:00,394.2200012207031,394.3999938964844,393.04998779296875,393.25,549167
2026-02-27 20:15:00+00:00,393.80499267578125,394.9700012207031,393.75,394.1758117675781,682260
2026-02-27 20:30:00+00:00,393.17999267578125,393.8699951171875,392.4200134277344,393.7900085449219,694907
2026-02-27 20:45:00+00:00,392.67999267578125,394.1199951171875,390.1499938964844,393.20001220703125,3127173
