Datetime,Close,High,Low,Open,Volume
2025-12-02 14:30:00+00:00,185.25999450683594,185.60000610351562,181.58999633789062,181.72000122070312,19150621
2025-12-02 14:45:00+00:00,184.75,185.66000366210938,184.22000122070312,185.27000427246094,8503563
2025-12-02 15:00:00+00:00,184.05999755859375,185.55499267578125,183.74000549316406,184.75999450683594,7188674
2025-12-02 15:15:00+00:00,183.2550048828125,184.32000732421875,183.2100067138672,184.07989501953125,6150421
2025-12-02 15:30:00+00:00,184.07009887695312,184.1199951171875,182.94009399414062,183.22500610351562,5478246
2025-12-02 15:45:00+00:00,183.6833038330078,184.63999938964844,183.56100463867188,184.0800018310547,4592442
2025-12-02 16:00:00+00:00,181.27999877929688,183.88999938964844,181.0800018310547,183.6999969482422,8996659
2025-12-02 16:15:00+00:00,180.55999755859375,181.6457977294922,180.1699981689453,181.27999877929688,7919660
2025-12-02 16:30:00+00:00,180.7899932861328,181.351806640625,180.0,180.52999877929688,6441983
2025-12-02 16:45:00+00:00,181.3773956298828,181.6699981689453,180.7100067138672,180.75,3709201
2025-12-02 17:00:00+00:00,181.67999267578125,181.8800048828125,181.2899932861328,181.3699951171875,3414124
2025-12-02 17:15:00+00:00,182.16000366210938,182.25999450683594,181.61000061035156,181.6699981689453,3033810
2025-12-02 17:30:00+00:00,182.20620727539062,182.3800048828125,181.82000732421875,182.16000366210938,2811938
2025-12-02 17:45:00+00:00,181.1739959716797,182.3350067138672,181.1699981689453,182.2050018310547,2935950
2025-12-02 18:00:00+00:00,181.64999389648438,182.07000732421875,181.08009338378906,181.16000366210938,3342490
2025-12-02 18:15:00+00:00,181.71499633789062,182.0,181.47999572753906,181.64999389648438,2590899
2025-12-02 18:30:00+00:00,181.51499938964844,181.84500122070312,181.33999633789062,181.7100067138672,2122803
2025-12-02 18:45:00+00:00,181.2050018310547,181.52999877929688,181.02999877929688,181.5,2327105
2025-12-02 19:00:00+00:00,181.28500366210938,181.38999938964844,180.97999572753906,181.2050018310547,2187011
2025-12-02 19:15:00+00:00,181.0,181.35000610351562,180.75,181.2899932861328,2249514
2025-12-02 19:30:00+00:00,181.12969970703125,181.39999389648438,180.93499755859375,180.97999572753906,2364760
2025-12-02 19:45:00+00:00,181.58990478515625,181.77999877929688,181.0500030517578,181.1300048828125,2581230
2025-12-02 20:00:00+00:00,181.5399932861328,181.77000427246094,181.2899932861328,181.59500122070312,2010765
2025-12-02 20:15:00+00:00,181.42999267578125,181.57989501953125,181.35000610351562,181.5498046875,2002404
2025-12-02 20:30:00+00:00,181.31820678710938,181.57000732421875,181.0,181.41749572753906,2724876
2025-12-02 20:45:00+00:00,181.36000061035156,181.6999969482422,181.05499267578125,181.32000732421875,5163389
2025-12-03 14:30:00+00:00,179.6887969970703,181.1199951171875,179.110107421875,181.06500244140625,14782602
2025-12-03 14:45:00+00:00,179.99000549316406,180.32000732421875,179.22000122070312,179.6999969482422,5885367
2025-12-03 15:00:00+00:00,180.42469787597656,180.99000549316406,179.85000610351562,180.02000427246094,6619667
2025-12-03 15:15:00+00:00,180.3300018310547,181.2191925048828,180.2899932861328,180.4248046875,4520794
2025-12-03 15:30:00+00:00,181.64999389648438,182.4199981689453,179.9300994873047,180.32000732421875,8501381
2025-12-03 15:45:00+00:00,180.92660522460938,181.69960021972656,180.67030334472656,181.65499877929688,3291757
2025-12-03 16:00:00+00:00,180.3699951171875,181.39999389648438,180.2200927734375,180.92999267578125,3406044
2025-12-03 16:15:00+00:00,180.5500030517578,180.9199981689453,180.27999877929688,180.3634033203125,2936831
2025-12-03 16:30:00+00:00,181.03439331054688,181.22000122070312,180.48260498046875,180.5449981689453,2525327
2025-12-03 16:45:00+00:00,179.99000549316406,181.14999389648438,179.82000732421875,181.0500030517578,3210461
2025-12-03 17:00:00+00:00,180.41819763183594,180.4709930419922,179.89999389648438,179.9949951171875,2866328
2025-12-03 17:15:00+00:00,180.375,180.64999389648438,180.19000244140625,180.44000244140625,2133914
2025-12-03 17:30:00+00:00,180.22500610351562,180.44500732421875,180.0644989013672,180.3699951171875,1675494
2025-12-03 17:45:00+00:00,180.6551055908203,180.74000549316406,180.17999267578125,180.22000122070312,1950566
2025-12-03 18:00:00+00:00,180.7200927734375,180.97999572753906,180.4499969482422,180.6685028076172,2401689
2025-12-03 18:15:00+00:00,180.64999389648438,180.83180236816406,180.42050170898438,180.72019958496094,1583857
2025-12-03 18:30:00+00:00,181.0399932861328,181.22000122070312,180.63999938964844,180.66000366210938,2552525
2025-12-03 18:45:00+00:00,180.5800018310547,181.0800018310547,180.4420928955078,181.0449981689453,2061520
2025-12-03 19:00:00+00:00,181.14999389648438,181.27999877929688,180.5301055908203,180.57000732421875,2698486
2025-12-03 19:15:00+00:00,180.7449951171875,181.17999267578125,180.6999969482422,181.16180419921875,1815398
2025-12-03 19:30:00+00:00,180.88499450683594,180.9600067138672,180.66009521484375,180.7440948486328,1858660
2025-12-03 19:45:00+00:00,180.64999389648438,180.88999938964844,180.52999877929688,180.8800048828125,1978392
2025-12-03 20:00:00+00:00,180.35499572753906,180.85009765625,180.25999450683594,180.64500427246094,2888296
2025-12-03 20:15:00+00:00,180.02000427246094,180.36990356445312,179.91000366210938,180.35499572753906,3289652
2025-12-03 20:30:00+00:00,179.73989868164062,180.02999877929688,179.49000549316406,180.02000427246094,4373795
2025-12-03 20:45:00+00:00,179.63999938964844,179.89500427246094,179.27999877929688,179.73500061035156,44948302
2025-12-04 14:30:00+00:00,181.875,183.11000061035156,179.97000122070312,181.5500030517578,15318898
2025-12-04 14:45:00+00:00,180.7050018310547,182.68649291992188,180.66009521484375,181.86000061035156,6910095
2025-12-04 15:00:00+00:00,180.4250030517578,181.22000122070312,180.0800018310547,180.7100067138672,5773150
2025-12-04 15:15:00+00:00,181.08009338378906,181.17999267578125,180.06500244140625,180.4199981689453,4977688
2025-12-04 15:30:00+00:00,182.7200927734375,182.89999389648438,181.00999450683594,181.0850067138672,6066768
2025-12-04 15:45:00+00:00,181.74000549316406,183.02000427246094,181.72999572753906,182.72999572753906,5023047
2025-12-04 16:00:00+00:00,181.94500732421875,182.05999755859375,181.14999389648438,181.74000549316406,3745264
2025-12-04 16:15:00+00:00,182.63510131835938,182.72000122070312,181.77000427246094,181.9499969482422,3994453
2025-12-04 16:30:00+00:00,182.97000122070312,183.33999633789062,182.4949951171875,182.63259887695312,4421014
2025-12-04 16:45:00+00:00,184.24000549316406,184.27000427246094,182.97999572753906,182.97999572753906,5260516
2025-12-04 17:00:00+00:00,183.91000366210938,184.51499938964844,183.27000427246094,184.22000122070312,5047977
2025-12-04 17:15:00+00:00,183.5449981689453,184.12820434570312,183.5247039794922,183.91000366210938,3191018
2025-12-04 17:30:00+00:00,184.05099487304688,184.0749969482422,183.33999633789062,183.5399932861328,2526935
2025-12-04 17:45:00+00:00,183.48300170898438,184.11000061035156,183.38999938964844,184.05999755859375,2304713
2025-12-04 18:00:00+00:00,183.5050048828125,183.57989501953125,183.05999755859375,183.47999572753906,2435159
2025-12-04 18:15:00+00:00,183.61500549316406,183.6750030517578,183.25999450683594,183.50999450683594,1974706
2025-12-04 18:30:00+00:00,183.22999572753906,183.7899932861328,183.13999938964844,183.60000610351562,1953635
2025-12-04 18:45:00+00:00,183.4550018310547,183.58999633789062,183.11000061035156,183.2366943359375,1759357
2025-12-04 19:00:00+00:00,182.92999267578125,183.47999572753906,182.8199005126953,183.4550018310547,2327313
2025-12-04 19:15:00+00:00,182.31500244140625,182.9499969482422,182.0,182.93499755859375,3696818
2025-12-04 19:30:00+00:00,182.96499633789062,183.23590087890625,182.25,182.3101043701172,2648447
2025-12-04 19:45:00+00:00,182.85000610351562,183.22000122070312,182.57000732421875,182.97999572753906,2786284
2025-12-04 20:00:00+00:00,182.80409240722656,182.9199981689453,182.33999633789062,182.83999633789062,2038088
2025-12-04 20:15:00+00:00,182.32350158691406,182.8000030517578,182.30999755859375,182.8000030517578,1973986
2025-12-04 20:30:00+00:00,182.59010314941406,182.6199951171875,182.27999877929688,182.3249969482422,2026091
2025-12-04 20:45:00+00:00,183.39999389648438,183.47999572753906,182.47999572753906,182.60000610351562,5264673
2025-12-05 14:30:00+00:00,181.24000549316406,184.66000366210938,180.91000366210938,183.86000061035156,14167579
2025-12-05 14:45:00+00:00,181.9600067138672,182.22000122070312,181.13999938964844,181.25,6897249
2025-12-05 15:00:00+00:00,183.14329528808594,183.27000427246094,181.57000732421875,181.9499969482422,6356805
2025-12-05 15:15:00+00:00,182.7698974609375,183.3000030517578,182.3300018310547,183.13999938964844,4378374
2025-12-05 15:30:00+00:00,182.66000366210938,183.34500122070312,182.51499938964844,182.75,3791512
2025-12-05 15:45:00+00:00,181.97500610351562,182.8448028564453,181.64990234375,182.63999938964844,4371976
2025-12-05 16:00:00+00:00,181.7050018310547,182.3300018310547,181.66000366210938,181.97000122070312,3346441
2025-12-05 16:15:00+00:00,182.05999755859375,182.47999572753906,181.50999450683594,181.67999267578125,3597468
2025-12-05 16:30:00+00:00,181.9600067138672,182.0800018310547,181.4949951171875,182.07000732421875,3175714
2025-12-05 16:45:00+00:00,182.09640502929688,182.50999450683594,181.80999755859375,181.9499969482422,2521626
2025-12-05 17:00:00+00:00,182.0,182.2899932861328,181.83999633789062,182.0800018310547,2075804
2025-12-05 17:15:00+00:00,181.77980041503906,182.14999389648438,181.75999450683594,181.99000549316406,1888432
2025-12-05 17:30:00+00:00,181.82940673828125,181.89999389648438,181.50999450683594,181.77999877929688,1945949
2025-12-05 17:45:00+00:00,182.25,182.33999633789062,181.77000427246094,181.8249969482422,2027192
2025-12-05 18:00:00+00:00,182.03500366210938,182.3699951171875,181.99000549316406,182.24000549316406,1929923
2025-12-05 18:15:00+00:00,182.24000549316406,182.33670043945312,181.85000610351562,182.0399932861328,1943215
2025-12-05 18:30:00+00:00,182.05999755859375,182.49000549316406,182.0,182.22999572753906,1987815
2025-12-05 18:45:00+00:00,181.85000610351562,182.1199951171875,181.6699981689453,182.05999755859375,2093142
2025-12-05 19:00:00+00:00,181.76950073242188,181.90980529785156,181.5800018310547,181.8699951171875,2072728
2025-12-05 19:15:00+00:00,181.45509338378906,181.80999755859375,181.14999389648438,181.77000427246094,3528651
2025-12-05 19:30:00+00:00,181.49000549316406,181.6300048828125,181.32000732421875,181.47000122070312,1496304
2025-12-05 19:45:00+00:00,181.85499572753906,181.9199981689453,181.39999389648438,181.49000549316406,1914758
2025-12-05 20:00:00+00:00,181.875,181.9600067138672,181.69000244140625,181.85000610351562,1883950
2025-12-05 20:15:00+00:00,181.8574981689453,182.0800018310547,181.6999969482422,181.8699951171875,2124937
2025-12-05 20:30:00+00:00,181.74420166015625,182.0,181.67999267578125,181.83999633789062,2225231
2025-12-05 20:45:00+00:00,182.35000610351562,182.63999938964844,181.3000030517578,181.74000549316406,7064734
2025-12-08 14:30:00+00:00,185.16000366210938,185.6999969482422,182.52000427246094,182.6300048828125,14987147
2025-12-08 14:45:00+00:00,183.3249969482422,185.47999572753906,183.22999572753906,185.16000366210938,6906357
2025-12-08 15:00:00+00:00,183.35989379882812,183.77000427246094,182.74000549316406,183.3249969482422,5114589
2025-12-08 15:15:00+00:00,183.05059814453125,183.4499969482422,182.39999389648438,183.36000061035156,4621491
2025-12-08 15:30:00+00:00,184.02499389648438,184.1300048828125,182.86000061035156,183.0500030517578,5021085
2025-12-08 15:45:00+00:00,183.64010620117188,184.53990173339844,183.5,184.02000427246094,4374165
2025-12-08 16:00:00+00:00,183.44009399414062,183.67999267578125,183.1199951171875,183.63999938964844,3103405
2025-12-08 16:15:00+00:00,183.48500061035156,183.81500244140625,183.22000122070312,183.42999267578125,2719441
2025-12-08 16:30:00+00:00,183.32000732421875,183.5500030517578,183.15499877929688,183.47000122070312,2375392
2025-12-08 16:45:00+00:00,183.57000732421875,183.6898956298828,183.2050018310547,183.31500244140625,2063181
2025-12-08 17:00:00+00:00,183.23500061035156,183.5800018310547,182.91000366210938,183.57000732421875,2551554
2025-12-08 17:15:00+00:00,183.40499877929688,183.4499969482422,183.13999938964844,183.22999572753906,1632729
2025-12-08 17:30:00+00:00,183.13499450683594,183.5500030517578,183.13499450683594,183.40390014648438,1981181
2025-12-08 17:45:00+00:00,185.8300018310547,186.49000549316406,182.89999389648438,183.14500427246094,7527111
2025-12-08 18:00:00+00:00,187.41000366210938,187.99000549316406,185.60000610351562,185.85000610351562,11696497
2025-12-08 18:15:00+00:00,185.89410400390625,187.83990478515625,185.80999755859375,187.40170288085938,7393879
2025-12-08 18:30:00+00:00,185.44000244140625,186.0800018310547,185.0749969482422,185.8800048828125,4998811
2025-12-08 18:45:00+00:00,184.42999267578125,185.75,184.22999572753906,185.42999267578125,4156813
2025-12-08 19:00:00+00:00,184.24000549316406,184.47999572753906,183.72999572753906,184.44000244140625,4507369
2025-12-08 19:15:00+00:00,184.7064971923828,184.74000549316406,184.19000244140625,184.24740600585938,3256554
2025-12-08 19:30:00+00:00,184.67999267578125,185.0800018310547,184.50999450683594,184.70010375976562,2934809
2025-12-08 19:45:00+00:00,184.375,184.92999267578125,184.31019592285156,184.69000244140625,2663572
2025-12-08 20:00:00+00:00,184.73410034179688,184.74000549316406,184.3800048828125,184.3800048828125,45310865
2025-12-08 20:15:00+00:00,184.88499450683594,184.99000549316406,184.4250030517578,184.74000549316406,2014297
2025-12-08 20:30:00+00:00,184.5601043701172,184.94500732421875,184.22999572753906,184.89999389648438,3059453
2025-12-08 20:45:00+00:00,185.5800018310547,185.60000610351562,184.4199981689453,184.57000732421875,7233645
2025-12-09 14:30:00+00:00,184.41000366210938,185.59249877929688,183.32000732421875,185.5500030517578,18452565
2025-12-09 14:45:00+00:00,184.07000732421875,185.07000732421875,183.75,184.64500427246094,6496131
2025-12-09 15:00:00+00:00,184.5301055908203,184.91000366210938,183.9600067138672,184.07000732421875,4844263
2025-12-09 15:15:00+00:00,184.6300048828125,184.72000122070312,184.00999450683594,184.5301055908203,16333925
2025-12-09 15:30:00+00:00,185.0841064453125,185.14999389648438,184.14999389648438,184.6300048828125,5173222
2025-12-09 15:45:00+00:00,185.19500732421875,185.3000030517578,184.41000366210938,185.0841064453125,4557047
2025-12-09 16:00:00+00:00,185.0,185.71670532226562,184.8249969482422,185.19500732421875,4202343
2025-12-09 16:15:00+00:00,185.07000732421875,185.22000122070312,184.77999877929688,185.0,2883880
2025-12-09 16:30:00+00:00,184.43499755859375,185.14999389648438,184.27999877929688,185.07000732421875,2959549
2025-12-09 16:45:00+00:00,184.6300048828125,184.8350067138672,184.35409545898438,184.44000244140625,2358909
2025-12-09 17:00:00+00:00,184.841796875,184.9499969482422,184.5,184.6300048828125,2183314
2025-12-09 17:15:00+00:00,184.88800048828125,185.07000732421875,184.6699981689453,184.841796875,2296508
2025-12-09 17:30:00+00:00,184.96499633789062,185.17999267578125,184.77999877929688,184.88999938964844,1932005
2025-12-09 17:45:00+00:00,185.0850067138672,185.10830688476562,184.77999877929688,184.96499633789062,1565797
2025-12-09 18:00:00+00:00,184.88999938964844,185.12950134277344,184.77000427246094,185.0850067138672,1606579
2025-12-09 18:15:00+00:00,184.8582000732422,184.97000122070312,184.75,184.88999938964844,1326879
2025-12-09 18:30:00+00:00,184.62899780273438,184.89999389648438,184.5200958251953,184.85000610351562,1810677
2025-12-09 18:45:00+00:00,184.75999450683594,184.97999572753906,184.47999572753906,184.62899780273438,1790207
2025-12-09 19:00:00+00:00,184.56500244140625,184.8000030517578,184.52499389648438,184.75999450683594,1724932
2025-12-09 19:15:00+00:00,184.5449981689453,184.75999450683594,184.5,184.56500244140625,1456152
2025-12-09 19:30:00+00:00,184.3699951171875,184.75,184.36000061035156,184.5449981689453,1888415
2025-12-09 19:45:00+00:00,184.22500610351562,184.50999450683594,184.11000061035156,184.3699951171875,2223241
2025-12-09 20:00:00+00:00,184.32179260253906,184.41510009765625,184.02000427246094,184.22500610351562,2153856
2025-12-09 20:15:00+00:00,184.3300018310547,184.37820434570312,184.16000366210938,184.32179260253906,1733078
2025-12-09 20:30:00+00:00,184.47450256347656,184.52000427246094,184.19479370117188,184.3300018310547,2310059
2025-12-09 20:45:00+00:00,184.97000122070312,185.5500030517578,184.3699951171875,184.47450256347656,39972585
2025-12-10 14:30:00+00:00,185.07449340820312,185.47999572753906,183.66000366210938,184.99000549316406,10363321
2025-12-10 14:45:00+00:00,184.3249969482422,185.3300018310547,183.85000610351562,185.0800018310547,5192933
2025-12-10 15:00:00+00:00,184.0299072265625,184.49000549316406,183.8699951171875,184.30999755859375,4120206
2025-12-10 15:15:00+00:00,183.85960388183594,184.25,183.72000122070312,184.03500366210938,3544370
2025-12-10 15:30:00+00:00,182.91029357910156,184.02000427246094,182.91000366210938,183.85000610351562,4721750
2025-12-10 15:45:00+00:00,182.76499938964844,183.42999267578125,182.61000061035156,182.91990661621094,4051475
2025-12-10 16:00:00+00:00,182.7052001953125,182.81500244140625,182.03500366210938,182.77999877929688,4715372
2025-12-10 16:15:00+00:00,182.8455047607422,182.9600067138672,182.57000732421875,182.7100067138672,3422146
2025-12-10 16:30:00+00:00,182.30990600585938,182.94000244140625,182.1999969482422,182.83999633789062,2790054
2025-12-10 16:45:00+00:00,182.60000610351562,182.63999938964844,182.14010620117188,182.30999755859375,2825448
2025-12-10 17:00:00+00:00,182.5500946044922,182.8699951171875,182.3800048828125,182.58999633789062,2256883
2025-12-10 17:15:00+00:00,182.57000732421875,182.75,182.3800048828125,182.54010009765625,1858337
2025-12-10 17:30:00+00:00,182.84500122070312,182.97000122070312,182.44500732421875,182.56500244140625,1824723
2025-12-10 17:45:00+00:00,183.22000122070312,183.42999267578125,182.77000427246094,182.83999633789062,2366257
2025-12-10 18:00:00+00:00,182.82000732421875,183.27000427246094,182.6699981689453,183.22300720214844,2160372
2025-12-10 18:15:00+00:00,182.61000061035156,182.8699951171875,182.36000061035156,182.81199645996094,2385939
2025-12-10 18:30:00+00:00,182.7449951171875,182.9199981689453,182.4499969482422,182.61000061035156,2200078
2025-12-10 18:45:00+00:00,182.81500244140625,182.99000549316406,182.61099243164062,182.74009704589844,2110730
2025-12-10 19:00:00+00:00,183.27420043945312,183.86000061035156,182.7100067138672,182.81500244140625,4887166
2025-12-10 19:15:00+00:00,183.09579467773438,183.625,182.61000061035156,183.27999877929688,3032990
2025-12-10 19:30:00+00:00,183.02999877929688,183.9499969482422,182.4949951171875,183.1300048828125,4901605
2025-12-10 19:45:00+00:00,184.5500030517578,184.61000061035156,182.97999572753906,183.02999877929688,5327956
2025-12-10 20:00:00+00:00,184.10499572753906,184.6999969482422,183.91000366210938,184.5399932861328,4064803
2025-12-10 20:15:00+00:00,183.7899932861328,184.1999969482422,183.7100067138672,184.10000610351562,3333570
2025-12-10 20:30:00+00:00,183.57000732421875,183.95579528808594,183.5,183.7899932861328,3005044
2025-12-10 20:45:00+00:00,183.77999877929688,184.0500030517578,183.46499633789062,183.56500244140625,35690172
2025-12-11 14:30:00+00:00,178.42999267578125,180.4199981689453,177.8699951171875,180.27499389648438,16053183
2025-12-11 14:45:00+00:00,176.86500549316406,178.69000244140625,176.8018035888672,178.44000244140625,8509311
2025-12-11 15:00:00+00:00,177.8699951171875,178.16000366210938,176.6199951171875,176.86749267578125,7214504
2025-12-11 15:15:00+00:00,178.0850067138672,178.67999267578125,177.65499877929688,177.86000061035156,5586626
2025-12-11 15:30:00+00:00,177.1945037841797,178.27000427246094,176.9700927734375,178.10000610351562,5459530
2025-12-11 15:45:00+00:00,177.49000549316406,177.74000549316406,176.83200073242188,177.19500732421875,4914027
2025-12-11 16:00:00+00:00,177.25,177.77999877929688,177.00999450683594,177.47000122070312,3354366
2025-12-11 16:15:00+00:00,177.05990600585938,177.52999877929688,176.94000244140625,177.25,3588541
2025-12-11 16:30:00+00:00,177.61000061035156,177.7698974609375,176.9250030517578,177.0500030517578,3030387
2025-12-11 16:45:00+00:00,177.6199951171875,178.0,177.4199981689453,177.6300048828125,2943064
2025-12-11 17:00:00+00:00,178.30999755859375,178.40499877929688,177.22999572753906,177.61000061035156,3811095
2025-12-11 17:15:00+00:00,178.4862060546875,178.77000427246094,178.19509887695312,178.31500244140625,2837448
2025-12-11 17:30:00+00:00,178.9799041748047,179.13499450683594,178.49000549316406,178.49000549316406,2702104
2025-12-11 17:45:00+00:00,178.76499938964844,179.0500030517578,178.50999450683594,178.97999572753906,2337238
2025-12-11 18:00:00+00:00,178.9949951171875,179.14500427246094,178.68820190429688,178.75999450683594,2049648
2025-12-11 18:15:00+00:00,179.30499267578125,179.77099609375,178.8800048828125,179.0,3319858
2025-12-11 18:30:00+00:00,179.94500732421875,180.10000610351562,179.02000427246094,179.3000030517578,3465437
2025-12-11 18:45:00+00:00,179.86000061035156,180.14999389648438,179.7301025390625,179.9499969482422,3188048
2025-12-11 19:00:00+00:00,180.148193359375,180.22999572753906,179.6999969482422,179.83999633789062,2259451
2025-12-11 19:15:00+00:00,180.906494140625,180.99000549316406,180.1217041015625,180.13999938964844,3645093
2025-12-11 19:30:00+00:00,180.74000549316406,181.32000732421875,180.67999267578125,180.91000366210938,3714324
2025-12-11 19:45:00+00:00,180.47000122070312,180.8800048828125,180.3699951171875,180.74000549316406,2770414
2025-12-11 20:00:00+00:00,180.0301055908203,180.75999450683594,179.97000122070312,180.45849609375,2672538
2025-12-11 20:15:00+00:00,180.36990356445312,180.67999267578125,180.00010681152344,180.02999877929688,2892791
2025-12-11 20:30:00+00:00,180.32000732421875,180.47000122070312,180.1342010498047,180.36000061035156,2250633
2025-12-11 20:45:00+00:00,180.9355010986328,181.08999633789062,180.17010498046875,180.2899932861328,5459845
2025-12-12 14:30:00+00:00,181.50999450683594,182.82000732421875,181.44000244140625,181.5,12982789
2025-12-12 14:45:00+00:00,181.14500427246094,181.67999267578125,180.3800048828125,181.50999450683594,5501794
2025-12-12 15:00:00+00:00,180.21420288085938,181.13999938964844,179.3800048828125,181.1300048828125,6318801
2025-12-12 15:15:00+00:00,179.5399932861328,180.63499450683594,179.32000732421875,180.22000122070312,4727320
2025-12-12 15:30:00+00:00,179.947998046875,179.9582977294922,179.0500030517578,179.52999877929688,4451235
2025-12-12 15:45:00+00:00,177.2449951171875,180.14999389648438,177.08999633789062,179.9499969482422,6402316
2025-12-12 16:00:00+00:00,176.6387939453125,178.2899932861328,176.1300048828125,177.24000549316406,8963405
2025-12-12 16:15:00+00:00,176.63499450683594,177.1699981689453,175.83999633789062,176.63519287109375,6693644
2025-12-12 16:30:00+00:00,175.97520446777344,176.60000610351562,175.2100067138672,176.60000610351562,5287098
2025-12-12 16:45:00+00:00,175.8300018310547,176.2299041748047,175.47000122070312,175.9499969482422,4172057
2025-12-12 17:00:00+00:00,176.860107421875,176.9499969482422,175.60000610351562,175.8300018310547,4465455
2025-12-12 17:15:00+00:00,176.52000427246094,177.38999938964844,176.4199981689453,176.86000061035156,4048244
2025-12-12 17:30:00+00:00,177.35000610351562,177.4600067138672,176.2100067138672,176.52999877929688,3279628
2025-12-12 17:45:00+00:00,176.8699951171875,177.5800018310547,176.7949981689453,177.3300018310547,3063396
2025-12-12 18:00:00+00:00,177.5800018310547,178.15499877929688,176.40499877929688,176.8699951171875,7583815
2025-12-12 18:15:00+00:00,177.4499969482422,178.17999267578125,177.19500732421875,177.57000732421875,3612387
2025-12-12 18:30:00+00:00,177.1699981689453,177.78579711914062,177.10009765625,177.45150756835938,2561187
2025-12-12 18:45:00+00:00,176.91000366210938,177.61990356445312,176.8800048828125,177.1649932861328,2227425
2025-12-12 19:00:00+00:00,176.30580139160156,177.00999450683594,176.28500366210938,176.9199981689453,2690384
2025-12-12 19:15:00+00:00,176.2136993408203,176.54989624023438,176.03500366210938,176.3000030517578,2405369
2025-12-12 19:30:00+00:00,176.2949981689453,176.66000366210938,176.1999969482422,176.2100067138672,2703854
2025-12-12 19:45:00+00:00,176.2969970703125,176.49000549316406,176.07000732421875,176.3000030517578,1931392
2025-12-12 20:00:00+00:00,175.98500061035156,176.6750030517578,175.98500061035156,176.3000030517578,2738348
2025-12-12 20:15:00+00:00,175.90499877929688,176.18499755859375,175.67999267578125,175.97999572753906,3406716
2025-12-12 20:30:00+00:00,175.55499267578125,176.01499938964844,175.35000610351562,175.89999389648438,44292925
2025-12-12 20:45:00+00:00,174.99000549316406,175.66000366210938,174.6199951171875,175.5449981689453,9986628
2025-12-15 14:30:00+00:00,176.98500061035156,177.94000244140625,175.6800994873047,177.08999633789062,13330665
2025-12-15 14:45:00+00:00,177.24000549316406,178.00999450683594,176.69000244140625,176.97999572753906,7071733
2025-12-15 15:00:00+00:00,177.3249969482422,178.33990478515625,176.63999938964844,177.22999572753906,6672170
2025-12-15 15:15:00+00:00,175.45159912109375,177.36000061035156,175.031005859375,177.3000030517578,6095143
2025-12-15 15:30:00+00:00,177.23500061035156,177.24000549316406,175.33999633789062,175.44000244140625,4914044
2025-12-15 15:45:00+00:00,177.02000427246094,177.6300048828125,176.60009765625,177.25,3875219
2025-12-15 16:00:00+00:00,177.1750030517578,177.7050018310547,176.85000610351562,177.01499938964844,3352777
2025-12-15 16:15:00+00:00,178.2519989013672,178.4149932861328,177.16000366210938,177.1800994873047,3698696
2025-12-15 16:30:00+00:00,177.46499633789062,178.32000732421875,177.17999267578125,178.25999450683594,3456166
2025-12-15 16:45:00+00:00,177.83560180664062,177.96499633789062,177.25,177.47000122070312,2808379
2025-12-15 17:00:00+00:00,177.8657989501953,178.07000732421875,177.52000427246094,177.83999633789062,2138440
2025-12-15 17:15:00+00:00,177.59500122070312,177.8800048828125,177.50999450683594,177.8699951171875,1976105
2025-12-15 17:30:00+00:00,177.84970092773438,177.91940307617188,177.18499755859375,177.5998992919922,2419135
2025-12-15 17:45:00+00:00,177.32000732421875,177.97000122070312,177.02000427246094,177.83999633789062,2624867
2025-12-15 18:00:00+00:00,177.4250030517578,177.57000732421875,176.80999755859375,177.30999755859375,2445570
2025-12-15 18:15:00+00:00,177.125,177.5780029296875,176.9600067138672,177.42999267578125,2119228
2025-12-15 18:30:00+00:00,177.0,177.2799072265625,176.72999572753906,177.11000061035156,2490792
2025-12-15 18:45:00+00:00,177.44000244140625,177.55499267578125,176.67999267578125,177.0050048828125,2389382
2025-12-15 19:00:00+00:00,177.16000366210938,177.66000366210938,177.00999450683594,177.4499969482422,2273196
2025-12-15 19:15:00+00:00,177.13999938964844,177.35000610351562,176.97999572753906,177.16000366210938,1797098
2025-12-15 19:30:00+00:00,176.47999572753906,177.2449951171875,176.43820190429688,177.14999389648438,2563391
2025-12-15 19:45:00+00:00,176.9250030517578,176.99000549316406,176.27000427246094,176.4698944091797,2995162
2025-12-15 20:00:00+00:00,176.53500366210938,176.9199981689453,176.19009399414062,176.9199981689453,2975489
2025-12-15 20:15:00+00:00,176.3300018310547,176.72999572753906,176.1199951171875,176.5399932861328,2664910
2025-12-15 20:30:00+00:00,176.39500427246094,176.75,175.91000366210938,176.3300018310547,3757492
2025-12-15 20:45:00+00:00,176.22999572753906,176.8300018310547,175.92999267578125,176.38999938964844,7635678
2025-12-16 14:30:00+00:00,175.77000427246094,176.7100067138672,174.89999389648438,176.25999450683594,10540355
2025-12-16 14:45:00+00:00,177.30999755859375,177.35000610351562,175.02000427246094,175.77000427246094,6534824
2025-12-16 15:00:00+00:00,177.1649932861328,177.49000549316406,176.62840270996094,177.32000732421875,4616562
2025-12-16 15:15:00+00:00,176.1501007080078,177.25,175.50999450683594,177.14999389648438,4567658
2025-12-16 15:30:00+00:00,176.16000366210938,176.91000366210938,175.57000732421875,176.14999389648438,4074929
2025-12-16 15:45:00+00:00,176.85000610351562,177.01499938964844,175.71099853515625,176.16009521484375,3909086
2025-12-16 16:00:00+00:00,176.375,177.30499267578125,176.2100067138672,176.85000610351562,3440577
2025-12-16 16:15:00+00:00,176.02000427246094,176.6199951171875,175.85000610351562,176.37969970703125,3215102
2025-12-16 16:30:00+00:00,176.0800018310547,176.25999450683594,175.69009399414062,176.02000427246094,3141218
2025-12-16 16:45:00+00:00,176.98500061035156,177.02000427246094,176.0,176.08999633789062,3342016
2025-12-16 17:00:00+00:00,176.94020080566406,177.0800018310547,176.41000366210938,177.0,2581497
2025-12-16 17:15:00+00:00,176.48500061035156,177.0915985107422,176.26620483398438,176.9499969482422,2029960
2025-12-16 17:30:00+00:00,176.53160095214844,176.97500610351562,176.41000366210938,176.47999572753906,2365616
2025-12-16 17:45:00+00:00,176.3249969482422,176.8000030517578,176.22500610351562,176.55999755859375,1909274
2025-12-16 18:00:00+00:00,176.64999389648438,176.6699981689453,176.10000610351562,176.32510375976562,2183438
2025-12-16 18:15:00+00:00,176.22000122070312,176.72999572753906,176.17999267578125,176.66000366210938,2056046
2025-12-16 18:30:00+00:00,177.38999938964844,177.38999938964844,176.2100067138672,176.22000122070312,2748480
2025-12-16 18:45:00+00:00,177.47500610351562,177.67999267578125,177.24000549316406,177.39259338378906,2811169
2025-12-16 19:00:00+00:00,176.13999938964844,177.48599243164062,176.07000732421875,177.47000122070312,2924050
2025-12-16 19:15:00+00:00,176.74000549316406,176.75999450683594,176.02000427246094,176.13999938964844,2718423
2025-12-16 19:30:00+00:00,176.80499267578125,176.95989990234375,176.5050048828125,176.7449951171875,2091701
2025-12-16 19:45:00+00:00,176.77000427246094,177.11500549316406,176.52999877929688,176.80499267578125,1713501
2025-12-16 20:00:00+00:00,176.82650756835938,177.17999267578125,176.72000122070312,176.75999450683594,2330212
2025-12-16 20:15:00+00:00,177.17880249023438,177.19000244140625,176.72000122070312,176.8300018310547,2025711
2025-12-16 20:30:00+00:00,177.82000732421875,178.07000732421875,177.1699981689453,177.1750030517578,3576515
2025-12-16 20:45:00+00:00,177.50999450683594,178.19500732421875,177.4600067138672,177.81500244140625,6377833
2025-12-17 14:30:00+00:00,174.10000610351562,176.1300048828125,173.5399932861328,176.10000610351562,16024728
2025-12-17 14:45:00+00:00,174.61500549316406,174.81500244140625,173.38499450683594,174.11900329589844,8087137
2025-12-17 15:00:00+00:00,174.02000427246094,174.6300048828125,173.66009521484375,174.60000610351562,6498021
2025-12-17 15:15:00+00:00,174.3800048828125,174.55499267578125,173.77499389648438,174.02000427246094,4657211
2025-12-17 15:30:00+00:00,172.375,174.4499969482422,172.27999877929688,174.3699951171875,7465339
2025-12-17 15:45:00+00:00,171.52439880371094,172.82000732421875,171.11000061035156,172.3699951171875,8254043
2025-12-17 16:00:00+00:00,171.09500122070312,172.1894073486328,171.02999877929688,171.52000427246094,6834393
2025-12-17 16:15:00+00:00,171.13499450683594,171.49000549316406,170.6300048828125,171.07000732421875,5856293
2025-12-17 16:30:00+00:00,170.7216033935547,171.13999938964844,170.3231964111328,171.1300048828125,5444378
2025-12-17 16:45:00+00:00,171.0800018310547,171.16990661621094,170.30999755859375,170.7100067138672,4768317
2025-12-17 17:00:00+00:00,170.9199981689453,171.41000366210938,170.3800048828125,171.0897979736328,4668312
2025-12-17 17:15:00+00:00,171.4499053955078,171.72999572753906,170.75,170.9250030517578,4032750
2025-12-17 17:30:00+00:00,171.67999267578125,172.14500427246094,171.43319702148438,171.4499969482422,4326611
2025-12-17 17:45:00+00:00,172.08999633789062,172.42999267578125,171.30999755859375,171.68499755859375,3758121
2025-12-17 18:00:00+00:00,171.88499450683594,172.82000732421875,171.83009338378906,172.0850067138672,3677294
2025-12-17 18:15:00+00:00,172.25,172.47000122070312,171.52999877929688,171.88499450683594,3567097
2025-12-17 18:30:00+00:00,171.93499755859375,172.3300018310547,171.5,172.24000549316406,3317569
2025-12-17 18:45:00+00:00,171.6970977783203,172.0800018310547,171.3300018310547,171.93499755859375,3420954
2025-12-17 19:00:00+00:00,171.30499267578125,171.80999755859375,171.16000366210938,171.68499755859375,2697171
2025-12-17 19:15:00+00:00,170.9499053955078,171.49000549316406,170.85009765625,171.3054962158203,3095296
2025-12-17 19:30:00+00:00,171.1750030517578,171.27000427246094,170.66009521484375,170.92999267578125,3088492
2025-12-17 19:45:00+00:00,171.5924072265625,171.69000244140625,171.0800018310547,171.17999267578125,2998110
2025-12-17 20:00:00+00:00,171.08999633789062,171.66000366210938,171.02450561523438,171.58999633789062,2923368
2025-12-17 20:15:00+00:00,171.19000244140625,171.57000732421875,171.0,171.0800018310547,4017045
2025-12-17 20:30:00+00:00,171.7238006591797,171.82000732421875,171.13999938964844,171.19000244140625,46110779
2025-12-17 20:45:00+00:00,170.9199981689453,171.7449951171875,170.75,171.72500610351562,9589745
2025-12-18 14:30:00+00:00,172.86500549316406,174.88999938964844,171.82000732421875,174.52999877929688,14912170
2025-12-18 14:45:00+00:00,173.84500122070312,173.99000549316406,172.3699951171875,172.86000061035156,7268894
2025-12-18 15:00:00+00:00,173.0644989013672,174.06619262695312,172.72000122070312,173.85000610351562,5482569
2025-12-18 15:15:00+00:00,175.0399932861328,175.25,172.91000366210938,173.07000732421875,6896078
2025-12-18 15:30:00+00:00,175.48500061035156,176.14999389648438,174.75999450683594,175.0399932861328,7120377
2025-12-18 15:45:00+00:00,175.4149932861328,175.88499450683594,175.3300018310547,175.4857940673828,4243094
2025-12-18 16:00:00+00:00,174.97999572753906,175.5,174.9320068359375,175.4149932861328,3645376
2025-12-18 16:15:00+00:00,174.88009643554688,175.30999755859375,174.80999755859375,174.97999572753906,3544216
2025-12-18 16:30:00+00:00,175.6699981689453,175.69000244140625,174.8249969482422,174.8699951171875,3126038
2025-12-18 16:45:00+00:00,175.67999267578125,176.0399932861328,175.52999877929688,175.6699981689453,3237400
2025-12-18 17:00:00+00:00,174.2698974609375,175.72999572753906,174.0399932861328,175.67999267578125,3918722
2025-12-18 17:15:00+00:00,174.0399932861328,174.3800048828125,173.72999572753906,174.24000549316406,3971244
2025-12-18 17:30:00+00:00,174.8300018310547,174.8800048828125,173.91000366210938,174.02999877929688,27810899
2025-12-18 17:45:00+00:00,175.27999877929688,175.3000030517578,174.5399932861328,174.8350067138672,1839423
2025-12-18 18:00:00+00:00,175.1649932861328,175.3800048828125,174.92999267578125,175.27999877929688,2284765
2025-12-18 18:15:00+00:00,174.91439819335938,175.31500244140625,174.8699951171875,175.16000366210938,1802363
2025-12-18 18:30:00+00:00,174.875,175.22999572753906,174.85000610351562,174.91000366210938,1799400
2025-12-18 18:45:00+00:00,174.91990661621094,175.16000366210938,174.7100067138672,174.8699951171875,2131875
2025-12-18 19:00:00+00:00,174.67999267578125,175.0399932861328,174.24000549316406,174.91000366210938,2795630
2025-12-18 19:15:00+00:00,174.5500030517578,174.69500732421875,174.35009765625,174.6802978515625,2015916
2025-12-18 19:30:00+00:00,174.19000244140625,174.6199951171875,174.09010314941406,174.55999755859375,2072417
2025-12-18 19:45:00+00:00,173.89999389648438,174.639892578125,173.75999450683594,174.1999969482422,2683377
2025-12-18 20:00:00+00:00,174.78500366210938,174.8300018310547,173.66000366210938,173.89149475097656,2924108
2025-12-18 20:15:00+00:00,174.6750030517578,174.89999389648438,174.52999877929688,174.77999877929688,2172961
2025-12-18 20:30:00+00:00,174.77000427246094,174.83999633789062,174.49000549316406,174.67250061035156,2614255
2025-12-18 20:45:00+00:00,174.00999450683594,174.9600067138672,173.92999267578125,174.76499938964844,6409158
2025-12-19 14:30:00+00:00,179.69500732421875,179.72500610351562,176.35000610351562,176.6649932861328,36554779
2025-12-19 14:45:00+00:00,180.27000427246094,180.38999938964844,179.2100067138672,179.74000549316406,9640833
2025-12-19 15:00:00+00:00,178.9199981689453,180.6999969482422,178.83999633789062,180.26499938964844,7688676
2025-12-19 15:15:00+00:00,178.66000366210938,179.2899932861328,178.22999572753906,178.93499755859375,5705060
2025-12-19 15:30:00+00:00,178.85499572753906,179.4600067138672,178.35000610351562,178.63999938964844,7842575
2025-12-19 15:45:00+00:00,178.84500122070312,179.02999877929688,178.6800994873047,178.86000061035156,3572061
2025-12-19 16:00:00+00:00,179.27000427246094,179.57000732421875,178.5500030517578,178.83999633789062,4194118
2025-12-19 16:15:00+00:00,179.3000030517578,179.47000122070312,179.14999389648438,179.27000427246094,2610149
2025-12-19 16:30:00+00:00,179.9156036376953,180.2449951171875,179.27000427246094,179.32000732421875,4759183
2025-12-19 16:45:00+00:00,179.74000549316406,179.99000549316406,179.44500732421875,179.9199981689453,4248449
2025-12-19 17:00:00+00:00,180.62159729003906,180.66000366210938,179.73500061035156,179.74000549316406,3924692
2025-12-19 17:15:00+00:00,180.5200958251953,180.99000549316406,180.33999633789062,180.63999938964844,4083670
2025-12-19 17:30:00+00:00,180.82000732421875,180.9600067138672,180.33999633789062,180.5200958251953,3083204
2025-12-19 17:45:00+00:00,180.5574951171875,181.07000732421875,180.52499389648438,180.82000732421875,3720680
2025-12-19 18:00:00+00:00,179.97500610351562,180.72999572753906,179.92999267578125,180.56500244140625,2779184
2025-12-19 18:15:00+00:00,179.96499633789062,180.13999938964844,179.76499938964844,179.97999572753906,2490408
2025-12-19 18:30:00+00:00,179.5493927001953,179.97999572753906,179.42999267578125,179.96400451660156,2319646
2025-12-19 18:45:00+00:00,179.69509887695312,179.92999267578125,179.5,179.5500030517578,2681639
2025-12-19 19:00:00+00:00,180.32000732421875,180.36000061035156,179.69000244140625,179.69500732421875,2971683
2025-12-19 19:15:00+00:00,180.57420349121094,180.8000030517578,180.25999450683594,180.3300018310547,3011734
2025-12-19 19:30:00+00:00,180.8563995361328,180.97999572753906,180.5,180.57000732421875,3166965
2025-12-19 19:45:00+00:00,180.2899932861328,180.89999389648438,180.22999572753906,180.85000610351562,2670528
2025-12-19 20:00:00+00:00,180.72500610351562,180.9600067138672,180.27000427246094,180.2899932861328,2920498
2025-12-19 20:15:00+00:00,180.44850158691406,180.8800048828125,180.4149932861328,180.7299041748047,2806873
2025-12-19 20:30:00+00:00,180.21499633789062,180.7100067138672,180.10000610351562,180.44000244140625,3879672
2025-12-19 20:45:00+00:00,180.99000549316406,181.4499969482422,179.94009399414062,180.2100067138672,11448582
2025-12-22 14:30:00+00:00,182.6761932373047,183.52000427246094,182.35000610351562,183.3800048828125,14533060
2025-12-22 14:45:00+00:00,183.83999633789062,183.94000244140625,182.52999877929688,182.6699981689453,5998014
2025-12-22 15:00:00+00:00,183.07000732421875,183.8800048828125,183.0426025390625,183.85000610351562,4051977
2025-12-22 15:15:00+00:00,183.39999389648438,183.80999755859375,183.02999877929688,183.0699005126953,3407152
2025-12-22 15:30:00+00:00,183.41000366210938,183.5,182.6699981689453,183.41000366210938,4199681
2025-12-22 15:45:00+00:00,183.6999969482422,184.16000366210938,183.06080627441406,183.40499877929688,4038255
2025-12-22 16:00:00+00:00,183.51499938964844,183.8000030517578,183.23989868164062,183.7100067138672,2924547
2025-12-22 16:15:00+00:00,183.6300048828125,183.75999450683594,183.4199981689453,183.51010131835938,2384807
2025-12-22 16:30:00+00:00,183.46009826660156,183.6300048828125,183.35000610351562,183.6199951171875,2015350
2025-12-22 16:45:00+00:00,183.19000244140625,183.6649932861328,183.00999450683594,183.4600067138672,2427831
2025-12-22 17:00:00+00:00,183.08990478515625,183.4199981689453,183.05499267578125,183.19000244140625,2048330
2025-12-22 17:15:00+00:00,183.10000610351562,183.30999755859375,183.0500030517578,183.08999633789062,1665549
2025-12-22 17:30:00+00:00,182.86000061035156,183.15499877929688,182.85499572753906,183.10499572753906,1882297
2025-12-22 17:45:00+00:00,183.17999267578125,183.3000030517578,182.7899932861328,182.86500549316406,1886302
2025-12-22 18:00:00+00:00,183.16000366210938,183.3000030517578,183.0800018310547,183.1750030517578,1310961
2025-12-22 18:15:00+00:00,183.22560119628906,183.27000427246094,183.0,183.16580200195312,1241322
2025-12-22 18:30:00+00:00,183.35499572753906,183.38999938964844,183.10000610351562,183.22999572753906,1456661
2025-12-22 18:45:00+00:00,183.1750030517578,183.4532012939453,183.0749969482422,183.35499572753906,1659752
2025-12-22 19:00:00+00:00,183.09019470214844,183.25,182.99000549316406,183.1750030517578,1506613
2025-12-22 19:15:00+00:00,183.3800048828125,183.48500061035156,183.0500030517578,183.09500122070312,1671907
2025-12-22 19:30:00+00:00,183.38499450683594,183.57679748535156,183.3699951171875,183.38999938964844,25738527
2025-12-22 19:45:00+00:00,183.4055938720703,183.4499969482422,183.29440307617188,183.38389587402344,1233846
2025-12-22 20:00:00+00:00,183.33999633789062,183.49000549316406,183.2100067138672,183.39999389648438,1587737
2025-12-22 20:15:00+00:00,183.28500366210938,183.52999877929688,183.1999969482422,183.33999633789062,2064660
2025-12-22 20:30:00+00:00,183.4199981689453,183.50999450683594,183.23500061035156,183.28500366210938,2053840
2025-12-22 20:45:00+00:00,183.61000061035156,183.8000030517578,183.35000610351562,183.43499755859375,4945738
2025-12-23 14:30:00+00:00,184.74000549316406,184.83999633789062,183.50999450683594,184.39480590820312,11389601
2025-12-23 14:45:00+00:00,184.3000030517578,184.91969299316406,183.8300018310547,184.74560546875,4537131
2025-12-23 15:00:00+00:00,184.3699951171875,184.52999877929688,183.5,184.26499938964844,4874967
2025-12-23 15:15:00+00:00,185.27499389648438,185.47999572753906,184.2899932861328,184.360107421875,13570763
2025-12-23 15:30:00+00:00,185.781005859375,185.9698944091797,185.10000610351562,185.27999877929688,5081967
2025-12-23 15:45:00+00:00,186.49000549316406,186.63999938964844,185.67999267578125,185.7899932861328,6242743
2025-12-23 16:00:00+00:00,186.94500732421875,187.0500030517578,186.25999450683594,186.48170471191406,4578741
2025-12-23 16:15:00+00:00,187.91009521484375,188.0500030517578,186.8249969482422,186.93899536132812,6204996
2025-12-23 16:30:00+00:00,187.63009643554688,187.96499633789062,187.1199951171875,187.9149932861328,5451811
2025-12-23 16:45:00+00:00,188.30999755859375,188.3300018310547,187.53329467773438,187.62179565429688,4287358
2025-12-23 17:00:00+00:00,188.31500244140625,188.5500030517578,188.07000732421875,188.30499267578125,4078592
2025-12-23 17:15:00+00:00,188.2144012451172,188.6300048828125,188.07000732421875,188.3101043701172,3129732
2025-12-23 17:30:00+00:00,187.94000244140625,188.2899932861328,187.77999877929688,188.22000122070312,2998289
2025-12-23 17:45:00+00:00,188.0500030517578,188.1699981689453,187.8800048828125,187.93499755859375,2284383
2025-12-23 18:00:00+00:00,188.3101043701172,188.47999572753906,187.9199981689453,188.05999755859375,3152718
2025-12-23 18:15:00+00:00,187.9949951171875,188.3300018310547,187.99000549316406,188.31500244140625,1914945
2025-12-23 18:30:00+00:00,188.42999267578125,188.42999267578125,187.89999389648438,187.9949951171875,2239307
2025-12-23 18:45:00+00:00,188.6132049560547,188.64999389648438,188.32000732421875,188.42999267578125,2560283
2025-12-23 19:00:00+00:00,188.55499267578125,188.8000030517578,188.50999450683594,188.61000061035156,2762642
2025-12-23 19:15:00+00:00,188.61810302734375,188.69000244140625,188.36000061035156,188.57000732421875,2328912
2025-12-23 19:30:00+00:00,188.47999572753906,188.75,188.42999267578125,188.61000061035156,2177542
2025-12-23 19:45:00+00:00,188.61000061035156,188.7550048828125,188.3800048828125,188.4700927734375,2953928
2025-12-23 20:00:00+00:00,188.76499938964844,188.8000030517578,188.5449981689453,188.60000610351562,2296006
2025-12-23 20:15:00+00:00,188.78640747070312,188.86000061035156,188.6699981689453,188.77000427246094,2338546
2025-12-23 20:30:00+00:00,189.0198974609375,189.2050018310547,188.72500610351562,188.77999877929688,4255406
2025-12-23 20:45:00+00:00,189.2100067138672,189.3300018310547,188.7100067138672,189.01499938964844,7663804
2025-12-24 14:30:00+00:00,187.6750030517578,188.72000122070312,187.42999267578125,188.00010681152344,9349749
2025-12-24 14:45:00+00:00,187.78500366210938,188.02999877929688,187.60499572753906,187.67030334472656,3572577
2025-12-24 15:00:00+00:00,188.0756072998047,188.28990173339844,187.7200927734375,187.78500366210938,2984763
2025-12-24 15:15:00+00:00,187.22999572753906,188.15499877929688,186.58999633789062,188.0800018310547,5325004
2025-12-24 15:30:00+00:00,187.3249969482422,187.39999389648438,186.95089721679688,187.22650146484375,3151617
2025-12-24 15:45:00+00:00,187.36000061035156,187.5399932861328,187.1999969482422,187.3249969482422,2593308
2025-12-24 16:00:00+00:00,187.74020385742188,187.81500244140625,187.25999450683594,187.36399841308594,2404534
2025-12-24 16:15:00+00:00,187.94500732421875,188.02999877929688,187.65499877929688,187.74000549316406,2366056
2025-12-24 16:30:00+00:00,188.41000366210938,188.47999572753906,187.9199981689453,187.94500732421875,3068151
2025-12-24 16:45:00+00:00,188.27999877929688,188.4600067138672,188.16000366210938,188.41000366210938,2118869
2025-12-24 17:00:00+00:00,188.18499755859375,188.2899932861328,187.9499969482422,188.27749633789062,2073737
2025-12-24 17:15:00+00:00,188.22500610351562,188.2429962158203,187.98500061035156,188.18499755859375,1834740
2025-12-24 17:30:00+00:00,188.10000610351562,188.30999755859375,188.0399932861328,188.22500610351562,1712344
2025-12-24 17:45:00+00:00,188.6199951171875,188.6699981689453,188.07000732421875,188.09500122070312,3760369
2025-12-26 14:30:00+00:00,192.11000061035156,192.2899932861328,189.61000061035156,190.0,14793587
2025-12-26 14:45:00+00:00,191.2100067138672,192.28500366210938,191.14999389648438,192.10000610351562,6741358
2025-12-26 15:00:00+00:00,190.25990295410156,191.52999877929688,190.16000366210938,191.22000122070312,6063251
2025-12-26 15:15:00+00:00,191.5800018310547,191.6699981689453,190.1820068359375,190.25,5380343
2025-12-26 15:30:00+00:00,191.96560668945312,192.1199951171875,191.55999755859375,191.57000732421875,4121680
2025-12-26 15:45:00+00:00,191.9199981689453,192.19000244140625,191.58999633789062,191.97500610351562,3357407
2025-12-26 16:00:00+00:00,191.1750030517578,192.10989379882812,191.13999938964844,191.9199981689453,3040538
2025-12-26 16:15:00+00:00,191.02499389648438,191.32000732421875,190.8300018310547,191.16000366210938,3130491
2025-12-26 16:30:00+00:00,191.3300018310547,191.35000610351562,190.80999755859375,191.03700256347656,2471492
2025-12-26 16:45:00+00:00,190.94619750976562,191.33999633789062,190.92999267578125,191.33999633789062,2066023
2025-12-26 17:00:00+00:00,190.5500030517578,190.9600067138672,190.52000427246094,190.9499969482422,2013109
2025-12-26 17:15:00+00:00,190.77969360351562,190.83999633789062,190.4600067138672,190.53439331054688,2161159
2025-12-26 17:30:00+00:00,190.8699951171875,191.08999633789062,190.72999572753906,190.77000427246094,3549653
2025-12-26 17:45:00+00:00,191.10499572753906,191.1999969482422,190.6300048828125,190.875,2157054
2025-12-26 18:00:00+00:00,191.4799041748047,191.52000427246094,191.02000427246094,191.10499572753906,2235392
2025-12-26 18:15:00+00:00,191.53289794921875,191.55999755859375,191.1800994873047,191.47500610351562,2149427
2025-12-26 18:30:00+00:00,191.72999572753906,191.97000122070312,191.49000549316406,191.53500366210938,2820582
2025-12-26 18:45:00+00:00,192.533203125,192.5399932861328,191.67990112304688,191.72999572753906,3558521
2025-12-26 19:00:00+00:00,192.52000427246094,192.69000244140625,192.26499938964844,192.5200958251953,3399166
2025-12-26 19:15:00+00:00,192.24000549316406,192.63999938964844,192.2100067138672,192.52999877929688,2471080
2025-12-26 19:30:00+00:00,191.99000549316406,192.30999755859375,191.9600067138672,192.24440002441406,2201290
2025-12-26 19:45:00+00:00,191.9550018310547,192.13999938964844,191.8300018310547,191.9949951171875,2168475
2025-12-26 20:00:00+00:00,191.55499267578125,191.97000122070312,191.47999572753906,191.9499969482422,2126268
2025-12-26 20:15:00+00:00,191.42999267578125,191.65499877929688,191.38380432128906,191.55499267578125,2217756
2025-12-26 20:30:00+00:00,191.5800018310547,191.67300415039062,191.33999633789062,191.4199981689453,2480374
2025-12-26 20:45:00+00:00,190.5399932861328,191.60000610351562,190.4199981689453,191.5800018310547,39337878
2025-12-29 14:30:00+00:00,187.9199981689453,188.7550048828125,185.91000366210938,187.6999969482422,14372316
2025-12-29 14:45:00+00:00,186.64990234375,187.9149932861328,186.3101043701172,187.90499877929688,6293784
2025-12-29 15:00:00+00:00,186.4763946533203,186.82000732421875,186.02999877929688,186.63999938964844,4549322
2025-12-29 15:15:00+00:00,187.2550048828125,187.3300018310547,186.4700927734375,186.47999572753906,4141186
2025-12-29 15:30:00+00:00,187.52000427246094,187.73500061035156,187.13999938964844,187.25999450683594,5002660
2025-12-29 15:45:00+00:00,186.92999267578125,187.5500030517578,186.6699981689453,187.5050048828125,3004020
2025-12-29 16:00:00+00:00,187.3249969482422,187.42999267578125,186.47999572753906,186.9250030517578,2775175
2025-12-29 16:15:00+00:00,187.24459838867188,187.39120483398438,186.92010498046875,187.32000732421875,2297708
2025-12-29 16:30:00+00:00,187.41610717773438,187.4199981689453,187.0399932861328,187.24000549316406,2065045
2025-12-29 16:45:00+00:00,187.32000732421875,187.5800018310547,187.30499267578125,187.4149932861328,2229808
2025-12-29 17:00:00+00:00,187.16000366210938,187.4499969482422,187.0399932861328,187.32510375976562,1766110
2025-12-29 17:15:00+00:00,186.8800048828125,187.2899932861328,186.7899932861328,187.14999389648438,1693502
2025-12-29 17:30:00+00:00,187.04440307617188,187.1300048828125,186.80999755859375,186.87989807128906,1628471
2025-12-29 17:45:00+00:00,187.52499389648438,187.57000732421875,186.9600067138672,187.0399932861328,2029438
2025-12-29 18:00:00+00:00,187.17640686035156,187.57989501953125,187.1331024169922,187.52000427246094,1477399
2025-12-29 18:15:00+00:00,187.45989990234375,187.639892578125,187.16000366210938,187.17999267578125,1709892
2025-12-29 18:30:00+00:00,187.5030059814453,187.83999633789062,187.39999389648438,187.4550018310547,1913114
2025-12-29 18:45:00+00:00,187.2449951171875,187.60000610351562,187.19500732421875,187.50999450683594,1482595
2025-12-29 19:00:00+00:00,187.2075958251953,187.33999633789062,187.0500030517578,187.24940490722656,1545267
2025-12-29 19:15:00+00:00,187.375,187.42999267578125,187.1300048828125,187.1999969482422,1658644
2025-12-29 19:30:00+00:00,187.57000732421875,187.7100067138672,187.3699951171875,187.3800048828125,1455592
2025-12-29 19:45:00+00:00,187.97000122070312,188.10000610351562,187.55320739746094,187.5800018310547,2253620
2025-12-29 20:00:00+00:00,187.75999450683594,187.97000122070312,187.56179809570312,187.97000122070312,2033645
2025-12-29 20:15:00+00:00,187.96449279785156,188.10499572753906,187.72000122070312,187.76609802246094,1798494
2025-12-29 20:30:00+00:00,187.8699951171875,188.08999633789062,187.74009704589844,187.97000122070312,1824441
2025-12-29 20:45:00+00:00,188.22999572753906,188.39999389648438,187.80999755859375,187.86000061035156,35027630
2025-12-30 14:30:00+00:00,187.3065948486328,188.92999267578125,187.1999969482422,188.45770263671875,7363650
2025-12-30 14:45:00+00:00,187.5438995361328,188.03990173339844,187.0800018310547,187.32000732421875,4695026
2025-12-30 15:00:00+00:00,187.25010681152344,187.6699981689453,186.92999267578125,187.5399932861328,4193612
2025-12-30 15:15:00+00:00,187.17030334472656,187.42999267578125,186.99000549316406,187.25999450683594,3204193
2025-12-30 15:30:00+00:00,187.4149932861328,187.5500030517578,187.10499572753906,187.1699981689453,2754080
2025-12-30 15:45:00+00:00,187.8699951171875,187.94500732421875,187.32009887695312,187.4199981689453,3141899
2025-12-30 16:00:00+00:00,188.0399932861328,188.11990356445312,187.7100067138672,187.86000061035156,2995478
2025-12-30 16:15:00+00:00,188.25999450683594,188.50999450683594,188.02000427246094,188.0449981689453,3007276
2025-12-30 16:30:00+00:00,188.04010009765625,188.41000366210938,187.94000244140625,188.25,2525851
2025-12-30 16:45:00+00:00,188.00999450683594,188.05999755859375,187.87010192871094,188.0449981689453,1850926
2025-12-30 17:00:00+00:00,187.82000732421875,188.02999877929688,187.8000030517578,188.0,1611194
2025-12-30 17:15:00+00:00,187.90989685058594,188.0,187.72999572753906,187.82000732421875,1404763
2025-12-30 17:30:00+00:00,187.9199981689453,188.02999877929688,187.75,187.90499877929688,1491061
2025-12-30 17:45:00+00:00,188.05999755859375,188.139892578125,187.6999969482422,187.9102020263672,1892216
2025-12-30 18:00:00+00:00,188.17999267578125,188.25,187.8000030517578,188.06500244140625,15475426
2025-12-30 18:15:00+00:00,188.21600341796875,188.24000549316406,188.06930541992188,188.19000244140625,767115
2025-12-30 18:30:00+00:00,188.02609252929688,188.29989624023438,187.94009399414062,188.2100067138672,1484890
2025-12-30 18:45:00+00:00,188.26980590820312,188.32000732421875,187.98500061035156,188.02499389648438,1519116
2025-12-30 19:00:00+00:00,188.20559692382812,188.35499572753906,187.9001007080078,188.25,1636187
2025-12-30 19:15:00+00:00,188.15420532226562,188.25,188.05999755859375,188.1999969482422,1264891
2025-12-30 19:30:00+00:00,187.88999938964844,188.1999969482422,187.8699951171875,188.14999389648438,1535117
2025-12-30 19:45:00+00:00,187.91000366210938,187.97999572753906,187.67999267578125,187.88999938964844,2184155
2025-12-30 20:00:00+00:00,187.5500030517578,187.94000244140625,187.41000366210938,187.89999389648438,2018263
2025-12-30 20:15:00+00:00,187.5800018310547,187.6800994873047,187.52999877929688,187.55499267578125,1690794
2025-12-30 20:30:00+00:00,187.65440368652344,187.74000549316406,187.50999450683594,187.5800018310547,1690191
2025-12-30 20:45:00+00:00,187.5500030517578,187.9250030517578,187.5,187.66000366210938,4258029
2025-12-31 14:30:00+00:00,188.99000549316406,190.55999755859375,188.6992950439453,189.47000122070312,11402004
2025-12-31 14:45:00+00:00,188.61570739746094,189.10000610351562,188.08999633789062,188.9949951171875,5641611
2025-12-31 15:00:00+00:00,188.7550048828125,189.0800018310547,188.4290008544922,188.61000061035156,4236959
2025-12-31 15:15:00+00:00,189.01499938964844,189.07989501953125,188.33999633789062,188.7698974609375,3442247
2025-12-31 15:30:00+00:00,188.77499389648438,189.13999938964844,188.66000366210938,189.00999450683594,2783980
2025-12-31 15:45:00+00:00,188.3000030517578,188.7899932861328,188.158203125,188.77000427246094,2374592
2025-12-31 16:00:00+00:00,188.4149932861328,188.61000061035156,188.2156982421875,188.3000030517578,2714207
2025-12-31 16:15:00+00:00,188.8459930419922,188.85000610351562,188.39010620117188,188.4243927001953,2493365
2025-12-31 16:30:00+00:00,188.88040161132812,188.99000549316406,188.67999267578125,188.84500122070312,2140212
2025-12-31 16:45:00+00:00,189.01499938964844,189.06100463867188,188.80999755859375,188.8800048828125,2061611
2025-12-31 17:00:00+00:00,188.92999267578125,189.27999877929688,188.77000427246094,189.01919555664062,2470272
2025-12-31 17:15:00+00:00,188.91990661621094,188.97999572753906,188.77499389648438,188.92999267578125,1437569
2025-12-31 17:30:00+00:00,188.89999389648438,189.0198974609375,188.8000030517578,188.91600036621094,1479355
2025-12-31 17:45:00+00:00,188.71499633789062,188.9199981689453,188.5,188.89990234375,1745348
2025-12-31 18:00:00+00:00,188.91000366210938,188.92999267578125,188.6750030517578,188.72000122070312,15946431
2025-12-31 18:15:00+00:00,188.97000122070312,189.02000427246094,188.72999572753906,188.9149932861328,1016995
2025-12-31 18:30:00+00:00,188.9884033203125,189.05499267578125,188.69000244140625,188.96499633789062,1712847
2025-12-31 18:45:00+00:00,188.67999267578125,189.0500030517578,188.63999938964844,188.985107421875,16968395
2025-12-31 19:00:00+00:00,188.5800018310547,188.86000061035156,188.47999572753906,188.69000244140625,1642995
2025-12-31 19:15:00+00:00,188.0449981689453,188.595703125,188.00999450683594,188.57000732421875,2532909
2025-12-31 19:30:00+00:00,187.69500732421875,188.0998992919922,187.36000061035156,188.0500030517578,3045613
2025-12-31 19:45:00+00:00,187.7949981689453,187.86000061035156,187.6300048828125,187.69509887695312,1482954
2025-12-31 20:00:00+00:00,187.44000244140625,187.82000732421875,187.2550048828125,187.7899932861328,2240372
2025-12-31 20:15:00+00:00,187.13499450683594,187.64999389648438,187.08999633789062,187.44000244140625,2108019
2025-12-31 20:30:00+00:00,187.4199981689453,187.47000122070312,187.0800018310547,187.13999938964844,2199121
2025-12-31 20:45:00+00:00,186.49000549316406,187.4499969482422,186.49000549316406,187.4250030517578,6348038
2026-01-02 14:30:00+00:00,191.8000030517578,191.91099548339844,189.875,190.17999267578125,14197320
2026-01-02 14:45:00+00:00,191.72999572753906,192.92990112304688,191.6300048828125,191.79989624023438,7477690
2026-01-02 15:00:00+00:00,191.06500244140625,192.24000549316406,190.80999755859375,191.73500061035156,5501034
2026-01-02 15:15:00+00:00,190.58900451660156,191.4199981689453,189.7301025390625,191.0449981689453,5764459
2026-01-02 15:30:00+00:00,191.58999633789062,191.73500061035156,190.33999633789062,190.57000732421875,4785059
2026-01-02 15:45:00+00:00,188.97000122070312,191.66000366210938,188.82009887695312,191.58999633789062,4943828
2026-01-02 16:00:00+00:00,189.25999450683594,189.3000030517578,188.2899932861328,188.97999572753906,5129646
2026-01-02 16:15:00+00:00,189.59939575195312,189.8000030517578,188.84010314941406,189.25320434570312,3681251
2026-01-02 16:30:00+00:00,189.63999938964844,190.06500244140625,189.42999267578125,189.60000610351562,3304809
2026-01-02 16:45:00+00:00,189.33999633789062,189.9268035888672,189.0800018310547,189.6300048828125,2473988
2026-01-02 17:00:00+00:00,189.6300048828125,189.72000122070312,189.0800018310547,189.33999633789062,2175148
2026-01-02 17:15:00+00:00,189.47999572753906,189.64999389648438,189.17999267578125,189.62010192871094,1828775
2026-01-02 17:30:00+00:00,189.84010314941406,189.91000366210938,189.46499633789062,189.5,2371906
2026-01-02 17:45:00+00:00,189.45860290527344,189.94000244140625,189.36000061035156,189.8300018310547,2120428
2026-01-02 18:00:00+00:00,189.2617950439453,189.67999267578125,189.25,189.4499969482422,1672374
2026-01-02 18:15:00+00:00,189.3616943359375,189.77000427246094,189.16000366210938,189.25999450683594,2018234
2026-01-02 18:30:00+00:00,189.4600067138672,189.5800018310547,189.22000122070312,189.3699951171875,1764161
2026-01-02 18:45:00+00:00,188.58349609375,189.6999969482422,188.25999450683594,189.47000122070312,3047729
2026-01-02 19:00:00+00:00,189.10000610351562,189.27999877929688,188.52000427246094,188.60000610351562,2860471
2026-01-02 19:15:00+00:00,189.20570373535156,189.40550231933594,188.75999450683594,189.11000061035156,2394804
2026-01-02 19:30:00+00:00,189.30499267578125,189.6199951171875,189.19500732421875,189.2050018310547,2257475
2026-01-02 19:45:00+00:00,188.67599487304688,189.38999938964844,188.610107421875,189.30999755859375,2479785
2026-01-02 20:00:00+00:00,188.84320068359375,188.99989318847656,188.5500030517578,188.6750030517578,2170249
2026-01-02 20:15:00+00:00,188.9550018310547,189.25,188.77239990234375,188.8343963623047,2278011
2026-01-02 20:30:00+00:00,188.72000122070312,189.0399932861328,188.6800994873047,188.9499969482422,2217846
2026-01-02 20:45:00+00:00,188.80990600585938,188.89990234375,188.47999572753906,188.72000122070312,5308061
2026-01-05 14:30:00+00:00,190.22999572753906,193.6300048828125,189.75,192.75,16166725
2026-01-05 14:45:00+00:00,190.1199951171875,190.6649932861328,189.38999938964844,190.2200927734375,7176596
2026-01-05 15:00:00+00:00,189.8300018310547,190.4600067138672,189.72000122070312,190.1199951171875,4293593
2026-01-05 15:15:00+00:00,190.0749969482422,190.42990112304688,189.5500030517578,189.85000610351562,4488717
2026-01-05 15:30:00+00:00,189.3350067138672,190.23500061035156,189.25999450683594,190.07000732421875,4273285
2026-01-05 15:45:00+00:00,190.25,190.31500244140625,189.2899932861328,189.3000030517578,3855188
2026-01-05 16:00:00+00:00,190.3699951171875,190.88999938964844,190.05999755859375,190.25,4671695
2026-01-05 16:15:00+00:00,190.19000244140625,190.4550018310547,189.91000366210938,190.3699951171875,3788610
2026-01-05 16:30:00+00:00,190.125,190.32000732421875,189.82000732421875,190.18499755859375,3034481
2026-01-05 16:45:00+00:00,189.3000030517578,190.49000549316406,189.27999877929688,190.125,3471032
2026-01-05 17:00:00+00:00,187.86000061035156,189.3249969482422,187.07000732421875,189.30999755859375,7539447
2026-01-05 17:15:00+00:00,187.6199951171875,187.91799926757812,187.31190490722656,187.8636016845703,4526069
2026-01-05 17:30:00+00:00,187.76499938964844,187.9949951171875,187.0500030517578,187.61000061035156,4094882
2026-01-05 17:45:00+00:00,187.90499877929688,188.10000610351562,187.60000610351562,187.760498046875,2824954
2026-01-05 18:00:00+00:00,187.51499938964844,188.02000427246094,187.44000244140625,187.89999389648438,3186016
2026-01-05 18:15:00+00:00,187.78500366210938,187.85000610351562,186.9949951171875,187.52000427246094,3889316
2026-01-05 18:30:00+00:00,188.14999389648438,188.24000549316406,187.67999267578125,187.77999877929688,2815886
2026-01-05 18:45:00+00:00,187.44500732421875,188.1999969482422,187.3800048828125,188.17999267578125,2808785
2026-01-05 19:00:00+00:00,186.6649932861328,187.47999572753906,186.6649932861328,187.45989990234375,4011126
2026-01-05 19:15:00+00:00,186.64320373535156,186.86000061035156,186.3800048828125,186.66000366210938,3899990
2026-01-05 19:30:00+00:00,186.36000061035156,186.66000366210938,186.14999389648438,186.64999389648438,3579532
2026-01-05 19:45:00+00:00,186.74009704589844,186.92999267578125,186.3300018310547,186.36500549316406,3962685
2026-01-05 20:00:00+00:00,187.2200927734375,187.28500366210938,186.50999450683594,186.74000549316406,3603017
2026-01-05 20:15:00+00:00,187.47000122070312,187.57000732421875,187.0800018310547,187.22970581054688,3208843
2026-01-05 20:30:00+00:00,187.7949981689453,187.91000366210938,187.27999877929688,187.47000122070312,4780728
2026-01-05 20:45:00+00:00,188.11000061035156,188.16000366210938,187.6042938232422,187.77999877929688,6307700
2026-01-06 14:30:00+00:00,189.6938018798828,190.8800048828125,188.97999572753906,190.5,13509722
2026-01-06 14:45:00+00:00,191.90420532226562,192.1739959716797,190.3300018310547,190.3300018310547,9701393
2026-01-06 15:00:00+00:00,191.44000244140625,192.08999633789062,190.66000366210938,191.89999389648438,6593087
2026-01-06 15:15:00+00:00,191.39999389648438,191.9550018310547,191.02999877929688,191.44000244140625,4888479
2026-01-06 15:30:00+00:00,190.26499938964844,191.52499389648438,190.2100067138672,191.3896026611328,4880540
2026-01-06 15:45:00+00:00,189.1199951171875,190.1999969482422,189.11000061035156,190.14990234375,5381170
2026-01-06 16:00:00+00:00,188.1501007080078,189.11000061035156,187.8699951171875,189.11000061035156,6676128
2026-01-06 16:15:00+00:00,188.58999633789062,188.91000366210938,188.1999969482422,188.38999938964844,4496231
2026-01-06 16:30:00+00:00,189.3125,190.02999877929688,188.39500427246094,188.58999633789062,5780031
2026-01-06 16:45:00+00:00,189.41000366210938,189.49000549316406,189.22999572753906,189.40499877929688,3887310
2026-01-06 17:00:00+00:00,188.9709014892578,189.41000366210938,188.52999877929688,189.32000732421875,3252862
2026-01-06 17:15:00+00:00,189.03990173339844,189.37649536132812,188.5500030517578,188.6699981689453,3483927
2026-01-06 17:30:00+00:00,189.00909423828125,189.6999969482422,188.9499969482422,189.0399932861328,3033657
2026-01-06 17:45:00+00:00,188.70989990234375,189.2899932861328,188.6699981689453,189.1300048828125,2499934
2026-01-06 18:00:00+00:00,188.28500366210938,188.77000427246094,188.27000427246094,188.7050018310547,2666939
2026-01-06 18:15:00+00:00,188.2899932861328,188.63999938964844,188.27000427246094,188.2899932861328,2112686
2026-01-06 18:30:00+00:00,188.16000366210938,188.22000122070312,187.9199981689453,188.17999267578125,3836466
2026-01-06 18:45:00+00:00,188.23500061035156,188.3000030517578,187.94500732421875,188.22999572753906,2462425
2026-01-06 19:00:00+00:00,187.84500122070312,188.24000549316406,187.52000427246094,188.24000549316406,2528299
2026-01-06 19:15:00+00:00,187.9600067138672,188.22999572753906,187.8300018310547,187.88499450683594,2359995
2026-01-06 19:30:00+00:00,188.1699981689453,188.27999877929688,187.97999572753906,188.0500030517578,2298405
2026-01-06 19:45:00+00:00,187.69000244140625,188.19500732421875,187.67999267578125,188.1790008544922,2430058
2026-01-06 20:00:00+00:00,187.52349853515625,187.88499450683594,187.36000061035156,187.6999969482422,2558615
2026-01-06 20:15:00+00:00,186.94000244140625,187.69000244140625,186.87010192871094,187.5500030517578,3977238
2026-01-06 20:30:00+00:00,187.22000122070312,187.4499969482422,186.82000732421875,186.94000244140625,3334043
2026-01-06 20:45:00+00:00,187.25,187.64999389648438,187.14999389648438,187.1999969482422,3495464
2026-01-07 14:30:00+00:00,188.67579650878906,188.69000244140625,186.55999755859375,188.57000732421875,11091568
2026-01-07 14:45:00+00:00,190.10000610351562,190.1999969482422,188.24000549316406,188.6479949951172,7253662
2026-01-07 15:00:00+00:00,190.51499938964844,191.0800018310547,189.27999877929688,190.10000610351562,7877046
2026-01-07 15:15:00+00:00,191.01499938964844,191.36000061035156,190.25999450683594,190.52000427246094,6290593
2026-01-07 15:30:00+00:00,189.3800048828125,191.0709991455078,188.47000122070312,191.02000427246094,8809521
2026-01-07 15:45:00+00:00,189.61500549316406,190.63499450683594,189.25999450683594,189.375,5477331
2026-01-07 16:00:00+00:00,190.2899932861328,190.2899932861328,189.5399932861328,189.6199951171875,3041318
2026-01-07 16:15:00+00:00,189.5800018310547,190.34500122070312,189.18299865722656,190.2899932861328,2979703
2026-01-07 16:30:00+00:00,189.88670349121094,190.05999755859375,189.46499633789062,189.57000732421875,2837598
2026-01-07 16:45:00+00:00,190.16000366210938,190.3300018310547,189.6699981689453,189.89500427246094,2432460
2026-01-07 17:00:00+00:00,190.17999267578125,190.60000610351562,190.0,190.1649932861328,2636595
2026-01-07 17:15:00+00:00,190.0030059814453,190.35000610351562,189.9250030517578,190.17999267578125,2537805
2026-01-07 17:30:00+00:00,190.07000732421875,190.2100067138672,189.88999938964844,190.0050048828125,1559641
2026-01-07 17:45:00+00:00,189.94000244140625,190.1300048828125,189.67999267578125,190.07000732421875,1747482
2026-01-07 18:00:00+00:00,190.03500366210938,190.16000366210938,189.80999755859375,189.92999267578125,1654093
2026-01-07 18:15:00+00:00,189.625,190.05999755859375,189.5800018310547,190.0399932861328,1687501
2026-01-07 18:30:00+00:00,189.46499633789062,189.8300018310547,189.44000244140625,189.625,1807704
2026-01-07 18:45:00+00:00,189.77499389648438,189.96499633789062,189.3699951171875,189.4600067138672,2120434
2026-01-07 19:00:00+00:00,189.8300018310547,190.0,189.4600067138672,189.77999877929688,2271605
2026-01-07 19:15:00+00:00,189.2801055908203,189.8780059814453,189.1999969482422,189.85000610351562,1925354
2026-01-07 19:30:00+00:00,189.57000732421875,189.77999877929688,189.2100067138672,189.28500366210938,2055060
2026-01-07 19:45:00+00:00,189.25,189.74000549316406,189.17999267578125,189.57000732421875,1904752
2026-01-07 20:00:00+00:00,188.8719940185547,189.4199981689453,188.85000610351562,189.25999450683594,2287133
2026-01-07 20:15:00+00:00,188.99000549316406,189.19000244140625,188.75,188.8699951171875,2292061
2026-01-07 20:30:00+00:00,188.9398956298828,189.17999267578125,188.77999877929688,188.97999572753906,2468519
2026-01-07 20:45:00+00:00,189.24000549316406,189.25999450683594,188.77499389648438,188.93499755859375,4496841
2026-01-08 14:30:00+00:00,187.02999877929688,189.3800048828125,187.0,189.0,10090082
2026-01-08 14:45:00+00:00,185.0500030517578,187.49000549316406,185.00999450683594,186.875,8765153
2026-01-08 15:00:00+00:00,186.17999267578125,186.24000549316406,184.66009521484375,185.0399932861328,7900661
2026-01-08 15:15:00+00:00,186.10000610351562,186.25999450683594,185.3697967529297,186.18499755859375,4720775
2026-01-08 15:30:00+00:00,186.875,186.92999267578125,185.58999633789062,186.0800018310547,6345756
2026-01-08 15:45:00+00:00,185.46290588378906,186.9499969482422,185.01499938964844,186.8699951171875,5297466
2026-01-08 16:00:00+00:00,184.86500549316406,185.77999877929688,184.77999877929688,185.47000122070312,4478467
2026-01-08 16:15:00+00:00,184.8800048828125,185.57000732421875,184.6199951171875,184.8699951171875,4399352
2026-01-08 16:30:00+00:00,185.0601043701172,185.16000366210938,184.42999267578125,184.8699951171875,3499599
2026-01-08 16:45:00+00:00,184.8249969482422,185.44500732421875,184.72000122070312,185.0800018310547,2840509
2026-01-08 17:00:00+00:00,184.37840270996094,184.88499450683594,184.05999755859375,184.82000732421875,3331470
2026-01-08 17:15:00+00:00,184.25579833984375,184.80999755859375,184.19000244140625,184.3699951171875,2878042
2026-01-08 17:30:00+00:00,184.3679962158203,184.5500030517578,183.8300018310547,184.2550048828125,3888720
2026-01-08 17:45:00+00:00,184.49000549316406,184.75,184.3300018310547,184.36500549316406,2584435
2026-01-08 18:00:00+00:00,184.3000030517578,184.57000732421875,184.1699981689453,184.48019409179688,2723492
2026-01-08 18:15:00+00:00,184.75,184.8800048828125,184.25599670410156,184.30499267578125,2730735
2026-01-08 18:30:00+00:00,184.86000061035156,184.8800048828125,184.33999633789062,184.74000549316406,2233517
2026-01-08 18:45:00+00:00,184.19000244140625,184.88999938964844,184.07749938964844,184.86500549316406,2694875
2026-01-08 19:00:00+00:00,183.95989990234375,184.4600067138672,183.8699951171875,184.17999267578125,3048733
2026-01-08 19:15:00+00:00,184.14999389648438,184.2476043701172,183.7100067138672,183.9658966064453,2831381
2026-01-08 19:30:00+00:00,184.64010620117188,184.64500427246094,184.13999938964844,184.15499877929688,2533905
2026-01-08 19:45:00+00:00,184.63999938964844,185.00999450683594,184.375,184.64500427246094,3036537
2026-01-08 20:00:00+00:00,184.89999389648438,184.9949951171875,184.52999877929688,184.64999389648438,2798066
2026-01-08 20:15:00+00:00,185.18649291992188,185.27000427246094,184.75,184.9149932861328,2753902
2026-01-08 20:30:00+00:00,184.9600067138672,185.33999633789062,184.77000427246094,185.2100067138672,3212025
2026-01-08 20:45:00+00:00,185.1300048828125,185.2100067138672,184.64999389648438,184.9600067138672,48578439
2026-01-09 14:30:00+00:00,185.0800018310547,185.82000732421875,183.67010498046875,185.0,10273965
2026-01-09 14:45:00+00:00,184.7899932861328,185.3800048828125,184.2100067138672,185.10000610351562,4589417
2026-01-09 15:00:00+00:00,184.89999389648438,185.07000732421875,183.72999572753906,184.77000427246094,5522429
2026-01-09 15:15:00+00:00,184.96200561523438,185.1999969482422,184.0500030517578,184.89999389648438,4311140
2026-01-09 15:30:00+00:00,184.5500030517578,185.61000061035156,184.49000549316406,184.99000549316406,4247593
2026-01-09 15:45:00+00:00,184.88499450683594,184.90499877929688,184.30999755859375,184.5399932861328,3095757
2026-01-09 16:00:00+00:00,185.30499267578125,185.56500244140625,184.85000610351562,184.8800048828125,3204949
2026-01-09 16:15:00+00:00,185.30999755859375,185.52000427246094,185.02099609375,185.3000030517578,2831648
2026-01-09 16:30:00+00:00,185.24000549316406,185.6999969482422,185.1300048828125,185.30499267578125,2681587
2026-01-09 16:45:00+00:00,185.34500122070312,185.49000549316406,185.17999267578125,185.24020385742188,2146397
2026-01-09 17:00:00+00:00,185.07020568847656,185.5,185.02499389648438,185.34500122070312,1811583
2026-01-09 17:15:00+00:00,184.9541015625,185.1199951171875,184.69000244140625,185.0749969482422,2662971
2026-01-09 17:30:00+00:00,185.0699005126953,185.11990356445312,184.63999938964844,184.9499969482422,2528713
2026-01-09 17:45:00+00:00,185.0500030517578,185.19000244140625,184.85000610351562,185.06500244140625,2074029
2026-01-09 18:00:00+00:00,184.875,185.22999572753906,184.77000427246094,185.0399932861328,2172356
2026-01-09 18:15:00+00:00,185.18499755859375,185.21249389648438,184.8551025390625,184.875,1610403
2026-01-09 18:30:00+00:00,185.15499877929688,185.38999938964844,185.0800018310547,185.18499755859375,2052691
2026-01-09 18:45:00+00:00,185.36000061035156,185.4199981689453,185.10000610351562,185.15499877929688,1758909
2026-01-09 19:00:00+00:00,185.85499572753906,186.33999633789062,185.2449951171875,185.36000061035156,4216130
2026-01-09 19:15:00+00:00,185.88009643554688,186.07000732421875,185.80999755859375,185.86000061035156,2312908
2026-01-09 19:30:00+00:00,185.9199981689453,186.0800018310547,185.80999755859375,185.88499450683594,2091007
2026-01-09 19:45:00+00:00,185.5399932861328,186.0500030517578,185.5299072265625,185.91000366210938,1818523
2026-01-09 20:00:00+00:00,185.81500244140625,186.07000732421875,185.50999450683594,185.5500030517578,2375835
2026-01-09 20:15:00+00:00,185.55499267578125,186.0,185.54010009765625,185.81500244140625,1956620
2026-01-09 20:30:00+00:00,185.3300018310547,185.63999938964844,185.14999389648438,185.5500030517578,2725332
2026-01-09 20:45:00+00:00,184.85000610351562,185.4600067138672,184.80999755859375,185.3300018310547,4847272
2026-01-12 14:30:00+00:00,185.10000610351562,186.1999969482422,183.0200958251953,183.19000244140625,10111198
2026-01-12 14:45:00+00:00,184.91000366210938,185.42990112304688,184.4600067138672,185.11000061035156,4929478
2026-01-12 15:00:00+00:00,185.05859375,185.2100067138672,184.5399932861328,184.90499877929688,3739550
2026-01-12 15:15:00+00:00,184.6199951171875,185.0800018310547,184.49000549316406,185.0749969482422,3414379
2026-01-12 15:30:00+00:00,184.11000061035156,184.6750030517578,183.72999572753906,184.61549377441406,4280952
2026-01-12 15:45:00+00:00,184.50010681152344,184.60000610351562,183.922607421875,184.10000610351562,3150490
2026-01-12 16:00:00+00:00,184.7700958251953,184.77999877929688,184.31500244140625,184.5,2625973
2026-01-12 16:15:00+00:00,185.23989868164062,185.28500366210938,184.75,184.77000427246094,3389999
2026-01-12 16:30:00+00:00,184.91000366210938,185.3000030517578,184.76260375976562,185.23500061035156,2205085
2026-01-12 16:45:00+00:00,185.375,185.61000061035156,184.63999938964844,184.89999389648438,2929730
2026-01-12 17:00:00+00:00,185.88999938964844,185.97000122070312,185.27999877929688,185.3800048828125,2738869
2026-01-12 17:15:00+00:00,186.28500366210938,186.89500427246094,185.75999450683594,185.8800048828125,4784514
2026-01-12 17:30:00+00:00,186.0,186.4239959716797,186.0,186.27999877929688,2781147
2026-01-12 17:45:00+00:00,186.1999969482422,186.3000030517578,185.8000030517578,186.0,2449898
2026-01-12 18:00:00+00:00,186.39999389648438,186.4199981689453,186.1199951171875,186.2100067138672,2151802
2026-01-12 18:15:00+00:00,186.7801055908203,186.8800048828125,186.24000549316406,186.39999389648438,2588005
2026-01-12 18:30:00+00:00,186.9550018310547,187.00999450683594,186.51499938964844,186.77999877929688,2639252
2026-01-12 18:45:00+00:00,186.77499389648438,187.00999450683594,186.6999969482422,186.9499969482422,2268571
2026-01-12 19:00:00+00:00,186.83999633789062,186.92999267578125,186.625,186.77999877929688,1958062
2026-01-12 19:15:00+00:00,186.99000549316406,187.1199951171875,186.82000732421875,186.8524932861328,2218272
2026-01-12 19:30:00+00:00,186.72999572753906,187.0,186.71499633789062,186.99240112304688,1970370
2026-01-12 19:45:00+00:00,186.59500122070312,186.9499969482422,186.55999755859375,186.72999572753906,1941887
2026-01-12 20:00:00+00:00,186.0500030517578,186.6199951171875,185.92010498046875,186.59500122070312,2910360
2026-01-12 20:15:00+00:00,186.00999450683594,186.22999572753906,185.92999267578125,186.0500030517578,2138343
2026-01-12 20:30:00+00:00,185.5399932861328,186.03750610351562,185.5,186.0050048828125,2558287
2026-01-12 20:45:00+00:00,184.89999389648438,185.72500610351562,184.5500030517578,185.52999877929688,4691971
2026-01-13 14:30:00+00:00,184.36770629882812,185.13999938964844,183.6313018798828,184.9600067138672,10490951
2026-01-13 14:45:00+00:00,184.10000610351562,184.90499877929688,183.92999267578125,184.35000610351562,4987357
2026-01-13 15:00:00+00:00,184.26499938964844,184.4149932861328,183.74000549316406,184.11500549316406,4407657
2026-01-13 15:15:00+00:00,183.91749572753906,184.2899932861328,183.6699981689453,184.26499938964844,3511002
2026-01-13 15:30:00+00:00,184.11000061035156,184.24000549316406,183.41000366210938,183.91000366210938,4089757
2026-01-13 15:45:00+00:00,184.79930114746094,184.80499267578125,184.0001983642578,184.1291046142578,3636751
2026-01-13 16:00:00+00:00,185.02000427246094,185.25999450683594,184.5800018310547,184.79930114746094,3759961
2026-01-13 16:15:00+00:00,185.22999572753906,185.8000030517578,184.32000732421875,185.0200958251953,5760635
2026-01-13 16:30:00+00:00,186.69000244140625,186.75999450683594,185.08999633789062,185.24000549316406,4407866
2026-01-13 16:45:00+00:00,187.6779022216797,188.10989379882812,186.6649932861328,186.68499755859375,6616242
2026-01-13 17:00:00+00:00,187.06500244140625,187.80999755859375,187.0406951904297,187.66000366210938,3977966
2026-01-13 17:15:00+00:00,186.39999389648438,187.0850067138672,186.25999450683594,187.06069946289062,3593004
2026-01-13 17:30:00+00:00,185.74000549316406,186.5865020751953,185.74000549316406,186.39999389648438,3057465
2026-01-13 17:45:00+00:00,184.9199981689453,185.9499969482422,184.71279907226562,185.74000549316406,3441551
2026-01-13 18:00:00+00:00,185.27499389648438,185.29989624023438,184.58999633789062,184.92999267578125,3291017
2026-01-13 18:15:00+00:00,185.0699005126953,185.35000610351562,184.8699951171875,185.27999877929688,2247527
2026-01-13 18:30:00+00:00,184.7449951171875,185.1699981689453,184.63499450683594,185.07000732421875,2306544
2026-01-13 18:45:00+00:00,184.61500549316406,184.8968048095703,184.44500732421875,184.7449951171875,2377218
2026-01-13 19:00:00+00:00,184.5399932861328,184.83999633789062,184.42999267578125,184.63999938964844,2312528
2026-01-13 19:15:00+00:00,184.78990173339844,184.9499969482422,184.53500366210938,184.5449981689453,2165674
2026-01-13 19:30:00+00:00,184.32000732421875,184.77999877929688,184.3000030517578,184.77999877929688,2486660
2026-01-13 19:45:00+00:00,184.42999267578125,184.55999755859375,184.21499633789062,184.32000732421875,2884177
2026-01-13 20:00:00+00:00,184.5699005126953,184.7292022705078,184.22999572753906,184.42999267578125,2850851
2026-01-13 20:15:00+00:00,184.72000122070312,184.8800048828125,184.55990600585938,184.57449340820312,2672787
2026-01-13 20:30:00+00:00,184.875,184.97500610351562,184.50010681152344,184.7227020263672,3078813
2026-01-13 20:45:00+00:00,185.82000732421875,185.85000610351562,184.66000366210938,184.875,6222857
2026-01-14 14:30:00+00:00,182.3000030517578,184.0,181.7899932861328,183.78500366210938,12895119
2026-01-14 14:45:00+00:00,181.68499755859375,182.8300018310547,181.4499969482422,182.3000030517578,6526822
2026-01-14 15:00:00+00:00,182.23080444335938,182.23500061035156,180.91000366210938,181.68499755859375,7149592
2026-01-14 15:15:00+00:00,181.6750030517578,182.41000366210938,181.6300048828125,182.23500061035156,4607728
2026-01-14 15:30:00+00:00,182.03500366210938,182.6300048828125,181.50999450683594,181.65460205078125,3991669
2026-01-14 15:45:00+00:00,181.52999877929688,182.16000366210938,181.24000549316406,182.03500366210938,3732242
2026-01-14 16:00:00+00:00,181.3000030517578,181.8300018310547,181.23500061035156,181.52999877929688,2743895
2026-01-14 16:15:00+00:00,181.98500061035156,182.14999389648438,181.25999450683594,181.31500244140625,3277811
2026-01-14 16:30:00+00:00,181.9250030517578,182.10499572753906,181.5850067138672,181.99169921875,2652270
2026-01-14 16:45:00+00:00,181.73500061035156,181.94500732421875,181.3625030517578,181.9149932861328,2565550
2026-01-14 17:00:00+00:00,181.92999267578125,182.1199951171875,181.3800048828125,181.72999572753906,2655438
2026-01-14 17:15:00+00:00,182.10000610351562,182.1300048828125,181.42999267578125,181.9250030517578,2704291
2026-01-14 17:30:00+00:00,181.92999267578125,182.08999633789062,181.77999877929688,182.08999633789062,2080117
2026-01-14 17:45:00+00:00,182.08009338378906,182.17999267578125,181.5449981689453,181.9398956298828,2751098
2026-01-14 18:00:00+00:00,182.27000427246094,182.32000732421875,181.77000427246094,182.0800018310547,2355216
2026-01-14 18:15:00+00:00,182.22000122070312,182.32000732421875,181.72320556640625,182.27000427246094,2472229
2026-01-14 18:30:00+00:00,181.82000732421875,182.25,181.5500946044922,182.22000122070312,2107952
2026-01-14 18:45:00+00:00,182.02499389648438,182.1199951171875,181.6750030517578,181.80999755859375,1851622
2026-01-14 19:00:00+00:00,181.84500122070312,182.02000427246094,181.69000244140625,182.02000427246094,2315775
2026-01-14 19:15:00+00:00,181.82000732421875,182.05850219726562,181.7550048828125,181.85000610351562,1919727
2026-01-14 19:30:00+00:00,181.80999755859375,182.01499938964844,181.6699981689453,181.83999633789062,2095936
2026-01-14 19:45:00+00:00,181.3699951171875,182.0399932861328,181.0800018310547,181.8000030517578,2802723
2026-01-14 20:00:00+00:00,182.19009399414062,182.61000061035156,180.8300018310547,181.35499572753906,5283038
2026-01-14 20:15:00+00:00,182.14999389648438,182.27169799804688,181.63999938964844,182.19500732421875,2617710
2026-01-14 20:30:00+00:00,182.22000122070312,182.77000427246094,182.14500427246094,182.14999389648438,3567051
2026-01-14 20:45:00+00:00,183.1699981689453,183.3300018310547,182.07000732421875,182.24000549316406,6626682
2026-01-15 14:30:00+00:00,188.77999877929688,188.8101043701172,186.38499450683594,186.86000061035156,19193896
2026-01-15 14:45:00+00:00,188.3300018310547,189.17999267578125,187.6199951171875,188.77999877929688,9647979
2026-01-15 15:00:00+00:00,188.6699981689453,188.8699951171875,187.8699951171875,188.3000030517578,6820412
2026-01-15 15:15:00+00:00,187.60000610351562,188.6699981689453,187.27999877929688,188.6699981689453,5399763
2026-01-15 15:30:00+00:00,187.485107421875,188.5500030517578,187.44500732421875,187.60000610351562,4856348
2026-01-15 15:45:00+00:00,187.69000244140625,187.86000061035156,186.83009338378906,187.47999572753906,4882324
2026-01-15 16:00:00+00:00,187.6999969482422,188.11000061035156,187.5500030517578,187.69500732421875,3530750
2026-01-15 16:15:00+00:00,187.5200958251953,187.85000610351562,187.35009765625,187.69500732421875,2644225
2026-01-15 16:30:00+00:00,188.13999938964844,188.16000366210938,187.3300018310547,187.50999450683594,2896400
2026-01-15 16:45:00+00:00,188.88499450683594,189.0399932861328,188.13499450683594,188.14370727539062,5059205
2026-01-15 17:00:00+00:00,188.6999969482422,189.2899932861328,188.42999267578125,188.87069702148438,5462905
2026-01-15 17:15:00+00:00,188.61349487304688,188.7899932861328,188.3300018310547,188.7050018310547,3764091
2026-01-15 17:30:00+00:00,188.44000244140625,188.66000366210938,188.17999267578125,188.6199951171875,2528841
2026-01-15 17:45:00+00:00,188.3699951171875,188.60000610351562,188.14999389648438,188.44000244140625,2634598
2026-01-15 18:00:00+00:00,188.75999450683594,188.8800048828125,188.19000244140625,188.36000061035156,3219610
2026-01-15 18:15:00+00:00,189.2301025390625,189.24000549316406,188.72000122070312,188.75999450683594,2868116
2026-01-15 18:30:00+00:00,189.4499969482422,189.6999969482422,188.97999572753906,189.22999572753906,4562456
2026-01-15 18:45:00+00:00,189.51499938964844,189.6199951171875,189.27999877929688,189.44500732421875,2510508
2026-01-15 19:00:00+00:00,188.91000366210938,189.5166015625,188.74000549316406,189.5166015625,3053412
2026-01-15 19:15:00+00:00,188.39500427246094,188.91000366210938,188.23500061035156,188.91000366210938,3074556
2026-01-15 19:30:00+00:00,189.21429443359375,189.3000030517578,187.9600067138672,188.38999938964844,4517685
2026-01-15 19:45:00+00:00,188.67999267578125,189.38499450683594,188.49000549316406,189.22000122070312,3200318
2026-01-15 20:00:00+00:00,188.1800994873047,188.7698974609375,188.13009643554688,188.69000244140625,3251269
2026-01-15 20:15:00+00:00,187.4250030517578,188.30999755859375,187.17999267578125,188.19000244140625,5036813
2026-01-15 20:30:00+00:00,187.30999755859375,187.52999877929688,187.02999877929688,187.4199981689453,4250480
2026-01-15 20:45:00+00:00,187.13999938964844,187.4499969482422,186.3300018310547,187.3000946044922,7561531
2026-01-16 14:30:00+00:00,189.92010498046875,190.3699951171875,188.77999877929688,188.83999633789062,21881887
2026-01-16 14:45:00+00:00,189.24000549316406,190.44000244140625,189.11000061035156,189.92999267578125,6438329
2026-01-16 15:00:00+00:00,188.83999633789062,189.30099487304688,188.4550018310547,189.2198944091797,5708750
2026-01-16 15:15:00+00:00,187.63839721679688,188.89999389648438,187.62010192871094,188.8350067138672,4597155
2026-01-16 15:30:00+00:00,187.4600067138672,188.1696014404297,187.1300048828125,187.63009643554688,4165379
2026-01-16 15:45:00+00:00,188.0500030517578,188.08999633789062,187.08999633789062,187.4499969482422,3793995
2026-01-16 16:00:00+00:00,187.9550018310547,188.1300048828125,187.5,188.05990600585938,3204232
2026-01-16 16:15:00+00:00,187.99000549316406,188.0800018310547,187.63999938964844,187.97000122070312,3262936
2026-01-16 16:30:00+00:00,187.71629333496094,188.17999267578125,187.6300048828125,187.98500061035156,2789674
2026-01-16 16:45:00+00:00,188.07000732421875,188.25999450683594,187.70669555664062,187.70669555664062,2996954
2026-01-16 17:00:00+00:00,188.0800018310547,188.375,187.92999267578125,188.05999755859375,2778834
2026-01-16 17:15:00+00:00,188.02999877929688,188.1999053955078,187.88999938964844,188.08999633789062,2275147
2026-01-16 17:30:00+00:00,187.73500061035156,188.25,187.69000244140625,188.02000427246094,3376267
2026-01-16 17:45:00+00:00,187.67999267578125,187.89999389648438,187.42999267578125,187.72999572753906,2559179
2026-01-16 18:00:00+00:00,187.9199981689453,188.0500030517578,187.65499877929688,187.6873016357422,1984829
2026-01-16 18:15:00+00:00,187.93499755859375,188.14999389648438,187.83999633789062,187.91000366210938,2292256
2026-01-16 18:30:00+00:00,188.0749969482422,188.08999633789062,187.8800048828125,187.94000244140625,1769819
2026-01-16 18:45:00+00:00,188.07330322265625,188.27000427246094,187.9615936279297,188.0800018310547,1942610
2026-01-16 19:00:00+00:00,187.9550018310547,188.4136962890625,187.9250030517578,188.0749969482422,2579803
2026-01-16 19:15:00+00:00,187.69000244140625,187.98989868164062,187.64500427246094,187.95669555664062,2468581
2026-01-16 19:30:00+00:00,187.87989807128906,187.9600067138672,187.61500549316406,187.6800994873047,2609246
2026-01-16 19:45:00+00:00,187.93499755859375,187.99000549316406,187.69500732421875,187.8800048828125,1969700
2026-01-16 20:00:00+00:00,187.8249969482422,188.02499389648438,187.64999389648438,187.9199981689453,2344571
2026-01-16 20:15:00+00:00,187.74000549316406,187.99000549316406,187.72999572753906,187.8249969482422,2157209
2026-01-16 20:30:00+00:00,187.72999572753906,187.86000061035156,187.5500030517578,187.74000549316406,2631065
2026-01-16 20:45:00+00:00,186.22999572753906,187.72000122070312,186.0800018310547,187.72000122070312,8749132
2026-01-20 14:30:00+00:00,180.6699981689453,182.375,179.69000244140625,181.89999389648438,20460807
2026-01-20 14:45:00+00:00,179.9499969482422,180.8800048828125,179.58999633789062,180.6750030517578,10521809
2026-01-20 15:00:00+00:00,180.05999755859375,180.71499633789062,179.66000366210938,179.9199981689453,6806169
2026-01-20 15:15:00+00:00,180.8000030517578,180.8800048828125,179.63999938964844,180.06500244140625,5982876
2026-01-20 15:30:00+00:00,181.57000732421875,181.62269592285156,180.66000366210938,180.77000427246094,5622506
2026-01-20 15:45:00+00:00,180.5832977294922,180.62010192871094,180.49000549316406,180.49000549316406,6755182
2026-01-20 16:00:00+00:00,180.9499969482422,181.25999450683594,180.5500030517578,180.60000610351562,4236788
2026-01-20 16:15:00+00:00,180.3199005126953,181.0850067138672,179.81500244140625,180.94000244140625,5591923
2026-01-20 16:30:00+00:00,179.7100067138672,180.47999572753906,179.63999938964844,180.31500244140625,4751900
2026-01-20 16:45:00+00:00,180.07009887695312,180.13540649414062,179.55999755859375,179.7100067138672,4510531
2026-01-20 17:00:00+00:00,179.8249969482422,180.1199951171875,179.55999755859375,180.05999755859375,3769407
2026-01-20 17:15:00+00:00,180.0198974609375,180.22000122070312,179.57000732421875,179.8300018310547,4234356
2026-01-20 17:30:00+00:00,179.4949951171875,180.00999450683594,179.35000610351562,180.00999450683594,3755096
2026-01-20 17:45:00+00:00,179.79989624023438,179.85499572753906,179.27000427246094,179.49000549316406,3246602
2026-01-20 18:00:00+00:00,179.93499755859375,180.08999633789062,179.75070190429688,179.8000030517578,2562198
2026-01-20 18:15:00+00:00,179.52000427246094,179.9499969482422,179.49000549316406,179.92999267578125,2284035
2026-01-20 18:30:00+00:00,179.25990295410156,179.625,178.89999389648438,179.5,4365354
2026-01-20 18:45:00+00:00,179.75,179.7698974609375,179.11000061035156,179.25,3241573
2026-01-20 19:00:00+00:00,179.5399932861328,179.97999572753906,179.5200958251953,179.75,2689547
2026-01-20 19:15:00+00:00,179.43499755859375,179.60000610351562,179.19000244140625,179.54510498046875,2309436
2026-01-20 19:30:00+00:00,179.375,179.60000610351562,179.14999389648438,179.41000366210938,2716529
2026-01-20 19:45:00+00:00,179.5699005126953,179.63999938964844,179.3000030517578,179.375,2315866
2026-01-20 20:00:00+00:00,178.86500549316406,179.60499572753906,178.80999755859375,179.57000732421875,3217258
2026-01-20 20:15:00+00:00,178.4949951171875,179.02000427246094,178.35499572753906,178.8699951171875,4556263
2026-01-20 20:30:00+00:00,178.77999877929688,178.8800048828125,178.4250030517578,178.4949951171875,4410361
2026-01-20 20:45:00+00:00,178.2100067138672,178.92999267578125,177.6199951171875,178.78500366210938,10793727
2026-01-21 14:30:00+00:00,179.9499969482422,180.1699981689453,178.39999389648438,179.0500030517578,13237040
2026-01-21 14:45:00+00:00,180.4199981689453,180.8699951171875,179.29200744628906,179.9499969482422,7347759
2026-01-21 15:00:00+00:00,180.26499938964844,180.8000030517578,179.9949951171875,180.39999389648438,4413234
2026-01-21 15:15:00+00:00,180.80999755859375,180.96009826660156,180.27000427246094,180.27499389648438,4337803
2026-01-21 15:30:00+00:00,181.2801055908203,181.50999450683594,180.6999969482422,180.80999755859375,4590983
2026-01-21 15:45:00+00:00,182.72500610351562,183.18499755859375,181.2899932861328,181.2899932861328,6139625
2026-01-21 16:00:00+00:00,183.30999755859375,183.74000549316406,182.5800018310547,182.72000122070312,4770212
2026-01-21 16:15:00+00:00,182.73550415039062,183.625,182.64999389648438,183.32000732421875,5122850
2026-01-21 16:30:00+00:00,180.73500061035156,182.75,180.67999267578125,182.72000122070312,5317863
2026-01-21 16:45:00+00:00,180.1300048828125,181.0500030517578,180.02000427246094,180.73500061035156,5194174
2026-01-21 17:00:00+00:00,179.46499633789062,180.5850067138672,179.3699951171875,180.13999938964844,3828032
2026-01-21 17:15:00+00:00,179.43499755859375,179.92999267578125,179.35000610351562,179.47999572753906,3030998
2026-01-21 17:30:00+00:00,179.57000732421875,179.77999877929688,179.19500732421875,179.43499755859375,2594179
2026-01-21 17:45:00+00:00,180.29080200195312,180.47999572753906,179.45289611816406,179.57000732421875,3166718
2026-01-21 18:00:00+00:00,180.35009765625,180.50999450683594,179.6999969482422,180.2899932861328,2954365
2026-01-21 18:15:00+00:00,180.2449951171875,180.41000366210938,179.91000366210938,180.36000061035156,2498989
2026-01-21 18:30:00+00:00,180.46009826660156,180.47999572753906,180.14010620117188,180.26010131835938,1442757
2026-01-21 18:45:00+00:00,181.14010620117188,181.22999572753906,180.5399932861328,180.55499267578125,3301787
2026-01-21 19:00:00+00:00,181.0399932861328,181.5500030517578,181.0,181.14500427246094,2921163
2026-01-21 19:15:00+00:00,182.97999572753906,183.08999633789062,180.92999267578125,181.03579711914062,3877602
2026-01-21 19:30:00+00:00,184.2899932861328,184.36000061035156,182.86000061035156,182.97999572753906,6642223
2026-01-21 19:45:00+00:00,185.26010131835938,185.36740112304688,184.28500366210938,184.2899932861328,6344225
2026-01-21 20:00:00+00:00,184.76499938964844,185.37899780273438,184.27000427246094,185.27000427246094,5154322
2026-01-21 20:15:00+00:00,183.7899932861328,185.0500030517578,183.72999572753906,184.77999877929688,5022250
2026-01-21 20:30:00+00:00,184.13999938964844,184.72000122070312,183.55999755859375,183.77999877929688,5200574
2026-01-21 20:45:00+00:00,183.32000732421875,184.3000030517578,183.18499755859375,184.13999938964844,7193400
2026-01-22 14:30:00+00:00,184.75,186.16000366210938,184.11000061035156,184.7449951171875,11857684
2026-01-22 14:45:00+00:00,184.33999633789062,185.35000610351562,184.0,184.860107421875,7623841
2026-01-22 15:00:00+00:00,184.37010192871094,184.94000244140625,183.92999267578125,184.36000061035156,4474668
2026-01-22 15:15:00+00:00,184.8699951171875,185.17999267578125,184.08999633789062,184.3699951171875,4450152
2026-01-22 15:30:00+00:00,184.9600067138672,185.22000122070312,184.47999572753906,184.8699951171875,3908888
2026-01-22 15:45:00+00:00,185.0850067138672,185.40499877929688,184.8300018310547,184.9698944091797,2751716
2026-01-22 16:00:00+00:00,185.40499877929688,185.4600067138672,184.9530029296875,185.0800018310547,2659584
2026-01-22 16:15:00+00:00,185.73550415039062,185.8350067138672,185.33999633789062,185.38999938964844,3105852
2026-01-22 16:30:00+00:00,185.92030334472656,186.0399932861328,185.5800018310547,185.73399353027344,21340152
2026-01-22 16:45:00+00:00,185.52650451660156,186.1699981689453,185.5,185.9199981689453,3314778
2026-01-22 17:00:00+00:00,185.3217010498047,185.6199951171875,185.1300048828125,185.52000427246094,3296088
2026-01-22 17:15:00+00:00,184.97500610351562,185.3300018310547,184.66000366210938,185.3300018310547,3445389
2026-01-22 17:30:00+00:00,184.72000122070312,185.1199951171875,184.64999389648438,184.97999572753906,2469485
2026-01-22 17:45:00+00:00,184.56500244140625,184.85000610351562,184.4149932861328,184.71499633789062,2522761
2026-01-22 18:00:00+00:00,185.00010681152344,185.23500061035156,184.49000549316406,184.55999755859375,3595971
2026-01-22 18:15:00+00:00,184.72549438476562,185.11990356445312,184.72000122070312,185.00579833984375,2039743
2026-01-22 18:30:00+00:00,184.63499450683594,184.8800048828125,184.60000610351562,184.7100067138672,1696564
2026-01-22 18:45:00+00:00,184.4698944091797,184.8000030517578,184.3699951171875,184.639892578125,1967997
2026-01-22 19:00:00+00:00,184.65989685058594,184.75999450683594,184.2805938720703,184.4600067138672,2249881
2026-01-22 19:15:00+00:00,184.65499877929688,184.75509643554688,184.46470642089844,184.64999389648438,1807812
2026-01-22 19:30:00+00:00,184.69000244140625,184.84500122070312,184.52000427246094,184.64999389648438,31440371
2026-01-22 19:45:00+00:00,184.44500732421875,184.86000061035156,184.360107421875,184.69000244140625,1567944
2026-01-22 20:00:00+00:00,184.4342041015625,184.7301025390625,184.19000244140625,184.44500732421875,2685468
2026-01-22 20:15:00+00:00,184.11000061035156,184.68670654296875,184.08999633789062,184.44000244140625,2361301
2026-01-22 20:30:00+00:00,184.22999572753906,184.29989624023438,183.92999267578125,184.10000610351562,2920604
2026-01-22 20:45:00+00:00,184.8300018310547,184.8699951171875,184.19000244140625,184.24000549316406,4709426
2026-01-23 14:30:00+00:00,187.54539489746094,189.60000610351562,186.82330322265625,187.48500061035156,17988281
2026-01-23 14:45:00+00:00,187.7899932861328,188.27000427246094,187.17999267578125,187.89999389648438,5657924
2026-01-23 15:00:00+00:00,187.6699981689453,188.35000610351562,187.44000244140625,187.7899932861328,4919676
2026-01-23 15:15:00+00:00,187.65499877929688,187.77999877929688,187.25,187.6750030517578,3389591
2026-01-23 15:30:00+00:00,187.80999755859375,188.0399932861328,187.52000427246094,187.64500427246094,2498899
2026-01-23 15:45:00+00:00,187.77000427246094,188.08999633789062,187.6699981689453,187.82000732421875,2713815
2026-01-23 16:00:00+00:00,187.4600067138672,187.91000366210938,187.16000366210938,187.77000427246094,2667502
2026-01-23 16:15:00+00:00,187.75999450683594,188.00999450683594,187.1300048828125,187.4499969482422,3244630
2026-01-23 16:30:00+00:00,187.375,188.08999633789062,187.19500732421875,187.75,3104402
2026-01-23 16:45:00+00:00,187.7675018310547,187.9300994873047,187.22999572753906,187.3699951171875,2583230
2026-01-23 17:00:00+00:00,188.110107421875,188.23609924316406,187.52999877929688,187.77499389648438,2815876
2026-01-23 17:15:00+00:00,187.74009704589844,188.17999267578125,187.6300048828125,188.11000061035156,2426092
2026-01-23 17:30:00+00:00,187.51499938964844,188.09500122070312,187.46499633789062,187.75,2382545
2026-01-23 17:45:00+00:00,187.375,187.6934051513672,187.14500427246094,187.5198974609375,2541366
2026-01-23 18:00:00+00:00,187.57000732421875,187.75669860839844,187.22000122070312,187.36000061035156,1993921
2026-01-23 18:15:00+00:00,187.89500427246094,188.0399932861328,187.55999755859375,187.5800018310547,2169155
2026-01-23 18:30:00+00:00,187.99000549316406,188.02999877929688,187.51499938964844,187.89999389648438,1947693
2026-01-23 18:45:00+00:00,188.07000732421875,188.22000122070312,187.89999389648438,188.0,2096814
2026-01-23 19:00:00+00:00,188.05999755859375,188.41000366210938,187.97999572753906,188.05999755859375,2371164
2026-01-23 19:15:00+00:00,187.8300018310547,188.08999633789062,187.74000549316406,188.06500244140625,2126338
2026-01-23 19:30:00+00:00,187.65499877929688,188.02999877929688,187.44000244140625,187.80999755859375,2751505
2026-01-23 19:45:00+00:00,187.57000732421875,187.6999969482422,187.35000610351562,187.6699981689453,2119592
2026-01-23 20:00:00+00:00,187.5,187.71499633789062,187.11000061035156,187.56500244140625,2239173
2026-01-23 20:15:00+00:00,187.22999572753906,187.63999938964844,187.20989990234375,187.50999450683594,2242379
2026-01-23 20:30:00+00:00,187.61500549316406,187.64999389648438,187.13999938964844,187.22000122070312,2133697
2026-01-23 20:45:00+00:00,187.6699981689453,187.9149932861328,187.27000427246094,187.60499572753906,5700165
2026-01-26 14:30:00+00:00,188.69000244140625,189.1199951171875,187.05999755859375,187.07000732421875,11857643
2026-01-26 14:45:00+00:00,187.51499938964844,188.77000427246094,186.85000610351562,188.6898956298828,6999949
2026-01-26 15:00:00+00:00,187.23060607910156,187.52499389648438,186.85000610351562,187.5050048828125,4445092
2026-01-26 15:15:00+00:00,187.3459930419922,187.77000427246094,187.17999267578125,187.23989868164062,3407195
2026-01-26 15:30:00+00:00,187.0399932861328,187.61000061035156,186.95199584960938,187.33450317382812,2929186
2026-01-26 15:45:00+00:00,187.27000427246094,187.50999450683594,187.00819396972656,187.06500244140625,2907446
2026-01-26 16:00:00+00:00,187.125,187.28500366210938,186.00999450683594,187.27000427246094,5809344
2026-01-26 16:15:00+00:00,186.80499267578125,187.25,186.6999969482422,187.12930297851562,2386898
2026-01-26 16:30:00+00:00,186.67579650878906,187.0,186.639892578125,186.7899932861328,2127930
2026-01-26 16:45:00+00:00,187.01499938964844,187.0500030517578,186.44000244140625,186.6699981689453,2474319
2026-01-26 17:00:00+00:00,186.85000610351562,187.24000549316406,186.8350067138672,187.01499938964844,2179971
2026-01-26 17:15:00+00:00,186.66000366210938,186.8800048828125,186.55999755859375,186.8592987060547,2160641
2026-01-26 17:30:00+00:00,186.45950317382812,186.7100067138672,186.3800048828125,186.63999938964844,1853682
2026-01-26 17:45:00+00:00,186.47549438476562,186.58999633789062,186.1999969482422,186.4499969482422,2305964
2026-01-26 18:00:00+00:00,186.19500732421875,186.5,185.99000549316406,186.4799041748047,2281891
2026-01-26 18:15:00+00:00,186.42999267578125,186.5,186.14999389648438,186.19000244140625,1689620
2026-01-26 18:30:00+00:00,186.82749938964844,186.94000244140625,186.41000366210938,186.41000366210938,2495914
2026-01-26 18:45:00+00:00,187.0399932861328,187.0749969482422,186.71009826660156,186.82290649414062,1637845
2026-01-26 19:00:00+00:00,186.75999450683594,187.0800018310547,186.67999267578125,187.0399932861328,1771031
2026-01-26 19:15:00+00:00,186.5749969482422,186.8300018310547,186.47999572753906,186.77000427246094,1727475
2026-01-26 19:30:00+00:00,186.58999633789062,186.67999267578125,186.42999267578125,186.56869506835938,1616734
2026-01-26 19:45:00+00:00,186.26499938964844,186.66000366210938,186.22000122070312,186.59500122070312,1889191
2026-01-26 20:00:00+00:00,186.11000061035156,186.41000366210938,186.0,186.27000427246094,2132866
2026-01-26 20:15:00+00:00,186.44500732421875,186.46499633789062,186.0,186.10499572753906,2325602
2026-01-26 20:30:00+00:00,186.46499633789062,186.51499938964844,186.30999755859375,186.4499969482422,2187090
2026-01-26 20:45:00+00:00,186.38999938964844,186.8000030517578,186.24000549316406,186.46670532226562,4191035
2026-01-27 14:30:00+00:00,185.95010375976562,187.3800048828125,185.6999969482422,187.24000549316406,8400854
2026-01-27 14:45:00+00:00,187.63999938964844,187.7899932861328,185.9149932861328,185.9600067138672,5762896
2026-01-27 15:00:00+00:00,189.05499267578125,189.32000732421875,187.49000549316406,187.63999938964844,7220953
2026-01-27 15:15:00+00:00,188.91510009765625,189.5050048828125,188.64999389648438,189.05999755859375,5077636
2026-01-27 15:30:00+00:00,189.5449981689453,189.7949981689453,188.88999938964844,188.9199981689453,4941232
2026-01-27 15:45:00+00:00,189.35000610351562,189.7698974609375,189.0800018310547,189.54989624023438,3226323
2026-01-27 16:00:00+00:00,189.56500244140625,189.69000244140625,189.19000244140625,189.36000061035156,2885301
2026-01-27 16:15:00+00:00,189.70579528808594,190.0,189.44000244140625,189.56500244140625,4438571
2026-01-27 16:30:00+00:00,189.76499938964844,190.0,189.625,189.7100067138672,2978662
2026-01-27 16:45:00+00:00,189.65989685058594,189.8300018310547,189.41000366210938,189.76499938964844,2496362
2026-01-27 17:00:00+00:00,189.67999267578125,189.8000030517578,189.5050048828125,189.64999389648438,2161859
2026-01-27 17:15:00+00:00,189.68499755859375,189.77499389648438,189.50999450683594,189.68499755859375,1789309
2026-01-27 17:30:00+00:00,189.63499450683594,190.0,189.6199951171875,189.69000244140625,2957671
2026-01-27 17:45:00+00:00,189.20989990234375,189.69000244140625,189.05999755859375,189.63499450683594,3051906
2026-01-27 18:00:00+00:00,189.48500061035156,189.6199951171875,188.89999389648438,189.20989990234375,3200022
2026-01-27 18:15:00+00:00,189.48500061035156,189.72999572753906,189.44000244140625,189.4700927734375,2058977
2026-01-27 18:30:00+00:00,189.55499267578125,189.77999877929688,189.41000366210938,189.49000549316406,2308751
2026-01-27 18:45:00+00:00,189.35000610351562,189.63999938964844,189.33999633789062,189.55499267578125,1909674
2026-01-27 19:00:00+00:00,189.2949981689453,189.41000366210938,189.125,189.33999633789062,3092643
2026-01-27 19:15:00+00:00,189.125,189.47999572753906,189.0449981689453,189.29010009765625,2561098
2026-01-27 19:30:00+00:00,189.21499633789062,189.25,188.9499969482422,189.1300048828125,2388068
2026-01-27 19:45:00+00:00,189.27999877929688,189.39999389648438,188.9499969482422,189.21499633789062,2561006
2026-01-27 20:00:00+00:00,189.47500610351562,189.5399932861328,189.1300048828125,189.27000427246094,2700568
2026-01-27 20:15:00+00:00,189.4250030517578,189.72000122070312,189.3800048828125,189.47500610351562,2626949
2026-01-27 20:30:00+00:00,189.22999572753906,189.42999267578125,189.01499938964844,189.4199981689453,2878203
2026-01-27 20:45:00+00:00,188.5399932861328,189.30999755859375,188.47279357910156,189.22000122070312,4809846
2026-01-28 14:30:00+00:00,192.14999389648438,192.32899475097656,190.1300048828125,191.2899932861328,14289137
2026-01-28 14:45:00+00:00,191.8699951171875,192.1999969482422,191.2050018310547,192.13999938964844,6002335
2026-01-28 15:00:00+00:00,191.45010375976562,192.35000610351562,191.44500732421875,191.85000610351562,4879555
2026-01-28 15:15:00+00:00,191.40499877929688,192.14999389648438,191.38999938964844,191.4600067138672,4334756
2026-01-28 15:30:00+00:00,191.19000244140625,191.83999633789062,191.01499938964844,191.40499877929688,4026662
2026-01-28 15:45:00+00:00,190.91000366210938,191.24000549316406,190.72300720214844,191.17999267578125,3592786
2026-01-28 16:00:00+00:00,191.8000030517578,191.8498992919922,190.91000366210938,190.9199981689453,3469902
2026-01-28 16:15:00+00:00,191.77999877929688,192.03990173339844,191.55999755859375,191.80740356445312,3729504
2026-01-28 16:30:00+00:00,190.47999572753906,191.77000427246094,190.4600067138672,191.77000427246094,3947574
2026-01-28 16:45:00+00:00,190.27980041503906,190.64990234375,189.83999633789062,190.49000549316406,5179908
2026-01-28 17:00:00+00:00,190.92999267578125,190.93699645996094,190.1699981689453,190.27000427246094,2663839
2026-01-28 17:15:00+00:00,191.09579467773438,191.17990112304688,190.77999877929688,190.9199981689453,2378554
2026-01-28 17:30:00+00:00,191.4149932861328,191.42999267578125,190.8249969482422,191.0850067138672,2570818
2026-01-28 17:45:00+00:00,191.60000610351562,191.7010040283203,191.27000427246094,191.4199981689453,2698960
2026-01-28 18:00:00+00:00,191.57000732421875,191.78799438476562,191.25999450683594,191.60499572753906,2221590
2026-01-28 18:15:00+00:00,191.72000122070312,191.77999877929688,191.47000122070312,191.56500244140625,1798191
2026-01-28 18:30:00+00:00,191.77000427246094,191.89500427246094,191.6199951171875,191.73500061035156,2076889
2026-01-28 18:45:00+00:00,191.9199981689453,191.99000549316406,191.6300048828125,191.78500366210938,2312077
2026-01-28 19:00:00+00:00,191.6663055419922,192.2100067138672,191.4199981689453,191.92999267578125,3272517
2026-01-28 19:15:00+00:00,191.52000427246094,191.8300018310547,191.3800048828125,191.6649932861328,2390019
2026-01-28 19:30:00+00:00,191.67059326171875,192.32000732421875,190.90370178222656,191.50999450683594,4506096
2026-01-28 19:45:00+00:00,191.58470153808594,192.27000427246094,191.57000732421875,191.67669677734375,3148644
2026-01-28 20:00:00+00:00,192.0063018798828,192.1199951171875,191.5050048828125,191.55999755859375,2424219
2026-01-28 20:15:00+00:00,191.6230010986328,192.0,191.5500030517578,192.0,2618858
2026-01-28 20:30:00+00:00,191.2449951171875,191.67999267578125,191.22999572753906,191.6199951171875,2875353
2026-01-28 20:45:00+00:00,191.5399932861328,191.7899932861328,190.8699951171875,191.2449951171875,5929307
2026-01-29 14:30:00+00:00,190.61000061035156,193.47999572753906,190.14999389648438,191.33999633789062,11969693
2026-01-29 14:45:00+00:00,190.8000030517578,192.0800018310547,190.58999633789062,190.9199981689453,6196764
2026-01-29 15:00:00+00:00,188.4398956298828,190.83999633789062,188.41000366210938,190.80999755859375,7561850
2026-01-29 15:15:00+00:00,188.92999267578125,189.60000610351562,188.35000610351562,188.44500732421875,5302174
2026-01-29 15:30:00+00:00,187.22500610351562,189.0,186.89990234375,188.92999267578125,5997618
2026-01-29 15:45:00+00:00,186.42979431152344,187.53250122070312,186.05999755859375,187.22000122070312,6095438
2026-01-29 16:00:00+00:00,187.1649932861328,187.17999267578125,186.06350708007812,186.42999267578125,4938576
2026-01-29 16:15:00+00:00,187.8350067138672,188.07000732421875,187.15499877929688,187.16000366210938,4781584
2026-01-29 16:30:00+00:00,187.9250030517578,188.16000366210938,187.69000244140625,187.8300018310547,3587771
2026-01-29 16:45:00+00:00,188.10499572753906,188.47999572753906,187.8520965576172,187.92999267578125,3424130
2026-01-29 17:00:00+00:00,188.72500610351562,188.7899932861328,188.02000427246094,188.10000610351562,2709735
2026-01-29 17:15:00+00:00,189.5449981689453,189.83999633789062,188.72000122070312,188.72999572753906,3855491
2026-01-29 17:30:00+00:00,189.66000366210938,190.0050048828125,189.46339416503906,189.5399932861328,3318970
2026-01-29 17:45:00+00:00,189.33990478515625,189.84500122070312,189.1699981689453,189.6699981689453,3034528
2026-01-29 18:00:00+00:00,190.6199951171875,190.69000244140625,189.32989501953125,189.33999633789062,3594977
2026-01-29 18:15:00+00:00,190.05499267578125,190.64500427246094,189.8300018310547,190.61000061035156,2786048
2026-01-29 18:30:00+00:00,190.2949981689453,190.43499755859375,189.7050018310547,190.05999755859375,2756384
2026-01-29 18:45:00+00:00,190.51499938964844,190.57000732421875,190.1199951171875,190.30999755859375,2557715
2026-01-29 19:00:00+00:00,190.5850067138672,190.77999877929688,190.16000366210938,190.50999450683594,2435569
2026-01-29 19:15:00+00:00,190.36000061035156,190.7220001220703,190.30999755859375,190.58999633789062,1679892
2026-01-29 19:30:00+00:00,190.22500610351562,190.5500030517578,190.05999755859375,190.36000061035156,2195747
2026-01-29 19:45:00+00:00,190.5800018310547,190.77999877929688,190.02000427246094,190.22000122070312,2314187
2026-01-29 20:00:00+00:00,191.1300048828125,191.2899932861328,190.3699951171875,190.5800018310547,3217046
2026-01-29 20:15:00+00:00,190.94500732421875,191.4499969482422,190.91000366210938,191.11000061035156,3042522
2026-01-29 20:30:00+00:00,190.99000549316406,191.67999267578125,190.86000061035156,190.93499755859375,4668902
2026-01-29 20:45:00+00:00,192.42999267578125,192.75,190.8800048828125,191.0,7939657
2026-01-30 14:30:00+00:00,192.36000061035156,192.97999572753906,190.90960693359375,191.21499633789062,10073606
2026-01-30 14:45:00+00:00,191.6199951171875,192.88999938964844,191.33999633789062,192.35000610351562,5280815
2026-01-30 15:00:00+00:00,192.2301025390625,192.64999389648438,191.44000244140625,191.6199951171875,4616969
2026-01-30 15:15:00+00:00,191.65499877929688,193.42999267578125,191.50999450683594,192.22000122070312,6104464
2026-01-30 15:30:00+00:00,192.01939392089844,192.17999267578125,191.22500610351562,191.64500427246094,1626247
2026-02-02 19:00:00+00:00,189.64999389648438,190.10000610351562,189.6199951171875,189.86000061035156,39366439
2026-02-02 19:15:00+00:00,189.9199981689453,189.97999572753906,189.5800018310547,189.64500427246094,1741793
2026-02-02 19:30:00+00:00,189.00010681152344,189.9600067138672,188.9949951171875,189.9149932861328,2311187
2026-02-02 19:45:00+00:00,187.43499755859375,189.00999450683594,187.41000366210938,189.0,4032036
2026-02-02 20:00:00+00:00,187.08900451660156,187.63999938964844,186.92999267578125,187.44000244140625,5530092
2026-02-02 20:15:00+00:00,186.1750030517578,187.44000244140625,186.08009338378906,187.08749389648438,4524782
2026-02-02 20:30:00+00:00,185.69500732421875,186.30999755859375,185.50999450683594,186.18499755859375,5762801
2026-02-02 20:45:00+00:00,185.69000244140625,185.88999938964844,184.8800048828125,185.69500732421875,8813491
2026-02-03 14:30:00+00:00,183.4199981689453,186.24000549316406,182.77999877929688,186.23500061035156,13351504
2026-02-03 14:45:00+00:00,181.8300018310547,184.23500061035156,181.5,183.4600067138672,7667980
2026-02-03 15:00:00+00:00,180.72000122070312,182.0,180.39999389648438,181.83999633789062,8431814
2026-02-03 15:15:00+00:00,180.29989624023438,181.02000427246094,179.55999755859375,180.6999969482422,7313368
2026-02-03 15:30:00+00:00,180.13499450683594,180.52999877929688,179.7100067138672,180.27999877929688,5179401
2026-02-03 15:45:00+00:00,180.75990295410156,180.9600067138672,179.79010009765625,180.125,4688038
2026-02-03 16:00:00+00:00,179.75999450683594,180.8300018310547,179.38999938964844,180.75999450683594,4778475
2026-02-03 16:15:00+00:00,179.10000610351562,179.97000122070312,179.0800018310547,179.75,3813709
2026-02-03 16:30:00+00:00,180.09500122070312,180.19000244140625,179.09010314941406,179.09010314941406,3815082
2026-02-03 16:45:00+00:00,180.0749969482422,180.49000549316406,179.92999267578125,180.08999633789062,3279199
2026-02-03 17:00:00+00:00,179.38009643554688,180.1199951171875,179.11000061035156,180.07000732421875,3302798
2026-02-03 17:15:00+00:00,180.00010681152344,180.39999389648438,179.28500366210938,179.3800048828125,3229506
2026-02-03 17:30:00+00:00,179.4499969482422,180.0749969482422,179.14999389648438,180.0,3260519
2026-02-03 17:45:00+00:00,178.8699951171875,179.47000122070312,178.64999389648438,179.4492950439453,4011160
2026-02-03 18:00:00+00:00,178.9199981689453,179.72000122070312,178.81019592285156,178.8699951171875,3131398
2026-02-03 18:15:00+00:00,179.1584930419922,179.3249969482422,178.64999389648438,178.9199981689453,40376078
2026-02-03 18:30:00+00:00,178.8300018310547,179.1697998046875,178.50999450683594,179.14500427246094,1843110
2026-02-03 18:45:00+00:00,178.42999267578125,178.8699951171875,178.41000366210938,178.82000732421875,2604236
2026-02-03 19:00:00+00:00,179.35000610351562,179.36990356445312,178.0500030517578,178.4199981689453,3611042
2026-02-03 19:15:00+00:00,178.69500732421875,179.52000427246094,178.3699951171875,179.35000610351562,3392734
2026-02-03 19:30:00+00:00,176.97000122070312,179.02000427246094,176.9600067138672,178.6750030517578,5496887
2026-02-03 19:45:00+00:00,177.8699951171875,177.9499969482422,176.22999572753906,176.96499633789062,6353308
2026-02-03 20:00:00+00:00,177.92999267578125,178.14999389648438,177.529296875,177.8699951171875,3697143
2026-02-03 20:15:00+00:00,178.69700622558594,178.98500061035156,177.61000061035156,177.88999938964844,4024713
2026-02-03 20:30:00+00:00,179.5749969482422,179.875,178.67999267578125,178.69509887695312,4207251
2026-02-03 20:45:00+00:00,180.3300018310547,180.48500061035156,179.39999389648438,179.57000732421875,7822389
2026-02-04 14:30:00+00:00,179.2100067138672,179.56500244140625,177.1999969482422,179.44000244140625,9412002
2026-02-04 14:45:00+00:00,177.77000427246094,179.57000732421875,177.66000366210938,179.2100067138672,5426174
2026-02-04 15:00:00+00:00,178.0,178.1300048828125,176.6199951171875,177.75,7092580
2026-02-04 15:15:00+00:00,177.19520568847656,178.1300048828125,176.84500122070312,178.02000427246094,4868581
2026-02-04 15:30:00+00:00,176.89999389648438,177.55999755859375,175.66000366210938,177.1999969482422,6314872
2026-02-04 15:45:00+00:00,175.8699951171875,177.02000427246094,175.8000030517578,176.9199981689453,4148157
2026-02-04 16:00:00+00:00,175.3551025390625,176.02000427246094,174.57000732421875,175.8800048828125,6150703
2026-02-04 16:15:00+00:00,175.25,175.63499450683594,174.4842071533203,175.39999389648438,4339243
2026-02-04 16:30:00+00:00,173.6898956298828,175.3000030517578,173.66000366210938,175.24000549316406,4143023
2026-02-04 16:45:00+00:00,174.64999389648438,174.72999572753906,173.27000427246094,173.69000244140625,5066207
2026-02-04 17:00:00+00:00,175.06500244140625,175.17999267578125,174.25999450683594,174.63999938964844,3794142
2026-02-04 17:15:00+00:00,173.35000610351562,175.11000061035156,173.32000732421875,175.05999755859375,3585817
2026-02-04 17:30:00+00:00,172.6750030517578,173.91000366210938,172.11000061035156,173.33999633789062,5671406
2026-02-04 17:45:00+00:00,173.2902069091797,173.3000030517578,171.91000366210938,172.6699981689453,5281145
2026-02-04 18:00:00+00:00,173.0216064453125,173.69500732421875,172.4199981689453,173.3000030517578,4120916
2026-02-04 18:15:00+00:00,174.12660217285156,174.32000732421875,172.75999450683594,173.02999877929688,3837543
2026-02-04 18:30:00+00:00,173.57000732421875,174.14590454101562,173.27499389648438,174.13999938964844,3171827
2026-02-04 18:45:00+00:00,174.10000610351562,174.2949981689453,172.89999389648438,173.55999755859375,3160834
2026-02-04 19:00:00+00:00,174.4199981689453,174.5,173.66990661621094,174.08999633789062,3579675
2026-02-04 19:15:00+00:00,174.94009399414062,175.00999450683594,174.33999633789062,174.41000366210938,3375280
2026-02-04 19:30:00+00:00,175.05999755859375,175.52000427246094,174.8699951171875,174.92999267578125,3651179
2026-02-04 19:45:00+00:00,175.9550018310547,175.97999572753906,174.96499633789062,175.0500030517578,4106990
2026-02-04 20:00:00+00:00,174.27999877929688,176.13999938964844,174.25,175.9499969482422,3993561
2026-02-04 20:15:00+00:00,175.27099609375,175.5050048828125,174.27000427246094,174.3000030517578,3562708
2026-02-04 20:30:00+00:00,175.52349853515625,175.8800048828125,175.10000610351562,175.27110290527344,3639707
2026-02-04 20:45:00+00:00,174.1999969482422,175.88999938964844,174.19500732421875,175.52499389648438,7891753
2026-02-05 14:30:00+00:00,175.25,175.75999450683594,173.68499755859375,174.9250030517578,13218592
2026-02-05 14:45:00+00:00,173.88999938964844,176.80999755859375,173.64999389648438,175.24000549316406,8629425
2026-02-05 15:00:00+00:00,171.4600067138672,174.22999572753906,171.4199981689453,173.89999389648438,7199338
2026-02-05 15:15:00+00:00,171.5850067138672,172.8000030517578,171.30999755859375,171.4600067138672,6509228
2026-02-05 15:30:00+00:00,173.0,173.42999267578125,171.44000244140625,171.5800018310547,5557195
2026-02-05 15:45:00+00:00,173.17999267578125,173.4600067138672,171.94500732421875,172.97000122070312,4700268
2026-02-05 16:00:00+00:00,172.13999938964844,173.28660583496094,171.82000732421875,173.1999969482422,3991855
2026-02-05 16:15:00+00:00,174.2550048828125,174.25999450683594,172.125,172.13999938964844,4532935
2026-02-05 16:30:00+00:00,174.80990600585938,175.24000549316406,174.17999267578125,174.27000427246094,4832745
2026-02-05 16:45:00+00:00,175.2100067138672,175.59500122070312,174.3800048828125,174.7899932861328,3947890
2026-02-05 17:00:00+00:00,174.85940551757812,175.23660278320312,174.3800048828125,175.2100067138672,2774719
2026-02-05 17:15:00+00:00,175.28500366210938,175.77479553222656,174.47999572753906,174.85000610351562,2850145
2026-02-05 17:30:00+00:00,175.35699462890625,175.6999969482422,174.94479370117188,175.29989624023438,2435122
2026-02-05 17:45:00+00:00,174.9600067138672,175.6649932861328,174.72000122070312,175.39999389648438,2633444
2026-02-05 18:00:00+00:00,174.77999877929688,175.3699951171875,174.60000610351562,174.9499969482422,2367742
2026-02-05 18:15:00+00:00,174.3300018310547,174.8699951171875,174.02000427246094,174.7899932861328,2473038
2026-02-05 18:30:00+00:00,173.7554931640625,174.74000549316406,173.57000732421875,174.30999755859375,2699820
2026-02-05 18:45:00+00:00,173.2050018310547,173.88099670410156,173.07000732421875,173.72999572753906,2494811
2026-02-05 19:00:00+00:00,174.04010009765625,174.2100067138672,172.89999389648438,173.19500732421875,3139790
2026-02-05 19:15:00+00:00,173.6699981689453,174.4250030517578,173.57009887695312,174.05999755859375,2832402
2026-02-05 19:30:00+00:00,173.08999633789062,173.67999267578125,172.77999877929688,173.65499877929688,2654533
2026-02-05 19:45:00+00:00,173.19000244140625,173.25,172.74000549316406,173.0800018310547,2404473
2026-02-05 20:00:00+00:00,173.53500366210938,174.22000122070312,172.9700927734375,173.1750030517578,2805278
2026-02-05 20:15:00+00:00,172.26010131835938,173.55499267578125,172.1699981689453,173.52999877929688,3377087
2026-02-05 20:30:00+00:00,172.05999755859375,172.5,171.86000061035156,172.25,3764753
2026-02-05 20:45:00+00:00,171.82000732421875,172.17999267578125,171.02999877929688,172.0500030517578,7818892
2026-02-06 14:30:00+00:00,178.4949951171875,178.97999572753906,174.60000610351562,176.69000244140625,14487031
2026-02-06 14:45:00+00:00,180.55690002441406,181.72000122070312,180.19070434570312,180.41000366210938,14253580
2026-02-06 15:00:00+00:00,180.0449981689453,180.9499969482422,179.4600067138672,180.57000732421875,7388527
2026-02-06 15:15:00+00:00,182.64999389648438,182.88499450683594,179.85000610351562,180.02850341796875,7863460
2026-02-06 15:30:00+00:00,182.52999877929688,182.99000549316406,181.9250030517578,182.6425018310547,6564366
2026-02-06 15:45:00+00:00,182.84500122070312,182.85000610351562,182.47000122070312,182.63499450683594,5439009
2026-02-06 16:00:00+00:00,184.13009643554688,184.25,182.5500030517578,182.85000610351562,5910933
2026-02-06 16:15:00+00:00,183.97999572753906,183.98500061035156,183.22000122070312,183.6699981689453,5340177
2026-02-06 16:30:00+00:00,183.64990234375,184.35000610351562,183.52000427246094,183.97999572753906,4762348
2026-02-06 16:45:00+00:00,183.24000549316406,183.77699279785156,182.91000366210938,183.64500427246094,4856557
2026-02-06 17:00:00+00:00,183.66000366210938,183.8699951171875,182.93499755859375,183.27999877929688,3125333
2026-02-06 17:15:00+00:00,184.5312042236328,184.64500427246094,183.47999572753906,183.64999389648438,3473131
2026-02-06 17:30:00+00:00,184.74000549316406,185.1699981689453,184.52000427246094,184.52000427246094,5144722
2026-02-06 17:45:00+00:00,184.48500061035156,185.11000061035156,184.36000061035156,184.7480010986328,3257291
2026-02-06 18:00:00+00:00,184.4499053955078,184.78500366210938,184.2100067138672,184.49000549316406,1991604
2026-02-06 18:15:00+00:00,184.5102996826172,184.9199981689453,184.25999450683594,184.6999969482422,3286817
2026-02-06 18:30:00+00:00,184.57009887695312,184.75990295410156,184.26300048828125,184.5135040283203,2128571
2026-02-06 18:45:00+00:00,184.57000732421875,185.02000427246094,184.55999755859375,184.57749938964844,2521909
2026-02-06 19:00:00+00:00,184.41000366210938,184.89999389648438,184.3699951171875,184.55999755859375,2214365
2026-02-06 19:15:00+00:00,184.44500732421875,184.61000061035156,184.13499450683594,184.41000366210938,2539240
2026-02-06 19:30:00+00:00,184.68499755859375,184.7799072265625,184.3000030517578,184.4499969482422,2764346
2026-02-06 19:45:00+00:00,184.9833984375,185.10000610351562,184.67999267578125,184.67999267578125,2674621
2026-02-06 20:00:00+00:00,185.00999450683594,185.44000244140625,184.67999267578125,184.99000549316406,4198837
2026-02-06 20:15:00+00:00,185.3350067138672,185.58999633789062,185.00999450683594,185.00999450683594,4581526
2026-02-06 20:30:00+00:00,186.30499267578125,186.3699951171875,185.22000122070312,185.3300018310547,4625835
2026-02-06 20:45:00+00:00,185.41000366210938,187.0,185.1999969482422,186.3000030517578,11236150
2026-02-09 14:30:00+00:00,190.9199981689453,190.94000244140625,184.0,184.10000610351562,21942440
2026-02-09 14:45:00+00:00,191.16000366210938,193.66000366210938,190.80999755859375,190.9149932861328,16133634
2026-02-09 15:00:00+00:00,192.0399932861328,192.3800048828125,190.72999572753906,191.16000366210938,8539046
2026-02-09 15:15:00+00:00,190.66000366210938,192.44000244140625,190.5800018310547,192.0500030517578,6280491
2026-02-09 15:30:00+00:00,191.656494140625,191.66000366210938,190.6999969482422,190.6999969482422,5025124
2026-02-09 15:45:00+00:00,191.97500610351562,192.14999389648438,191.22000122070312,191.64999389648438,4516874
2026-02-09 16:00:00+00:00,191.91000366210938,192.14999389648438,191.58999633789062,191.97999572753906,3813181
2026-02-09 16:15:00+00:00,191.8249969482422,191.99000549316406,191.5399932861328,191.9001007080078,3213711
2026-02-09 16:30:00+00:00,191.80999755859375,191.86500549316406,191.40499877929688,191.80999755859375,3039537
2026-02-09 16:45:00+00:00,191.47999572753906,191.9499969482422,191.47000122070312,191.80850219726562,2748389
2026-02-09 17:00:00+00:00,192.3583984375,192.49000549316406,191.30499267578125,191.47500610351562,3897601
2026-02-09 17:15:00+00:00,191.58999633789062,192.52000427246094,191.47000122070312,192.3583984375,4102258
2026-02-09 17:30:00+00:00,191.88499450683594,192.05990600585938,191.5749969482422,191.58999633789062,2386983
2026-02-09 17:45:00+00:00,191.42999267578125,191.97999572753906,191.36000061035156,191.88999938964844,2306019
2026-02-09 18:00:00+00:00,191.42999267578125,191.63999938964844,191.30999755859375,191.42999267578125,2024241
2026-02-09 18:15:00+00:00,190.9929962158203,191.5399932861328,190.77999877929688,191.42999267578125,2680486
2026-02-09 18:30:00+00:00,191.3699951171875,191.41000366210938,190.85000610351562,190.985107421875,2205418
2026-02-09 18:45:00+00:00,190.76499938964844,191.5,190.6750030517578,191.37010192871094,2399983
2026-02-09 19:00:00+00:00,191.0050048828125,191.0399932861328,190.63999938964844,190.75999450683594,2168885
2026-02-09 19:15:00+00:00,191.00999450683594,191.35989379882812,190.85000610351562,191.0050048828125,2483178
2026-02-09 19:30:00+00:00,191.14999389648438,191.3800048828125,190.92149353027344,191.0050048828125,2095804
2026-02-09 19:45:00+00:00,190.92999267578125,191.4199981689453,190.92010498046875,191.15499877929688,2852473
2026-02-09 20:00:00+00:00,190.3350067138672,191.14999389648438,190.33009338378906,190.9199981689453,3103773
2026-02-09 20:15:00+00:00,189.89999389648438,198.72500610351562,189.6300048828125,190.3300018310547,4936342
2026-02-09 20:30:00+00:00,190.0449981689453,190.2899932861328,189.53500366210938,189.88999938964844,4297825
2026-02-09 20:45:00+00:00,189.7899932861328,190.5,189.7899932861328,190.0500030517578,6408109
2026-02-10 14:30:00+00:00,189.4149932861328,192.47999572753906,189.1999969482422,191.40499877929688,11953967
2026-02-10 14:45:00+00:00,189.3000030517578,189.9199981689453,188.36500549316406,189.0966033935547,7204746
2026-02-10 15:00:00+00:00,188.54989624023438,189.39990234375,188.39999389648438,189.3000030517578,5270820
2026-02-10 15:15:00+00:00,189.17320251464844,189.38999938964844,188.1199951171875,188.5399932861328,4809560
2026-02-10 15:30:00+00:00,189.35000610351562,189.4149932861328,188.84500122070312,189.16000366210938,3059909
2026-02-10 15:45:00+00:00,190.0500030517578,190.25,189.2899932861328,189.35000610351562,4659471
2026-02-10 16:00:00+00:00,189.8000030517578,190.3300018310547,189.61000061035156,190.05999755859375,3004415
2026-02-10 16:15:00+00:00,189.12010192871094,189.99000549316406,189.1199951171875,189.80499267578125,2909414
2026-02-10 16:30:00+00:00,189.32510375976562,189.4199981689453,188.91000366210938,189.1199951171875,2590221
2026-02-10 16:45:00+00:00,189.27999877929688,189.6300048828125,189.11500549316406,189.3300018310547,2059228
2026-02-10 17:00:00+00:00,189.64999389648438,189.74000549316406,189.210693359375,189.2799072265625,1639127
2026-02-10 17:15:00+00:00,189.69000244140625,190.16000366210938,189.6334991455078,189.64999389648438,2554541
2026-02-10 17:30:00+00:00,190.14010620117188,190.19000244140625,189.44000244140625,189.67999267578125,2319734
2026-02-10 17:45:00+00:00,190.2169952392578,190.44000244140625,189.94009399414062,190.14500427246094,2292021
2026-02-10 18:00:00+00:00,190.0,190.25999450683594,189.91000366210938,190.22999572753906,1538595
2026-02-10 18:15:00+00:00,189.2449951171875,190.0749969482422,189.19000244140625,190.0,2196361
2026-02-10 18:30:00+00:00,189.36000061035156,189.55999755859375,189.07000732421875,189.24000549316406,1894350
2026-02-10 18:45:00+00:00,189.5,189.5699005126953,189.1699981689453,189.3596954345703,1473298
2026-02-10 19:00:00+00:00,189.47000122070312,189.60000610351562,189.22000122070312,189.47999572753906,1343534
2026-02-10 19:15:00+00:00,189.21499633789062,189.47999572753906,189.0800018310547,189.4600067138672,1328537
2026-02-10 19:30:00+00:00,188.91000366210938,189.3800048828125,188.8800048828125,189.22000122070312,1921602
2026-02-10 19:45:00+00:00,189.0399932861328,189.3800048828125,188.77000427246094,188.91940307617188,2001628
2026-02-10 20:00:00+00:00,188.7899932861328,189.02999877929688,188.4199981689453,189.02999877929688,2550031
2026-02-10 20:15:00+00:00,189.10000610351562,189.55499267578125,188.7801055908203,188.7899932861328,2835094
2026-02-10 20:30:00+00:00,189.17999267578125,189.28990173339844,188.82000732421875,189.10000610351562,2247334
2026-02-10 20:45:00+00:00,188.61000061035156,189.42999267578125,188.3800048828125,189.17999267578125,4734741
2026-02-11 14:30:00+00:00,192.8699951171875,193.1999969482422,190.99000549316406,192.4199981689453,13439251
2026-02-11 14:45:00+00:00,191.22000122070312,193.25999450683594,191.1699981689453,192.875,6569033
2026-02-11 15:00:00+00:00,190.22999572753906,191.69000244140625,189.65150451660156,191.25,5953715
2026-02-11 15:15:00+00:00,188.9199981689453,190.52000427246094,188.77000427246094,190.25,6167203
2026-02-11 15:30:00+00:00,190.70599365234375,190.9499969482422,188.8699951171875,188.9250030517578,4967411
2026-02-11 15:45:00+00:00,191.59080505371094,191.9600067138672,190.02000427246094,190.70150756835938,5095246
2026-02-11 16:00:00+00:00,191.85000610351562,191.97999572753906,190.91000366210938,191.63999938964844,4168307
2026-02-11 16:15:00+00:00,191.289794921875,192.18499755859375,191.22999572753906,191.85000610351562,3913365
2026-02-11 16:30:00+00:00,191.24000549316406,191.52000427246094,190.69000244140625,191.27999877929688,3424603
2026-02-11 16:45:00+00:00,190.94500732421875,191.38999938964844,190.82000732421875,191.24000549316406,2193474
2026-02-11 17:00:00+00:00,191.32000732421875,191.47000122070312,190.3699951171875,190.94000244140625,3009619
2026-02-11 17:15:00+00:00,191.98500061035156,192.10499572753906,191.23080444335938,191.3249969482422,2716589
2026-02-11 17:30:00+00:00,192.11000061035156,192.14999389648438,191.82000732421875,191.97999572753906,2242029
2026-02-11 17:45:00+00:00,191.82000732421875,192.27999877929688,191.72999572753906,192.10499572753906,2505658
2026-02-11 18:00:00+00:00,191.2949981689453,192.0,191.2899932861328,191.8101043701172,1823146
2026-02-11 18:15:00+00:00,191.43099975585938,191.63999938964844,191.10000610351562,191.2899932861328,2178030
2026-02-11 18:30:00+00:00,191.3249969482422,191.52000427246094,190.97000122070312,191.44000244140625,1750798
2026-02-11 18:45:00+00:00,191.77000427246094,191.97999572753906,191.27999877929688,191.3300018310547,1995764
2026-02-11 19:00:00+00:00,191.78500366210938,191.8800048828125,191.3000030517578,191.77000427246094,1931988
2026-02-11 19:15:00+00:00,192.0449981689453,192.2100067138672,191.78500366210938,191.78500366210938,1977741
2026-02-11 19:30:00+00:00,191.9250030517578,192.15499877929688,191.6999969482422,192.0399932861328,1717800
2026-02-11 19:45:00+00:00,191.52000427246094,191.97999572753906,191.42999267578125,191.9250030517578,1972527
2026-02-11 20:00:00+00:00,191.27499389648438,191.57000732421875,191.12010192871094,191.52499389648438,1817018
2026-02-11 20:15:00+00:00,191.05999755859375,191.55999755859375,190.9550018310547,191.27999877929688,2349730
2026-02-11 20:30:00+00:00,191.0699005126953,191.36000061035156,190.91000366210938,191.0500030517578,2228521
2026-02-11 20:45:00+00:00,190.02999877929688,191.3350067138672,189.9600067138672,191.07000732421875,5485194
2026-02-12 14:30:00+00:00,191.89999389648438,193.60000610351562,191.6699981689453,193.02999877929688,11302609
2026-02-12 14:45:00+00:00,191.4499969482422,192.39999389648438,191.22999572753906,191.88999938964844,6566144
2026-02-12 15:00:00+00:00,191.67010498046875,191.8000030517578,190.52000427246094,191.4250030517578,5861255
2026-02-12 15:15:00+00:00,191.69000244140625,191.97999572753906,191.10000610351562,191.6649932861328,3936463
2026-02-12 15:30:00+00:00,189.78990173339844,191.8199005126953,189.5601043701172,191.70069885253906,5186213
2026-02-12 15:45:00+00:00,189.22999572753906,190.5500030517578,189.15499877929688,189.77999877929688,5044868
2026-02-12 16:00:00+00:00,189.05999755859375,189.8000030517578,188.83009338378906,189.21499633789062,4329205
2026-02-12 16:15:00+00:00,187.30499267578125,189.3699951171875,187.24000549316406,189.05999755859375,5722863
2026-02-12 16:30:00+00:00,188.80499267578125,189.19000244140625,187.22999572753906,187.32000732421875,5155445
2026-02-12 16:45:00+00:00,189.2899932861328,189.72500610351562,188.7100067138672,188.8000030517578,3739547
2026-02-12 17:00:00+00:00,189.2989959716797,189.94000244140625,188.9600067138672,189.2899932861328,3143357
2026-02-12 17:15:00+00:00,189.5749969482422,189.97999572753906,188.9199981689453,189.27999877929688,2875998
2026-02-12 17:30:00+00:00,190.1750030517578,190.52999877929688,189.52999877929688,189.55999755859375,3382468
2026-02-12 17:45:00+00:00,189.66650390625,190.3000030517578,189.5,190.17999267578125,2984922
2026-02-12 18:00:00+00:00,189.3455047607422,189.74000549316406,188.74000549316406,189.65499877929688,3661844
2026-02-12 18:15:00+00:00,189.25,189.3800048828125,188.5399932861328,189.3300018310547,2935937
2026-02-12 18:30:00+00:00,189.82000732421875,189.92999267578125,188.9199981689453,189.25,2429786
2026-02-12 18:45:00+00:00,189.85989379882812,189.9600067138672,189.3699951171875,189.80499267578125,2153162
2026-02-12 19:00:00+00:00,189.1649932861328,190.0,189.0500030517578,189.86000061035156,2439679
2026-02-12 19:15:00+00:00,189.0500030517578,189.9499969482422,188.94760131835938,189.16000366210938,2485639
2026-02-12 19:30:00+00:00,189.06500244140625,189.47999572753906,188.91000366210938,189.07000732421875,2168597
2026-02-12 19:45:00+00:00,188.25950622558594,189.3699951171875,188.1403045654297,189.07000732421875,2592880
2026-02-12 20:00:00+00:00,188.13999938964844,188.52499389648438,187.5800018310547,188.25,2957811
2026-02-12 20:15:00+00:00,187.60000610351562,188.2010040283203,187.50999450683594,188.13999938964844,2803900
2026-02-12 20:30:00+00:00,187.1649932861328,187.97999572753906,187.0449981689453,187.58999633789062,4046687
2026-02-12 20:45:00+00:00,186.91000366210938,187.67999267578125,186.50999450683594,187.16000366210938,7554192
2026-02-13 14:30:00+00:00,184.25999450683594,187.47000122070312,182.25999450683594,187.46499633789062,13222525
2026-02-13 14:45:00+00:00,182.41000366210938,186.17999267578125,182.32000732421875,185.3800048828125,10742333
2026-02-13 15:00:00+00:00,183.02499389648438,184.11000061035156,182.17999267578125,182.39999389648438,6723791
2026-02-13 15:15:00+00:00,184.0800018310547,184.5,182.5,183.0500030517578,5410951
2026-02-13 15:30:00+00:00,183.57760620117188,185.17999267578125,183.49000549316406,184.05999755859375,5148906
2026-02-13 15:45:00+00:00,183.2899932861328,183.77999877929688,182.30130004882812,183.5800018310547,5180669
2026-02-13 16:00:00+00:00,183.54989624023438,183.9499969482422,182.98500061035156,183.31500244140625,3440154
2026-02-13 16:15:00+00:00,183.59500122070312,183.77999877929688,182.8000030517578,183.54010009765625,3063140
2026-02-13 16:30:00+00:00,183.89999389648438,184.16000366210938,183.0850067138672,183.58999633789062,2779485
2026-02-13 16:45:00+00:00,183.83999633789062,184.16000366210938,183.52999877929688,183.88999938964844,2666386
2026-02-13 17:00:00+00:00,184.44000244140625,184.5,183.66000366210938,183.83999633789062,2119999
2026-02-13 17:15:00+00:00,184.5500030517578,184.7100067138672,183.9199981689453,184.47000122070312,2348042
2026-02-13 17:30:00+00:00,184.42010498046875,184.97999572753906,184.3249969482422,184.55999755859375,2122414
2026-02-13 17:45:00+00:00,183.98500061035156,184.64999389648438,183.97000122070312,184.41000366210938,2227642
2026-02-13 18:00:00+00:00,183.89999389648438,184.2050018310547,183.4600067138672,183.97999572753906,2594665
2026-02-13 18:15:00+00:00,184.22000122070312,184.55999755859375,183.75999450683594,183.90499877929688,1961627
2026-02-13 18:30:00+00:00,184.38999938964844,184.77000427246094,184.1300048828125,184.24000549316406,1687122
2026-02-13 18:45:00+00:00,184.20509338378906,184.86000061035156,184.0399932861328,184.38999938964844,1774775
2026-02-13 19:00:00+00:00,183.92579650878906,184.27999877929688,183.75999450683594,184.2050018310547,1777062
2026-02-13 19:15:00+00:00,183.69000244140625,184.08999633789062,183.55999755859375,183.9199981689453,1735735
2026-02-13 19:30:00+00:00,183.94500732421875,184.0399932861328,183.60000610351562,183.72000122070312,1571300
2026-02-13 19:45:00+00:00,182.86990356445312,184.27999877929688,182.8300018310547,183.92999267578125,2758293
2026-02-13 20:00:00+00:00,182.5500030517578,183.41000366210938,182.5399932861328,182.8699951171875,2797063
2026-02-13 20:15:00+00:00,182.30589294433594,182.92999267578125,182.0500030517578,182.55999755859375,4397207
2026-02-13 20:30:00+00:00,181.97000122070312,182.44000244140625,181.58999633789062,182.2949981689453,4391605
2026-02-13 20:45:00+00:00,182.78500366210938,183.1199951171875,181.88999938964844,181.9499969482422,7303399
2026-02-17 14:30:00+00:00,181.9199981689453,183.4199981689453,181.00999450683594,181.72000122070312,10430035
2026-02-17 14:45:00+00:00,179.2899932861328,181.66000366210938,179.2899932861328,181.39500427246094,7257409
2026-02-17 15:00:00+00:00,179.8000030517578,180.49000549316406,179.17999267578125,179.2899932861328,5261940
2026-02-17 15:15:00+00:00,180.41000366210938,180.94000244140625,179.64010620117188,179.77999877929688,4150371
2026-02-17 15:30:00+00:00,180.2801055908203,180.58999633789062,179.27000427246094,180.39999389648438,3985679
2026-02-17 15:45:00+00:00,181.79750061035156,181.9600067138672,180.16000366210938,180.2899932861328,4425310
2026-02-17 16:00:00+00:00,184.2310028076172,184.3699951171875,181.75,181.8300018310547,5657050
2026-02-17 16:15:00+00:00,183.5800018310547,184.32000732421875,183.50999450683594,184.22999572753906,4791225
2026-02-17 16:30:00+00:00,183.84500122070312,184.58999633789062,183.19000244140625,183.57000732421875,4441108
2026-02-17 16:45:00+00:00,184.08009338378906,184.47999572753906,183.82510375976562,183.86500549316406,2657143
2026-02-17 17:00:00+00:00,183.6750030517578,184.35000610351562,183.5749969482422,184.07000732421875,2705360
2026-02-17 17:15:00+00:00,184.7050018310547,184.75,183.6199951171875,183.68499755859375,2951432
2026-02-17 17:30:00+00:00,183.92999267578125,184.77000427246094,183.92999267578125,184.7449951171875,2931820
2026-02-17 17:45:00+00:00,184.8800048828125,184.89999389648438,183.6199951171875,183.947998046875,3505977
2026-02-17 18:00:00+00:00,184.63999938964844,184.91000366210938,184.1699981689453,184.875,2510403
2026-02-17 18:15:00+00:00,185.35000610351562,185.5,184.3300018310547,184.63999938964844,3060133
2026-02-17 18:30:00+00:00,185.52999877929688,185.94000244140625,185.0,185.36000061035156,3102414
2026-02-17 18:45:00+00:00,185.48199462890625,185.80999755859375,185.22999572753906,185.53500366210938,2042307
2026-02-17 19:00:00+00:00,186.02499389648438,186.02999877929688,185.4499969482422,185.47000122070312,2259291
2026-02-17 19:15:00+00:00,186.41700744628906,186.4499053955078,185.89999389648438,186.02000427246094,2671957
2026-02-17 19:30:00+00:00,186.72000122070312,187.14999389648438,186.1999969482422,186.42999267578125,3602712
2026-02-17 19:45:00+00:00,185.97000122070312,186.71969604492188,185.77999877929688,186.71969604492188,2984788
2026-02-17 20:00:00+00:00,185.84750366210938,186.1999969482422,185.64999389648438,185.9600067138672,2346938
2026-02-17 20:15:00+00:00,185.4250030517578,185.99000549316406,185.3300018310547,185.84500122070312,2649549
2026-02-17 20:30:00+00:00,185.2617950439453,185.49000549316406,184.77000427246094,185.3800048828125,3445275
2026-02-17 20:45:00+00:00,184.97999572753906,185.5,184.36000061035156,185.25999450683594,5798500
2026-02-18 14:30:00+00:00,188.364501953125,189.19000244140625,187.35000610351562,188.75,12325439
2026-02-18 14:45:00+00:00,188.75,188.92999267578125,187.6269989013672,188.36000061035156,6075589
2026-02-18 15:00:00+00:00,189.44000244140625,189.75999450683594,188.6999969482422,188.75,5940798
2026-02-18 15:15:00+00:00,189.77569580078125,190.2299041748047,189.35000610351562,189.44000244140625,21211856
2026-02-18 15:30:00+00:00,189.5850067138672,189.9600067138672,189.27999877929688,189.77000427246094,2861566
2026-02-18 15:45:00+00:00,189.86500549316406,190.13999938964844,189.25,189.5800018310547,3530789
2026-02-18 16:00:00+00:00,189.9149932861328,190.3699951171875,189.7998046875,189.86000061035156,3361956
2026-02-18 16:15:00+00:00,189.77499389648438,189.92999267578125,189.4600067138672,189.91000366210938,2465597
2026-02-18 16:30:00+00:00,189.49000549316406,189.9550018310547,189.3800048828125,189.77000427246094,2272916
2026-02-18 16:45:00+00:00,188.79010009765625,189.61000061035156,188.7324981689453,189.49000549316406,3122115
2026-02-18 17:00:00+00:00,188.67999267578125,189.46499633789062,188.66000366210938,188.7899932861328,3137479
2026-02-18 17:15:00+00:00,189.139892578125,189.41000366210938,188.6699981689453,188.68499755859375,2590398
2026-02-18 17:30:00+00:00,189.07870483398438,189.29840087890625,188.9600067138672,189.139892578125,1549121
2026-02-18 17:45:00+00:00,189.125,189.3699951171875,188.94769287109375,189.07000732421875,1695288
2026-02-18 18:00:00+00:00,189.22000122070312,189.69500732421875,189.07000732421875,189.1300048828125,1891924
2026-02-18 18:15:00+00:00,188.94000244140625,189.3000030517578,188.89500427246094,189.22500610351562,1568770
2026-02-18 18:30:00+00:00,188.44500732421875,189.02999877929688,188.36000061035156,188.94000244140625,2372009
2026-02-18 18:45:00+00:00,188.8000030517578,188.89999389648438,188.1999969482422,188.44000244140625,2664177
2026-02-18 19:00:00+00:00,189.10000610351562,189.11000061035156,188.50999450683594,188.8000030517578,2371605
2026-02-18 19:15:00+00:00,188.56419372558594,189.12989807128906,188.4801025390625,189.09579467773438,2348859
2026-02-18 19:30:00+00:00,187.90499877929688,188.6699981689453,187.64999389648438,188.55499267578125,3671060
2026-02-18 19:45:00+00:00,187.07510375976562,188.1999969482422,186.96499633789062,187.89999389648438,3584170
2026-02-18 20:00:00+00:00,187.05990600585938,187.4801025390625,186.85000610351562,187.05999755859375,3564230
2026-02-18 20:15:00+00:00,186.97000122070312,187.21499633789062,186.75999450683594,187.0572052001953,3101016
2026-02-18 20:30:00+00:00,187.74400329589844,187.8300018310547,186.91000366210938,186.9600067138672,3786685
2026-02-18 20:45:00+00:00,187.88999938964844,188.5,187.39999389648438,187.75,52112250
2026-02-19 14:30:00+00:00,186.2949981689453,187.38999938964844,185.8000030517578,187.02999877929688,7356574
2026-02-19 14:45:00+00:00,186.7550048828125,187.3195037841797,185.66000366210938,186.27000427246094,4874131
2026-02-19 15:00:00+00:00,187.8699951171875,187.88499450683594,186.3699951171875,186.72250366210938,4087026
2026-02-19 15:15:00+00:00,187.6190948486328,188.2899932861328,187.31500244140625,187.875,4252157
2026-02-19 15:30:00+00:00,187.99969482421875,188.42999267578125,187.52999877929688,187.61000061035156,3546315
2026-02-19 15:45:00+00:00,187.9199981689453,188.13999938964844,187.16000366210938,188.0,3220080
2026-02-19 16:00:00+00:00,187.1699981689453,187.99000549316406,186.9199981689453,187.9199981689453,2971534
2026-02-19 16:15:00+00:00,187.30999755859375,187.87989807128906,187.08999633789062,187.1750030517578,2890118
2026-02-19 16:30:00+00:00,186.82200622558594,187.7899932861328,186.7899932861328,187.3300018310547,2726750
2026-02-19 16:45:00+00:00,186.68389892578125,187.05999755859375,186.44000244140625,186.82000732421875,2791101
2026-02-19 17:00:00+00:00,186.67999267578125,186.79010009765625,186.39999389648438,186.69000244140625,2251113
2026-02-19 17:15:00+00:00,186.6300048828125,187.0,186.47999572753906,186.69000244140625,1991466
2026-02-19 17:30:00+00:00,186.30499267578125,186.6750030517578,186.1649932861328,186.6199951171875,2027192
2026-02-19 17:45:00+00:00,185.9499969482422,186.33999633789062,185.7899932861328,186.30999755859375,2533388
2026-02-19 18:00:00+00:00,186.4949951171875,186.5709991455078,185.89999389648438,185.9499053955078,2138312
2026-02-19 18:15:00+00:00,186.19940185546875,186.5500030517578,185.85000610351562,186.49000549316406,1854743
2026-02-19 18:30:00+00:00,186.32000732421875,186.50990295410156,186.15939331054688,186.17999267578125,1632463
2026-02-19 18:45:00+00:00,186.71499633789062,186.75,186.17999267578125,186.30560302734375,1645951
2026-02-19 19:00:00+00:00,186.81500244140625,186.9250030517578,186.49000549316406,186.72000122070312,1833025
2026-02-19 19:15:00+00:00,186.52999877929688,187.05999755859375,186.33030700683594,186.80999755859375,1899156
2026-02-19 19:30:00+00:00,186.6300048828125,187.0,186.44000244140625,186.52149963378906,2115379
2026-02-19 19:45:00+00:00,186.5500946044922,186.72000122070312,186.3625946044922,186.6396026611328,1481304
2026-02-19 20:00:00+00:00,186.80999755859375,187.06500244140625,186.5449981689453,186.55029296875,1822398
2026-02-19 20:15:00+00:00,186.79510498046875,187.0399932861328,186.66000366210938,186.80999755859375,2108393
2026-02-19 20:30:00+00:00,187.23500061035156,187.27000427246094,186.72000122070312,186.7899932861328,2205534
2026-02-19 20:45:00+00:00,187.88999938964844,187.93899536132812,187.17999267578125,187.24000549316406,4406688
2026-02-20 14:30:00+00:00,188.0679931640625,188.4499969482422,185.93780517578125,186.52000427246094,10742550
2026-02-20 14:45:00+00:00,187.64999389648438,188.6999969482422,187.25999450683594,188.05999755859375,4617130
2026-02-20 15:00:00+00:00,187.27000427246094,189.33999633789062,186.6699981689453,187.65499877929688,7179055
2026-02-20 15:15:00+00:00,187.81500244140625,188.3800048828125,186.5800018310547,187.27000427246094,5261053
2026-02-20 15:30:00+00:00,189.20849609375,189.22999572753906,187.51499938964844,187.83999633789062,4685818
2026-02-20 15:45:00+00:00,190.0449981689453,190.17999267578125,188.75,189.1999969482422,6043751
2026-02-20 16:00:00+00:00,189.5,190.3300018310547,189.44200134277344,190.02999877929688,4462738
2026-02-20 16:15:00+00:00,188.7949981689453,189.6300048828125,188.57000732421875,189.50999450683594,3879967
2026-02-20 16:30:00+00:00,189.83009338378906,190.13999938964844,188.60000610351562,188.7949981689453,3890827
2026-02-20 16:45:00+00:00,189.7899932861328,190.1999969482422,189.74000549316406,189.8350067138672,3100412
2026-02-20 17:00:00+00:00,188.7698974609375,189.8800048828125,188.74000549316406,189.77999877929688,3175098
2026-02-20 17:15:00+00:00,187.94000244140625,188.77999877929688,187.6300048828125,188.76499938964844,4306618
2026-02-20 17:30:00+00:00,188.17999267578125,188.7100067138672,187.86000061035156,187.93499755859375,3827031
2026-02-20 17:45:00+00:00,188.72000122070312,188.77000427246094,187.97000122070312,188.19000244140625,3118279
2026-02-20 18:00:00+00:00,188.68499755859375,188.97999572753906,188.5,188.69000244140625,2398133
2026-02-20 18:15:00+00:00,188.67999267578125,188.8800048828125,188.16000366210938,188.69000244140625,2582597
2026-02-20 18:30:00+00:00,189.44000244140625,189.5500030517578,188.3300018310547,188.6999969482422,4031149
2026-02-20 18:45:00+00:00,189.81260681152344,189.9199981689453,189.3000030517578,189.41000366210938,2900060
2026-02-20 19:00:00+00:00,189.58999633789062,190.08999633789062,189.5449981689453,189.8300018310547,2552539
2026-02-20 19:15:00+00:00,189.36500549316406,189.86500549316406,189.23500061035156,189.58999633789062,2048833
2026-02-20 19:30:00+00:00,189.03500366210938,189.52499389648438,188.94000244140625,189.36000061035156,2313355
2026-02-20 19:45:00+00:00,189.26510620117188,189.51499938964844,188.9600067138672,189.0449981689453,2130854
2026-02-20 20:00:00+00:00,189.72500610351562,189.88999938964844,189.1999969482422,189.27000427246094,2299439
2026-02-20 20:15:00+00:00,189.4199981689453,189.8300018310547,189.36000061035156,189.72999572753906,2055283
2026-02-20 20:30:00+00:00,189.8300018310547,189.9499969482422,189.3699951171875,189.42999267578125,2279965
2026-02-20 20:45:00+00:00,189.8300018310547,190.0,189.55999755859375,189.8300018310547,5339481
2026-02-23 14:30:00+00:00,192.33999633789062,193.9499969482422,191.32000732421875,191.44500732421875,27151606
2026-02-23 14:45:00+00:00,193.10000610351562,193.39700317382812,192.02999877929688,192.34500122070312,4515131
2026-02-23 15:00:00+00:00,191.4949951171875,193.4600067138672,191.0800018310547,193.11000061035156,18101653
2026-02-23 15:15:00+00:00,191.32000732421875,191.85000610351562,190.9199981689453,191.49000549316406,4934524
2026-02-23 15:30:00+00:00,191.2449951171875,191.6696014404297,190.7803955078125,191.3300018310547,4386620
2026-02-23 15:45:00+00:00,190.22000122070312,191.47500610351562,190.1800994873047,191.2449951171875,4498277
2026-02-23 16:00:00+00:00,189.97500610351562,190.38999938964844,189.5749969482422,190.22999572753906,4815623
2026-02-23 16:15:00+00:00,190.49659729003906,190.55999755859375,189.64010620117188,189.97999572753906,4043733
2026-02-23 16:30:00+00:00,191.21499633789062,191.21499633789062,190.42230224609375,190.49000549316406,29041824
2026-02-23 16:45:00+00:00,190.69500732421875,191.32000732421875,190.6199951171875,191.2100067138672,1927552
2026-02-23 17:00:00+00:00,190.90499877929688,191.07000732421875,190.66000366210938,190.69000244140625,2507400
2026-02-23 17:15:00+00:00,190.9499969482422,191.19000244140625,190.7899932861328,190.89999389648438,2121999
2026-02-23 17:30:00+00:00,190.05999755859375,190.97000122070312,189.72500610351562,190.94000244140625,3427490
2026-02-23 17:45:00+00:00,191.03500366210938,191.27999877929688,189.97999572753906,190.05999755859375,3500706
2026-02-23 18:00:00+00:00,191.19500732421875,191.22000122070312,190.87989807128906,191.0449981689453,2421954
2026-02-23 18:15:00+00:00,191.4600067138672,191.74000549316406,191.11000061035156,191.19500732421875,34172055
2026-02-23 18:30:00+00:00,191.5,191.66000366210938,191.27000427246094,191.45590209960938,2317558
2026-02-23 18:45:00+00:00,190.89999389648438,191.75,190.77999877929688,191.50999450683594,2565824
2026-02-23 19:00:00+00:00,191.0500030517578,191.2570037841797,190.77000427246094,190.9199981689453,37994450
2026-02-23 19:15:00+00:00,190.5800018310547,191.08999633789062,190.57000732421875,191.0399932861328,2039330
2026-02-23 19:30:00+00:00,190.60499572753906,190.82000732421875,190.30999755859375,190.57000732421875,2443785
2026-02-23 19:45:00+00:00,190.47999572753906,190.8300018310547,190.19000244140625,190.60130310058594,2919852
2026-02-23 20:00:00+00:00,190.31350708007812,190.6699981689453,190.22999572753906,190.47999572753906,1978044
2026-02-23 20:15:00+00:00,190.88999938964844,190.9499969482422,190.2615966796875,190.30999755859375,2861714
2026-02-23 20:30:00+00:00,190.92999267578125,191.47999572753906,190.64999389648438,190.88999938964844,3730642
2026-02-23 20:45:00+00:00,191.61000061035156,191.64999389648438,190.75999450683594,190.92999267578125,7022939
2026-02-24 14:30:00+00:00,190.25,192.07000732421875,187.39999389648438,191.48500061035156,16418457
2026-02-24 14:45:00+00:00,189.75,190.50999450683594,189.4499969482422,190.25999450683594,5900494
2026-02-24 15:00:00+00:00,190.80999755859375,191.27999877929688,189.55999755859375,189.72999572753906,5102557
2026-02-24 15:15:00+00:00,192.00999450683594,192.05499267578125,190.5399932861328,190.8199005126953,19250136
2026-02-24 15:30:00+00:00,191.9149932861328,192.11940002441406,191.71499633789062,192.0,3670836
2026-02-24 15:45:00+00:00,192.1999969482422,192.6999969482422,191.81869506835938,191.90499877929688,4489941
2026-02-24 16:00:00+00:00,193.03500366210938,193.10000610351562,192.10000610351562,192.1999969482422,4608226
2026-02-24 16:15:00+00:00,192.14999389648438,193.25,191.97999572753906,193.03500366210938,27697372
2026-02-24 16:30:00+00:00,192.02000427246094,192.2100067138672,191.8800048828125,192.1501007080078,2516667
2026-02-24 16:45:00+00:00,192.9199981689453,193.35000610351562,192.0,192.01499938964844,3861806
2026-02-24 17:00:00+00:00,193.5399932861328,193.75,192.8000030517578,192.92999267578125,4065262
2026-02-24 17:15:00+00:00,193.23500061035156,193.64999389648438,193.1699981689453,193.52999877929688,2820018
2026-02-24 17:30:00+00:00,193.2550048828125,193.60000610351562,193.1199951171875,193.23989868164062,2190258
2026-02-24 17:45:00+00:00,193.10000610351562,193.3350067138672,193.0041961669922,193.25,2196461
2026-02-24 18:00:00+00:00,193.27999877929688,193.41000366210938,193.0800018310547,193.08999633789062,35046392
2026-02-24 18:15:00+00:00,192.94009399414062,193.42999267578125,192.8800048828125,193.27499389648438,2017993
2026-02-24 18:30:00+00:00,192.94500732421875,193.08999633789062,192.7100067138672,192.94500732421875,1987193
2026-02-24 18:45:00+00:00,192.61500549316406,193.02000427246094,192.52000427246094,192.9550018310547,2263964
2026-02-24 19:00:00+00:00,192.65499877929688,192.8300018310547,192.46499633789062,192.6199951171875,2108820
2026-02-24 19:15:00+00:00,192.42999267578125,192.66000366210938,192.16000366210938,192.65499877929688,2284407
2026-02-24 19:30:00+00:00,192.54299926757812,192.77000427246094,192.4001007080078,192.43499755859375,2036315
2026-02-24 19:45:00+00:00,192.72000122070312,193.0500030517578,192.49000549316406,192.5449981689453,2775266
2026-02-24 20:00:00+00:00,192.6999053955078,192.80999755859375,192.53500366210938,192.72979736328125,42134473
2026-02-24 20:15:00+00:00,192.78500366210938,192.98500061035156,192.58999633789062,192.69700622558594,2435683
2026-02-24 20:30:00+00:00,193.17999267578125,193.19000244140625,192.78500366210938,192.7899932861328,2764385
2026-02-24 20:45:00+00:00,192.8699951171875,193.77000427246094,192.66000366210938,193.1750030517578,7406137
2026-02-25 14:30:00+00:00,194.639892578125,195.0,193.8000030517578,194.47000122070312,13461657
2026-02-25 14:45:00+00:00,195.83999633789062,195.9600067138672,194.50999450683594,194.6199951171875,9134333
2026-02-25 15:00:00+00:00,195.5749969482422,196.55999755859375,195.55999755859375,195.8300018310547,8247370
2026-02-25 15:15:00+00:00,196.04510498046875,196.0500030517578,195.14999389648438,195.5749969482422,24661346
2026-02-25 15:30:00+00:00,195.66510009765625,196.14999389648438,195.5,196.04010009765625,2694780
2026-02-25 15:45:00+00:00,196.2100067138672,196.32000732421875,195.5,195.66769409179688,4126736
2026-02-25 16:00:00+00:00,196.52999877929688,196.6199951171875,196.0800018310547,196.2100067138672,4204693
2026-02-25 16:15:00+00:00,196.33999633789062,196.54930114746094,195.80999755859375,196.52499389648438,4043497
2026-02-25 16:30:00+00:00,197.08999633789062,197.14999389648438,196.3300018310547,196.3300018310547,32072418
2026-02-25 16:45:00+00:00,197.0601043701172,197.32000732421875,196.8699951171875,197.10000610351562,4107313
2026-02-25 17:00:00+00:00,197.5299072265625,197.5800018310547,196.86500549316406,197.06500244140625,4243701
2026-02-25 17:15:00+00:00,197.36000061035156,197.62989807128906,197.25999450683594,197.52499389648438,3509414
2026-02-25 17:30:00+00:00,197.35499572753906,197.52999877929688,197.19500732421875,197.35009765625,2563276
2026-02-25 17:45:00+00:00,197.07000732421875,197.39999389648438,197.0399932861328,197.36000061035156,37303019
2026-02-25 18:00:00+00:00,196.80990600585938,197.1699981689453,196.75,197.0800018310547,2900182
2026-02-25 18:15:00+00:00,196.7299041748047,196.83999633789062,196.60499572753906,196.80299377441406,40700447
2026-02-25 18:30:00+00:00,196.7100067138672,196.82000732421875,196.4810028076172,196.72500610351562,2014556
2026-02-25 18:45:00+00:00,196.625,196.77999877929688,196.5800018310547,196.71499633789062,40910766
2026-02-25 19:00:00+00:00,197.17990112304688,197.22999572753906,196.61000061035156,196.6199951171875,3495304
2026-02-25 19:15:00+00:00,197.0998992919922,197.4499969482422,197.05999755859375,197.1750030517578,3220733
2026-02-25 19:30:00+00:00,197.18499755859375,197.27999877929688,196.89999389648438,197.08900451660156,3215149
2026-02-25 19:45:00+00:00,197.17999267578125,197.3699951171875,197.07000732421875,197.17999267578125,48413107
2026-02-25 20:00:00+00:00,196.8000030517578,197.24000549316406,196.67999267578125,197.1750030517578,2452278
2026-02-25 20:15:00+00:00,196.89500427246094,197.07000732421875,196.6999969482422,196.80499267578125,50540124
2026-02-25 20:30:00+00:00,197.19630432128906,197.2100067138672,196.58999633789062,196.88999938964844,5289865
2026-02-25 20:45:00+00:00,195.8800048828125,197.19000244140625,195.52000427246094,197.19000244140625,11486252
2026-02-26 14:30:00+00:00,189.98500061035156,194.2100067138672,189.41000366210938,194.2100067138672,32444487
2026-02-26 14:45:00+00:00,189.38999938964844,190.0050048828125,188.27999877929688,188.89990234375,40701486
2026-02-26 15:00:00+00:00,186.88999938964844,189.7100067138672,186.86000061035156,189.3800048828125,14176019
2026-02-26 15:15:00+00:00,186.09500122070312,187.1199951171875,185.5800018310547,186.88999938964844,15296233
2026-02-26 15:30:00+00:00,186.7050018310547,186.8000030517578,184.5800018310547,186.10000610351562,58985039
2026-02-26 15:45:00+00:00,186.32899475097656,186.86000061035156,185.85009765625,186.7100067138672,8410431
2026-02-26 16:00:00+00:00,187.30499267578125,187.5500030517578,186.24000549316406,186.3300018310547,8815200
2026-02-26 16:15:00+00:00,187.8249969482422,187.93980407714844,187.16000366210938,187.30499267578125,6301285
2026-02-26 16:30:00+00:00,186.73500061035156,187.97000122070312,186.72000122070312,187.77999877929688,72547365
2026-02-26 16:45:00+00:00,185.89649963378906,186.97000122070312,185.85000610351562,186.73939514160156,5045585
2026-02-26 17:00:00+00:00,187.02340698242188,187.47000122070312,185.88999938964844,185.88999938964844,5667780
2026-02-26 17:15:00+00:00,187.5749969482422,187.69000244140625,186.6300048828125,187.02000427246094,4141864
2026-02-26 17:30:00+00:00,186.6199951171875,188.1199951171875,186.58999633789062,187.57000732421875,5060640
2026-02-26 17:45:00+00:00,186.76499938964844,186.91000366210938,186.1999969482422,186.622802734375,4500138
2026-02-26 18:00:00+00:00,185.16000366210938,186.77000427246094,184.97000122070312,186.75,6616382
2026-02-26 18:15:00+00:00,185.35499572753906,185.52999877929688,184.86000061035156,185.14990234375,4294812
2026-02-26 18:30:00+00:00,185.61990356445312,185.99000549316406,184.97000122070312,185.34500122070312,94879867
2026-02-26 18:45:00+00:00,185.22000122070312,185.87030029296875,184.822998046875,185.63499450683594,3043009
2026-02-26 19:00:00+00:00,186.14999389648438,186.6999969482422,185.1300048828125,185.2100067138672,5520248
2026-02-26 19:15:00+00:00,185.29989624023438,186.41000366210938,185.25,186.14500427246094,4762806
2026-02-26 19:30:00+00:00,185.2899932861328,185.64999389648438,184.94900512695312,185.2949981689453,104175847
2026-02-26 19:45:00+00:00,185.39999389648438,185.82000732421875,185.07000732421875,185.28500366210938,3991136
2026-02-26 20:00:00+00:00,184.38150024414062,185.4600067138672,184.33999633789062,185.38999938964844,5601527
2026-02-26 20:15:00+00:00,184.6898956298828,185.1999969482422,184.31500244140625,184.375,5614106
2026-02-26 20:30:00+00:00,184.8699951171875,185.5500030517578,184.5399932861328,184.67999267578125,119306393
2026-02-26 20:45:00+00:00,184.89999389648438,185.19000244140625,184.33999633789062,184.8699951171875,8725107
2026-02-27 14:30:00+00:00,180.60499572753906,181.7899932861328,179.72999572753906,181.22000122070312,23875221
2026-02-27 14:45:00+00:00,179.7949981689453,181.16000366210938,179.57000732421875,180.61090087890625,9805384
2026-02-27 15:00:00+00:00,182.0399932861328,182.5800018310547,179.72999572753906,179.78500366210938,10357053
2026-02-27 15:15:00+00:00,181.8350067138672,182.28500366210938,180.85499572753906,182.02999877929688,30146503
2026-02-27 15:30:00+00:00,181.9149932861328,182.0500030517578,181.3699951171875,181.83999633789062,4755672
2026-02-27 15:45:00+00:00,181.51499938964844,182.25,181.07000732421875,181.90499877929688,4874355
2026-02-27 16:00:00+00:00,181.56500244140625,181.94000244140625,181.30999755859375,181.52000427246094,3700447
2026-02-27 16:15:00+00:00,181.02000427246094,181.85000610351562,181.0,181.55999755859375,3908134
2026-02-27 16:30:00+00:00,180.2299041748047,181.4600067138672,180.2100067138672,181.02999877929688,4452664
2026-02-27 16:45:00+00:00,180.35499572753906,181.0,180.1300048828125,180.22500610351562,3897729
2026-02-27 17:00:00+00:00,179.9499969482422,180.69500732421875,179.86000061035156,180.35000610351562,3947484
2026-02-27 17:15:00+00:00,179.9149932861328,179.97000122070312,179.0500030517578,179.9600067138672,5349863
2026-02-27 17:30:00+00:00,179.72500610351562,180.2899932861328,179.60000610351562,179.9250030517578,3712057
2026-02-27 17:45:00+00:00,179.75509643554688,179.86500549316406,179.39999389648438,179.72500610351562,3004713
2026-02-27 18:00:00+00:00,179.2949981689453,179.82000732421875,179.1999969482422,179.75,3154550
2026-02-27 18:15:00+00:00,178.97000122070312,179.30999755859375,178.64999389648438,179.28500366210938,4743288
2026-02-27 18:30:00+00:00,178.76010131835938,179.30999755859375,178.75999450683594,178.97889709472656,3335836
2026-02-27 18:45:00+00:00,178.38999938964844,178.8000030517578,178.1699981689453,178.77000427246094,4241703
2026-02-27 19:00:00+00:00,178.35000610351562,179.0800018310547,178.3350067138672,178.3800048828125,4751553
2026-02-27 19:15:00+00:00,178.6649932861328,178.7100067138672,178.10000610351562,178.35000610351562,64837248
2026-02-27 19:30:00+00:00,178.59500122070312,178.9199981689453,178.4199981689453,178.6699981689453,3567263
2026-02-27 19:45:00+00:00,179.36500549316406,179.6999969482422,178.52000427246094,178.59500122070312,4422162
2026-02-27 20:00:00+00:00,179.13999938964844,179.4008026123047,178.6300048828125,179.3625030517578,4524125
2026-02-27 20:15:00+00:00,178.89999389648438,179.375,178.64999389648438,179.15249633789062,4303338
2026-02-27 20:30:00+00:00,178.15499877929688,178.98500061035156,178.00999450683594,178.88999938964844,6013561
2026-02-27 20:45:00+00:00,177.16000366210938,178.25999450683594,176.3800048828125,178.14500427246094,20055112
