Datetime,Close,High,Low,Open,Volume
2025-12-02 14:30:00+00:00,25544.568359375,25560.671875,25429.736328125,25442.919921875,50582092
2025-12-02 14:45:00+00:00,25549.958984375,25557.3515625,25517.767578125,25545.130859375,56568791
2025-12-02 15:00:00+00:00,25583.408203125,25601.099609375,25545.826171875,25551.451171875,55576759
2025-12-02 15:15:00+00:00,25525.001953125,25594.853515625,25522.4453125,25589.7265625,48250354
2025-12-02 15:30:00+00:00,25574.5703125,25578.13671875,25491.763671875,25522.482421875,47195340
2025-12-02 15:45:00+00:00,25599.32421875,25621.96484375,25568.3671875,25576.333984375,41521615
2025-12-02 16:00:00+00:00,25493.9140625,25611.9375,25480.6484375,25598.79296875,54438574
2025-12-02 16:15:00+00:00,25414.302734375,25502.013671875,25399.591796875,25489.21875,47047987
2025-12-02 16:30:00+00:00,25446.748046875,25475.5078125,25369.35546875,25428.587890625,39854018
2025-12-02 16:45:00+00:00,25463.0234375,25484.177734375,25434.783203125,25444.25,28025576
2025-12-02 17:00:00+00:00,25502.1875,25502.921875,25463.626953125,25463.626953125,29322258
2025-12-02 17:15:00+00:00,25557.49609375,25564.34375,25500.822265625,25502.5,26038195
2025-12-02 17:30:00+00:00,25549.7890625,25572.720703125,25538.70703125,25557.142578125,23045430
2025-12-02 17:45:00+00:00,25462.484375,25557.681640625,25462.484375,25550.421875,22327973
2025-12-02 18:00:00+00:00,25503.771484375,25527.341796875,25452.19921875,25455.658203125,25127291
2025-12-02 18:15:00+00:00,25516.48046875,25536.443359375,25494.23046875,25504.46875,22868175
2025-12-02 18:30:00+00:00,25511.48828125,25527.615234375,25486.59375,25513.74609375,20204815
2025-12-02 18:45:00+00:00,25528.525390625,25536.853515625,25498.826171875,25509.82421875,28166916
2025-12-02 19:00:00+00:00,25554.9765625,25560.0234375,25519.35546875,25526.626953125,27947952
2025-12-02 19:15:00+00:00,25537.7890625,25560.671875,25517.2734375,25556.390625,25049223
2025-12-02 19:30:00+00:00,25540.015625,25560.81640625,25534.076171875,25536.482421875,23685384
2025-12-02 19:45:00+00:00,25584.751953125,25591.298828125,25537.025390625,25541.193359375,29068381
2025-12-02 20:00:00+00:00,25578.87109375,25588.123046875,25567.10546875,25587.775390625,29934734
2025-12-02 20:15:00+00:00,25585.6640625,25588.19140625,25573.244140625,25579.5859375,29266321
2025-12-02 20:30:00+00:00,25571.27734375,25596.76953125,25559.71484375,25584.7890625,38669228
2025-12-02 20:45:00+00:00,25555.14453125,25585.546875,25542.89453125,25573.025390625,74462468
2025-12-03 14:30:00+00:00,25433.59765625,25492.048828125,25407.107421875,25439.42578125,56895510
2025-12-03 14:45:00+00:00,25453.48828125,25453.8671875,25388.4375,25432.876953125,56790589
2025-12-03 15:00:00+00:00,25467.248046875,25528.630859375,25455.234375,25459.087890625,56702624
2025-12-03 15:15:00+00:00,25487.177734375,25517.5078125,25459.091796875,25473.591796875,49176859
2025-12-03 15:30:00+00:00,25554.888671875,25556.994140625,25461.86328125,25479.392578125,54956469
2025-12-03 15:45:00+00:00,25518.021484375,25557.541015625,25510.064453125,25551.353515625,37889857
2025-12-03 16:00:00+00:00,25494.25390625,25553.53125,25477.916015625,25523.7890625,35254655
2025-12-03 16:15:00+00:00,25520.068359375,25538.896484375,25490.96484375,25498.306640625,30916105
2025-12-03 16:30:00+00:00,25566.2578125,25574.46875,25516.892578125,25517.025390625,29266715
2025-12-03 16:45:00+00:00,25514.27734375,25567.013671875,25489.107421875,25563.0703125,26817994
2025-12-03 17:00:00+00:00,25550.380859375,25552.244140625,25511.64453125,25515.150390625,25259061
2025-12-03 17:15:00+00:00,25576.3671875,25584.515625,25541.72265625,25550.830078125,20304094
2025-12-03 17:30:00+00:00,25572.5234375,25579.705078125,25554.84765625,25576.16796875,19156680
2025-12-03 17:45:00+00:00,25579.83203125,25590.087890625,25563.48828125,25573.068359375,20124178
2025-12-03 18:00:00+00:00,25587.8515625,25592.126953125,25573.056640625,25580.634765625,22827002
2025-12-03 18:15:00+00:00,25580.91796875,25589.212890625,25564.55078125,25588.013671875,18704287
2025-12-03 18:30:00+00:00,25606.087890625,25606.291015625,25583.66015625,25583.927734375,22741379
2025-12-03 18:45:00+00:00,25584.6015625,25607.810546875,25578.9921875,25606.591796875,24114345
2025-12-03 19:00:00+00:00,25606.09765625,25606.529296875,25581.376953125,25582.8671875,22089687
2025-12-03 19:15:00+00:00,25600.966796875,25608.6875,25593.466796875,25606.01171875,22355314
2025-12-03 19:30:00+00:00,25613.494140625,25613.494140625,25597.099609375,25602.251953125,23445684
2025-12-03 19:45:00+00:00,25621.63671875,25626.12890625,25605.173828125,25613.193359375,22601151
2025-12-03 20:00:00+00:00,25633.720703125,25636.388671875,25614.498046875,25622.919921875,30665198
2025-12-03 20:15:00+00:00,25635.755859375,25639.974609375,25624.74609375,25633.73046875,33621341
2025-12-03 20:30:00+00:00,25630.578125,25636.916015625,25622.048828125,25634.064453125,37954023
2025-12-03 20:45:00+00:00,25608.78125,25637.015625,25596.369140625,25630.3125,78650564
2025-12-04 14:30:00+00:00,25550.3984375,25655.587890625,25525.220703125,25655.587890625,54652611
2025-12-04 14:45:00+00:00,25514.578125,25561.986328125,25500.12109375,25554.7578125,61947816
2025-12-04 15:00:00+00:00,25529.5234375,25546.33984375,25510.298828125,25515.119140625,48120356
2025-12-04 15:15:00+00:00,25548.0,25550.25390625,25482.494140625,25525.802734375,43393611
2025-12-04 15:30:00+00:00,25582.458984375,25593.9140625,25538.564453125,25544.85546875,37305519
2025-12-04 15:45:00+00:00,25531.193359375,25589.263671875,25526.673828125,25586.607421875,41213350
2025-12-04 16:00:00+00:00,25507.54296875,25535.5234375,25470.970703125,25531.173828125,36231177
2025-12-04 16:15:00+00:00,25540.314453125,25553.04296875,25499.330078125,25506.4375,34202287
2025-12-04 16:30:00+00:00,25524.005859375,25555.3359375,25521.548828125,25538.076171875,32484527
2025-12-04 16:45:00+00:00,25597.587890625,25603.0,25530.138671875,25530.970703125,29353731
2025-12-04 17:00:00+00:00,25587.486328125,25604.77734375,25558.15234375,25594.7734375,31185264
2025-12-04 17:15:00+00:00,25556.919921875,25588.2578125,25556.041015625,25588.2578125,26522857
2025-12-04 17:30:00+00:00,25571.052734375,25577.755859375,25544.294921875,25558.8828125,23459393
2025-12-04 17:45:00+00:00,25572.2734375,25576.599609375,25557.806640625,25571.197265625,21776595
2025-12-04 18:00:00+00:00,25559.216796875,25575.353515625,25534.826171875,25571.8125,23122071
2025-12-04 18:15:00+00:00,25579.7578125,25580.552734375,25555.1484375,25559.943359375,22309413
2025-12-04 18:30:00+00:00,25557.384765625,25586.421875,25554.09765625,25577.5390625,20970734
2025-12-04 18:45:00+00:00,25561.7421875,25566.494140625,25550.443359375,25558.416015625,18702766
2025-12-04 19:00:00+00:00,25548.27734375,25567.0625,25542.375,25560.345703125,22521557
2025-12-04 19:15:00+00:00,25489.744140625,25548.00390625,25450.638671875,25548.00390625,33102318
2025-12-04 19:30:00+00:00,25549.537109375,25562.75,25485.494140625,25485.56640625,23751504
2025-12-04 19:45:00+00:00,25545.515625,25561.236328125,25538.126953125,25548.587890625,24029218
2025-12-04 20:00:00+00:00,25542.822265625,25547.71875,25509.04296875,25544.318359375,23417188
2025-12-04 20:15:00+00:00,25518.837890625,25542.14453125,25518.0546875,25541.5078125,30267001
2025-12-04 20:30:00+00:00,25525.423828125,25538.162109375,25517.138671875,25517.138671875,34842954
2025-12-04 20:45:00+00:00,25583.326171875,25583.326171875,25518.93359375,25524.57421875,68992684
2025-12-05 14:30:00+00:00,25669.484375,25734.7890625,25649.5,25659.185546875,60749005
2025-12-05 14:45:00+00:00,25750.384765625,25762.720703125,25679.931640625,25679.931640625,63604449
2025-12-05 15:00:00+00:00,25817.087890625,25818.791015625,25731.61328125,25760.326171875,62894084
2025-12-05 15:15:00+00:00,25796.568359375,25827.078125,25789.41015625,25816.296875,49601971
2025-12-05 15:30:00+00:00,25778.29296875,25818.6328125,25771.2421875,25796.458984375,45807725
2025-12-05 15:45:00+00:00,25708.107421875,25790.90234375,25683.015625,25776.986328125,46136114
2025-12-05 16:00:00+00:00,25673.380859375,25725.861328125,25673.33984375,25705.732421875,39043242
2025-12-05 16:15:00+00:00,25660.470703125,25698.345703125,25650.23046875,25664.626953125,49257313
2025-12-05 16:30:00+00:00,25653.875,25663.779296875,25619.005859375,25657.58203125,43048718
2025-12-05 16:45:00+00:00,25695.56640625,25719.146484375,25647.23828125,25653.3203125,40007661
2025-12-05 17:00:00+00:00,25658.474609375,25697.56640625,25657.5390625,25688.0703125,42368793
2025-12-05 17:15:00+00:00,25658.021484375,25669.3515625,25653.0859375,25658.857421875,27624144
2025-12-05 17:30:00+00:00,25655.845703125,25660.310546875,25630.466796875,25657.43359375,26264228
2025-12-05 17:45:00+00:00,25692.455078125,25699.525390625,25651.169921875,25655.6796875,29916161
2025-12-05 18:00:00+00:00,25685.5,25700.2421875,25682.3046875,25691.982421875,32045263
2025-12-05 18:15:00+00:00,25705.65234375,25706.125,25663.19921875,25685.55078125,29967754
2025-12-05 18:30:00+00:00,25697.7109375,25718.677734375,25687.453125,25705.642578125,24969897
2025-12-05 18:45:00+00:00,25687.158203125,25700.5078125,25682.837890625,25698.072265625,25313071
2025-12-05 19:00:00+00:00,25701.7734375,25702.43359375,25678.34765625,25688.185546875,25616660
2025-12-05 19:15:00+00:00,25684.365234375,25702.763671875,25671.2578125,25701.966796875,25080696
2025-12-05 19:30:00+00:00,25674.224609375,25690.595703125,25668.80859375,25684.19921875,23496862
2025-12-05 19:45:00+00:00,25699.1328125,25703.55859375,25666.021484375,25673.88671875,24442074
2025-12-05 20:00:00+00:00,25685.888671875,25699.86328125,25674.716796875,25697.28125,24344409
2025-12-05 20:15:00+00:00,25687.09375,25700.3359375,25675.857421875,25685.55859375,31630623
2025-12-05 20:30:00+00:00,25682.994140625,25687.8671875,25670.341796875,25686.953125,35472000
2025-12-05 20:45:00+00:00,25689.453125,25699.3828125,25639.111328125,25682.7890625,78956000
2025-12-08 14:30:00+00:00,25768.296875,25826.544921875,25735.8828125,25770.900390625,55989301
2025-12-08 14:45:00+00:00,25705.650390625,25768.716796875,25695.265625,25767.826171875,62300730
2025-12-08 15:00:00+00:00,25703.58984375,25739.216796875,25697.603515625,25709.216796875,54037008
2025-12-08 15:15:00+00:00,25666.7109375,25711.39453125,25624.921875,25701.40625,49641870
2025-12-08 15:30:00+00:00,25652.248046875,25687.09765625,25650.751953125,25660.41015625,44823458
2025-12-08 15:45:00+00:00,25625.85546875,25665.97265625,25617.521484375,25655.552734375,46728967
2025-12-08 16:00:00+00:00,25594.9140625,25626.4453125,25594.9140625,25623.84765625,38567480
2025-12-08 16:15:00+00:00,25627.78515625,25634.162109375,25595.970703125,25597.7109375,37337983
2025-12-08 16:30:00+00:00,25615.388671875,25631.755859375,25603.365234375,25628.240234375,30318238
2025-12-08 16:45:00+00:00,25602.849609375,25619.552734375,25594.814453125,25615.44921875,32173406
2025-12-08 17:00:00+00:00,25588.21875,25608.19921875,25568.287109375,25601.3671875,33025849
2025-12-08 17:15:00+00:00,25579.833984375,25599.58203125,25563.228515625,25587.310546875,29212642
2025-12-08 17:30:00+00:00,25588.51171875,25602.46484375,25579.0078125,25580.322265625,27954266
2025-12-08 17:45:00+00:00,25643.40625,25656.5234375,25576.875,25586.255859375,39063103
2025-12-08 18:00:00+00:00,25640.017578125,25661.451171875,25625.66015625,25641.099609375,46319618
2025-12-08 18:15:00+00:00,25595.83203125,25653.724609375,25595.517578125,25640.697265625,33166894
2025-12-08 18:30:00+00:00,25591.068359375,25602.9140625,25570.1328125,25593.1015625,33517543
2025-12-08 18:45:00+00:00,25554.33984375,25597.546875,25533.130859375,25591.650390625,28307627
2025-12-08 19:00:00+00:00,25543.646484375,25558.560546875,25531.75,25550.84375,27585626
2025-12-08 19:15:00+00:00,25561.962890625,25570.9140625,25543.53125,25543.53125,30146331
2025-12-08 19:30:00+00:00,25568.3125,25580.5546875,25557.5859375,25561.681640625,29026607
2025-12-08 19:45:00+00:00,25556.228515625,25584.619140625,25551.869140625,25568.55859375,26858587
2025-12-08 20:00:00+00:00,25567.75390625,25567.75390625,25546.638671875,25559.669921875,31304383
2025-12-08 20:15:00+00:00,25578.734375,25579.2734375,25559.625,25567.884765625,33657120
2025-12-08 20:30:00+00:00,25577.205078125,25578.2734375,25553.21875,25577.751953125,41520789
2025-12-08 20:45:00+00:00,25631.263671875,25631.263671875,25565.3515625,25577.5859375,77566000
2025-12-09 14:30:00+00:00,25578.71875,25614.439453125,25532.337890625,25585.4921875,41366748
2025-12-09 14:45:00+00:00,25597.05859375,25602.326171875,25568.06640625,25585.033203125,45832446
2025-12-09 15:00:00+00:00,25605.6875,25631.486328125,25588.095703125,25593.271484375,39395147
2025-12-09 15:15:00+00:00,25629.83984375,25629.83984375,25594.072265625,25603.275390625,32603111
2025-12-09 15:30:00+00:00,25646.044921875,25646.044921875,25608.15625,25625.552734375,34902497
2025-12-09 15:45:00+00:00,25648.267578125,25649.56640625,25605.021484375,25647.568359375,30187204
2025-12-09 16:00:00+00:00,25658.3203125,25668.515625,25647.35546875,25649.501953125,32152069
2025-12-09 16:15:00+00:00,25657.857421875,25674.79296875,25655.96875,25656.830078125,27344023
2025-12-09 16:30:00+00:00,25639.861328125,25680.11328125,25635.890625,25656.56640625,27404947
2025-12-09 16:45:00+00:00,25675.498046875,25679.251953125,25641.005859375,25641.005859375,22895229
2025-12-09 17:00:00+00:00,25685.16015625,25696.24609375,25667.5390625,25675.060546875,21515008
2025-12-09 17:15:00+00:00,25674.75,25685.712890625,25656.84375,25685.712890625,24050283
2025-12-09 17:30:00+00:00,25670.52734375,25682.255859375,25661.125,25675.009765625,24563585
2025-12-09 17:45:00+00:00,25682.837890625,25682.837890625,25658.6640625,25669.958984375,24836517
2025-12-09 18:00:00+00:00,25683.50390625,25692.650390625,25669.69140625,25683.025390625,21930209
2025-12-09 18:15:00+00:00,25692.0703125,25696.095703125,25683.490234375,25684.4140625,19046077
2025-12-09 18:30:00+00:00,25670.04296875,25693.857421875,25670.04296875,25692.14453125,22560078
2025-12-09 18:45:00+00:00,25685.76953125,25698.26171875,25658.9765625,25669.337890625,23602045
2025-12-09 19:00:00+00:00,25669.126953125,25688.0390625,25665.4765625,25685.517578125,26054214
2025-12-09 19:15:00+00:00,25675.384765625,25682.865234375,25668.87890625,25669.5546875,25010145
2025-12-09 19:30:00+00:00,25657.498046875,25681.630859375,25652.798828125,25675.515625,23696891
2025-12-09 19:45:00+00:00,25669.33203125,25674.0546875,25656.265625,25657.578125,22910831
2025-12-09 20:00:00+00:00,25667.541015625,25678.775390625,25663.111328125,25669.36328125,24019835
2025-12-09 20:15:00+00:00,25664.947265625,25675.521484375,25661.056640625,25667.005859375,25526494
2025-12-09 20:30:00+00:00,25673.201171875,25673.201171875,25656.962890625,25664.41015625,32074911
2025-12-09 20:45:00+00:00,25667.619140625,25687.201171875,25656.65234375,25673.13671875,75143917
2025-12-10 14:30:00+00:00,25617.458984375,25634.138671875,25544.03515625,25634.138671875,48410903
2025-12-10 14:45:00+00:00,25604.92578125,25640.369140625,25565.75390625,25619.431640625,51375383
2025-12-10 15:00:00+00:00,25600.259765625,25617.1484375,25580.392578125,25593.548828125,45142919
2025-12-10 15:15:00+00:00,25607.8359375,25626.962890625,25591.21484375,25597.78125,35279616
2025-12-10 15:30:00+00:00,25562.271484375,25610.4453125,25537.8671875,25608.7109375,37380432
2025-12-10 15:45:00+00:00,25537.63671875,25593.005859375,25526.232421875,25555.845703125,31208439
2025-12-10 16:00:00+00:00,25574.455078125,25576.05078125,25504.677734375,25535.173828125,29834231
2025-12-10 16:15:00+00:00,25619.287109375,25620.3984375,25576.919921875,25578.9296875,29937372
2025-12-10 16:30:00+00:00,25596.462890625,25619.4765625,25593.384765625,25619.4765625,24231829
2025-12-10 16:45:00+00:00,25621.412109375,25624.669921875,25584.205078125,25595.314453125,26046536
2025-12-10 17:00:00+00:00,25603.4921875,25623.587890625,25593.849609375,25620.2109375,25459236
2025-12-10 17:15:00+00:00,25595.18359375,25608.953125,25587.984375,25603.892578125,19929652
2025-12-10 17:30:00+00:00,25601.76953125,25618.861328125,25589.677734375,25592.076171875,17633810
2025-12-10 17:45:00+00:00,25636.017578125,25647.0234375,25601.47265625,25601.47265625,22154928
2025-12-10 18:00:00+00:00,25623.083984375,25635.69140625,25615.5,25635.072265625,22533922
2025-12-10 18:15:00+00:00,25578.208984375,25622.787109375,25569.498046875,25621.591796875,22655225
2025-12-10 18:30:00+00:00,25581.4609375,25599.666015625,25569.00390625,25573.794921875,24048553
2025-12-10 18:45:00+00:00,25584.654296875,25599.580078125,25570.912109375,25580.32421875,21706686
2025-12-10 19:00:00+00:00,25662.369140625,25704.849609375,25583.791015625,25584.091796875,43741948
2025-12-10 19:15:00+00:00,25634.302734375,25702.69921875,25603.1953125,25666.322265625,32172112
2025-12-10 19:30:00+00:00,25638.609375,25744.22265625,25591.474609375,25635.951171875,51110961
2025-12-10 19:45:00+00:00,25795.04296875,25799.267578125,25635.529296875,25635.529296875,41666240
2025-12-10 20:00:00+00:00,25825.658203125,25828.64453125,25760.595703125,25806.44921875,41368060
2025-12-10 20:15:00+00:00,25803.884765625,25830.49609375,25801.521484375,25826.05859375,46314938
2025-12-10 20:30:00+00:00,25808.302734375,25830.91015625,25800.484375,25804.8359375,45347399
2025-12-10 20:45:00+00:00,25776.21484375,25819.83984375,25768.318359375,25807.984375,84845040
2025-12-11 14:30:00+00:00,25560.794921875,25606.1640625,25533.39453125,25606.1640625,45773480
2025-12-11 14:45:00+00:00,25397.548828125,25563.828125,25381.521484375,25558.828125,61584137
2025-12-11 15:00:00+00:00,25535.529296875,25542.197265625,25372.623046875,25390.388671875,55177710
2025-12-11 15:15:00+00:00,25574.115234375,25601.380859375,25512.052734375,25530.46484375,44486316
2025-12-11 15:30:00+00:00,25515.33984375,25581.595703125,25505.525390625,25575.607421875,37756864
2025-12-11 15:45:00+00:00,25507.259765625,25535.181640625,25436.20703125,25514.703125,35413620
2025-12-11 16:00:00+00:00,25491.5078125,25534.4765625,25470.51953125,25522.25390625,30895220
2025-12-11 16:15:00+00:00,25442.11328125,25497.076171875,25436.513671875,25488.90625,29534220
2025-12-11 16:30:00+00:00,25535.587890625,25550.326171875,25442.322265625,25442.322265625,27880595
2025-12-11 16:45:00+00:00,25476.37109375,25564.283203125,25448.4765625,25539.380859375,27431528
2025-12-11 17:00:00+00:00,25546.130859375,25554.30078125,25480.43359375,25483.8203125,24709347
2025-12-11 17:15:00+00:00,25579.013671875,25607.060546875,25540.62109375,25544.22265625,23665164
2025-12-11 17:30:00+00:00,25613.53515625,25621.7109375,25581.474609375,25581.474609375,21306233
2025-12-11 17:45:00+00:00,25570.11328125,25621.427734375,25559.59765625,25613.416015625,23268092
2025-12-11 18:00:00+00:00,25608.80859375,25618.46484375,25564.04296875,25566.87109375,26338959
2025-12-11 18:15:00+00:00,25597.251953125,25618.66796875,25584.388671875,25608.9375,28287650
2025-12-11 18:30:00+00:00,25652.318359375,25655.39453125,25589.5078125,25597.0078125,26756492
2025-12-11 18:45:00+00:00,25615.5,25661.93359375,25609.30859375,25655.654296875,24194748
2025-12-11 19:00:00+00:00,25644.91015625,25645.32421875,25612.109375,25614.87890625,22670176
2025-12-11 19:15:00+00:00,25669.939453125,25674.28515625,25644.83203125,25644.83203125,23734542
2025-12-11 19:30:00+00:00,25686.912109375,25690.146484375,25670.337890625,25671.896484375,24861250
2025-12-11 19:45:00+00:00,25666.255859375,25696.291015625,25664.76953125,25686.5546875,26578913
2025-12-11 20:00:00+00:00,25666.09765625,25682.43359375,25664.333984375,25665.615234375,23836956
2025-12-11 20:15:00+00:00,25652.390625,25676.12109375,25650.587890625,25666.15234375,28747719
2025-12-11 20:30:00+00:00,25651.970703125,25656.53515625,25635.19921875,25652.90625,33254443
2025-12-11 20:45:00+00:00,25691.603515625,25692.283203125,25641.953125,25651.216796875,70451262
2025-12-12 14:30:00+00:00,25544.36328125,25604.65625,25520.2578125,25536.6796875,48749671
2025-12-12 14:45:00+00:00,25542.701171875,25549.66796875,25490.3671875,25538.833984375,54774812
2025-12-12 15:00:00+00:00,25430.689453125,25539.90625,25401.451171875,25539.90625,53699544
2025-12-12 15:15:00+00:00,25305.955078125,25437.337890625,25304.296875,25421.119140625,45004108
2025-12-12 15:30:00+00:00,25366.482421875,25366.482421875,25284.849609375,25284.849609375,47071028
2025-12-12 15:45:00+00:00,25223.419921875,25385.13671875,25206.818359375,25375.0625,43849820
2025-12-12 16:00:00+00:00,25184.078125,25255.806640625,25142.71484375,25220.15625,59115412
2025-12-12 16:15:00+00:00,25206.95703125,25208.1171875,25118.64453125,25173.263671875,46008474
2025-12-12 16:30:00+00:00,25168.63671875,25203.41015625,25106.31640625,25203.41015625,38956486
2025-12-12 16:45:00+00:00,25156.638671875,25169.109375,25126.0,25169.109375,30525863
2025-12-12 17:00:00+00:00,25237.38671875,25245.009765625,25153.783203125,25158.986328125,31365845
2025-12-12 17:15:00+00:00,25205.443359375,25283.119140625,25203.962890625,25237.638671875,29611692
2025-12-12 17:30:00+00:00,25261.79296875,25273.171875,25184.498046875,25206.140625,24866785
2025-12-12 17:45:00+00:00,25262.392578125,25291.748046875,25257.26953125,25257.26953125,22286431
2025-12-12 18:00:00+00:00,25314.802734375,25339.58984375,25250.2421875,25263.298828125,30724468
2025-12-12 18:15:00+00:00,25319.119140625,25351.373046875,25295.701171875,25317.63671875,25466927
2025-12-12 18:30:00+00:00,25290.099609375,25326.173828125,25284.400390625,25322.041015625,22345037
2025-12-12 18:45:00+00:00,25262.74609375,25307.85546875,25259.70703125,25289.32421875,21534825
2025-12-12 19:00:00+00:00,25226.1015625,25266.873046875,25223.607421875,25263.453125,24022017
2025-12-12 19:15:00+00:00,25207.126953125,25235.37109375,25200.201171875,25224.537109375,25992323
2025-12-12 19:30:00+00:00,25225.47265625,25246.75390625,25208.0078125,25208.0078125,23420780
2025-12-12 19:45:00+00:00,25228.576171875,25235.212890625,25214.828125,25224.54296875,21443121
2025-12-12 20:00:00+00:00,25211.779296875,25244.12109375,25211.779296875,25228.88671875,25940089
2025-12-12 20:15:00+00:00,25195.57421875,25222.66015625,25190.62109375,25210.044921875,34498787
2025-12-12 20:30:00+00:00,25168.271484375,25198.544921875,25133.662109375,25198.095703125,44061962
2025-12-12 20:45:00+00:00,25200.279296875,25204.345703125,25156.15234375,25166.87109375,91577432
2025-12-15 14:30:00+00:00,25264.4453125,25375.17578125,25264.4453125,25354.8671875,50127518
2025-12-15 14:45:00+00:00,25204.94921875,25285.779296875,25199.81640625,25266.435546875,65813419
2025-12-15 15:00:00+00:00,25158.08984375,25210.94140625,25146.87109375,25206.525390625,57736323
2025-12-15 15:15:00+00:00,25050.791015625,25156.63671875,25023.265625,25156.63671875,47755313
2025-12-15 15:30:00+00:00,25154.0078125,25154.0078125,25045.23046875,25045.23046875,41166013
2025-12-15 15:45:00+00:00,25132.314453125,25176.435546875,25109.693359375,25159.09375,35872478
2025-12-15 16:00:00+00:00,25145.591796875,25174.234375,25110.048828125,25131.91796875,32924766
2025-12-15 16:15:00+00:00,25232.482421875,25245.6484375,25140.455078125,25140.455078125,32775954
2025-12-15 16:30:00+00:00,25120.15234375,25238.529296875,25118.5,25236.25,30773043
2025-12-15 16:45:00+00:00,25143.7421875,25173.4765625,25106.224609375,25120.736328125,26592292
2025-12-15 17:00:00+00:00,25140.630859375,25156.427734375,25131.43359375,25145.396484375,24449821
2025-12-15 17:15:00+00:00,25128.748046875,25142.869140625,25114.146484375,25139.3515625,23073965
2025-12-15 17:30:00+00:00,25151.841796875,25165.326171875,25109.150390625,25130.66015625,23994684
2025-12-15 17:45:00+00:00,25112.53125,25158.576171875,25070.494140625,25152.34375,27725956
2025-12-15 18:00:00+00:00,25133.03125,25136.53125,25085.28125,25112.099609375,21721835
2025-12-15 18:15:00+00:00,25081.447265625,25142.09375,25068.763671875,25132.498046875,22203833
2025-12-15 18:30:00+00:00,25097.478515625,25102.298828125,25067.333984375,25080.201171875,21906215
2025-12-15 18:45:00+00:00,25137.017578125,25147.96875,25095.5625,25096.298828125,21986441
2025-12-15 19:00:00+00:00,25123.216796875,25160.15625,25123.216796875,25136.37109375,26930731
2025-12-15 19:15:00+00:00,25115.8359375,25137.767578125,25109.01171875,25121.63671875,24697165
2025-12-15 19:30:00+00:00,25095.80859375,25124.599609375,25092.857421875,25117.0,22346259
2025-12-15 19:45:00+00:00,25131.685546875,25133.724609375,25089.83984375,25096.275390625,27602165
2025-12-15 20:00:00+00:00,25121.251953125,25136.453125,25093.150390625,25130.41796875,30329316
2025-12-15 20:15:00+00:00,25101.0703125,25129.443359375,25087.330078125,25118.642578125,38297985
2025-12-15 20:30:00+00:00,25080.615234375,25106.0859375,25073.830078125,25102.693359375,42165577
2025-12-15 20:45:00+00:00,25066.716796875,25102.455078125,25060.8125,25081.318359375,89220964
2025-12-16 14:30:00+00:00,25004.9453125,25084.794921875,24984.9453125,25009.62890625,39733961
2025-12-16 14:45:00+00:00,25129.1328125,25134.759765625,24954.1875,25002.361328125,57623823
2025-12-16 15:00:00+00:00,25068.390625,25138.53125,25051.158203125,25130.13671875,52233477
2025-12-16 15:15:00+00:00,24979.806640625,25068.62109375,24925.12109375,25068.01171875,45896698
2025-12-16 15:30:00+00:00,24997.98046875,25027.23828125,24940.33203125,24988.400390625,40200640
2025-12-16 15:45:00+00:00,25064.14453125,25078.484375,24978.07421875,24994.8359375,34629805
2025-12-16 16:00:00+00:00,25005.830078125,25080.345703125,24999.34765625,25067.8671875,31759197
2025-12-16 16:15:00+00:00,24975.751953125,25006.181640625,24962.185546875,25001.107421875,27708449
2025-12-16 16:30:00+00:00,25001.4453125,25012.5390625,24962.716796875,24977.185546875,28260286
2025-12-16 16:45:00+00:00,25073.23046875,25076.595703125,24995.87109375,24998.72265625,29038070
2025-12-16 17:00:00+00:00,25078.19921875,25090.23828125,25027.7109375,25070.1953125,27867170
2025-12-16 17:15:00+00:00,25016.9609375,25090.83984375,25006.359375,25079.755859375,23315872
2025-12-16 17:30:00+00:00,24992.59375,25059.296875,24982.08203125,25014.9921875,22252434
2025-12-16 17:45:00+00:00,24947.07421875,25008.232421875,24942.044921875,24992.822265625,22415719
2025-12-16 18:00:00+00:00,24969.78125,24969.78125,24926.232421875,24950.615234375,24057662
2025-12-16 18:15:00+00:00,24948.23046875,24974.923828125,24936.826171875,24968.458984375,20592941
2025-12-16 18:30:00+00:00,25057.646484375,25059.8203125,24951.029296875,24951.12109375,24922087
2025-12-16 18:45:00+00:00,25059.171875,25087.083984375,25055.15625,25057.94140625,25366477
2025-12-16 19:00:00+00:00,24986.76953125,25057.318359375,24984.029296875,25053.033203125,24829657
2025-12-16 19:15:00+00:00,25026.517578125,25026.517578125,24973.63671875,24986.28125,24402473
2025-12-16 19:30:00+00:00,25063.64453125,25069.875,25022.759765625,25025.275390625,28686848
2025-12-16 19:45:00+00:00,25067.419921875,25094.603515625,25049.640625,25062.607421875,27785752
2025-12-16 20:00:00+00:00,25082.94921875,25116.69140625,25061.892578125,25064.7890625,32215120
2025-12-16 20:15:00+00:00,25120.109375,25121.8671875,25079.318359375,25083.21875,29232775
2025-12-16 20:30:00+00:00,25167.68359375,25185.615234375,25119.50390625,25119.50390625,47780354
2025-12-16 20:45:00+00:00,25126.58203125,25188.0390625,25126.58203125,25165.66796875,83221688
2025-12-17 14:30:00+00:00,25062.349609375,25189.841796875,25050.578125,25173.1796875,48664696
2025-12-17 14:45:00+00:00,25095.57421875,25097.92578125,25009.9921875,25086.732421875,59691410
2025-12-17 15:00:00+00:00,25077.517578125,25092.671875,25041.546875,25090.765625,51803486
2025-12-17 15:15:00+00:00,25077.85546875,25097.99609375,25042.52734375,25073.611328125,42432103
2025-12-17 15:30:00+00:00,24904.099609375,25086.515625,24890.84765625,25076.66015625,53431102
2025-12-17 15:45:00+00:00,24818.060546875,24915.6015625,24799.53125,24887.474609375,58715029
2025-12-17 16:00:00+00:00,24788.068359375,24879.44140625,24788.068359375,24817.78125,48021087
2025-12-17 16:15:00+00:00,24834.2421875,24858.017578125,24771.283203125,24789.546875,41592629
2025-12-17 16:30:00+00:00,24812.400390625,24825.0234375,24767.16796875,24824.564453125,36389606
2025-12-17 16:45:00+00:00,24798.564453125,24819.8203125,24751.3671875,24805.55078125,33541907
2025-12-17 17:00:00+00:00,24768.89453125,24813.955078125,24751.84765625,24797.703125,30848574
2025-12-17 17:15:00+00:00,24807.513671875,24839.7421875,24755.794921875,24766.8203125,27599792
2025-12-17 17:30:00+00:00,24774.57421875,24844.19140625,24772.19140625,24807.80078125,27254179
2025-12-17 17:45:00+00:00,24788.111328125,24801.40625,24755.673828125,24774.787109375,26851533
2025-12-17 18:00:00+00:00,24777.59765625,24839.7421875,24777.59765625,24790.41796875,25203889
2025-12-17 18:15:00+00:00,24778.625,24791.5625,24759.3671875,24776.7578125,25414866
2025-12-17 18:30:00+00:00,24732.0078125,24781.181640625,24710.013671875,24775.32421875,27339111
2025-12-17 18:45:00+00:00,24725.044921875,24740.029296875,24703.751953125,24730.490234375,28856031
2025-12-17 19:00:00+00:00,24721.859375,24733.896484375,24701.5703125,24726.873046875,30183209
2025-12-17 19:15:00+00:00,24706.251953125,24730.416015625,24702.20703125,24723.099609375,29138748
2025-12-17 19:30:00+00:00,24725.1328125,24729.40234375,24687.771484375,24706.109375,27302332
2025-12-17 19:45:00+00:00,24740.873046875,24750.8984375,24714.1328125,24724.576171875,28275853
2025-12-17 20:00:00+00:00,24718.16015625,24746.958984375,24707.134765625,24742.6171875,29813121
2025-12-17 20:15:00+00:00,24716.7890625,24740.791015625,24705.90625,24717.6484375,34507223
2025-12-17 20:30:00+00:00,24730.927734375,24735.16015625,24698.994140625,24721.814453125,42277478
2025-12-17 20:45:00+00:00,24655.7265625,24730.9765625,24648.5078125,24729.123046875,88049252
2025-12-18 14:30:00+00:00,24954.787109375,25079.0625,24937.453125,25025.62109375,53601144
2025-12-18 14:45:00+00:00,25026.29296875,25040.314453125,24921.451171875,24961.96875,60511771
2025-12-18 15:00:00+00:00,24953.828125,25050.17578125,24935.201171875,25034.595703125,52407332
2025-12-18 15:15:00+00:00,25079.56640625,25094.646484375,24935.41015625,24947.369140625,56641001
2025-12-18 15:30:00+00:00,25125.77734375,25159.115234375,25068.4453125,25086.6171875,53329868
2025-12-18 15:45:00+00:00,25117.626953125,25136.60546875,25110.9609375,25134.796875,38572414
2025-12-18 16:00:00+00:00,25134.376953125,25161.759765625,25106.234375,25115.970703125,37189962
2025-12-18 16:15:00+00:00,25112.166015625,25155.931640625,25102.626953125,25132.091796875,36472017
2025-12-18 16:30:00+00:00,25150.21484375,25160.869140625,25109.064453125,25109.064453125,31493035
2025-12-18 16:45:00+00:00,25144.42578125,25162.544921875,25134.884765625,25150.51953125,31032418
2025-12-18 17:00:00+00:00,24990.4609375,25139.388671875,24975.248046875,25139.388671875,34185739
2025-12-18 17:15:00+00:00,24989.3671875,25004.10546875,24944.904296875,24989.01953125,34044780
2025-12-18 17:30:00+00:00,25093.755859375,25093.755859375,24978.662109375,24989.25,30044028
2025-12-18 17:45:00+00:00,25108.5390625,25115.443359375,25060.107421875,25102.421875,23231940
2025-12-18 18:00:00+00:00,25105.08984375,25122.81640625,25076.60546875,25107.876953125,23130764
2025-12-18 18:15:00+00:00,25117.306640625,25127.900390625,25103.767578125,25103.767578125,22243321
2025-12-18 18:30:00+00:00,25127.8828125,25154.626953125,25118.24609375,25118.24609375,23696681
2025-12-18 18:45:00+00:00,25094.212890625,25128.865234375,25093.0859375,25127.7578125,22190012
2025-12-18 19:00:00+00:00,25054.763671875,25094.822265625,25019.33203125,25093.234375,28138379
2025-12-18 19:15:00+00:00,25036.73828125,25054.318359375,25018.203125,25054.318359375,23842726
2025-12-18 19:30:00+00:00,24998.87890625,25040.0234375,24997.798828125,25036.392578125,25305112
2025-12-18 19:45:00+00:00,24970.7109375,25037.7421875,24957.712890625,25000.20703125,28126761
2025-12-18 20:00:00+00:00,25048.052734375,25048.9453125,24954.693359375,24969.490234375,33864882
2025-12-18 20:15:00+00:00,25064.509765625,25069.783203125,25029.138671875,25047.15234375,28313529
2025-12-18 20:30:00+00:00,25084.970703125,25087.44140625,25057.08203125,25064.240234375,36054845
2025-12-18 20:45:00+00:00,25015.50390625,25096.24609375,25015.50390625,25084.716796875,69899952
2025-12-19 14:30:00+00:00,25299.50390625,25299.50390625,25137.1328125,25137.1328125,271543770
2025-12-19 14:45:00+00:00,25315.435546875,25326.123046875,25287.423828125,25312.015625,65659787
2025-12-19 15:00:00+00:00,25294.294921875,25353.83984375,25290.7734375,25327.556640625,57706648
2025-12-19 15:15:00+00:00,25266.091796875,25309.4921875,25229.376953125,25295.1171875,47117503
2025-12-19 15:30:00+00:00,25270.166015625,25312.576171875,25243.759765625,25259.361328125,42806061
2025-12-19 15:45:00+00:00,25244.626953125,25272.712890625,25235.69921875,25272.712890625,37642888
2025-12-19 16:00:00+00:00,25290.125,25317.55078125,25226.71875,25241.111328125,38418403
2025-12-19 16:15:00+00:00,25301.294921875,25303.931640625,25282.61328125,25288.775390625,28449420
2025-12-19 16:30:00+00:00,25292.6015625,25320.33203125,25292.6015625,25300.666015625,29763245
2025-12-19 16:45:00+00:00,25267.443359375,25294.9609375,25259.83984375,25291.3828125,29760369
2025-12-19 17:00:00+00:00,25310.52734375,25312.263671875,25267.53515625,25267.53515625,28520190
2025-12-19 17:15:00+00:00,25331.1640625,25336.5,25310.185546875,25310.185546875,27119183
2025-12-19 17:30:00+00:00,25326.490234375,25336.591796875,25317.587890625,25330.90234375,25810172
2025-12-19 17:45:00+00:00,25335.42578125,25352.81640625,25321.990234375,25327.73828125,26619822
2025-12-19 18:00:00+00:00,25340.04296875,25348.64453125,25328.275390625,25333.82421875,24106638
2025-12-19 18:15:00+00:00,25332.966796875,25346.486328125,25329.099609375,25339.79296875,20757009
2025-12-19 18:30:00+00:00,25316.3359375,25336.044921875,25306.814453125,25333.666015625,22560990
2025-12-19 18:45:00+00:00,25314.46484375,25326.56640625,25307.556640625,25316.02734375,22222097
2025-12-19 19:00:00+00:00,25331.689453125,25337.91796875,25313.03515625,25313.03515625,25092556
2025-12-19 19:15:00+00:00,25340.591796875,25345.095703125,25326.001953125,25332.837890625,23897770
2025-12-19 19:30:00+00:00,25345.021484375,25347.55078125,25335.814453125,25340.900390625,22956496
2025-12-19 19:45:00+00:00,25330.2265625,25350.65625,25329.85546875,25344.759765625,27788047
2025-12-19 20:00:00+00:00,25337.677734375,25344.607421875,25329.349609375,25329.349609375,33774016
2025-12-19 20:15:00+00:00,25342.421875,25348.537109375,25332.576171875,25337.501953125,37304226
2025-12-19 20:30:00+00:00,25323.3046875,25346.287109375,25311.974609375,25343.001953125,43029000
2025-12-19 20:45:00+00:00,25344.29296875,25353.873046875,25322.02734375,25322.76953125,121868000
2025-12-22 14:30:00+00:00,25461.341796875,25551.4765625,25444.181640625,25530.251953125,48392565
2025-12-22 14:45:00+00:00,25516.1015625,25521.287109375,25454.79296875,25459.404296875,54896087
2025-12-22 15:00:00+00:00,25448.916015625,25518.21484375,25447.810546875,25512.33984375,44277771
2025-12-22 15:15:00+00:00,25458.220703125,25480.5,25444.533203125,25447.2109375,35437282
2025-12-22 15:30:00+00:00,25444.96484375,25462.484375,25402.71875,25458.02734375,33559376
2025-12-22 15:45:00+00:00,25444.32421875,25458.322265625,25432.826171875,25447.447265625,30272278
2025-12-22 16:00:00+00:00,25473.193359375,25473.607421875,25442.615234375,25444.359375,27314595
2025-12-22 16:15:00+00:00,25478.611328125,25487.98828125,25472.8828125,25474.984375,25716293
2025-12-22 16:30:00+00:00,25463.39453125,25478.55859375,25462.197265625,25478.55859375,21263947
2025-12-22 16:45:00+00:00,25479.53125,25479.53125,25459.712890625,25459.712890625,21875808
2025-12-22 17:00:00+00:00,25467.939453125,25484.748046875,25464.173828125,25483.265625,24011260
2025-12-22 17:15:00+00:00,25467.103515625,25477.416015625,25465.83203125,25467.83203125,18192184
2025-12-22 17:30:00+00:00,25461.771484375,25471.138671875,25459.607421875,25466.75390625,19791222
2025-12-22 17:45:00+00:00,25487.353515625,25489.62109375,25456.71875,25461.53515625,19572925
2025-12-22 18:00:00+00:00,25460.67578125,25488.494140625,25460.11328125,25487.02734375,15449430
2025-12-22 18:15:00+00:00,25458.48046875,25461.3828125,25445.34375,25460.66015625,18848447
2025-12-22 18:30:00+00:00,25463.39453125,25466.623046875,25451.15625,25458.10546875,18526793
2025-12-22 18:45:00+00:00,25455.193359375,25464.87109375,25446.3515625,25463.376953125,18208318
2025-12-22 19:00:00+00:00,25448.009765625,25457.26953125,25443.58984375,25455.5390625,19256118
2025-12-22 19:15:00+00:00,25464.52734375,25465.248046875,25447.166015625,25448.564453125,16876458
2025-12-22 19:30:00+00:00,25463.564453125,25478.759765625,25462.8203125,25464.701171875,18143599
2025-12-22 19:45:00+00:00,25455.892578125,25468.087890625,25454.921875,25463.419921875,16193698
2025-12-22 20:00:00+00:00,25448.484375,25459.45703125,25448.232421875,25456.06640625,22719548
2025-12-22 20:15:00+00:00,25454.056640625,25460.4921875,25445.16796875,25448.109375,23146158
2025-12-22 20:30:00+00:00,25457.6875,25464.353515625,25453.08203125,25454.912109375,26931631
2025-12-22 20:45:00+00:00,25459.16796875,25466.998046875,25446.2421875,25458.71484375,59306177
2025-12-23 14:30:00+00:00,25496.693359375,25499.4140625,25435.05859375,25435.05859375,31904375
2025-12-23 14:45:00+00:00,25459.599609375,25519.28125,25449.546875,25507.25,37826636
2025-12-23 15:00:00+00:00,25417.712890625,25460.138671875,25404.39453125,25458.56640625,34560831
2025-12-23 15:15:00+00:00,25442.21875,25457.67578125,25419.619140625,25419.619140625,31547776
2025-12-23 15:30:00+00:00,25483.908203125,25488.130859375,25444.390625,25444.390625,28179389
2025-12-23 15:45:00+00:00,25502.923828125,25507.76171875,25476.369140625,25482.99609375,26530488
2025-12-23 16:00:00+00:00,25503.568359375,25517.740234375,25497.693359375,25500.94921875,26432801
2025-12-23 16:15:00+00:00,25510.572265625,25521.224609375,25502.755859375,25503.638671875,26030847
2025-12-23 16:30:00+00:00,25520.822265625,25522.279296875,25503.58984375,25511.634765625,25615015
2025-12-23 16:45:00+00:00,25540.66796875,25541.943359375,25519.9921875,25520.33203125,21136974
2025-12-23 17:00:00+00:00,25536.689453125,25545.513671875,25533.4765625,25540.625,21274387
2025-12-23 17:15:00+00:00,25534.142578125,25542.4765625,25532.12109375,25536.658203125,17618083
2025-12-23 17:30:00+00:00,25529.19921875,25538.275390625,25523.3125,25533.94921875,16631059
2025-12-23 17:45:00+00:00,25523.69140625,25532.533203125,25518.29296875,25528.744140625,17398811
2025-12-23 18:00:00+00:00,25535.78125,25538.267578125,25520.125,25523.578125,18915750
2025-12-23 18:15:00+00:00,25538.25390625,25546.072265625,25532.41796875,25536.060546875,15899281
2025-12-23 18:30:00+00:00,25545.892578125,25547.822265625,25536.80859375,25538.453125,15634232
2025-12-23 18:45:00+00:00,25539.798828125,25546.740234375,25537.03515625,25545.8515625,17717160
2025-12-23 19:00:00+00:00,25551.5390625,25553.9765625,25539.3046875,25539.720703125,18268135
2025-12-23 19:15:00+00:00,25554.251953125,25557.546875,25550.052734375,25551.419921875,17782093
2025-12-23 19:30:00+00:00,25551.314453125,25555.44921875,25548.853515625,25553.27734375,16645357
2025-12-23 19:45:00+00:00,25562.318359375,25565.046875,25551.63671875,25552.033203125,19821164
2025-12-23 20:00:00+00:00,25566.2265625,25570.54296875,25562.880859375,25562.880859375,18609671
2025-12-23 20:15:00+00:00,25565.6953125,25572.326171875,25563.5,25566.552734375,20176276
2025-12-23 20:30:00+00:00,25563.34765625,25571.17578125,25562.23828125,25563.119140625,27620363
2025-12-23 20:45:00+00:00,25586.734375,25589.62109375,25563.07421875,25563.857421875,60115923
2025-12-24 14:30:00+00:00,25573.861328125,25598.48828125,25556.8515625,25581.67578125,28461135
2025-12-24 14:45:00+00:00,25583.615234375,25588.259765625,25562.150390625,25579.25390625,28809299
2025-12-24 15:00:00+00:00,25602.83984375,25606.91015625,25583.021484375,25585.01953125,24657219
2025-12-24 15:15:00+00:00,25589.97265625,25615.10546875,25579.427734375,25602.603515625,26623494
2025-12-24 15:30:00+00:00,25599.5625,25601.12109375,25587.162109375,25590.60546875,23141541
2025-12-24 15:45:00+00:00,25605.69921875,25608.47265625,25596.275390625,25600.658203125,19378282
2025-12-24 16:00:00+00:00,25625.75390625,25626.64453125,25603.91015625,25605.33203125,17885915
2025-12-24 16:15:00+00:00,25628.35546875,25630.259765625,25615.310546875,25625.748046875,17236850
2025-12-24 16:30:00+00:00,25653.03515625,25653.880859375,25626.791015625,25628.025390625,18698252
2025-12-24 16:45:00+00:00,25649.25,25657.12890625,25644.4453125,25653.578125,15854156
2025-12-24 17:00:00+00:00,25654.640625,25656.7109375,25646.345703125,25649.21484375,16039609
2025-12-24 17:15:00+00:00,25649.6171875,25654.466796875,25641.0625,25654.431640625,17618827
2025-12-24 17:30:00+00:00,25642.052734375,25657.7109375,25640.7578125,25648.15625,18233011
2025-12-24 17:45:00+00:00,25655.884765625,25664.076171875,25640.75,25641.626953125,39797558
2025-12-26 14:30:00+00:00,25712.640625,25712.640625,25657.38671875,25691.63671875,27562569
2025-12-26 14:45:00+00:00,25664.59375,25714.197265625,25660.591796875,25710.02734375,30177794
2025-12-26 15:00:00+00:00,25628.390625,25667.60546875,25626.177734375,25665.302734375,28376941
2025-12-26 15:15:00+00:00,25670.322265625,25670.322265625,25620.861328125,25629.3203125,27484173
2025-12-26 15:30:00+00:00,25669.728515625,25681.830078125,25663.154296875,25669.064453125,23081348
2025-12-26 15:45:00+00:00,25686.337890625,25691.248046875,25666.7734375,25668.3828125,23038313
2025-12-26 16:00:00+00:00,25649.5859375,25695.576171875,25649.142578125,25686.232421875,18886659
2025-12-26 16:15:00+00:00,25667.05859375,25671.111328125,25647.23828125,25649.318359375,16516424
2025-12-26 16:30:00+00:00,25672.556640625,25675.82421875,25665.435546875,25666.953125,13331426
2025-12-26 16:45:00+00:00,25660.484375,25674.818359375,25659.328125,25672.380859375,13152813
2025-12-26 17:00:00+00:00,25642.125,25660.109375,25641.2265625,25659.818359375,12517000
2025-12-26 17:15:00+00:00,25663.66015625,25663.84375,25635.755859375,25641.775390625,13474965
2025-12-26 17:30:00+00:00,25651.59375,25666.705078125,25648.53515625,25663.8984375,12749555
2025-12-26 17:45:00+00:00,25657.076171875,25659.779296875,25646.86328125,25651.748046875,11288602
2025-12-26 18:00:00+00:00,25660.240234375,25667.45703125,25657.052734375,25657.052734375,11624818
2025-12-26 18:15:00+00:00,25654.634765625,25660.57421875,25640.623046875,25660.57421875,11565987
2025-12-26 18:30:00+00:00,25658.890625,25666.1875,25653.845703125,25654.09765625,13260460
2025-12-26 18:45:00+00:00,25675.078125,25675.14453125,25656.98046875,25658.537109375,14068815
2025-12-26 19:00:00+00:00,25674.2578125,25684.0,25669.142578125,25675.302734375,14996631
2025-12-26 19:15:00+00:00,25666.041015625,25674.794921875,25664.607421875,25674.0390625,12207486
2025-12-26 19:30:00+00:00,25659.83984375,25670.869140625,25658.66796875,25666.404296875,12529089
2025-12-26 19:45:00+00:00,25673.08984375,25677.080078125,25658.56640625,25659.8671875,14056242
2025-12-26 20:00:00+00:00,25656.763671875,25674.046875,25655.90234375,25673.33203125,15220330
2025-12-26 20:15:00+00:00,25657.0703125,25660.09375,25652.7421875,25657.0859375,14340961
2025-12-26 20:30:00+00:00,25660.20703125,25661.6171875,25654.11328125,25656.609375,17328198
2025-12-26 20:45:00+00:00,25644.3359375,25660.654296875,25639.927734375,25660.654296875,48490193
2025-12-29 14:30:00+00:00,25573.912109375,25597.943359375,25451.09375,25462.26171875,34910856
2025-12-29 14:45:00+00:00,25507.98828125,25571.609375,25498.431640625,25571.609375,41360365
2025-12-29 15:00:00+00:00,25465.138671875,25523.416015625,25453.236328125,25501.470703125,31735879
2025-12-29 15:15:00+00:00,25531.458984375,25533.4765625,25467.4375,25467.4375,26983235
2025-12-29 15:30:00+00:00,25541.244140625,25555.0703125,25526.9296875,25530.904296875,24587936
2025-12-29 15:45:00+00:00,25492.57421875,25540.875,25466.796875,25540.380859375,21263902
2025-12-29 16:00:00+00:00,25500.0859375,25501.970703125,25469.748046875,25492.076171875,18896530
2025-12-29 16:15:00+00:00,25489.73828125,25499.23046875,25475.3515625,25499.23046875,16565582
2025-12-29 16:30:00+00:00,25477.96484375,25503.580078125,25471.80859375,25488.591796875,16944038
2025-12-29 16:45:00+00:00,25485.03515625,25496.775390625,25478.625,25478.625,19582904
2025-12-29 17:00:00+00:00,25473.724609375,25492.341796875,25465.328125,25483.83203125,14258788
2025-12-29 17:15:00+00:00,25447.0703125,25478.24609375,25442.080078125,25473.44140625,13150248
2025-12-29 17:30:00+00:00,25466.427734375,25468.578125,25446.517578125,25447.05078125,14356554
2025-12-29 17:45:00+00:00,25489.275390625,25492.208984375,25465.005859375,25466.29296875,14747073
2025-12-29 18:00:00+00:00,25472.443359375,25488.314453125,25470.744140625,25488.314453125,13514297
2025-12-29 18:15:00+00:00,25490.078125,25497.37890625,25472.2265625,25472.84375,14125342
2025-12-29 18:30:00+00:00,25496.265625,25514.046875,25489.56640625,25489.892578125,14710023
2025-12-29 18:45:00+00:00,25482.994140625,25496.982421875,25480.029296875,25496.3984375,13071578
2025-12-29 19:00:00+00:00,25477.865234375,25485.5234375,25474.94921875,25484.421875,13955695
2025-12-29 19:15:00+00:00,25497.974609375,25499.498046875,25475.400390625,25477.869140625,13903968
2025-12-29 19:30:00+00:00,25519.54296875,25523.787109375,25498.333984375,25498.443359375,15037689
2025-12-29 19:45:00+00:00,25550.55078125,25557.640625,25520.431640625,25520.431640625,18439680
2025-12-29 20:00:00+00:00,25543.087890625,25548.84375,25536.197265625,25548.84375,15970406
2025-12-29 20:15:00+00:00,25535.3984375,25549.03515625,25535.3984375,25543.24609375,18195917
2025-12-29 20:30:00+00:00,25525.9296875,25542.455078125,25521.759765625,25535.232421875,22561148
2025-12-29 20:45:00+00:00,25528.130859375,25538.9375,25516.26171875,25525.392578125,51693221
2025-12-30 14:30:00+00:00,25480.857421875,25524.224609375,25475.267578125,25510.6796875,26918347
2025-12-30 14:45:00+00:00,25543.283203125,25556.923828125,25464.83984375,25479.880859375,36954569
2025-12-30 15:00:00+00:00,25486.470703125,25543.208984375,25478.267578125,25539.419921875,28715747
2025-12-30 15:15:00+00:00,25486.8671875,25508.11328125,25479.384765625,25488.6171875,23520675
2025-12-30 15:30:00+00:00,25483.0390625,25492.51953125,25474.57421875,25487.365234375,22260128
2025-12-30 15:45:00+00:00,25532.84765625,25538.80859375,25480.41796875,25482.908203125,20803484
2025-12-30 16:00:00+00:00,25542.234375,25548.8671875,25528.62109375,25532.21875,23389619
2025-12-30 16:15:00+00:00,25557.416015625,25577.09765625,25543.689453125,25545.03515625,22466930
2025-12-30 16:30:00+00:00,25524.822265625,25560.033203125,25521.333984375,25557.23046875,19443896
2025-12-30 16:45:00+00:00,25508.90625,25527.822265625,25508.5703125,25527.21875,13882895
2025-12-30 17:00:00+00:00,25501.345703125,25511.033203125,25499.517578125,25507.486328125,14579680
2025-12-30 17:15:00+00:00,25511.197265625,25512.27734375,25494.34765625,25500.85546875,15235363
2025-12-30 17:30:00+00:00,25513.2890625,25525.357421875,25507.8515625,25511.28125,12464340
2025-12-30 17:45:00+00:00,25517.255859375,25520.615234375,25502.2890625,25512.630859375,14661015
2025-12-30 18:00:00+00:00,25518.576171875,25521.798828125,25498.453125,25517.115234375,12808321
2025-12-30 18:15:00+00:00,25524.0078125,25525.2578125,25516.013671875,25518.833984375,11955486
2025-12-30 18:30:00+00:00,25515.701171875,25529.79296875,25508.060546875,25523.765625,12406006
2025-12-30 18:45:00+00:00,25519.720703125,25524.466796875,25513.04296875,25515.3828125,13043624
2025-12-30 19:00:00+00:00,25524.298828125,25524.298828125,25503.0078125,25519.30859375,14396839
2025-12-30 19:15:00+00:00,25522.39453125,25528.396484375,25517.791015625,25524.330078125,14219200
2025-12-30 19:30:00+00:00,25515.609375,25526.0859375,25512.361328125,25522.568359375,14039654
2025-12-30 19:45:00+00:00,25502.50390625,25515.349609375,25498.4296875,25515.21484375,16190523
2025-12-30 20:00:00+00:00,25483.93359375,25502.74609375,25476.365234375,25501.3515625,16612594
2025-12-30 20:15:00+00:00,25494.66015625,25506.14453125,25483.0546875,25483.87109375,17070487
2025-12-30 20:30:00+00:00,25497.17578125,25503.1796875,25491.63671875,25493.32421875,21404587
2025-12-30 20:45:00+00:00,25462.685546875,25497.447265625,25458.5703125,25497.1484375,55399455
2025-12-31 14:30:00+00:00,25408.779296875,25483.767578125,25407.919921875,25457.595703125,26074673
2025-12-31 14:45:00+00:00,25405.505859375,25426.107421875,25380.916015625,25416.97265625,28642649
2025-12-31 15:00:00+00:00,25397.857421875,25410.62109375,25382.998046875,25404.119140625,24508592
2025-12-31 15:15:00+00:00,25396.083984375,25405.0078125,25370.626953125,25399.982421875,20467908
2025-12-31 15:30:00+00:00,25385.97265625,25400.73828125,25375.9765625,25397.4453125,17966421
2025-12-31 15:45:00+00:00,25354.673828125,25384.7421875,25346.51953125,25384.736328125,16934497
2025-12-31 16:00:00+00:00,25362.37109375,25365.42578125,25354.56640625,25356.791015625,17233374
2025-12-31 16:15:00+00:00,25394.05078125,25394.05078125,25362.205078125,25362.205078125,14932277
2025-12-31 16:30:00+00:00,25375.13671875,25394.328125,25370.703125,25394.328125,14931228
2025-12-31 16:45:00+00:00,25401.298828125,25403.0859375,25370.884765625,25375.208984375,14028730
2025-12-31 17:00:00+00:00,25376.978515625,25401.798828125,25368.029296875,25401.798828125,13841070
2025-12-31 17:15:00+00:00,25385.154296875,25387.857421875,25376.1171875,25377.291015625,12421950
2025-12-31 17:30:00+00:00,25391.953125,25399.396484375,25384.083984375,25385.068359375,12059009
2025-12-31 17:45:00+00:00,25378.279296875,25392.66796875,25371.27734375,25392.1875,12528208
2025-12-31 18:00:00+00:00,25397.509765625,25397.509765625,25372.376953125,25378.5078125,12438758
2025-12-31 18:15:00+00:00,25398.556640625,25400.03515625,25382.43359375,25397.275390625,12592582
2025-12-31 18:30:00+00:00,25411.435546875,25419.1484375,25395.3671875,25398.734375,13460558
2025-12-31 18:45:00+00:00,25413.025390625,25424.220703125,25410.828125,25413.990234375,13622749
2025-12-31 19:00:00+00:00,25416.34375,25428.451171875,25412.55078125,25412.55078125,11997341
2025-12-31 19:15:00+00:00,25378.322265625,25416.412109375,25377.955078125,25416.412109375,13763577
2025-12-31 19:30:00+00:00,25349.490234375,25380.7109375,25338.046875,25378.544921875,18504931
2025-12-31 19:45:00+00:00,25337.2578125,25351.982421875,25334.85546875,25348.99609375,12652435
2025-12-31 20:00:00+00:00,25297.154296875,25338.876953125,25285.501953125,25338.876953125,19598856
2025-12-31 20:15:00+00:00,25277.439453125,25310.6875,25274.5859375,25297.099609375,18121951
2025-12-31 20:30:00+00:00,25304.57421875,25312.58984375,25272.484375,25276.47265625,21121611
2025-12-31 20:45:00+00:00,25257.5078125,25306.958984375,25244.857421875,25305.033203125,56683952
2026-01-02 14:30:00+00:00,25494.6796875,25544.095703125,25452.990234375,25526.392578125,52249873
2026-01-02 14:45:00+00:00,25532.373046875,25597.533203125,25500.525390625,25500.525390625,63639916
2026-01-02 15:00:00+00:00,25408.2421875,25577.640625,25404.078125,25536.080078125,56766263
2026-01-02 15:15:00+00:00,25298.0,25404.95703125,25272.19140625,25394.48046875,51432421
2026-01-02 15:30:00+00:00,25389.580078125,25404.462890625,25278.458984375,25291.328125,43613263
2026-01-02 15:45:00+00:00,25187.57421875,25395.701171875,25176.673828125,25389.3671875,42955515
2026-01-02 16:00:00+00:00,25187.806640625,25187.806640625,25114.759765625,25180.53515625,42337603
2026-01-02 16:15:00+00:00,25192.626953125,25215.9609375,25145.412109375,25193.0625,34071448
2026-01-02 16:30:00+00:00,25182.451171875,25232.248046875,25178.193359375,25189.015625,30259875
2026-01-02 16:45:00+00:00,25156.2109375,25188.451171875,25119.818359375,25177.8125,27010823
2026-01-02 17:00:00+00:00,25205.81640625,25211.439453125,25135.798828125,25153.177734375,23397908
2026-01-02 17:15:00+00:00,25198.7265625,25211.689453125,25179.8515625,25206.7421875,21239194
2026-01-02 17:30:00+00:00,25186.0390625,25212.47265625,25177.126953125,25199.970703125,22421678
2026-01-02 17:45:00+00:00,25136.94921875,25194.287109375,25131.71484375,25185.91796875,25656761
2026-01-02 18:00:00+00:00,25133.587890625,25165.82421875,25132.208984375,25138.615234375,19201761
2026-01-02 18:15:00+00:00,25148.025390625,25174.765625,25126.955078125,25133.388671875,21038339
2026-01-02 18:30:00+00:00,25152.34765625,25159.001953125,25135.32421875,25147.97265625,20004338
2026-01-02 18:45:00+00:00,25109.0,25164.173828125,25086.404296875,25155.109375,24581971
2026-01-02 19:00:00+00:00,25203.564453125,25205.806640625,25108.1640625,25110.890625,24036059
2026-01-02 19:15:00+00:00,25220.990234375,25225.794921875,25179.109375,25201.359375,22856253
2026-01-02 19:30:00+00:00,25247.693359375,25266.30859375,25221.380859375,25221.380859375,23658045
2026-01-02 19:45:00+00:00,25214.447265625,25255.076171875,25205.19921875,25248.435546875,24431574
2026-01-02 20:00:00+00:00,25236.546875,25247.025390625,25206.18359375,25213.421875,21405769
2026-01-02 20:15:00+00:00,25247.658203125,25260.89453125,25231.365234375,25236.052734375,24599562
2026-01-02 20:30:00+00:00,25208.78125,25251.150390625,25208.751953125,25245.986328125,30784569
2026-01-02 20:45:00+00:00,25204.828125,25216.748046875,25184.81640625,25207.900390625,68779850
2026-01-05 14:30:00+00:00,25421.54296875,25469.818359375,25357.994140625,25465.5078125,64140660
2026-01-05 14:45:00+00:00,25407.919921875,25444.3671875,25378.5703125,25427.82421875,63624502
2026-01-05 15:00:00+00:00,25455.005859375,25462.373046875,25387.8984375,25424.759765625,52521075
2026-01-05 15:15:00+00:00,25489.83203125,25497.638671875,25444.380859375,25458.14453125,46202974
2026-01-05 15:30:00+00:00,25454.56640625,25503.412109375,25454.56640625,25495.07421875,44592278
2026-01-05 15:45:00+00:00,25480.798828125,25483.900390625,25455.056640625,25455.056640625,33568707
2026-01-05 16:00:00+00:00,25492.353515625,25510.27734375,25467.111328125,25479.765625,41720816
2026-01-05 16:15:00+00:00,25500.966796875,25504.3828125,25485.279296875,25488.833984375,36149088
2026-01-05 16:30:00+00:00,25490.634765625,25510.6328125,25479.720703125,25499.166015625,33914475
2026-01-05 16:45:00+00:00,25474.54296875,25519.953125,25473.13671875,25490.869140625,31287199
2026-01-05 17:00:00+00:00,25483.626953125,25486.515625,25459.4296875,25474.46484375,37770325
2026-01-05 17:15:00+00:00,25443.63671875,25484.865234375,25432.365234375,25483.54296875,30248267
2026-01-05 17:30:00+00:00,25428.484375,25447.3984375,25423.423828125,25439.015625,25538749
2026-01-05 17:45:00+00:00,25440.146484375,25448.375,25428.25,25428.8984375,25612428
2026-01-05 18:00:00+00:00,25412.244140625,25447.109375,25406.177734375,25440.376953125,26717227
2026-01-05 18:15:00+00:00,25418.12109375,25419.5,25377.228515625,25412.5703125,24533169
2026-01-05 18:30:00+00:00,25431.501953125,25433.033203125,25405.515625,25419.060546875,20664003
2026-01-05 18:45:00+00:00,25428.453125,25438.501953125,25422.142578125,25432.28125,21819932
2026-01-05 19:00:00+00:00,25414.720703125,25432.962890625,25410.423828125,25429.1484375,26217659
2026-01-05 19:15:00+00:00,25403.013671875,25416.640625,25400.92578125,25415.138671875,23150102
2026-01-05 19:30:00+00:00,25378.224609375,25405.0,25367.552734375,25401.603515625,25435932
2026-01-05 19:45:00+00:00,25392.208984375,25401.77734375,25378.740234375,25378.791015625,22079906
2026-01-05 20:00:00+00:00,25413.517578125,25417.59375,25383.953125,25390.9609375,25985240
2026-01-05 20:15:00+00:00,25414.43359375,25418.45703125,25407.97265625,25414.958984375,29580908
2026-01-05 20:30:00+00:00,25415.240234375,25418.7265625,25406.462890625,25412.3984375,34761624
2026-01-05 20:45:00+00:00,25402.388671875,25426.109375,25382.302734375,25415.34375,68806152
2026-01-06 14:30:00+00:00,25450.9921875,25492.115234375,25431.001953125,25487.5859375,43542381
2026-01-06 14:45:00+00:00,25568.64453125,25577.53125,25501.65234375,25501.65234375,73514232
2026-01-06 15:00:00+00:00,25572.0703125,25587.048828125,25543.783203125,25569.775390625,56490277
2026-01-06 15:15:00+00:00,25585.869140625,25592.10546875,25549.890625,25568.576171875,43112229
2026-01-06 15:30:00+00:00,25552.9609375,25587.701171875,25549.197265625,25587.701171875,40389553
2026-01-06 15:45:00+00:00,25508.7265625,25547.322265625,25496.828125,25534.361328125,347389910
2026-01-06 16:00:00+00:00,25490.041015625,25505.30078125,25465.71484375,25505.30078125,779667682
2026-01-06 16:15:00+00:00,25497.5078125,25521.099609375,25483.84765625,25498.521484375,26253183
2026-01-06 16:30:00+00:00,25485.072265625,25513.197265625,25481.103515625,25491.953125,945813902
2026-01-06 16:45:00+00:00,25501.859375,25515.556640625,25482.763671875,25483.08203125,514505858
2026-01-06 17:00:00+00:00,25532.380859375,25534.265625,25492.669921875,25504.88671875,22517069
2026-01-06 17:15:00+00:00,25549.8984375,25560.564453125,25527.42578125,25532.83984375,572396054
2026-01-06 17:30:00+00:00,25579.6484375,25598.525390625,25549.82421875,25549.82421875,30989347
2026-01-06 17:45:00+00:00,25577.736328125,25585.642578125,25568.90234375,25585.482421875,16766798
2026-01-06 18:00:00+00:00,25579.583984375,25580.30859375,25564.87109375,25577.2734375,655847806
2026-01-06 18:15:00+00:00,25577.03125,25595.966796875,25576.06640625,25581.041015625,21386435
2026-01-06 18:30:00+00:00,25598.537109375,25599.005859375,25568.05078125,25579.1640625,25863575
2026-01-06 18:45:00+00:00,25620.1171875,25620.1171875,25597.904296875,25598.732421875,717444902
2026-01-06 19:00:00+00:00,25618.01171875,25623.546875,25609.0703125,25620.541015625,749895835
2026-01-06 19:15:00+00:00,25623.53515625,25626.462890625,25618.693359375,25621.501953125,774199902
2026-01-06 19:30:00+00:00,25629.951171875,25635.169921875,25624.42578125,25625.841796875,26396454
2026-01-06 19:45:00+00:00,25622.515625,25633.203125,25620.626953125,25629.42578125,8495759
2026-01-06 20:00:00+00:00,25628.048828125,25628.712890625,25617.97265625,25622.546875,854364936
2026-01-06 20:15:00+00:00,25624.552734375,25633.728515625,25624.552734375,25627.482421875,878258533
2026-01-06 20:30:00+00:00,25645.697265625,25647.462890625,25622.564453125,25623.5078125,928584021
2026-01-06 20:45:00+00:00,25644.853515625,25653.388671875,25638.6015625,25642.373046875,992699137
2026-01-07 14:30:00+00:00,25677.126953125,25685.1015625,25597.33984375,25629.2421875,54382809
2026-01-07 14:45:00+00:00,25672.8828125,25700.26171875,25666.34375,25678.91796875,68374710
2026-01-07 15:00:00+00:00,25679.388671875,25690.935546875,25635.8671875,25676.94921875,66175978
2026-01-07 15:15:00+00:00,25685.46484375,25693.537109375,25644.947265625,25681.0703125,61448751
2026-01-07 15:30:00+00:00,25676.2421875,25722.02734375,25641.529296875,25685.564453125,65563763
2026-01-07 15:45:00+00:00,25725.634765625,25729.603515625,25674.32421875,25675.5859375,44388957
2026-01-07 16:00:00+00:00,25741.1796875,25744.61328125,25725.759765625,25725.759765625,13061403
2026-01-07 16:15:00+00:00,25711.2265625,25746.36328125,25701.263671875,25741.275390625,497202641
2026-01-07 16:30:00+00:00,25760.693359375,25762.953125,25712.8984375,25716.67578125,31411627
2026-01-07 16:45:00+00:00,25784.8046875,25787.322265625,25758.478515625,25759.716796875,30042386
2026-01-07 17:00:00+00:00,25794.2578125,25805.994140625,25783.390625,25784.759765625,28896877
2026-01-07 17:15:00+00:00,25802.24609375,25806.005859375,25788.96484375,25794.365234375,31332674
2026-01-07 17:30:00+00:00,25809.95703125,25812.619140625,25793.923828125,25802.63671875,30783832
2026-01-07 17:45:00+00:00,25789.240234375,25810.892578125,25782.8203125,25809.630859375,23407447
2026-01-07 18:00:00+00:00,25781.65234375,25790.958984375,25769.7578125,25788.87890625,25191334
2026-01-07 18:15:00+00:00,25752.251953125,25781.283203125,25749.423828125,25781.283203125,22878525
2026-01-07 18:30:00+00:00,25789.361328125,25790.373046875,25753.169921875,25753.798828125,27010882
2026-01-07 18:45:00+00:00,25773.70703125,25796.73828125,25769.84765625,25788.19140625,27843611
2026-01-07 19:00:00+00:00,25736.25390625,25775.27734375,25723.53125,25773.33203125,27427435
2026-01-07 19:15:00+00:00,25721.138671875,25739.40234375,25713.140625,25737.384765625,25755973
2026-01-07 19:30:00+00:00,25735.744140625,25739.193359375,25716.037109375,25721.099609375,28037558
2026-01-07 19:45:00+00:00,25724.044921875,25737.68359375,25722.0625,25736.064453125,23093543
2026-01-07 20:00:00+00:00,25690.939453125,25732.28515625,25688.248046875,25724.201171875,28238040
2026-01-07 20:15:00+00:00,25679.673828125,25705.01953125,25674.822265625,25689.822265625,28878987
2026-01-07 20:30:00+00:00,25656.396484375,25680.365234375,25640.265625,25680.365234375,40641174
2026-01-07 20:45:00+00:00,25654.546875,25666.29296875,25641.013671875,25655.751953125,71153454
2026-01-08 14:30:00+00:00,25450.787109375,25608.658203125,25444.923828125,25608.259765625,47887262
2026-01-08 14:45:00+00:00,25435.09375,25497.58984375,25427.623046875,25451.119140625,62375127
2026-01-08 15:00:00+00:00,25506.69140625,25507.8671875,25401.37109375,25430.26171875,60097619
2026-01-08 15:15:00+00:00,25525.451171875,25536.4921875,25495.0078125,25504.046875,44625345
2026-01-08 15:30:00+00:00,25511.3125,25530.6328125,25452.484375,25522.43359375,48131502
2026-01-08 15:45:00+00:00,25507.919921875,25513.9921875,25442.35546875,25511.30859375,43795024
2026-01-08 16:00:00+00:00,25461.12890625,25508.591796875,25456.166015625,25508.591796875,34800965
2026-01-08 16:15:00+00:00,25450.939453125,25491.732421875,25445.291015625,25459.916015625,33465740
2026-01-08 16:30:00+00:00,25475.392578125,25475.9453125,25414.890625,25447.494140625,32649477
2026-01-08 16:45:00+00:00,25496.1328125,25499.583984375,25461.3984375,25475.12890625,29031870
2026-01-08 17:00:00+00:00,25476.3125,25497.0546875,25462.734375,25494.67578125,26291530
2026-01-08 17:15:00+00:00,25462.501953125,25503.6484375,25455.814453125,25475.529296875,25104975
2026-01-08 17:30:00+00:00,25497.72265625,25501.14453125,25462.77734375,25462.77734375,27382052
2026-01-08 17:45:00+00:00,25505.43359375,25526.248046875,25499.529296875,25499.529296875,21179746
2026-01-08 18:00:00+00:00,25451.353515625,25508.21484375,25449.435546875,25504.759765625,23571250
2026-01-08 18:15:00+00:00,25484.708984375,25491.171875,25448.12109375,25451.556640625,21949173
2026-01-08 18:30:00+00:00,25485.9453125,25490.74609375,25475.220703125,25485.53515625,20202750
2026-01-08 18:45:00+00:00,25458.05078125,25498.8203125,25453.16015625,25486.158203125,21508679
2026-01-08 19:00:00+00:00,25441.38671875,25480.359375,25441.193359375,25458.6328125,25028678
2026-01-08 19:15:00+00:00,25452.2578125,25468.3984375,25424.818359375,25440.8515625,23951482
2026-01-08 19:30:00+00:00,25446.197265625,25467.9765625,25439.7109375,25452.75,23184950
2026-01-08 19:45:00+00:00,25457.751953125,25468.3828125,25443.681640625,25446.19140625,23986965
2026-01-08 20:00:00+00:00,25477.57421875,25478.189453125,25451.95703125,25457.03515625,27299956
2026-01-08 20:15:00+00:00,25497.23828125,25504.021484375,25463.44921875,25478.0234375,27963432
2026-01-08 20:30:00+00:00,25500.998046875,25520.560546875,25489.93359375,25502.0,35722152
2026-01-08 20:45:00+00:00,25507.515625,25521.31640625,25494.626953125,25500.587890625,63838835
2026-01-09 14:30:00+00:00,25586.59375,25617.31640625,25492.369140625,25520.259765625,50442813
2026-01-09 14:45:00+00:00,25565.005859375,25594.40234375,25512.39453125,25592.3515625,70026687
2026-01-09 15:00:00+00:00,25576.599609375,25583.720703125,25455.97265625,25568.4609375,62311860
2026-01-09 15:15:00+00:00,25679.044921875,25683.3203125,25570.4453125,25578.796875,51850951
2026-01-09 15:30:00+00:00,25616.626953125,25698.97265625,25616.626953125,25681.140625,45485066
2026-01-09 15:45:00+00:00,25642.673828125,25642.673828125,25599.095703125,25611.232421875,39308393
2026-01-09 16:00:00+00:00,25718.63671875,25725.2265625,25648.078125,25648.078125,38925726
2026-01-09 16:15:00+00:00,25690.533203125,25719.900390625,25689.78515625,25719.435546875,31806049
2026-01-09 16:30:00+00:00,25696.046875,25701.466796875,25676.513671875,25686.970703125,31820507
2026-01-09 16:45:00+00:00,25734.8203125,25744.51953125,25695.486328125,25695.8828125,29676895
2026-01-09 17:00:00+00:00,25739.248046875,25750.189453125,25728.47265625,25736.783203125,26408977
2026-01-09 17:15:00+00:00,25739.05859375,25746.701171875,25715.541015625,25739.291015625,25858152
2026-01-09 17:30:00+00:00,25736.9609375,25750.00390625,25732.751953125,25738.615234375,33689423
2026-01-09 17:45:00+00:00,25753.513671875,25760.068359375,25734.3828125,25736.716796875,26887557
2026-01-09 18:00:00+00:00,25722.94140625,25751.9609375,25718.24609375,25751.9609375,26394442
2026-01-09 18:15:00+00:00,25735.951171875,25736.30078125,25713.080078125,25722.685546875,25048655
2026-01-09 18:30:00+00:00,25767.033203125,25783.4453125,25735.916015625,25735.916015625,22987775
2026-01-09 18:45:00+00:00,25788.990234375,25791.525390625,25764.1015625,25766.7265625,22072840
2026-01-09 19:00:00+00:00,25780.9140625,25787.5,25777.23046875,25787.5,24555251
2026-01-09 19:15:00+00:00,25786.69921875,25792.923828125,25781.130859375,25781.130859375,24900434
2026-01-09 19:30:00+00:00,25788.47265625,25790.068359375,25781.42578125,25786.177734375,22487905
2026-01-09 19:45:00+00:00,25780.951171875,25798.546875,25780.662109375,25788.70703125,25294695
2026-01-09 20:00:00+00:00,25794.212890625,25801.46875,25776.43359375,25779.736328125,27048055
2026-01-09 20:15:00+00:00,25794.8984375,25811.353515625,25792.736328125,25793.427734375,28839857
2026-01-09 20:30:00+00:00,25789.92578125,25799.583984375,25782.837890625,25794.501953125,35693538
2026-01-09 20:45:00+00:00,25762.583984375,25792.548828125,25762.583984375,25788.896484375,66616476
2026-01-12 14:30:00+00:00,25692.701171875,25722.140625,25609.27734375,25609.27734375,47687657
2026-01-12 14:45:00+00:00,25735.65625,25753.150390625,25674.4921875,25693.25,54840702
2026-01-12 15:00:00+00:00,25737.587890625,25741.5390625,25703.759765625,25734.51171875,44160016
2026-01-12 15:15:00+00:00,25755.828125,25765.8671875,25722.86328125,25739.416015625,45726955
2026-01-12 15:30:00+00:00,25723.111328125,25756.029296875,25711.94140625,25756.029296875,39544453
2026-01-12 15:45:00+00:00,25750.107421875,25753.22265625,25701.1953125,25719.982421875,31012093
2026-01-12 16:00:00+00:00,25775.72265625,25775.72265625,25738.138671875,25740.734375,30598880
2026-01-12 16:15:00+00:00,25771.1328125,25792.0859375,25764.53515625,25776.912109375,28807098
2026-01-12 16:30:00+00:00,25767.091796875,25781.630859375,25766.134765625,25771.5703125,26637969
2026-01-12 16:45:00+00:00,25792.353515625,25798.572265625,25756.66796875,25764.779296875,27762084
2026-01-12 17:00:00+00:00,25800.962890625,25805.857421875,25784.9296875,25792.4375,28080234
2026-01-12 17:15:00+00:00,25794.7734375,25804.111328125,25783.95703125,25800.91015625,27343616
2026-01-12 17:30:00+00:00,25788.111328125,25794.537109375,25772.380859375,25794.537109375,23643764
2026-01-12 17:45:00+00:00,25800.263671875,25804.166015625,25788.1484375,25788.1484375,20955781
2026-01-12 18:00:00+00:00,25816.341796875,25819.435546875,25798.9921875,25800.91015625,21263283
2026-01-12 18:15:00+00:00,25823.8125,25827.208984375,25808.306640625,25816.982421875,19068648
2026-01-12 18:30:00+00:00,25815.361328125,25825.6640625,25811.33984375,25824.791015625,20179966
2026-01-12 18:45:00+00:00,25809.44921875,25820.5078125,25806.244140625,25815.177734375,18800254
2026-01-12 19:00:00+00:00,25814.28515625,25815.71484375,25794.88671875,25809.48046875,20452145
2026-01-12 19:15:00+00:00,25829.595703125,25832.671875,25811.7421875,25813.822265625,20930009
2026-01-12 19:30:00+00:00,25837.912109375,25846.0,25829.32421875,25829.32421875,21710011
2026-01-12 19:45:00+00:00,25845.99609375,25846.765625,25837.166015625,25838.0390625,20008973
2026-01-12 20:00:00+00:00,25833.630859375,25849.521484375,25830.638671875,25844.982421875,26189635
2026-01-12 20:15:00+00:00,25824.154296875,25834.015625,25819.44921875,25834.015625,25769569
2026-01-12 20:30:00+00:00,25811.294921875,25826.763671875,25805.884765625,25820.806640625,31982133
2026-01-12 20:45:00+00:00,25786.953125,25820.341796875,25786.953125,25811.41796875,70232629
2026-01-13 14:30:00+00:00,25829.12109375,25873.177734375,25766.951171875,25772.060546875,51398883
2026-01-13 14:45:00+00:00,25791.0078125,25832.91796875,25780.482421875,25817.65625,59103634
2026-01-13 15:00:00+00:00,25745.310546875,25796.6171875,25735.87890625,25781.912109375,59478466
2026-01-13 15:15:00+00:00,25677.962890625,25747.330078125,25655.029296875,25747.330078125,50045829
2026-01-13 15:30:00+00:00,25671.576171875,25714.841796875,25663.89453125,25678.806640625,41814197
2026-01-13 15:45:00+00:00,25730.625,25738.35546875,25652.240234375,25670.640625,40746180
2026-01-13 16:00:00+00:00,25741.84375,25748.2890625,25722.173828125,25732.865234375,34139478
2026-01-13 16:15:00+00:00,25741.0625,25758.80078125,25700.98046875,25743.638671875,35856049
2026-01-13 16:30:00+00:00,25806.30078125,25813.26953125,25735.28515625,25737.490234375,34627537
2026-01-13 16:45:00+00:00,25841.982421875,25859.45703125,25805.865234375,25807.587890625,37638740
2026-01-13 17:00:00+00:00,25827.982421875,25850.80859375,25826.84765625,25842.998046875,30845116
2026-01-13 17:15:00+00:00,25801.779296875,25828.52734375,25780.8203125,25827.806640625,30604134
2026-01-13 17:30:00+00:00,25762.6015625,25811.251953125,25760.5703125,25804.2421875,26572515
2026-01-13 17:45:00+00:00,25712.794921875,25779.46484375,25697.91015625,25761.205078125,25835459
2026-01-13 18:00:00+00:00,25738.958984375,25738.958984375,25692.63671875,25713.01171875,27845873
2026-01-13 18:15:00+00:00,25713.318359375,25744.689453125,25705.58203125,25738.76171875,20505531
2026-01-13 18:30:00+00:00,25702.17578125,25736.328125,25700.1875,25713.638671875,22188215
2026-01-13 18:45:00+00:00,25676.744140625,25712.037109375,25671.3671875,25701.83984375,22109676
2026-01-13 19:00:00+00:00,25664.6328125,25686.787109375,25657.345703125,25676.103515625,25399820
2026-01-13 19:15:00+00:00,25701.306640625,25703.83203125,25663.94140625,25664.673828125,28286111
2026-01-13 19:30:00+00:00,25696.3671875,25706.796875,25688.484375,25700.345703125,23821835
2026-01-13 19:45:00+00:00,25702.240234375,25721.32421875,25682.982421875,25695.1015625,27094600
2026-01-13 20:00:00+00:00,25679.119140625,25701.703125,25675.37890625,25701.703125,32708672
2026-01-13 20:15:00+00:00,25664.470703125,25688.46875,25663.21484375,25678.76953125,32629154
2026-01-13 20:30:00+00:00,25678.798828125,25682.349609375,25642.46484375,25662.0078125,48738913
2026-01-13 20:45:00+00:00,25743.798828125,25743.798828125,25671.130859375,25677.642578125,81888328
2026-01-14 14:30:00+00:00,25469.232421875,25620.01953125,25466.435546875,25577.2109375,105416632
2026-01-14 14:45:00+00:00,25432.365234375,25507.212890625,25432.365234375,25471.84765625,64842971
2026-01-14 15:00:00+00:00,25511.029296875,25511.029296875,25377.01171875,25424.529296875,62464636
2026-01-14 15:15:00+00:00,25452.2578125,25520.92578125,25450.478515625,25515.693359375,49519396
2026-01-14 15:30:00+00:00,25399.89453125,25465.474609375,25393.626953125,25453.0078125,45888019
2026-01-14 15:45:00+00:00,25334.771484375,25407.34765625,25313.6796875,25400.501953125,44294261
2026-01-14 16:00:00+00:00,25340.314453125,25375.333984375,25332.109375,25335.740234375,32686811
2026-01-14 16:15:00+00:00,25417.033203125,25423.048828125,25334.1015625,25341.076171875,34254132
2026-01-14 16:30:00+00:00,25356.181640625,25427.029296875,25353.115234375,25413.2578125,36242511
2026-01-14 16:45:00+00:00,25302.35546875,25355.09765625,25284.8515625,25355.09765625,33766570
2026-01-14 17:00:00+00:00,25335.58984375,25342.361328125,25287.3671875,25295.115234375,27879878
2026-01-14 17:15:00+00:00,25332.734375,25337.685546875,25284.466796875,25332.33984375,26223027
2026-01-14 17:30:00+00:00,25320.0859375,25332.537109375,25287.951171875,25332.537109375,24088894
2026-01-14 17:45:00+00:00,25290.8984375,25346.896484375,25276.7890625,25320.791015625,23275386
2026-01-14 18:00:00+00:00,25329.265625,25330.1796875,25289.15625,25289.623046875,23746732
2026-01-14 18:15:00+00:00,25336.712890625,25336.712890625,25308.693359375,25328.55078125,29579605
2026-01-14 18:30:00+00:00,25301.943359375,25343.05859375,25266.306640625,25336.587890625,25929353
2026-01-14 18:45:00+00:00,25355.044921875,25360.66796875,25297.533203125,25302.9296875,24082566
2026-01-14 19:00:00+00:00,25338.87890625,25354.6484375,25328.890625,25354.6484375,26257122
2026-01-14 19:15:00+00:00,25351.544921875,25362.720703125,25335.580078125,25338.2890625,22975958
2026-01-14 19:30:00+00:00,25353.064453125,25366.455078125,25344.5859375,25352.453125,24475435
2026-01-14 19:45:00+00:00,25337.150390625,25369.1640625,25333.359375,25352.865234375,25696821
2026-01-14 20:00:00+00:00,25391.388671875,25426.01953125,25306.748046875,25339.076171875,40866963
2026-01-14 20:15:00+00:00,25398.712890625,25400.787109375,25360.80859375,25392.654296875,32448128
2026-01-14 20:30:00+00:00,25421.625,25468.67578125,25399.900390625,25399.900390625,43289389
2026-01-14 20:45:00+00:00,25469.87109375,25469.87109375,25401.455078125,25424.94921875,77672744
2026-01-15 14:30:00+00:00,25758.36328125,25766.359375,25695.52734375,25757.6015625,58406106
2026-01-15 14:45:00+00:00,25700.21875,25780.0703125,25681.3359375,25767.025390625,67749118
2026-01-15 15:00:00+00:00,25710.7734375,25721.17578125,25683.072265625,25695.30859375,57081995
2026-01-15 15:15:00+00:00,25696.89453125,25745.9609375,25686.791015625,25711.8125,49949507
2026-01-15 15:30:00+00:00,25692.51953125,25758.71875,25691.171875,25698.244140625,44845758
2026-01-15 15:45:00+00:00,25719.107421875,25719.775390625,25650.2890625,25690.8046875,42380148
2026-01-15 16:00:00+00:00,25729.2578125,25750.533203125,25715.771484375,25717.830078125,33199865
2026-01-15 16:15:00+00:00,25740.958984375,25760.494140625,25724.4921875,25729.1328125,28975070
2026-01-15 16:30:00+00:00,25748.880859375,25750.4921875,25721.658203125,25739.322265625,28548899
2026-01-15 16:45:00+00:00,25757.87109375,25769.44921875,25741.619140625,25749.404296875,30013459
2026-01-15 17:00:00+00:00,25744.48046875,25774.251953125,25744.34765625,25758.90234375,26473328
2026-01-15 17:15:00+00:00,25718.390625,25746.63671875,25717.98828125,25746.005859375,26345621
2026-01-15 17:30:00+00:00,25718.8671875,25723.810546875,25698.533203125,25718.73046875,22795637
2026-01-15 17:45:00+00:00,25691.740234375,25730.380859375,25689.87109375,25718.4453125,22675317
2026-01-15 18:00:00+00:00,25721.177734375,25733.484375,25689.87109375,25689.87109375,23029227
2026-01-15 18:15:00+00:00,25735.298828125,25735.298828125,25711.001953125,25720.873046875,21312362
2026-01-15 18:30:00+00:00,25731.990234375,25745.916015625,25725.921875,25734.30078125,26026995
2026-01-15 18:45:00+00:00,25724.0546875,25736.671875,25718.34765625,25732.5234375,22794770
2026-01-15 19:00:00+00:00,25674.8828125,25716.548828125,25663.673828125,25716.548828125,25707234
2026-01-15 19:15:00+00:00,25638.095703125,25681.10546875,25632.54296875,25674.337890625,24486061
2026-01-15 19:30:00+00:00,25626.763671875,25639.990234375,25594.46484375,25634.658203125,29325067
2026-01-15 19:45:00+00:00,25596.89453125,25631.171875,25586.048828125,25624.154296875,25571386
2026-01-15 20:00:00+00:00,25590.181640625,25605.9453125,25572.62109375,25592.775390625,28915448
2026-01-15 20:15:00+00:00,25556.083984375,25588.322265625,25533.134765625,25588.322265625,34587570
2026-01-15 20:30:00+00:00,25547.166015625,25562.138671875,25528.494140625,25556.064453125,38444427
2026-01-15 20:45:00+00:00,25545.123046875,25557.740234375,25520.408203125,25546.9921875,70610950
2026-01-16 14:30:00+00:00,25669.3828125,25732.34765625,25669.3828125,25704.6875,51312863
2026-01-16 14:45:00+00:00,25580.509765625,25684.30859375,25580.509765625,25671.607421875,62589275
2026-01-16 15:00:00+00:00,25568.275390625,25609.12890625,25561.939453125,25577.51953125,52348059
2026-01-16 15:15:00+00:00,25517.6328125,25576.310546875,25517.6328125,25568.431640625,42756466
2026-01-16 15:30:00+00:00,25472.212890625,25519.548828125,25445.458984375,25519.548828125,41055240
2026-01-16 15:45:00+00:00,25527.25390625,25528.2421875,25453.875,25470.263671875,33135945
2026-01-16 16:00:00+00:00,25534.015625,25549.03125,25510.63671875,25530.4765625,39076039
2026-01-16 16:15:00+00:00,25561.06640625,25563.333984375,25529.521484375,25535.0234375,31421998
2026-01-16 16:30:00+00:00,25581.892578125,25585.720703125,25562.962890625,25562.974609375,29543670
2026-01-16 16:45:00+00:00,25562.568359375,25595.5625,25537.9375,25581.591796875,31133610
2026-01-16 17:00:00+00:00,25554.994140625,25564.169921875,25547.96875,25557.7578125,27509273
2026-01-16 17:15:00+00:00,25548.14453125,25561.552734375,25543.51171875,25553.818359375,23779675
2026-01-16 17:30:00+00:00,25543.583984375,25556.216796875,25527.734375,25544.03515625,26852654
2026-01-16 17:45:00+00:00,25503.82421875,25543.5390625,25503.82421875,25543.5390625,26465205
2026-01-16 18:00:00+00:00,25537.677734375,25545.412109375,25505.638671875,25505.638671875,24470145
2026-01-16 18:15:00+00:00,25563.009765625,25572.4296875,25537.642578125,25537.642578125,21116644
2026-01-16 18:30:00+00:00,25562.216796875,25574.03515625,25556.111328125,25562.7421875,22042058
2026-01-16 18:45:00+00:00,25558.7421875,25569.115234375,25555.521484375,25562.373046875,19426181
2026-01-16 19:00:00+00:00,25540.8984375,25589.609375,25538.830078125,25558.22265625,25613185
2026-01-16 19:15:00+00:00,25528.57421875,25543.517578125,25520.478515625,25541.19140625,24522246
2026-01-16 19:30:00+00:00,25551.119140625,25564.626953125,25526.626953125,25526.76953125,24520214
2026-01-16 19:45:00+00:00,25562.5703125,25573.19921875,25552.71875,25553.3125,26242889
2026-01-16 20:00:00+00:00,25566.6953125,25569.66796875,25549.845703125,25560.330078125,29005846
2026-01-16 20:15:00+00:00,25557.4140625,25570.7265625,25555.42578125,25564.982421875,28459747
2026-01-16 20:30:00+00:00,25552.86328125,25566.236328125,25542.84375,25554.478515625,37342838
2026-01-16 20:45:00+00:00,25527.27734375,25556.642578125,25527.27734375,25550.951171875,78118549
2026-01-20 14:30:00+00:00,25189.412109375,25208.015625,25101.935546875,25165.744140625,84115847
2026-01-20 14:45:00+00:00,25185.234375,25218.783203125,25129.802734375,25168.404296875,81303176
2026-01-20 15:00:00+00:00,25140.703125,25187.240234375,25123.70703125,25164.88671875,66400906
2026-01-20 15:15:00+00:00,25214.732421875,25216.490234375,25117.31640625,25141.3984375,57409895
2026-01-20 15:30:00+00:00,25254.919921875,25254.919921875,25208.34375,25210.205078125,46879028
2026-01-20 15:45:00+00:00,25219.775390625,25219.775390625,25186.462890625,25186.462890625,0
2026-01-20 16:00:00+00:00,25256.87109375,25279.3125,25217.134765625,25220.115234375,535446774
2026-01-20 16:15:00+00:00,25258.1015625,25258.1015625,25194.9921875,25254.158203125,40908831
2026-01-20 16:30:00+00:00,25210.453125,25278.84375,25210.244140625,25256.453125,40381175
2026-01-20 16:45:00+00:00,25253.42578125,25263.3984375,25194.8984375,25214.650390625,36691747
2026-01-20 17:00:00+00:00,25217.12109375,25257.68359375,25204.955078125,25241.75390625,34017445
2026-01-20 17:15:00+00:00,25193.080078125,25223.318359375,25185.44921875,25218.126953125,30203630
2026-01-20 17:30:00+00:00,25149.69140625,25187.3828125,25149.69140625,25187.3828125,28785644
2026-01-20 17:45:00+00:00,25147.6328125,25154.09375,25114.740234375,25148.126953125,31676479
2026-01-20 18:00:00+00:00,25140.841796875,25163.140625,25132.65625,25145.123046875,31448308
2026-01-20 18:15:00+00:00,25104.66015625,25140.279296875,25102.162109375,25139.328125,24533610
2026-01-20 18:30:00+00:00,25066.248046875,25108.291015625,25060.767578125,25101.646484375,31487849
2026-01-20 18:45:00+00:00,25056.04296875,25074.341796875,25029.82421875,25065.83984375,29250159
2026-01-20 19:00:00+00:00,25048.921875,25077.072265625,25037.833984375,25060.322265625,31051158
2026-01-20 19:15:00+00:00,25015.54296875,25048.423828125,25007.48828125,25048.423828125,29417913
2026-01-20 19:30:00+00:00,25006.0546875,25033.556640625,24987.728515625,25016.380859375,36041104
2026-01-20 19:45:00+00:00,25024.66796875,25029.615234375,24999.998046875,25003.53125,30234174
2026-01-20 20:00:00+00:00,24983.46875,25024.2421875,24983.46875,25024.2421875,34459000
2026-01-20 20:15:00+00:00,24983.259765625,25015.6015625,24973.56640625,24979.529296875,46306000
2026-01-20 20:30:00+00:00,24977.251953125,24995.935546875,24960.1015625,24986.841796875,52973000
2026-01-20 20:45:00+00:00,24989.302734375,24995.75390625,24954.64453125,24977.078125,88744000
2026-01-21 14:30:00+00:00,25063.900390625,25078.9375,24996.69140625,25043.619140625,73264482
2026-01-21 14:45:00+00:00,25184.0390625,25194.5859375,25063.736328125,25071.330078125,79148774
2026-01-21 15:00:00+00:00,25185.66015625,25199.556640625,25159.228515625,25185.314453125,69192313
2026-01-21 15:15:00+00:00,25233.908203125,25239.7578125,25180.69140625,25190.232421875,59464497
2026-01-21 15:30:00+00:00,25310.431640625,25315.712890625,25234.078125,25234.078125,61629340
2026-01-21 15:45:00+00:00,25325.51953125,25343.30078125,25310.51953125,25310.51953125,53650343
2026-01-21 16:00:00+00:00,25311.578125,25343.74609375,25306.025390625,25327.353515625,46457414
2026-01-21 16:15:00+00:00,25315.28515625,25328.572265625,25300.94140625,25309.7578125,46230716
2026-01-21 16:30:00+00:00,25151.671875,25311.982421875,25151.671875,25311.982421875,49880751
2026-01-21 16:45:00+00:00,25091.14453125,25165.099609375,25084.9296875,25144.40234375,45307607
2026-01-21 17:00:00+00:00,25015.69921875,25116.734375,25007.287109375,25088.796875,40135399
2026-01-21 17:15:00+00:00,25069.193359375,25087.650390625,25005.828125,25017.94140625,35871878
2026-01-21 17:30:00+00:00,25044.298828125,25073.13671875,25036.546875,25067.908203125,30744944
2026-01-21 17:45:00+00:00,25108.9609375,25117.552734375,25035.578125,25040.98046875,32253342
2026-01-21 18:00:00+00:00,25090.525390625,25107.873046875,25015.25390625,25106.146484375,34394621
2026-01-21 18:15:00+00:00,25092.806640625,25097.955078125,25049.029296875,25091.486328125,26220254
2026-01-21 18:30:00+00:00,25087.5859375,25111.869140625,25068.994140625,25094.1171875,16974645
2026-01-21 18:45:00+00:00,25140.818359375,25147.708984375,25103.607421875,25103.607421875,34766955
2026-01-21 19:00:00+00:00,25104.765625,25149.705078125,25095.7421875,25141.58984375,29933159
2026-01-21 19:15:00+00:00,25289.560546875,25304.7578125,25094.31640625,25101.28515625,40471372
2026-01-21 19:30:00+00:00,25411.080078125,25422.228515625,25283.3828125,25299.439453125,64296000
2026-01-21 19:45:00+00:00,25487.8203125,25489.1875,25411.466796875,25411.466796875,62438000
2026-01-21 20:00:00+00:00,25441.654296875,25498.623046875,25426.529296875,25494.794921875,44356000
2026-01-21 20:15:00+00:00,25342.5625,25444.46484375,25342.5625,25443.400390625,49746000
2026-01-21 20:30:00+00:00,25339.85546875,25367.8671875,25308.283203125,25336.01171875,53174000
2026-01-21 20:45:00+00:00,25323.029296875,25345.744140625,25301.796875,25338.03125,89140000
2026-01-22 14:30:00+00:00,25500.4921875,25558.37890625,25475.6484375,25542.07421875,62804866
2026-01-22 14:45:00+00:00,25437.6328125,25508.404296875,25418.396484375,25502.537109375,71191570
2026-01-22 15:00:00+00:00,25414.2734375,25433.388671875,25400.673828125,25423.94921875,55753928
2026-01-22 15:15:00+00:00,25454.53125,25466.982421875,25402.841796875,25415.71484375,47174592
2026-01-22 15:30:00+00:00,25502.306640625,25504.931640625,25436.40234375,25453.26171875,45277316
2026-01-22 15:45:00+00:00,25464.982421875,25515.359375,25464.75,25500.6171875,38676409
2026-01-22 16:00:00+00:00,25512.849609375,25515.134765625,25464.658203125,25464.658203125,35380676
2026-01-22 16:15:00+00:00,25528.484375,25541.91015625,25501.59375,25514.9296875,33638725
2026-01-22 16:30:00+00:00,25535.65625,25544.4375,25519.2578125,25528.740234375,28795661
2026-01-22 16:45:00+00:00,25525.033203125,25552.59375,25522.005859375,25537.59765625,28087137
2026-01-22 17:00:00+00:00,25541.5625,25548.126953125,25512.326171875,25523.853515625,28088309
2026-01-22 17:15:00+00:00,25535.013671875,25545.80078125,25515.447265625,25542.970703125,26462808
2026-01-22 17:30:00+00:00,25555.693359375,25564.048828125,25536.685546875,25537.17578125,25666930
2026-01-22 17:45:00+00:00,25569.806640625,25576.26953125,25555.724609375,25555.724609375,24904364
2026-01-22 18:00:00+00:00,25551.81640625,25575.8671875,25550.029296875,25568.828125,31362203
2026-01-22 18:15:00+00:00,25557.103515625,25563.861328125,25542.70703125,25551.662109375,24606286
2026-01-22 18:30:00+00:00,25550.474609375,25564.5546875,25548.87890625,25555.646484375,25305576
2026-01-22 18:45:00+00:00,25530.955078125,25564.193359375,25525.31640625,25551.8515625,23613269
2026-01-22 19:00:00+00:00,25560.07421875,25567.072265625,25530.203125,25530.203125,26672984
2026-01-22 19:15:00+00:00,25565.123046875,25569.60546875,25551.8125,25559.48046875,23219237
2026-01-22 19:30:00+00:00,25533.361328125,25567.94921875,25530.4375,25564.9140625,29025344
2026-01-22 19:45:00+00:00,25498.48828125,25536.060546875,25495.59375,25531.1640625,26119553
2026-01-22 20:00:00+00:00,25504.69140625,25509.55078125,25491.98046875,25492.8203125,31639713
2026-01-22 20:15:00+00:00,25468.208984375,25520.015625,25468.208984375,25505.83203125,35113708
2026-01-22 20:30:00+00:00,25474.7421875,25476.23828125,25445.94921875,25464.3984375,42280127
2026-01-22 20:45:00+00:00,25517.490234375,25517.6796875,25472.611328125,25472.611328125,78869761
2026-01-23 14:30:00+00:00,25489.34375,25524.72265625,25435.125,25501.884765625,69083291
2026-01-23 14:45:00+00:00,25530.017578125,25530.017578125,25450.314453125,25494.56640625,80054050
2026-01-23 15:00:00+00:00,25558.07421875,25582.310546875,25533.392578125,25533.392578125,65952748
2026-01-23 15:15:00+00:00,25617.24609375,25626.505859375,25546.982421875,25562.5703125,58859035
2026-01-23 15:30:00+00:00,25642.779296875,25649.974609375,25614.34765625,25615.298828125,48534440
2026-01-23 15:45:00+00:00,25690.484375,25690.53515625,25638.146484375,25644.884765625,46827819
2026-01-23 16:00:00+00:00,25688.353515625,25709.7421875,25669.783203125,25691.828125,42880491
2026-01-23 16:15:00+00:00,25657.892578125,25692.15625,25647.310546875,25687.55859375,36343199
2026-01-23 16:30:00+00:00,25676.2421875,25685.02734375,25629.228515625,25657.142578125,38130934
2026-01-23 16:45:00+00:00,25656.064453125,25687.966796875,25650.46875,25672.595703125,37299975
2026-01-23 17:00:00+00:00,25667.42578125,25667.42578125,25633.17578125,25653.20703125,32285615
2026-01-23 17:15:00+00:00,25663.44140625,25670.119140625,25645.833984375,25668.30078125,26381181
2026-01-23 17:30:00+00:00,25594.380859375,25663.125,25591.3671875,25662.5703125,27152419
2026-01-23 17:45:00+00:00,25561.25390625,25603.27734375,25553.876953125,25594.24609375,32303516
2026-01-23 18:00:00+00:00,25598.576171875,25619.986328125,25559.509765625,25559.509765625,33892809
2026-01-23 18:15:00+00:00,25620.251953125,25629.623046875,25596.7578125,25598.109375,28000419
2026-01-23 18:30:00+00:00,25599.05078125,25627.431640625,25597.513671875,25621.955078125,26343603
2026-01-23 18:45:00+00:00,25594.6484375,25604.62890625,25584.96484375,25595.291015625,24871301
2026-01-23 19:00:00+00:00,25614.939453125,25631.6171875,25594.48046875,25594.556640625,26832437
2026-01-23 19:15:00+00:00,25613.171875,25638.63671875,25612.18359375,25612.99609375,24031500
2026-01-23 19:30:00+00:00,25612.330078125,25624.37109375,25588.96875,25611.9609375,26678124
2026-01-23 19:45:00+00:00,25613.794921875,25618.7578125,25600.41796875,25612.138671875,22110562
2026-01-23 20:00:00+00:00,25592.3125,25616.482421875,25562.55859375,25616.482421875,28319952
2026-01-23 20:15:00+00:00,25578.0625,25607.7421875,25578.0625,25591.447265625,32954516
2026-01-23 20:30:00+00:00,25598.158203125,25598.158203125,25564.345703125,25578.03515625,41578000
2026-01-23 20:45:00+00:00,25601.705078125,25619.681640625,25582.443359375,25599.013671875,78100000
2026-01-26 14:30:00+00:00,25687.775390625,25697.931640625,25581.513671875,25617.671875,57414780
2026-01-26 14:45:00+00:00,25704.0546875,25719.337890625,25675.630859375,25695.015625,59835514
2026-01-26 15:00:00+00:00,25707.912109375,25714.88671875,25674.2578125,25700.98046875,49832509
2026-01-26 15:15:00+00:00,25711.810546875,25750.154296875,25700.318359375,25709.19921875,46284409
2026-01-26 15:30:00+00:00,25708.5390625,25743.36328125,25703.306640625,25714.087890625,39456302
2026-01-26 15:45:00+00:00,25749.986328125,25763.82421875,25710.1015625,25710.1015625,36133023
2026-01-26 16:00:00+00:00,25754.892578125,25759.953125,25739.05859375,25742.923828125,43616735
2026-01-26 16:15:00+00:00,25770.919921875,25772.0,25722.14453125,25754.505859375,31566290
2026-01-26 16:30:00+00:00,25765.6953125,25790.58203125,25763.71484375,25773.923828125,28306942
2026-01-26 16:45:00+00:00,25772.140625,25777.3046875,25756.642578125,25765.755859375,25949422
2026-01-26 17:00:00+00:00,25781.556640625,25796.447265625,25770.728515625,25770.728515625,22978165
2026-01-26 17:15:00+00:00,25781.740234375,25793.869140625,25775.228515625,25781.052734375,20842020
2026-01-26 17:30:00+00:00,25777.447265625,25781.41015625,25767.615234375,25780.423828125,22064966
2026-01-26 17:45:00+00:00,25759.251953125,25776.84375,25751.611328125,25776.84375,21257159
2026-01-26 18:00:00+00:00,25749.03515625,25763.173828125,25743.521484375,25758.646484375,21785218
2026-01-26 18:15:00+00:00,25775.197265625,25780.044921875,25745.24609375,25748.021484375,16084415
2026-01-26 18:30:00+00:00,25765.955078125,25795.138671875,25763.25390625,25774.2578125,21228997
2026-01-26 18:45:00+00:00,25768.650390625,25772.486328125,25756.392578125,25766.029296875,20571249
2026-01-26 19:00:00+00:00,25776.859375,25780.75390625,25761.990234375,25767.23828125,21167111
2026-01-26 19:15:00+00:00,25769.091796875,25780.529296875,25755.328125,25776.607421875,20491120
2026-01-26 19:30:00+00:00,25773.189453125,25778.7578125,25760.23046875,25768.966796875,20300638
2026-01-26 19:45:00+00:00,25748.61328125,25775.0625,25748.6015625,25773.33203125,22376049
2026-01-26 20:00:00+00:00,25751.3515625,25757.6875,25743.638671875,25748.75,25261493
2026-01-26 20:15:00+00:00,25750.146484375,25752.875,25737.521484375,25751.845703125,26271423
2026-01-26 20:30:00+00:00,25755.72265625,25761.20703125,25747.66796875,25749.68359375,29589056
2026-01-26 20:45:00+00:00,25713.259765625,25762.14453125,25708.9609375,25754.361328125,71687447
2026-01-27 14:30:00+00:00,25830.50390625,25884.90625,25793.77734375,25847.814453125,50065940
2026-01-27 14:45:00+00:00,25919.37109375,25924.826171875,25837.107421875,25837.107421875,55613352
2026-01-27 15:00:00+00:00,25928.171875,25940.24609375,25896.47265625,25923.27734375,54338798
2026-01-27 15:15:00+00:00,25916.896484375,25941.9453125,25908.609375,25928.248046875,42364786
2026-01-27 15:30:00+00:00,25958.154296875,25961.05078125,25914.25,25914.25,36383432
2026-01-27 15:45:00+00:00,25946.849609375,25963.7578125,25935.302734375,25958.322265625,35587715
2026-01-27 16:00:00+00:00,25966.05078125,25967.458984375,25940.634765625,25946.64453125,33336042
2026-01-27 16:15:00+00:00,25958.08203125,25971.634765625,25956.93359375,25966.072265625,30219036
2026-01-27 16:30:00+00:00,25960.595703125,25967.3359375,25956.02734375,25960.828125,24738469
2026-01-27 16:45:00+00:00,25949.236328125,25961.072265625,25946.80078125,25960.94140625,23791527
2026-01-27 17:00:00+00:00,25940.59765625,25950.603515625,25936.171875,25948.94140625,25279675
2026-01-27 17:15:00+00:00,25953.16796875,25955.888671875,25921.623046875,25938.900390625,23673319
2026-01-27 17:30:00+00:00,25945.15625,25957.8046875,25941.2109375,25952.619140625,21452107
2026-01-27 17:45:00+00:00,25930.765625,25945.3515625,25927.25390625,25944.861328125,22962505
2026-01-27 18:00:00+00:00,25937.94140625,25939.998046875,25911.66015625,25931.111328125,24847004
2026-01-27 18:15:00+00:00,25946.88671875,25955.296875,25937.201171875,25937.86328125,21402889
2026-01-27 18:30:00+00:00,25952.193359375,25961.126953125,25946.826171875,25947.2578125,21110184
2026-01-27 18:45:00+00:00,25959.31640625,25964.146484375,25951.03125,25951.4296875,20115883
2026-01-27 19:00:00+00:00,25954.58203125,25956.81640625,25943.388671875,25956.427734375,25254881
2026-01-27 19:15:00+00:00,25961.056640625,25963.287109375,25954.115234375,25954.115234375,23756124
2026-01-27 19:30:00+00:00,25956.384765625,25966.240234375,25948.91796875,25962.9375,23573477
2026-01-27 19:45:00+00:00,25961.296875,25966.40234375,25947.541015625,25956.611328125,24009845
2026-01-27 20:00:00+00:00,25976.591796875,25978.43359375,25953.060546875,25959.169921875,27990051
2026-01-27 20:15:00+00:00,25965.939453125,25982.59375,25962.947265625,25977.02734375,30222038
2026-01-27 20:30:00+00:00,25960.505859375,25966.109375,25954.4765625,25964.26953125,37606440
2026-01-27 20:45:00+00:00,25940.65234375,25967.841796875,25937.587890625,25959.9609375,72205777
2026-01-28 14:30:00+00:00,26154.775390625,26155.490234375,26090.7109375,26117.318359375,62659375
2026-01-28 14:45:00+00:00,26122.6171875,26163.1015625,26104.796875,26159.990234375,64907097
2026-01-28 15:00:00+00:00,26088.068359375,26132.25,26087.9453125,26125.431640625,53522786
2026-01-28 15:15:00+00:00,26092.9140625,26121.595703125,26084.201171875,26084.201171875,42848584
2026-01-28 15:30:00+00:00,26056.279296875,26104.810546875,26056.279296875,26094.388671875,42149460
2026-01-28 15:45:00+00:00,26034.611328125,26062.728515625,26031.681640625,26056.4296875,37883564
2026-01-28 16:00:00+00:00,26057.259765625,26068.9296875,26033.4609375,26033.4609375,34799614
2026-01-28 16:15:00+00:00,26053.88671875,26058.744140625,26024.14453125,26056.388671875,32013267
2026-01-28 16:30:00+00:00,25992.0078125,26052.294921875,25992.0078125,26052.294921875,34179169
2026-01-28 16:45:00+00:00,25989.083984375,26004.263671875,25975.53515625,25991.490234375,36062200
2026-01-28 17:00:00+00:00,26022.998046875,26024.80078125,25986.146484375,25986.146484375,27820565
2026-01-28 17:15:00+00:00,25998.921875,26033.046875,25990.4609375,26022.8125,26332682
2026-01-28 17:30:00+00:00,26004.951171875,26009.453125,25983.103515625,25997.94140625,26618535
2026-01-28 17:45:00+00:00,26013.884765625,26034.8984375,25993.49609375,26003.8984375,23910332
2026-01-28 18:00:00+00:00,26030.845703125,26031.02734375,25997.15625,26011.5546875,25992963
2026-01-28 18:15:00+00:00,26032.3125,26042.623046875,26025.05078125,26031.345703125,18485226
2026-01-28 18:30:00+00:00,26028.37890625,26037.736328125,26018.732421875,26033.470703125,21485539
2026-01-28 18:45:00+00:00,26040.029296875,26049.345703125,26021.171875,26028.017578125,23961313
2026-01-28 19:00:00+00:00,26015.408203125,26062.337890625,25993.6640625,26034.1484375,29825321
2026-01-28 19:15:00+00:00,25992.6328125,26041.078125,25992.6328125,26015.0234375,26377436
2026-01-28 19:30:00+00:00,26020.7578125,26048.548828125,25986.609375,25988.09765625,48960702
2026-01-28 19:45:00+00:00,26031.919921875,26077.880859375,26018.94140625,26020.451171875,31231609
2026-01-28 20:00:00+00:00,26067.0234375,26082.140625,26028.90625,26029.548828125,33767264
2026-01-28 20:15:00+00:00,26044.962890625,26077.69921875,26044.962890625,26063.826171875,32864345
2026-01-28 20:30:00+00:00,26027.490234375,26051.486328125,26023.162109375,26044.35546875,39967196
2026-01-28 20:45:00+00:00,26018.7421875,26056.666015625,26009.205078125,26026.80078125,82429390
2026-01-29 14:30:00+00:00,25843.75390625,26045.703125,25830.806640625,26024.32421875,73827647
2026-01-29 14:45:00+00:00,25735.71875,25881.951171875,25735.71875,25821.44921875,84370802
2026-01-29 15:00:00+00:00,25603.583984375,25733.9609375,25603.583984375,25733.9609375,86545937
2026-01-29 15:15:00+00:00,25615.80859375,25694.298828125,25604.732421875,25604.732421875,62226172
2026-01-29 15:30:00+00:00,25497.564453125,25625.294921875,25492.20703125,25612.283203125,63544673
2026-01-29 15:45:00+00:00,25458.015625,25517.416015625,25421.416015625,25498.158203125,64532427
2026-01-29 16:00:00+00:00,25539.66796875,25541.134765625,25422.255859375,25452.05078125,53723946
2026-01-29 16:15:00+00:00,25569.328125,25590.79296875,25538.46875,25543.10546875,51326938
2026-01-29 16:30:00+00:00,25589.009765625,25608.98046875,25552.89453125,25567.8046875,39093471
2026-01-29 16:45:00+00:00,25590.4140625,25617.142578125,25569.791015625,25590.916015625,34982411
2026-01-29 17:00:00+00:00,25679.05859375,25684.53515625,25593.208984375,25593.568359375,32245062
2026-01-29 17:15:00+00:00,25718.427734375,25727.2109375,25673.447265625,25681.20703125,38240141
2026-01-29 17:30:00+00:00,25716.642578125,25755.92578125,25696.6484375,25717.392578125,32734006
2026-01-29 17:45:00+00:00,25635.421875,25714.873046875,25633.12890625,25714.3046875,30442421
2026-01-29 18:00:00+00:00,25733.419921875,25738.22265625,25642.787109375,25645.05859375,30897771
2026-01-29 18:15:00+00:00,25727.951171875,25733.857421875,25697.771484375,25733.857421875,28197400
2026-01-29 18:30:00+00:00,25748.759765625,25766.29296875,25701.62109375,25724.638671875,28990700
2026-01-29 18:45:00+00:00,25720.056640625,25756.71484375,25720.056640625,25748.6796875,27542384
2026-01-29 19:00:00+00:00,25756.939453125,25761.0390625,25705.509765625,25717.830078125,28257772
2026-01-29 19:15:00+00:00,25759.1640625,25776.20703125,25748.6640625,25757.822265625,24417544
2026-01-29 19:30:00+00:00,25735.2109375,25763.994140625,25725.513671875,25759.302734375,30882000
2026-01-29 19:45:00+00:00,25727.5703125,25747.8515625,25714.720703125,25735.744140625,26153000
2026-01-29 20:00:00+00:00,25745.66796875,25757.75,25722.734375,25729.22265625,34712000
2026-01-29 20:15:00+00:00,25730.134765625,25757.04296875,25730.134765625,25745.044921875,35717000
2026-01-29 20:30:00+00:00,25798.978515625,25802.189453125,25724.806640625,25729.404296875,52665000
2026-01-29 20:45:00+00:00,25878.1875,25895.599609375,25788.775390625,25798.150390625,90783000
2026-01-30 14:30:00+00:00,25764.6015625,25821.419921875,25712.1875,25742.658203125,100769245
2026-01-30 14:45:00+00:00,25713.82421875,25811.6015625,25697.646484375,25759.884765625,58434795
2026-01-30 15:00:00+00:00,25780.51953125,25804.83984375,25695.419921875,25726.84765625,57504978
2026-01-30 15:15:00+00:00,25681.283203125,25797.05859375,25681.283203125,25782.236328125,53561368
2026-01-30 15:30:00+00:00,25688.595703125,25688.595703125,25662.630859375,25667.78515625,16364623
2026-02-02 19:00:00+00:00,25821.705078125,25829.986328125,25817.55078125,25823.591796875,431060070
2026-02-02 19:15:00+00:00,25809.794921875,25825.259765625,25805.87890625,25820.009765625,26452229
2026-02-02 19:30:00+00:00,25790.9609375,25808.353515625,25782.00390625,25808.353515625,27127728
2026-02-02 19:45:00+00:00,25727.75390625,25798.169921875,25727.75390625,25791.1875,32108153
2026-02-02 20:00:00+00:00,25758.69921875,25784.849609375,25708.96875,25730.587890625,47359851
2026-02-02 20:15:00+00:00,25750.453125,25782.41015625,25748.353515625,25757.87109375,38015688
2026-02-02 20:30:00+00:00,25736.216796875,25753.751953125,25728.724609375,25748.291015625,44714971
2026-02-02 20:45:00+00:00,25737.904296875,25749.3203125,25719.59375,25734.58984375,79587388
2026-02-03 14:30:00+00:00,25643.232421875,25835.298828125,25620.591796875,25814.8828125,80941578
2026-02-03 14:45:00+00:00,25526.357421875,25700.072265625,25519.451171875,25650.41015625,88470908
2026-02-03 15:00:00+00:00,25444.82421875,25534.734375,25428.16015625,25524.3125,81630429
2026-02-03 15:15:00+00:00,25437.65234375,25491.673828125,25371.162109375,25449.05859375,72966910
2026-02-03 15:30:00+00:00,25423.888671875,25453.046875,25378.2578125,25442.798828125,60195178
2026-02-03 15:45:00+00:00,25510.451171875,25518.068359375,25395.970703125,25419.39453125,56740113
2026-02-03 16:00:00+00:00,25449.591796875,25504.421875,25430.83984375,25504.421875,53164727
2026-02-03 16:15:00+00:00,25390.88671875,25460.201171875,25390.787109375,25448.7734375,41428104
2026-02-03 16:30:00+00:00,25399.169921875,25424.376953125,25379.076171875,25389.359375,45587687
2026-02-03 16:45:00+00:00,25387.091796875,25416.267578125,25364.48046875,25398.96484375,37166183
2026-02-03 17:00:00+00:00,25313.830078125,25392.1953125,25298.220703125,25383.642578125,41661322
2026-02-03 17:15:00+00:00,25310.4375,25358.5625,25303.220703125,25311.423828125,45150264
2026-02-03 17:30:00+00:00,25249.458984375,25311.748046875,25240.591796875,25309.064453125,44708833
2026-02-03 17:45:00+00:00,25278.603515625,25316.73046875,25247.47265625,25247.47265625,44087195
2026-02-03 18:00:00+00:00,25225.375,25313.662109375,25221.103515625,25279.572265625,42576870
2026-02-03 18:15:00+00:00,25225.244140625,25258.001953125,25208.88671875,25226.529296875,36485432
2026-02-03 18:30:00+00:00,25185.419921875,25224.544921875,25178.908203125,25224.544921875,37386081
2026-02-03 18:45:00+00:00,25141.068359375,25186.765625,25141.068359375,25183.71484375,37493000
2026-02-03 19:00:00+00:00,25219.169921875,25219.169921875,25112.498046875,25137.73046875,46031000
2026-02-03 19:15:00+00:00,25187.091796875,25250.099609375,25177.158203125,25218.08984375,43785000
2026-02-03 19:30:00+00:00,25164.220703125,25211.93359375,25161.3359375,25188.798828125,43774000
2026-02-03 19:45:00+00:00,25213.810546875,25219.595703125,25131.27734375,25163.962890625,44698000
2026-02-03 20:00:00+00:00,25201.767578125,25218.021484375,25167.677734375,25209.482421875,36993000
2026-02-03 20:15:00+00:00,25226.330078125,25234.685546875,25181.857421875,25202.12109375,44368000
2026-02-03 20:30:00+00:00,25284.25,25313.05078125,25225.0390625,25225.0390625,55376000
2026-02-03 20:45:00+00:00,25343.71875,25347.380859375,25279.91796875,25285.96875,93006000
2026-02-04 14:30:00+00:00,25233.89453125,25272.587890625,25125.298828125,25247.599609375,129125376
2026-02-04 14:45:00+00:00,25090.5703125,25262.6484375,25083.73046875,25231.3359375,89912591
2026-02-04 15:00:00+00:00,25118.998046875,25148.130859375,25008.33984375,25066.90625,96800727
2026-02-04 15:15:00+00:00,25142.609375,25195.005859375,25083.150390625,25119.517578125,80636465
2026-02-04 15:30:00+00:00,25104.365234375,25162.623046875,25018.9375,25137.384765625,79438450
2026-02-04 15:45:00+00:00,25041.611328125,25110.3984375,25034.69140625,25100.4609375,55993085
2026-02-04 16:00:00+00:00,25013.82421875,25060.470703125,24949.1484375,25046.4140625,66108488
2026-02-04 16:15:00+00:00,25027.171875,25030.7421875,24942.76953125,25010.841796875,55631833
2026-02-04 16:30:00+00:00,24874.638671875,25023.951171875,24873.580078125,25022.154296875,49784013
2026-02-04 16:45:00+00:00,24933.125,24934.6953125,24829.9140625,24872.740234375,57409225
2026-02-04 17:00:00+00:00,24925.04296875,24949.46484375,24882.55859375,24925.08984375,42296769
2026-02-04 17:15:00+00:00,24784.033203125,24935.103515625,24777.05078125,24926.115234375,43920058
2026-02-04 17:30:00+00:00,24745.533203125,24831.318359375,24695.400390625,24778.732421875,57433846
2026-02-04 17:45:00+00:00,24773.3125,24780.625,24681.2734375,24741.990234375,51279460
2026-02-04 18:00:00+00:00,24750.263671875,24794.369140625,24722.927734375,24773.890625,44039315
2026-02-04 18:15:00+00:00,24842.8828125,24845.607421875,24726.626953125,24749.8984375,39178000
2026-02-04 18:30:00+00:00,24792.193359375,24841.560546875,24754.9453125,24841.560546875,38534000
2026-02-04 18:45:00+00:00,24819.283203125,24853.041015625,24736.431640625,24790.556640625,39808000
2026-02-04 19:00:00+00:00,24805.755859375,24837.70703125,24766.466796875,24824.953125,38877000
2026-02-04 19:15:00+00:00,24857.4375,24861.171875,24793.34375,24805.5390625,40178000
2026-02-04 19:30:00+00:00,24923.435546875,24941.693359375,24859.353515625,24859.353515625,42340000
2026-02-04 19:45:00+00:00,25008.0703125,25015.162109375,24913.677734375,24921.568359375,53546000
2026-02-04 20:00:00+00:00,24943.8359375,25013.1796875,24921.79296875,25012.1796875,49427000
2026-02-04 20:15:00+00:00,24957.96875,24986.265625,24931.552734375,24944.376953125,49554000
2026-02-04 20:30:00+00:00,24966.259765625,24996.42578125,24941.9140625,24961.8515625,51869000
2026-02-04 20:45:00+00:00,24891.271484375,24986.009765625,24879.5,24963.029296875,95074000
2026-02-05 14:30:00+00:00,24820.486328125,24829.591796875,24553.892578125,24615.291015625,89891397
2026-02-05 14:45:00+00:00,24668.408203125,24848.052734375,24660.91015625,24808.333984375,103008539
2026-02-05 15:00:00+00:00,24462.70703125,24681.796875,24462.70703125,24681.796875,94947841
2026-02-05 15:15:00+00:00,24482.5390625,24558.408203125,24455.4609375,24464.39453125,80701300
2026-02-05 15:30:00+00:00,24580.30078125,24597.712890625,24459.890625,24481.1015625,70700627
2026-02-05 15:45:00+00:00,24523.845703125,24585.01953125,24475.87890625,24580.326171875,53298229
2026-02-05 16:00:00+00:00,24467.009765625,24549.734375,24464.076171875,24533.57421875,50356171
2026-02-05 16:15:00+00:00,24674.572265625,24682.646484375,24458.26953125,24458.26953125,57066163
2026-02-05 16:30:00+00:00,24681.462890625,24719.97265625,24670.310546875,24686.34375,52677836
2026-02-05 16:45:00+00:00,24727.763671875,24755.595703125,24636.896484375,24684.74609375,42580141
2026-02-05 17:00:00+00:00,24678.283203125,24729.970703125,24644.15625,24726.509765625,34436791
2026-02-05 17:15:00+00:00,24741.6484375,24760.283203125,24630.224609375,24677.3359375,36505654
2026-02-05 17:30:00+00:00,24748.109375,24771.55078125,24706.287109375,24741.115234375,32901728
2026-02-05 17:45:00+00:00,24685.626953125,24785.537109375,24676.3046875,24752.015625,39527357
2026-02-05 18:00:00+00:00,24675.998046875,24729.900390625,24650.076171875,24686.009765625,45753237
2026-02-05 18:15:00+00:00,24634.541015625,24682.58203125,24615.9296875,24674.830078125,34075766
2026-02-05 18:30:00+00:00,24616.291015625,24668.8125,24597.96484375,24638.986328125,33844000
2026-02-05 18:45:00+00:00,24602.7890625,24623.33203125,24565.20703125,24613.439453125,34685000
2026-02-05 19:00:00+00:00,24702.966796875,24713.888671875,24588.482421875,24593.955078125,35625000
2026-02-05 19:15:00+00:00,24665.84765625,24735.580078125,24663.30859375,24702.25390625,39206000
2026-02-05 19:30:00+00:00,24600.50390625,24665.482421875,24587.486328125,24665.482421875,38027000
2026-02-05 19:45:00+00:00,24611.7734375,24613.529296875,24575.66796875,24600.80078125,37124000
2026-02-05 20:00:00+00:00,24650.03515625,24703.23046875,24597.537109375,24610.298828125,45390000
2026-02-05 20:15:00+00:00,24534.88671875,24647.556640625,24532.462890625,24647.556640625,48740000
2026-02-05 20:30:00+00:00,24516.583984375,24573.5859375,24506.6875,24538.337890625,56803000
2026-02-05 20:45:00+00:00,24556.0859375,24561.60546875,24471.556640625,24509.98046875,89367000
2026-02-06 14:30:00+00:00,24772.16796875,24836.55859375,24622.33203125,24652.13671875,138310032
2026-02-06 14:45:00+00:00,24763.966796875,24893.462890625,24763.453125,24836.296875,127264681
2026-02-06 15:00:00+00:00,24683.53515625,24774.904296875,24670.6875,24751.99609375,83567657
2026-02-06 15:15:00+00:00,24810.615234375,24818.6015625,24663.76953125,24687.212890625,70940811
2026-02-06 15:30:00+00:00,24835.451171875,24849.62109375,24777.634765625,24809.671875,55280255
2026-02-06 15:45:00+00:00,24804.134765625,24805.59765625,24780.0390625,24780.0390625,62179454
2026-02-06 16:00:00+00:00,24907.931640625,24910.98828125,24798.970703125,24805.984375,54341280
2026-02-06 16:15:00+00:00,24913.70703125,24941.03125,24892.181640625,24895.58203125,49986916
2026-02-06 16:30:00+00:00,24934.4296875,24960.228515625,24920.283203125,24922.51953125,52922760
2026-02-06 16:45:00+00:00,24912.18359375,24948.849609375,24892.40234375,24935.021484375,45430577
2026-02-06 17:00:00+00:00,24951.98828125,24966.53125,24900.736328125,24906.462890625,44565471
2026-02-06 17:15:00+00:00,24979.9921875,24984.12109375,24938.396484375,24951.59765625,40519696
2026-02-06 17:30:00+00:00,24981.060546875,25008.380859375,24952.37890625,24980.07421875,46182062
2026-02-06 17:45:00+00:00,25002.982421875,25016.171875,24981.515625,24981.548828125,36693230
2026-02-06 18:00:00+00:00,25017.96484375,25034.330078125,25003.5078125,25003.5078125,22161321
2026-02-06 18:15:00+00:00,25000.94140625,25025.361328125,24987.732421875,25005.87890625,1028212000
2026-02-06 18:30:00+00:00,25007.568359375,25016.021484375,24994.25390625,25001.16796875,29810000
2026-02-06 18:45:00+00:00,24996.255859375,25018.732421875,24995.3046875,25007.046875,29102000
2026-02-06 19:00:00+00:00,24989.73046875,25010.822265625,24989.080078125,24996.609375,32225000
2026-02-06 19:15:00+00:00,25016.693359375,25016.693359375,24978.583984375,24987.908203125,30270000
2026-02-06 19:30:00+00:00,24988.494140625,25016.27734375,24988.35546875,25008.716796875,32557000
2026-02-06 19:45:00+00:00,24980.62109375,25014.349609375,24980.62109375,24988.728515625,34848000
2026-02-06 20:00:00+00:00,25007.5078125,25014.83984375,24967.8125,24979.5078125,39991000
2026-02-06 20:15:00+00:00,25019.73046875,25037.021484375,25008.3984375,25008.3984375,46047000
2026-02-06 20:30:00+00:00,25059.84765625,25059.84765625,25013.38671875,25019.787109375,53231000
2026-02-06 20:45:00+00:00,25072.828125,25131.099609375,25060.697265625,25060.697265625,101991000
2026-02-09 14:30:00+00:00,25061.8359375,25062.3828125,24876.279296875,24952.36328125,74468258
2026-02-09 14:45:00+00:00,25029.923828125,25098.591796875,25014.01953125,25071.974609375,94197923
2026-02-09 15:00:00+00:00,25126.580078125,25126.580078125,25023.15625,25023.982421875,66371719
2026-02-09 15:15:00+00:00,25098.55078125,25165.7421875,25086.611328125,25128.09765625,53729874
2026-02-09 15:30:00+00:00,25176.97265625,25184.341796875,25106.162109375,25106.162109375,46834192
2026-02-09 15:45:00+00:00,25225.09375,25240.017578125,25174.58984375,25177.796875,43765984
2026-02-09 16:00:00+00:00,25242.109375,25245.15234375,25221.904296875,25225.6015625,40861683
2026-02-09 16:15:00+00:00,25267.681640625,25267.681640625,25228.314453125,25245.279296875,35630617
2026-02-09 16:30:00+00:00,25278.236328125,25278.337890625,25253.84375,25266.513671875,35470641
2026-02-09 16:45:00+00:00,25301.7890625,25317.486328125,25279.421875,25279.421875,37451349
2026-02-09 17:00:00+00:00,25324.07421875,25329.677734375,25296.125,25302.0390625,38782805
2026-02-09 17:15:00+00:00,25294.25390625,25328.44921875,25291.80859375,25321.625,37345453
2026-02-09 17:30:00+00:00,25290.619140625,25310.052734375,25286.419921875,25296.416015625,26012093
2026-02-09 17:45:00+00:00,25268.23046875,25298.255859375,25266.716796875,25291.779296875,25835699
2026-02-09 18:00:00+00:00,25282.7265625,25291.67578125,25260.361328125,25266.81640625,25385683
2026-02-09 18:15:00+00:00,25255.412109375,25291.162109375,25233.826171875,25283.048828125,30616295
2026-02-09 18:30:00+00:00,25294.908203125,25297.728515625,25247.5234375,25256.46484375,24234922
2026-02-09 18:45:00+00:00,25282.634765625,25300.99609375,25276.2578125,25294.79296875,26221598
2026-02-09 19:00:00+00:00,25307.947265625,25307.96875,25278.82421875,25282.328125,29693939
2026-02-09 19:15:00+00:00,25329.89453125,25333.0390625,25305.486328125,25308.228515625,25929137
2026-02-09 19:30:00+00:00,25327.35546875,25337.54296875,25325.740234375,25330.125,24402882
2026-02-09 19:45:00+00:00,25309.947265625,25331.306640625,25309.947265625,25327.244140625,26021306
2026-02-09 20:00:00+00:00,25314.5546875,25325.51953125,25305.2890625,25307.193359375,31057904
2026-02-09 20:15:00+00:00,25275.94140625,25313.896484375,25270.74609375,25313.548828125,39004358
2026-02-09 20:30:00+00:00,25279.640625,25288.576171875,25250.068359375,25271.93359375,42923000
2026-02-09 20:45:00+00:00,25262.845703125,25302.357421875,25262.03515625,25279.0234375,77505000
2026-02-10 14:30:00+00:00,25227.41015625,25322.310546875,25185.494140625,25302.79296875,109729126
2026-02-10 14:45:00+00:00,25310.763671875,25321.21875,25177.673828125,25223.048828125,71907449
2026-02-10 15:00:00+00:00,25303.38671875,25363.125,25282.533203125,25310.505859375,62548979
2026-02-10 15:15:00+00:00,25318.8515625,25340.517578125,25283.916015625,25302.80078125,47286449
2026-02-10 15:30:00+00:00,25324.369140625,25351.0,25302.654296875,25314.216796875,43036136
2026-02-10 15:45:00+00:00,25292.51171875,25341.7890625,25266.884765625,25327.52734375,45052027
2026-02-10 16:00:00+00:00,25290.619140625,25307.8203125,25269.611328125,25291.423828125,39370037
2026-02-10 16:15:00+00:00,25265.88671875,25306.892578125,25251.67578125,25287.080078125,41229710
2026-02-10 16:30:00+00:00,25245.513671875,25272.1953125,25242.322265625,25255.314453125,44002481
2026-02-10 16:45:00+00:00,25239.966796875,25277.68359375,25233.775390625,25247.599609375,33585822
2026-02-10 17:00:00+00:00,25276.228515625,25278.052734375,25224.73046875,25241.658203125,28230691
2026-02-10 17:15:00+00:00,25281.904296875,25298.908203125,25275.392578125,25276.453125,29502512
2026-02-10 17:30:00+00:00,25291.580078125,25296.447265625,25270.8046875,25281.166015625,24384239
2026-02-10 17:45:00+00:00,25294.8203125,25310.765625,25292.35546875,25292.35546875,25638142
2026-02-10 18:00:00+00:00,25262.591796875,25295.837890625,25260.984375,25295.837890625,23245038
2026-02-10 18:15:00+00:00,25208.8984375,25264.669921875,25208.693359375,25263.07421875,26889505
2026-02-10 18:30:00+00:00,25213.642578125,25221.37890625,25191.296875,25210.298828125,25195846
2026-02-10 18:45:00+00:00,25230.47265625,25235.734375,25193.861328125,25213.45703125,23153467
2026-02-10 19:00:00+00:00,25216.9296875,25237.140625,25202.4453125,25232.34375,23066004
2026-02-10 19:15:00+00:00,25214.203125,25218.224609375,25194.369140625,25215.748046875,21770304
2026-02-10 19:30:00+00:00,25197.189453125,25226.921875,25193.41796875,25215.427734375,28722593
2026-02-10 19:45:00+00:00,25208.1015625,25218.857421875,25194.27734375,25198.376953125,24113899
2026-02-10 20:00:00+00:00,25166.60546875,25210.310546875,25163.544921875,25203.630859375,31133061
2026-02-10 20:15:00+00:00,25169.548828125,25189.044921875,25160.265625,25167.0234375,34355098
2026-02-10 20:30:00+00:00,25162.865234375,25184.390625,25148.09765625,25168.107421875,42281750
2026-02-10 20:45:00+00:00,25121.166015625,25177.990234375,25114.21875,25165.61328125,81033759
2026-02-11 14:30:00+00:00,25307.615234375,25381.80859375,25258.2734375,25333.798828125,114967755
2026-02-11 14:45:00+00:00,25221.203125,25342.96484375,25209.05859375,25302.224609375,76461360
2026-02-11 15:00:00+00:00,25109.958984375,25251.34765625,25063.220703125,25226.607421875,69131145
2026-02-11 15:15:00+00:00,25003.337890625,25104.306640625,24982.298828125,25095.673828125,71509224
2026-02-11 15:30:00+00:00,25106.208984375,25109.1328125,24995.478515625,24995.478515625,55792406
2026-02-11 15:45:00+00:00,25162.10546875,25184.419921875,25057.302734375,25099.435546875,52722356
2026-02-11 16:00:00+00:00,25173.689453125,25175.998046875,25108.212890625,25167.16015625,44489317
2026-02-11 16:15:00+00:00,25117.771484375,25190.677734375,25116.20703125,25176.310546875,40313282
2026-02-11 16:30:00+00:00,25147.291015625,25169.625,25101.32421875,25112.318359375,39323619
2026-02-11 16:45:00+00:00,25101.0078125,25154.791015625,25100.04296875,25145.767578125,32724392
2026-02-11 17:00:00+00:00,25131.337890625,25140.76953125,25064.80078125,25088.314453125,35249767
2026-02-11 17:15:00+00:00,25203.576171875,25209.38671875,25122.888671875,25132.728515625,34874050
2026-02-11 17:30:00+00:00,25220.6953125,25223.505859375,25183.662109375,25203.6171875,28870138
2026-02-11 17:45:00+00:00,25181.087890625,25236.400390625,25176.56640625,25220.3515625,30711459
2026-02-11 18:00:00+00:00,25130.908203125,25191.3203125,25126.642578125,25180.40234375,28085478
2026-02-11 18:15:00+00:00,25193.677734375,25196.16015625,25123.52734375,25128.8671875,27478008
2026-02-11 18:30:00+00:00,25186.6328125,25201.248046875,25175.640625,25196.943359375,26458792
2026-02-11 18:45:00+00:00,25218.84765625,25229.896484375,25175.91796875,25187.6875,29699971
2026-02-11 19:00:00+00:00,25232.51171875,25239.173828125,25186.751953125,25218.65234375,30983488
2026-02-11 19:15:00+00:00,25265.197265625,25273.498046875,25236.138671875,25236.3515625,28325324
2026-02-11 19:30:00+00:00,25254.759765625,25271.251953125,25245.587890625,25265.388671875,26021016
2026-02-11 19:45:00+00:00,25225.783203125,25258.125,25204.091796875,25257.802734375,35839820
2026-02-11 20:00:00+00:00,25225.404296875,25235.947265625,25216.203125,25221.8359375,29862890
2026-02-11 20:15:00+00:00,25202.232421875,25237.208984375,25202.232421875,25225.517578125,41509000
2026-02-11 20:30:00+00:00,25221.509765625,25234.955078125,25191.9453125,25198.056640625,44483000
2026-02-11 20:45:00+00:00,25194.892578125,25237.130859375,25194.892578125,25221.537109375,83244000
2026-02-12 14:30:00+00:00,25232.404296875,25308.0546875,25228.41796875,25272.291015625,61770861
2026-02-12 14:45:00+00:00,25119.744140625,25236.947265625,25109.205078125,25232.26171875,79286283
2026-02-12 15:00:00+00:00,25148.517578125,25165.8828125,25092.6484375,25119.912109375,68103756
2026-02-12 15:15:00+00:00,25154.5546875,25176.0,25119.607421875,25151.509765625,50608873
2026-02-12 15:30:00+00:00,25002.994140625,25169.5390625,25002.994140625,25156.3046875,62185624
2026-02-12 15:45:00+00:00,24932.62109375,25036.923828125,24930.751953125,25003.904296875,64524786
2026-02-12 16:00:00+00:00,24862.6796875,24946.837890625,24854.87109375,24935.671875,62551882
2026-02-12 16:15:00+00:00,24737.904296875,24863.498046875,24734.0703125,24859.359375,67064569
2026-02-12 16:30:00+00:00,24800.53125,24838.953125,24734.23046875,24737.640625,63664883
2026-02-12 16:45:00+00:00,24802.052734375,24818.55859375,24770.421875,24800.552734375,47058608
2026-02-12 17:00:00+00:00,24778.75390625,24821.35546875,24761.560546875,24790.216796875,41955700
2026-02-12 17:15:00+00:00,24795.4375,24844.09765625,24761.310546875,24779.41015625,38016903
2026-02-12 17:30:00+00:00,24820.9375,24859.12109375,24789.5703125,24795.13671875,36914787
2026-02-12 17:45:00+00:00,24748.13671875,24833.90234375,24746.099609375,24821.833984375,34632977
2026-02-12 18:00:00+00:00,24777.388671875,24797.919921875,24728.552734375,24747.234375,38769900
2026-02-12 18:15:00+00:00,24763.328125,24779.693359375,24732.28515625,24777.572265625,35276654
2026-02-12 18:30:00+00:00,24830.103515625,24830.796875,24748.47265625,24760.224609375,36673877
2026-02-12 18:45:00+00:00,24826.466796875,24848.25,24802.333984375,24827.12890625,33623361
2026-02-12 19:00:00+00:00,24790.3515625,24838.380859375,24770.599609375,24824.501953125,32026949
2026-02-12 19:15:00+00:00,24792.08984375,24847.544921875,24789.0234375,24789.90625,32529000
2026-02-12 19:30:00+00:00,24836.9765625,24856.28515625,24795.365234375,24795.365234375,31918000
2026-02-12 19:45:00+00:00,24817.54296875,24861.4765625,24807.775390625,24838.052734375,37335000
2026-02-12 20:00:00+00:00,24791.875,24829.11328125,24765.48046875,24818.68359375,38915000
2026-02-12 20:15:00+00:00,24724.681640625,24792.1796875,24722.431640625,24792.1796875,39806000
2026-02-12 20:30:00+00:00,24722.55078125,24753.451171875,24706.546875,24723.208984375,52986000
2026-02-12 20:45:00+00:00,24693.134765625,24725.4453125,24643.91015625,24725.4453125,96930000
2026-02-13 14:30:00+00:00,24640.458984375,24731.16015625,24516.287109375,24684.380859375,64386267
2026-02-13 14:45:00+00:00,24626.921875,24773.693359375,24618.98828125,24665.791015625,81660624
2026-02-13 15:00:00+00:00,24696.634765625,24757.455078125,24642.056640625,24658.3203125,57318543
2026-02-13 15:15:00+00:00,24782.876953125,24795.5546875,24658.814453125,24695.41015625,49449129
2026-02-13 15:30:00+00:00,24702.73828125,24857.275390625,24702.73828125,24780.232421875,50720193
2026-02-13 15:45:00+00:00,24740.0234375,24773.166015625,24656.27734375,24709.990234375,46244490
2026-02-13 16:00:00+00:00,24754.361328125,24814.025390625,24734.26953125,24745.5625,38981288
2026-02-13 16:15:00+00:00,24770.0,24788.220703125,24698.658203125,24768.74609375,32733282
2026-02-13 16:30:00+00:00,24820.212890625,24820.212890625,24750.39453125,24779.396484375,33186313
2026-02-13 16:45:00+00:00,24826.265625,24860.72265625,24804.259765625,24822.6796875,28152396
2026-02-13 17:00:00+00:00,24881.990234375,24882.84765625,24814.76171875,24823.61328125,25482643
2026-02-13 17:15:00+00:00,24878.474609375,24896.23046875,24840.5625,24881.935546875,26473942
2026-02-13 17:30:00+00:00,24897.90234375,24919.48046875,24874.97265625,24877.037109375,23495145
2026-02-13 17:45:00+00:00,24867.552734375,24906.904296875,24865.4765625,24897.51171875,22572507
2026-02-13 18:00:00+00:00,24874.931640625,24885.78515625,24833.388671875,24867.607421875,25409191
2026-02-13 18:15:00+00:00,24877.185546875,24917.1171875,24865.2890625,24870.7265625,22054578
2026-02-13 18:30:00+00:00,24878.91796875,24921.322265625,24874.822265625,24877.97265625,25050502
2026-02-13 18:45:00+00:00,24871.87109375,24911.58984375,24858.017578125,24879.0078125,23226720
2026-02-13 19:00:00+00:00,24876.658203125,24891.96875,24853.7421875,24872.505859375,22961402
2026-02-13 19:15:00+00:00,24850.142578125,24895.580078125,24845.78515625,24876.658203125,19760424
2026-02-13 19:30:00+00:00,24835.490234375,24874.875,24823.685546875,24849.31640625,24677907
2026-02-13 19:45:00+00:00,24782.59765625,24860.578125,24780.4921875,24835.744140625,24944913
2026-02-13 20:00:00+00:00,24756.40625,24815.880859375,24756.40625,24788.18359375,28061690
2026-02-13 20:15:00+00:00,24694.94140625,24779.09375,24686.986328125,24754.568359375,36274376
2026-02-13 20:30:00+00:00,24681.541015625,24713.662109375,24665.94140625,24695.23828125,44926020
2026-02-13 20:45:00+00:00,24737.861328125,24737.861328125,24678.3515625,24678.3515625,77305648
2026-02-17 14:30:00+00:00,24629.72265625,24745.1328125,24548.431640625,24582.11328125,48665411
2026-02-17 14:45:00+00:00,24418.283203125,24635.68359375,24414.51171875,24626.97265625,71719692
2026-02-17 15:00:00+00:00,24437.509765625,24495.19140625,24410.26171875,24410.26171875,55883930
2026-02-17 15:15:00+00:00,24462.111328125,24568.078125,24434.642578125,24434.642578125,48745133
2026-02-17 15:30:00+00:00,24439.982421875,24467.1875,24388.52734375,24467.1875,42267171
2026-02-17 15:45:00+00:00,24530.70703125,24532.333984375,24439.451171875,24450.958984375,41767340
2026-02-17 16:00:00+00:00,24704.83203125,24715.68359375,24531.119140625,24540.591796875,44300386
2026-02-17 16:15:00+00:00,24660.236328125,24723.314453125,24658.748046875,24705.8984375,38060268
2026-02-17 16:30:00+00:00,24671.158203125,24706.482421875,24632.841796875,24661.05859375,34493448
2026-02-17 16:45:00+00:00,24695.380859375,24714.47265625,24660.0625,24672.806640625,25306503
2026-02-17 17:00:00+00:00,24636.654296875,24694.119140625,24623.861328125,24694.119140625,27114791
2026-02-17 17:15:00+00:00,24680.41015625,24680.41015625,24607.537109375,24636.0625,27032467
2026-02-17 17:30:00+00:00,24585.1953125,24687.228515625,24585.1953125,24682.890625,27459226
2026-02-17 17:45:00+00:00,24631.50390625,24632.595703125,24546.41796875,24578.61328125,28068069
2026-02-17 18:00:00+00:00,24610.85546875,24634.05859375,24586.193359375,24631.814453125,24755798
2026-02-17 18:15:00+00:00,24698.896484375,24712.279296875,24587.578125,24608.541015625,29007704
2026-02-17 18:30:00+00:00,24757.974609375,24779.189453125,24685.927734375,24699.3671875,27810009
2026-02-17 18:45:00+00:00,24776.56640625,24801.77734375,24749.0,24758.4921875,25857135
2026-02-17 19:00:00+00:00,24782.921875,24791.7265625,24764.4375,24776.73046875,23996664
2026-02-17 19:15:00+00:00,24766.748046875,24794.58984375,24766.447265625,24782.640625,23620320
2026-02-17 19:30:00+00:00,24807.09375,24818.201171875,24763.935546875,24770.033203125,25646892
2026-02-17 19:45:00+00:00,24745.892578125,24806.70703125,24743.951171875,24806.70703125,25570777
2026-02-17 20:00:00+00:00,24744.07421875,24772.07421875,24729.650390625,24747.875,24248069
2026-02-17 20:15:00+00:00,24706.0234375,24750.40625,24702.9765625,24744.59375,28548397
2026-02-17 20:30:00+00:00,24716.66796875,24725.279296875,24672.173828125,24702.08203125,37133088
2026-02-17 20:45:00+00:00,24709.6484375,24717.033203125,24674.23046875,24715.388671875,71311098
2026-02-18 14:30:00+00:00,24787.224609375,24802.876953125,24700.373046875,24718.736328125,48726532
2026-02-18 14:45:00+00:00,24870.552734375,24887.291015625,24736.4453125,24788.10546875,62673127
2026-02-18 15:00:00+00:00,24972.52734375,24976.0390625,24871.978515625,24877.40625,56327885
2026-02-18 15:15:00+00:00,24989.083984375,25002.2421875,24969.1328125,24974.513671875,49045831
2026-02-18 15:30:00+00:00,24996.77734375,25006.6328125,24955.75,24988.26171875,41961132
2026-02-18 15:45:00+00:00,25020.822265625,25030.216796875,24989.783203125,24996.849609375,35390122
2026-02-18 16:00:00+00:00,25028.84375,25045.658203125,25015.998046875,25021.04296875,33632516
2026-02-18 16:15:00+00:00,25024.87109375,25040.626953125,25012.6796875,25028.435546875,27547391
2026-02-18 16:30:00+00:00,25038.908203125,25047.490234375,25021.65625,25025.76171875,26849615
2026-02-18 16:45:00+00:00,24999.845703125,25040.39453125,24994.05859375,25037.37890625,25796806
2026-02-18 17:00:00+00:00,25017.78125,25055.630859375,24994.1484375,24996.947265625,26010616
2026-02-18 17:15:00+00:00,25022.552734375,25044.6484375,25014.57421875,25018.474609375,20335069
2026-02-18 17:30:00+00:00,25010.93359375,25032.25390625,25003.45703125,25021.70703125,18614864
2026-02-18 17:45:00+00:00,25027.798828125,25044.041015625,25008.96484375,25011.080078125,19932798
2026-02-18 18:00:00+00:00,25015.3359375,25057.10546875,25011.8359375,25028.2421875,21697835
2026-02-18 18:15:00+00:00,24994.68359375,25023.4375,24986.248046875,25014.64453125,21081216
2026-02-18 18:30:00+00:00,24961.580078125,25004.158203125,24946.55859375,24996.876953125,22393269
2026-02-18 18:45:00+00:00,24960.32421875,24977.599609375,24918.45703125,24961.501953125,23899684
2026-02-18 19:00:00+00:00,24944.76953125,24964.44921875,24941.951171875,24957.515625,22716334
2026-02-18 19:15:00+00:00,24925.078125,24954.48046875,24922.513671875,24944.080078125,23716819
2026-02-18 19:30:00+00:00,24861.15234375,24930.578125,24852.115234375,24930.244140625,28929330
2026-02-18 19:45:00+00:00,24816.361328125,24883.05859375,24801.365234375,24858.6953125,28790966
2026-02-18 20:00:00+00:00,24810.869140625,24854.056640625,24803.830078125,24818.671875,31251032
2026-02-18 20:15:00+00:00,24812.703125,24824.787109375,24791.869140625,24812.3046875,28951351
2026-02-18 20:30:00+00:00,24877.611328125,24883.396484375,24809.16796875,24809.16796875,36739357
2026-02-18 20:45:00+00:00,24891.728515625,24931.9375,24873.90625,24878.642578125,74729444
2026-02-19 14:30:00+00:00,24783.556640625,24808.474609375,24711.697265625,24765.115234375,41176049
2026-02-19 14:45:00+00:00,24815.115234375,24854.822265625,24718.259765625,24777.08984375,51562955
2026-02-19 15:00:00+00:00,24811.609375,24882.216796875,24792.568359375,24808.6953125,42585695
2026-02-19 15:15:00+00:00,24797.828125,24861.041015625,24794.841796875,24816.310546875,38008673
2026-02-19 15:30:00+00:00,24855.677734375,24873.26953125,24789.689453125,24789.689453125,33256316
2026-02-19 15:45:00+00:00,24854.50390625,24861.9140625,24802.966796875,24854.25,32731972
2026-02-19 16:00:00+00:00,24836.201171875,24865.271484375,24791.541015625,24855.416015625,30683695
2026-02-19 16:15:00+00:00,24813.849609375,24888.95703125,24813.181640625,24842.27734375,31407031
2026-02-19 16:30:00+00:00,24780.619140625,24850.76953125,24780.619140625,24814.626953125,26892150
2026-02-19 16:45:00+00:00,24783.49609375,24803.08984375,24742.33984375,24781.490234375,27480183
2026-02-19 17:00:00+00:00,24779.576171875,24782.259765625,24749.6484375,24781.234375,22238398
2026-02-19 17:15:00+00:00,24796.04296875,24835.30859375,24766.505859375,24779.767578125,21712327
2026-02-19 17:30:00+00:00,24780.048828125,24803.849609375,24775.72265625,24793.677734375,23812442
2026-02-19 17:45:00+00:00,24715.052734375,24779.009765625,24705.03125,24779.009765625,24992879
2026-02-19 18:00:00+00:00,24765.6796875,24768.685546875,24707.056640625,24714.2421875,20994620
2026-02-19 18:15:00+00:00,24724.169921875,24765.4453125,24692.115234375,24765.4453125,21336437
2026-02-19 18:30:00+00:00,24720.490234375,24736.435546875,24705.501953125,24725.291015625,18252172
2026-02-19 18:45:00+00:00,24776.517578125,24776.517578125,24719.73828125,24719.73828125,19466386
2026-02-19 19:00:00+00:00,24757.2421875,24779.470703125,24751.955078125,24776.935546875,19581943
2026-02-19 19:15:00+00:00,24741.30078125,24782.080078125,24735.13671875,24759.533203125,18288343
2026-02-19 19:30:00+00:00,24710.3828125,24755.6328125,24696.556640625,24740.4609375,24310346
2026-02-19 19:45:00+00:00,24719.943359375,24726.783203125,24691.1328125,24709.7265625,22547273
2026-02-19 20:00:00+00:00,24730.66796875,24754.05078125,24719.275390625,24719.275390625,24002999
2026-02-19 20:15:00+00:00,24723.169921875,24741.20703125,24714.69140625,24730.486328125,28490584
2026-02-19 20:30:00+00:00,24744.875,24749.42578125,24722.119140625,24722.119140625,32508299
2026-02-19 20:45:00+00:00,24795.70703125,24797.5,24741.4765625,24744.376953125,67564585
2026-02-20 14:30:00+00:00,24861.65625,24879.330078125,24639.236328125,24639.236328125,47467862
2026-02-20 14:45:00+00:00,24836.416015625,24894.224609375,24797.962890625,24864.2734375,57165499
2026-02-20 15:00:00+00:00,24874.453125,25008.755859375,24812.412109375,24839.48046875,85305902
2026-02-20 15:15:00+00:00,24912.142578125,24971.11328125,24808.107421875,24871.59765625,55334521
2026-02-20 15:30:00+00:00,24988.720703125,24990.734375,24857.802734375,24912.609375,46815743
2026-02-20 15:45:00+00:00,25061.044921875,25063.921875,24971.908203125,24999.423828125,48842588
2026-02-20 16:00:00+00:00,25016.505859375,25075.806640625,25016.462890625,25064.01953125,43593051
2026-02-20 16:15:00+00:00,24924.955078125,25024.384765625,24923.501953125,25022.7890625,39943655
2026-02-20 16:30:00+00:00,25033.02734375,25044.447265625,24914.712890625,24922.240234375,37079847
2026-02-20 16:45:00+00:00,25037.060546875,25066.71484375,25034.396484375,25034.396484375,29684071
2026-02-20 17:00:00+00:00,24929.185546875,25046.669921875,24927.962890625,25040.78515625,29979610
2026-02-20 17:15:00+00:00,24865.96875,24924.81640625,24830.955078125,24924.81640625,37141459
2026-02-20 17:30:00+00:00,24901.09765625,24908.537109375,24859.619140625,24865.169921875,31691456
2026-02-20 17:45:00+00:00,24975.208984375,24977.462890625,24896.169921875,24901.712890625,32435614
2026-02-20 18:00:00+00:00,24941.580078125,24983.091796875,24932.21484375,24974.3125,32591046
2026-02-20 18:15:00+00:00,24909.330078125,24941.6796875,24887.638671875,24941.6796875,32947618
2026-02-20 18:30:00+00:00,25010.9453125,25012.41796875,24880.83203125,24904.35546875,41834438
2026-02-20 18:45:00+00:00,25035.57421875,25057.916015625,24996.3046875,25010.744140625,32154828
2026-02-20 19:00:00+00:00,25001.0,25053.130859375,24999.603515625,25039.1328125,24871671
2026-02-20 19:15:00+00:00,24991.55859375,25021.462890625,24980.91796875,25001.802734375,23658973
2026-02-20 19:30:00+00:00,24979.439453125,25014.6171875,24977.943359375,24991.9140625,23588393
2026-02-20 19:45:00+00:00,24963.494140625,24999.3046875,24960.451171875,24979.98828125,24392812
2026-02-20 20:00:00+00:00,25006.36328125,25012.78515625,24958.90625,24963.015625,31133089
2026-02-20 20:15:00+00:00,24961.41796875,25007.267578125,24956.048828125,25006.689453125,28281342
2026-02-20 20:30:00+00:00,24998.1640625,24998.931640625,24960.38671875,24960.38671875,33770201
2026-02-20 20:45:00+00:00,25012.408203125,25012.408203125,24977.048828125,24998.015625,73390000
2026-02-23 14:30:00+00:00,24838.931640625,24977.080078125,24837.625,24952.923828125,55110431
2026-02-23 14:45:00+00:00,24859.78125,24905.009765625,24810.279296875,24819.408203125,62154897
2026-02-23 15:00:00+00:00,24818.8828125,24888.775390625,24789.326171875,24848.62890625,58228335
2026-02-23 15:15:00+00:00,24815.45703125,24866.99609375,24805.572265625,24820.49609375,45549622
2026-02-23 15:30:00+00:00,24773.34375,24838.630859375,24767.1484375,24815.458984375,41048672
2026-02-23 15:45:00+00:00,24689.408203125,24793.0078125,24688.8125,24772.77734375,41593929
2026-02-23 16:00:00+00:00,24628.16796875,24700.70703125,24619.44140625,24696.447265625,43065613
2026-02-23 16:15:00+00:00,24719.47265625,24719.47265625,24620.1640625,24630.845703125,40383571
2026-02-23 16:30:00+00:00,24712.78515625,24731.138671875,24699.23046875,24718.283203125,49572875
2026-02-23 16:45:00+00:00,24679.4140625,24712.65625,24675.9921875,24711.3515625,34378803
2026-02-23 17:00:00+00:00,24677.5234375,24703.50390625,24673.0078125,24679.123046875,27294860
2026-02-23 17:15:00+00:00,24689.763671875,24703.3828125,24677.4296875,24677.4296875,25926195
2026-02-23 17:30:00+00:00,24653.548828125,24690.333984375,24624.66015625,24689.5625,31373390
2026-02-23 17:45:00+00:00,24688.68359375,24698.859375,24644.05078125,24652.619140625,27730539
2026-02-23 18:00:00+00:00,24732.375,24732.775390625,24685.94921875,24689.279296875,26452900
2026-02-23 18:15:00+00:00,24753.203125,24762.771484375,24728.20703125,24730.98046875,26082754
2026-02-23 18:30:00+00:00,24728.1484375,24761.404296875,24725.111328125,24753.30078125,25554710
2026-02-23 18:45:00+00:00,24674.03515625,24744.369140625,24668.291015625,24728.708984375,24512441
2026-02-23 19:00:00+00:00,24690.50390625,24698.228515625,24670.296875,24675.376953125,26835548
2026-02-23 19:15:00+00:00,24659.853515625,24696.396484375,24657.982421875,24689.82421875,24982533
2026-02-23 19:30:00+00:00,24642.9921875,24674.216796875,24630.060546875,24661.095703125,25960966
2026-02-23 19:45:00+00:00,24633.845703125,24659.97265625,24630.43359375,24642.66796875,31186423
2026-02-23 20:00:00+00:00,24632.021484375,24649.828125,24627.728515625,24633.27734375,27915999
2026-02-23 20:15:00+00:00,24654.27734375,24656.9921875,24630.337890625,24632.896484375,32970893
2026-02-23 20:30:00+00:00,24673.947265625,24695.619140625,24657.697265625,24657.697265625,39193134
2026-02-23 20:45:00+00:00,24714.083984375,24714.083984375,24655.978515625,24672.306640625,73722229
2026-02-24 14:30:00+00:00,24848.26953125,24848.26953125,24648.44140625,24760.416015625,65765270
2026-02-24 14:45:00+00:00,24824.275390625,24903.666015625,24808.6015625,24853.29296875,70264577
2026-02-24 15:00:00+00:00,24813.083984375,24865.009765625,24773.25390625,24819.52734375,52442408
2026-02-24 15:15:00+00:00,24956.931640625,24956.931640625,24804.255859375,24812.0859375,49098239
2026-02-24 15:30:00+00:00,24965.134765625,24973.96484375,24936.958984375,24956.130859375,43340743
2026-02-24 15:45:00+00:00,24922.283203125,24960.08984375,24917.212890625,24960.08984375,42352573
2026-02-24 16:00:00+00:00,24979.689453125,24990.380859375,24923.162109375,24923.162109375,39395907
2026-02-24 16:15:00+00:00,24959.255859375,24985.32421875,24943.658203125,24979.294921875,36771167
2026-02-24 16:30:00+00:00,24934.375,24958.21875,24916.806640625,24958.21875,33907536
2026-02-24 16:45:00+00:00,24972.427734375,24982.1484375,24935.021484375,24935.021484375,29199723
2026-02-24 17:00:00+00:00,25004.3515625,25017.09375,24969.705078125,24973.37109375,30026402
2026-02-24 17:15:00+00:00,25004.025390625,25016.203125,24988.056640625,25004.3125,25623593
2026-02-24 17:30:00+00:00,24986.625,25013.1953125,24985.341796875,25002.69140625,23115583
2026-02-24 17:45:00+00:00,24992.36328125,25009.154296875,24980.662109375,24986.0390625,23561125
2026-02-24 18:00:00+00:00,24988.5625,25022.66796875,24986.271484375,24991.22265625,23050435
2026-02-24 18:15:00+00:00,24963.9921875,24989.53515625,24962.27734375,24987.8671875,21269457
2026-02-24 18:30:00+00:00,24982.267578125,24992.81640625,24959.962890625,24964.271484375,25034586
2026-02-24 18:45:00+00:00,24975.642578125,24986.646484375,24968.150390625,24983.037109375,27016945
2026-02-24 19:00:00+00:00,24958.845703125,24981.765625,24955.234375,24976.453125,26678540
2026-02-24 19:15:00+00:00,24949.2265625,24959.806640625,24937.771484375,24959.15625,26525076
2026-02-24 19:30:00+00:00,24966.720703125,24974.94921875,24947.2890625,24948.134765625,21215353
2026-02-24 19:45:00+00:00,24965.947265625,24989.85546875,24961.41796875,24966.583984375,26847632
2026-02-24 20:00:00+00:00,24950.263671875,24973.5234375,24948.572265625,24965.951171875,25957635
2026-02-24 20:15:00+00:00,24945.390625,24968.033203125,24944.625,24950.890625,31315758
2026-02-24 20:30:00+00:00,24975.14453125,24975.642578125,24943.796875,24945.974609375,53435166
2026-02-24 20:45:00+00:00,24976.3046875,25016.1484375,24972.3359375,24974.701171875,76368307
2026-02-25 14:30:00+00:00,25217.783203125,25224.052734375,25142.79296875,25142.79296875,56909611
2026-02-25 14:45:00+00:00,25295.388671875,25295.388671875,25219.392578125,25219.392578125,76297585
2026-02-25 15:00:00+00:00,25256.228515625,25301.150390625,25252.953125,25290.361328125,64224479
2026-02-25 15:15:00+00:00,25283.974609375,25286.29296875,25237.34765625,25255.67578125,47566681
2026-02-25 15:30:00+00:00,25250.544921875,25291.705078125,25239.21484375,25285.748046875,45191996
2026-02-25 15:45:00+00:00,25246.111328125,25262.28515625,25219.486328125,25248.958984375,40402729
2026-02-25 16:00:00+00:00,25245.17578125,25254.76171875,25235.15625,25246.109375,37411707
2026-02-25 16:15:00+00:00,25250.822265625,25254.04296875,25234.166015625,25246.484375,33078791
2026-02-25 16:30:00+00:00,25271.25390625,25276.841796875,25246.318359375,25250.49609375,36331976
2026-02-25 16:45:00+00:00,25267.19921875,25280.0390625,25265.5234375,25271.166015625,30072730
2026-02-25 17:00:00+00:00,25289.087890625,25290.46875,25264.328125,25267.11328125,34365087
2026-02-25 17:15:00+00:00,25269.994140625,25289.80859375,25269.3203125,25289.021484375,27662575
2026-02-25 17:30:00+00:00,25283.712890625,25287.81640625,25264.1796875,25269.896484375,26561645
2026-02-25 17:45:00+00:00,25303.794921875,25304.451171875,25281.744140625,25284.5859375,23787099
2026-02-25 18:00:00+00:00,25294.951171875,25305.69921875,25291.9453125,25304.751953125,26569300
2026-02-25 18:15:00+00:00,25287.931640625,25295.12890625,25286.849609375,25293.833984375,21398373
2026-02-25 18:30:00+00:00,25302.638671875,25304.43359375,25284.947265625,25287.9296875,22722208
2026-02-25 18:45:00+00:00,25302.4296875,25305.201171875,25298.87109375,25302.6484375,22157728
2026-02-25 19:00:00+00:00,25316.123046875,25323.373046875,25301.953125,25301.953125,29524996
2026-02-25 19:15:00+00:00,25320.224609375,25327.853515625,25314.5078125,25315.6484375,24880814
2026-02-25 19:30:00+00:00,25316.5078125,25328.02734375,25316.5078125,25319.947265625,28090130
2026-02-25 19:45:00+00:00,25318.498046875,25326.09375,25315.83203125,25316.837890625,27106501
2026-02-25 20:00:00+00:00,25321.73828125,25326.67578125,25313.9140625,25318.888671875,30935694
2026-02-25 20:15:00+00:00,25318.271484375,25325.587890625,25311.82421875,25321.54296875,38805103
2026-02-25 20:30:00+00:00,25325.234375,25330.70703125,25304.3984375,25312.580078125,42530119
2026-02-25 20:45:00+00:00,25331.44921875,25342.60546875,25321.8359375,25323.22265625,81980026
2026-02-26 14:30:00+00:00,25217.427734375,25287.619140625,25177.568359375,25287.619140625,67939342
2026-02-26 14:45:00+00:00,25154.126953125,25212.720703125,25144.55859375,25209.99609375,84538265
2026-02-26 15:00:00+00:00,25023.333984375,25160.345703125,25023.333984375,25158.818359375,74088887
2026-02-26 15:15:00+00:00,24892.962890625,25007.375,24848.212890625,25007.375,82020527
2026-02-26 15:30:00+00:00,24948.20703125,24954.9375,24823.810546875,24882.994140625,66406255
2026-02-26 15:45:00+00:00,24954.90234375,24980.236328125,24939.8125,24949.40234375,51331529
2026-02-26 16:00:00+00:00,24999.04296875,25001.16015625,24948.33984375,24957.626953125,55717015
2026-02-26 16:15:00+00:00,25015.9765625,25035.818359375,24989.2578125,25001.119140625,42974950
2026-02-26 16:30:00+00:00,24955.91796875,25021.5546875,24955.189453125,25015.31640625,36006250
2026-02-26 16:45:00+00:00,24915.607421875,24979.576171875,24911.447265625,24957.07421875,35497519
2026-02-26 17:00:00+00:00,24924.779296875,24961.486328125,24918.94140625,24918.94140625,32077862
2026-02-26 17:15:00+00:00,24923.556640625,24928.109375,24912.63671875,24922.5234375,29316629
2026-02-26 17:30:00+00:00,24899.703125,24958.091796875,24898.611328125,24920.845703125,29278752
2026-02-26 17:45:00+00:00,24893.81640625,24906.330078125,24872.224609375,24899.0390625,28039970
2026-02-26 18:00:00+00:00,24861.916015625,24893.7734375,24848.98046875,24892.015625,32719902
2026-02-26 18:15:00+00:00,24875.955078125,24890.2265625,24848.130859375,24861.041015625,27018352
2026-02-26 18:30:00+00:00,24957.07421875,24963.916015625,24866.7734375,24874.109375,29570464
2026-02-26 18:45:00+00:00,24955.0234375,24978.3828125,24935.115234375,24955.44921875,24409719
2026-02-26 19:00:00+00:00,25012.734375,25022.453125,24948.80078125,24954.115234375,29782393
2026-02-26 19:15:00+00:00,25001.58984375,25038.337890625,24996.88671875,25013.326171875,30141088
2026-02-26 19:30:00+00:00,25017.90234375,25029.638671875,24998.40625,25001.736328125,28484274
2026-02-26 19:45:00+00:00,25017.732421875,25051.208984375,25017.529296875,25017.80078125,29081705
2026-02-26 20:00:00+00:00,24991.798828125,25044.76171875,24991.29296875,25015.923828125,35361000
2026-02-26 20:15:00+00:00,24981.26953125,25005.31640625,24980.22265625,24988.5,35230000
2026-02-26 20:30:00+00:00,25019.724609375,25024.9375,24982.166015625,24982.166015625,46032000
2026-02-26 20:45:00+00:00,25035.546875,25035.546875,24996.26953125,25019.724609375,74900000
2026-02-27 14:30:00+00:00,24801.6171875,24859.765625,24747.560546875,24807.736328125,65244910
2026-02-27 14:45:00+00:00,24844.5625,24891.81640625,24784.34375,24784.34375,70255972
2026-02-27 15:00:00+00:00,24921.37109375,24954.80078125,24830.6171875,24837.76953125,66733487
2026-02-27 15:15:00+00:00,24927.60546875,24949.447265625,24886.15234375,24916.39453125,53347659
2026-02-27 15:30:00+00:00,24956.96484375,24957.41015625,24891.923828125,24929.806640625,43327977
2026-02-27 15:45:00+00:00,24944.09765625,24971.703125,24888.779296875,24959.689453125,37939176
2026-02-27 16:00:00+00:00,24947.4296875,24976.259765625,24906.486328125,24939.93359375,36683904
2026-02-27 16:15:00+00:00,24926.890625,24969.70703125,24920.765625,24944.51953125,34195848
2026-02-27 16:30:00+00:00,24895.060546875,24964.26171875,24894.25,24927.7734375,32936680
2026-02-27 16:45:00+00:00,24926.251953125,24958.384765625,24893.599609375,24893.787109375,31522538
2026-02-27 17:00:00+00:00,24920.5,24987.921875,24919.958984375,24928.001953125,29237467
2026-02-27 17:15:00+00:00,24910.021484375,24921.330078125,24860.404296875,24918.958984375,35451116
2026-02-27 17:30:00+00:00,24893.044921875,24946.296875,24886.06640625,24915.255859375,33791040
2026-02-27 17:45:00+00:00,24904.640625,24907.41796875,24875.66015625,24892.298828125,26428426
2026-02-27 18:00:00+00:00,24874.130859375,24909.84765625,24874.04296875,24905.4921875,30261917
2026-02-27 18:15:00+00:00,24868.51171875,24875.40625,24836.400390625,24873.224609375,31339594
2026-02-27 18:30:00+00:00,24869.173828125,24887.765625,24849.705078125,24865.00390625,27643277
2026-02-27 18:45:00+00:00,24859.751953125,24879.390625,24848.0078125,24870.267578125,30095678
2026-02-27 19:00:00+00:00,24869.998046875,24916.15625,24859.552734375,24859.66015625,32684017
2026-02-27 19:15:00+00:00,24864.26171875,24878.033203125,24858.578125,24870.25,27217648
2026-02-27 19:30:00+00:00,24844.04296875,24874.353515625,24835.056640625,24863.84765625,26767003
2026-02-27 19:45:00+00:00,24854.34765625,24861.541015625,24839.5625,24843.90234375,28986032
2026-02-27 20:00:00+00:00,24923.15625,24923.494140625,24853.1640625,24853.443359375,34156191
2026-02-27 20:15:00+00:00,24936.5234375,24956.91015625,24923.505859375,24923.595703125,39523795
2026-02-27 20:30:00+00:00,24895.029296875,24940.736328125,24884.248046875,24934.140625,49021000
2026-02-27 20:45:00+00:00,24966.830078125,24980.005859375,24892.31640625,24895.74609375,111119000
